surface	source	record_paths	occurrences	label	semantic_type	target_curie	ontology_label	label_match	target_label	target_label_match	declared_exact_synonyms	asserted_predicate	status
mapping	mappings/node_grounding.tsv:2		1	molecular oxygen	CHEMICAL	CHEBI:15379	dioxygen	NO_EXACT_LABEL_MATCH	dioxygen	CANONICAL_LABEL	dioxygen | Oxygen	skos:exactMatch	SEMANTIC_NOT_LEXICAL
mapping	mappings/node_grounding.tsv:3		1	carbon dioxide	CHEMICAL	CHEBI:16526	carbon dioxide	CANONICAL_LABEL	carbon dioxide	CANONICAL_LABEL	CARBON DIOXIDE | Carbon dioxide | carbon dioxide | dioxidocarbon | methanedione	skos:exactMatch	EXACT_LEXICAL
mapping	mappings/node_grounding.tsv:4		1	carbon monoxide	CHEMICAL	CHEBI:17245	carbon monoxide	CANONICAL_LABEL	carbon monoxide	CANONICAL_LABEL	carbon monooxide | CARBON MONOXIDE | Carbon monoxide | carbon monoxide | carbon(II) oxide	skos:exactMatch	EXACT_LEXICAL
mapping	mappings/node_grounding.tsv:5		1	molecular hydrogen	CHEMICAL	CHEBI:18276	dihydrogen	NO_EXACT_LABEL_MATCH	dihydrogen	CANONICAL_LABEL	dihydrogen | Hydrogen	skos:exactMatch	SEMANTIC_NOT_LEXICAL
mapping	mappings/node_grounding.tsv:6		1	methane	CHEMICAL	CHEBI:16183	methane	CANONICAL_LABEL	methane	CANONICAL_LABEL	Methane | methane | tetrahydridocarbon	skos:exactMatch	EXACT_LEXICAL
mapping	mappings/node_grounding.tsv:7		1	methanol	CHEMICAL	CHEBI:17790	methanol	CANONICAL_LABEL	methanol	CANONICAL_LABEL	METHANOL | Methanol | methanol	skos:exactMatch	EXACT_LEXICAL
mapping	mappings/node_grounding.tsv:8		1	ammonia	CHEMICAL	CHEBI:16134	ammonia	CANONICAL_LABEL	ammonia	CANONICAL_LABEL	AMMONIA | Ammonia | ammonia | azane	skos:exactMatch	EXACT_LEXICAL
mapping	mappings/node_grounding.tsv:9		1	nitrate	CHEMICAL	CHEBI:17632	nitrate	CANONICAL_LABEL	nitrate	CANONICAL_LABEL	nitrate | trioxidonitrate(1-) | trioxonitrate(1-) | trioxonitrate(V)	skos:exactMatch	EXACT_LEXICAL
mapping	mappings/node_grounding.tsv:10		1	sulfate	CHEMICAL	CHEBI:16189	sulfate	CANONICAL_LABEL	sulfate	CANONICAL_LABEL	Sulfate | sulfate | tetraoxidosulfate(2-) | tetraoxosulfate(2-) | tetraoxosulfate(VI)	skos:exactMatch	EXACT_LEXICAL
mapping	mappings/node_grounding.tsv:11		1	sulfide	CHEMICAL	CHEBI:15138	sulfide(2-)	NO_EXACT_LABEL_MATCH	sulfide(2-)	CANONICAL_LABEL	sulfanediide | sulfide(2-)	skos:exactMatch	SEMANTIC_NOT_LEXICAL
mapping	mappings/node_grounding.tsv:12		1	proton	CHEMICAL	CHEBI:24636	proton	CANONICAL_LABEL	proton	CANONICAL_LABEL	protium(1+) | proton	skos:exactMatch	EXACT_LEXICAL
mapping	mappings/node_grounding.tsv:13		1	ferrous iron	CHEMICAL	CHEBI:29033	iron(2+)	NO_EXACT_LABEL_MATCH	iron(2+)	CANONICAL_LABEL	Iron(2+) | iron(2+) | iron(2+) ion | iron(II) cation	skos:exactMatch	SEMANTIC_NOT_LEXICAL
mapping	mappings/node_grounding.tsv:14		1	organic carbon	CHEMICAL	CHEBI:50860	organic molecular entity	NO_EXACT_LABEL_MATCH	organic molecular entity	CANONICAL_LABEL		skos:closeMatch	SEMANTIC_NOT_LEXICAL
mapping	mappings/node_grounding.tsv:15		1	compatible solutes	CHEMICAL	CHEBI:25728	osmolyte	NO_EXACT_LABEL_MATCH	osmolyte	CANONICAL_LABEL		skos:closeMatch	SEMANTIC_NOT_LEXICAL
mapping	mappings/node_grounding.tsv:16		1	citrate	CHEMICAL	CHEBI:16947	citrate(3-)	NO_EXACT_LABEL_MATCH	citrate(3-)	CANONICAL_LABEL	2-hydroxypropane-1,2,3-tricarboxylate	skos:exactMatch	SEMANTIC_NOT_LEXICAL
mapping	mappings/node_grounding.tsv:17		1	fumarate	CHEMICAL	CHEBI:29806	fumarate(2-)	NO_EXACT_LABEL_MATCH	fumarate(2-)	CANONICAL_LABEL	(2E)-but-2-enedioate	skos:exactMatch	SEMANTIC_NOT_LEXICAL
mapping	mappings/node_grounding.tsv:18		1	peptidoglycan synthesis	BIOLOGICAL_PROCESS	GO:0009252	peptidoglycan biosynthetic process	EXACT_SYNONYM	peptidoglycan biosynthetic process	CANONICAL_LABEL	murein biosynthesis | murein biosynthetic process | peptidoglycan anabolism | peptidoglycan biosynthesis | peptidoglycan formation | peptidoglycan synthesis	skos:exactMatch	EXACT_LEXICAL
mapping	mappings/node_grounding.tsv:19		1	methanogenesis	BIOLOGICAL_PROCESS	GO:0015948	methanogenesis	CANONICAL_LABEL	methanogenesis	CANONICAL_LABEL	methane biosynthesis | methane biosynthetic process	skos:exactMatch	EXACT_LEXICAL
mapping	mappings/node_grounding.tsv:20		1	aerobic respiration	BIOLOGICAL_PROCESS	GO:0009060	aerobic respiration	CANONICAL_LABEL	aerobic respiration	CANONICAL_LABEL		skos:exactMatch	EXACT_LEXICAL
mapping	mappings/node_grounding.tsv:21		1	anaerobic respiration	BIOLOGICAL_PROCESS	GO:0009061	anaerobic respiration	CANONICAL_LABEL	anaerobic respiration	CANONICAL_LABEL		skos:exactMatch	EXACT_LEXICAL
mapping	mappings/node_grounding.tsv:22		1	photosynthesis	BIOLOGICAL_PROCESS	GO:0015979	photosynthesis	CANONICAL_LABEL	photosynthesis	CANONICAL_LABEL		skos:exactMatch	EXACT_LEXICAL
mapping	mappings/node_grounding.tsv:23		1	nitrogen fixation	BIOLOGICAL_PROCESS	GO:0009399	nitrogen fixation	CANONICAL_LABEL	nitrogen fixation	CANONICAL_LABEL		skos:exactMatch	EXACT_LEXICAL
mapping	mappings/node_grounding.tsv:24		1	fermentation	BIOLOGICAL_PROCESS	GO:0006113	fermentation	CANONICAL_LABEL	fermentation	CANONICAL_LABEL		skos:exactMatch	EXACT_LEXICAL
mapping	mappings/node_grounding.tsv:25		1	carbon fixation	BIOLOGICAL_PROCESS	GO:0015977	carbon fixation	CANONICAL_LABEL	carbon fixation	CANONICAL_LABEL	autotrophic CO2 fixation | autotrophic CO2 fixation pathway | autotrophy	skos:exactMatch	EXACT_LEXICAL
mapping	mappings/node_grounding.tsv:26		1	oxidative phosphorylation	BIOLOGICAL_PROCESS	GO:0006119	oxidative phosphorylation	CANONICAL_LABEL	oxidative phosphorylation	CANONICAL_LABEL	respiratory-chain phosphorylation	skos:exactMatch	EXACT_LEXICAL
mapping	mappings/node_grounding.tsv:27		1	cytoplasmic ph homeostasis	BIOLOGICAL_PROCESS	GO:0051453	regulation of intracellular pH	NO_EXACT_LABEL_MATCH	regulation of intracellular pH	CANONICAL_LABEL	cell pH regulation | cellular hydrogen ion homeostasis | cellular pH regulation | pH regulation in cell | proton homeostasis | regulation of cell pH | regulation of cellular pH	skos:closeMatch	SEMANTIC_NOT_LEXICAL
mapping	mappings/node_grounding.tsv:28		1	osmotic stress	BIOLOGICAL_PROCESS	GO:0006970	response to osmotic stress	NO_EXACT_LABEL_MATCH	response to osmotic stress	CANONICAL_LABEL	osmotic response | osmotic stress response	skos:closeMatch	SEMANTIC_NOT_LEXICAL
mapping	mappings/node_grounding.tsv:29		1	periplasmic space	CELLULAR_LOCALIZATION	GO:0042597	periplasmic space	CANONICAL_LABEL	periplasmic space	CANONICAL_LABEL	periplasm	skos:exactMatch	EXACT_LEXICAL
mapping	mappings/node_grounding.tsv:30		1	outer membrane	CELLULAR_LOCALIZATION	GO:0019867	outer membrane	CANONICAL_LABEL	outer membrane	CANONICAL_LABEL		skos:exactMatch	EXACT_LEXICAL
mapping	mappings/node_grounding.tsv:31		1	plasma membrane	CELLULAR_LOCALIZATION	GO:0005886	plasma membrane	CANONICAL_LABEL	plasma membrane	CANONICAL_LABEL	cell membrane | cellular membrane | cytoplasmic membrane | plasmalemma	skos:exactMatch	EXACT_LEXICAL
mapping	mappings/node_grounding.tsv:32		1	cytoplasm	CELLULAR_LOCALIZATION	GO:0005737	cytoplasm	CANONICAL_LABEL	cytoplasm	CANONICAL_LABEL		skos:exactMatch	EXACT_LEXICAL
mapping	mappings/node_grounding.tsv:33		1	kinase reaction	MOLECULAR_FUNCTION	GO:0016301	kinase activity	NO_EXACT_LABEL_MATCH	kinase activity	CANONICAL_LABEL	phosphokinase activity	skos:closeMatch	SEMANTIC_NOT_LEXICAL
mapping	mappings/node_grounding.tsv:34		1	redox reaction	MOLECULAR_FUNCTION	GO:0016491	oxidoreductase activity	NO_EXACT_LABEL_MATCH	oxidoreductase activity	CANONICAL_LABEL	redox activity	skos:closeMatch	SEMANTIC_NOT_LEXICAL
mapping	mappings/node_grounding.tsv:35		1	respiratory chain	PATHWAY	GO:0022904	respiratory electron transport chain	NO_EXACT_LABEL_MATCH	respiratory electron transport chain	CANONICAL_LABEL	electron transfer	skos:closeMatch	SEMANTIC_NOT_LEXICAL
mapping	mappings/node_grounding.tsv:36		1	photosynthetic electron transport	PATHWAY	GO:0009767	photosynthetic electron transport chain	NO_EXACT_LABEL_MATCH	photosynthetic electron transport chain	CANONICAL_LABEL	electron carrier, chlorophyll electron transport system	skos:exactMatch	SEMANTIC_NOT_LEXICAL
mapping	mappings/node_grounding.tsv:37		1	calvin-benson cycle	PATHWAY	GO:0019253	reductive pentose-phosphate cycle	NO_EXACT_LABEL_MATCH	reductive pentose-phosphate cycle	CANONICAL_LABEL		skos:exactMatch	SEMANTIC_NOT_LEXICAL
mapping	mappings/node_grounding.tsv:38		1	wood-ljungdahl pathway	PATHWAY	GO:0030634	carbon fixation by acetyl-CoA pathway	NO_EXACT_LABEL_MATCH	carbon fixation by acetyl-CoA pathway	CANONICAL_LABEL	Ljungdahl-Wood pathway | reductive acetyl CoA pathway	skos:closeMatch	SEMANTIC_NOT_LEXICAL
mapping	mappings/node_grounding.tsv:39		1	light	ENVIRONMENTAL_FACTOR	PATO:0001717	radiation emitting intensity quality	NO_EXACT_LABEL_MATCH	light intensity	NO_EXACT_LABEL_MATCH		skos:closeMatch	TARGET_LABEL_MISMATCH
mapping	mappings/node_grounding.tsv:40		1	low temperature	ENVIRONMENTAL_FACTOR	PATO:0001306	decreased temperature	EXACT_SYNONYM	decreased temperature	CANONICAL_LABEL	cold | low temperature	skos:closeMatch	EXACT_LEXICAL
mapping	mappings/node_grounding.tsv:41		1	anaerobic condition	ENVIRONMENTAL_FACTOR	PATO:0001456	anaerobic	NO_EXACT_LABEL_MATCH	anaerobic	CANONICAL_LABEL		skos:closeMatch	SEMANTIC_NOT_LEXICAL
mapping	mappings/node_grounding.tsv:42		1	anoxic condition	ENVIRONMENTAL_FACTOR	PATO:0001456	anaerobic	NO_EXACT_LABEL_MATCH	anaerobic	CANONICAL_LABEL		skos:closeMatch	SEMANTIC_NOT_LEXICAL
mapping	mappings/node_grounding.tsv:43		1	carotenoid biosynthesis	BIOLOGICAL_PROCESS	GO:0016117	carotenoid biosynthetic process	EXACT_SYNONYM	carotenoid biosynthetic process	CANONICAL_LABEL	carotenoid anabolism | carotenoid biosynthesis | carotenoid formation | carotenoid synthesis	skos:exactMatch	EXACT_LEXICAL
mapping	mappings/node_grounding.tsv:44		1	proton motive force	STATE	METPO:1007500			proton motive force			skos:exactMatch	TERM_NOT_FOUND
mapping	mappings/node_grounding.tsv:45		1	biomass	CHEMICAL	METPO:1007501			microbial biomass			skos:closeMatch	TERM_NOT_FOUND
mapping	mappings/node_grounding.tsv:46		1	inorganic electron donor	CHEMICAL	METPO:1007502			inorganic electron donor			skos:exactMatch	TERM_NOT_FOUND
mapping	mappings/node_grounding.tsv:47		1	reducing power	CAPACITY	METPO:1007503			reducing power			skos:exactMatch	TERM_NOT_FOUND
mapping	mappings/node_grounding.tsv:48		1	terminal electron acceptor	CHEMICAL	METPO:1007504			terminal electron acceptor			skos:exactMatch	TERM_NOT_FOUND
mapping	mappings/node_grounding.tsv:49		1	terminal electron acceptor	MOLECULAR_FUNCTION	METPO:1007504			terminal electron acceptor			skos:exactMatch	TERM_NOT_FOUND
mapping	mappings/node_grounding.tsv:50		1	membrane fluidity	QUALITY	METPO:1007505			membrane fluidity			skos:exactMatch	TERM_NOT_FOUND
mapping	mappings/node_grounding.tsv:51		1	ftsz	GENE_OR_PROTEIN	InterPro:IPR000158			Cell division protein FtsZ			skos:closeMatch	NO_DIRECT_SOURCE
mapping	mappings/node_grounding.tsv:52		1	diviva	GENE_OR_PROTEIN	InterPro:IPR007793			DivIVA			skos:closeMatch	NO_DIRECT_SOURCE
mapping	mappings/node_grounding.tsv:53		1	cation/proton antiporter	GENE_OR_PROTEIN	GO:0051139	metal cation:proton antiporter activity	NO_EXACT_LABEL_MATCH	metal cation:proton antiporter activity	CANONICAL_LABEL	metal ion:hydrogen antiporter activity | metal ion:proton antiporter activity	skos:closeMatch	SEMANTIC_NOT_LEXICAL
mapping	mappings/node_grounding.tsv:54		1	type iv pilus	GENE_OR_PROTEIN	GO:0044096	type IV pilus	CANONICAL_LABEL	type IV pilus	CANONICAL_LABEL	TFP | type 4 pilus | type IV fimbriae	skos:closeMatch	EXACT_LEXICAL
mapping	mappings/node_grounding.tsv:55		1	superoxide dismutase	GENE_OR_PROTEIN	GO:0004784	superoxide dismutase activity	NO_EXACT_LABEL_MATCH	superoxide dismutase activity	CANONICAL_LABEL	superoxide:superoxide oxidoreductase activity	skos:closeMatch	SEMANTIC_NOT_LEXICAL
mapping	mappings/node_grounding.tsv:56		1	reverse gyrase	GENE_OR_PROTEIN	GO:0160097	reverse gyrase activity	NO_EXACT_LABEL_MATCH	reverse gyrase activity	CANONICAL_LABEL		skos:closeMatch	SEMANTIC_NOT_LEXICAL
mapping	mappings/node_grounding.tsv:57		1	cytochrome c oxidase	GENE_OR_PROTEIN	GO:0045277	respiratory chain complex IV	NO_EXACT_LABEL_MATCH	respiratory chain complex IV	CANONICAL_LABEL	cytochrome c oxidase complex	skos:closeMatch	SEMANTIC_NOT_LEXICAL
mapping	mappings/node_grounding.tsv:58		1	methyl-coenzyme m reductase	GENE_OR_PROTEIN	GO:0044674	methyl coenzyme M reductase complex	NO_EXACT_LABEL_MATCH	methyl coenzyme M reductase complex	CANONICAL_LABEL		skos:closeMatch	SEMANTIC_NOT_LEXICAL
mapping	mappings/node_grounding.tsv:59		1	acetate kinase	GENE_OR_PROTEIN	GO:0008776	acetate kinase activity	NO_EXACT_LABEL_MATCH	acetate kinase activity	CANONICAL_LABEL		skos:closeMatch	SEMANTIC_NOT_LEXICAL
mapping	mappings/node_grounding.tsv:60		1	4-hydroxyphenylpyruvate dioxygenase	GENE_OR_PROTEIN	GO:0003868	4-hydroxyphenylpyruvate dioxygenase activity	NO_EXACT_LABEL_MATCH	4-hydroxyphenylpyruvate dioxygenase activity	CANONICAL_LABEL		skos:closeMatch	SEMANTIC_NOT_LEXICAL
mapping	mappings/node_grounding.tsv:61		1	scy	GENE_OR_PROTEIN	InterPro:IPR048240			Polarized growth protein Scy			skos:closeMatch	NO_DIRECT_SOURCE
mapping	mappings/node_grounding.tsv:62		1	flab	GENE_OR_PROTEIN	InterPro:IPR001492			Flagellin			skos:closeMatch	NO_DIRECT_SOURCE
mapping	mappings/node_grounding.tsv:63		1	ammonia monooxygenase	GENE_OR_PROTEIN	GO:0018597	ammonia monooxygenase activity	NO_EXACT_LABEL_MATCH	ammonia monooxygenase activity	CANONICAL_LABEL		skos:closeMatch	SEMANTIC_NOT_LEXICAL
mapping	mappings/node_grounding.tsv:64		1	methane monooxygenase	GENE_OR_PROTEIN	GO:0015050	methane monooxygenase complex	NO_EXACT_LABEL_MATCH	methane monooxygenase complex	CANONICAL_LABEL		skos:closeMatch	SEMANTIC_NOT_LEXICAL
mapping	mappings/node_grounding.tsv:65		1	acidic external ph	ENVIRONMENTAL_FACTOR	PATO:0001429	acidic	NO_EXACT_LABEL_MATCH	acidic	CANONICAL_LABEL		skos:closeMatch	SEMANTIC_NOT_LEXICAL
mapping	mappings/node_grounding.tsv:66		1	alkaline external ph	ENVIRONMENTAL_FACTOR	PATO:0001430	alkaline	NO_EXACT_LABEL_MATCH	alkaline	CANONICAL_LABEL		skos:closeMatch	SEMANTIC_NOT_LEXICAL
mapping	mappings/node_grounding.tsv:67		1	near-neutral external ph	ENVIRONMENTAL_FACTOR	PATO:0001428	medium acidity	NO_EXACT_LABEL_MATCH	medium acidity	CANONICAL_LABEL		skos:closeMatch	SEMANTIC_NOT_LEXICAL
mapping	mappings/node_grounding.tsv:68		1	very high temperature	ENVIRONMENTAL_FACTOR	PATO:0001305	increased temperature	NO_EXACT_LABEL_MATCH	increased temperature	CANONICAL_LABEL	high temperature | hot	skos:closeMatch	SEMANTIC_NOT_LEXICAL
mapping	mappings/node_grounding.tsv:69		1	high-salt environment	ENVIRONMENTAL_FACTOR	ENVO:01001040	saline environment	NO_EXACT_LABEL_MATCH	saline environment	CANONICAL_LABEL		skos:closeMatch	SEMANTIC_NOT_LEXICAL
mapping	mappings/node_grounding.tsv:70		1	thiosulfate	CHEMICAL	CHEBI:16094	thiosulfate(2-)	EXACT_SYNONYM	thiosulfate(2-)	CANONICAL_LABEL	sulfurothioate | Thiosulfate | thiosulfate | trioxidosulfidosulfate(2-)	skos:exactMatch	EXACT_LEXICAL
mapping	mappings/node_grounding.tsv:71		1	electron donor	CHEMICAL	CHEBI:15022	electron donor	CANONICAL_LABEL	electron donor	CANONICAL_LABEL	electron donor	skos:exactMatch	EXACT_LEXICAL
mapping	mappings/node_grounding.tsv:72		1	organic compound	CHEMICAL	CHEBI:50860	organic molecular entity	NO_EXACT_LABEL_MATCH	organic molecular entity	CANONICAL_LABEL		skos:closeMatch	SEMANTIC_NOT_LEXICAL
mapping	mappings/node_grounding.tsv:73		1	membrane electron transport chain	PATHWAY	GO:0022900	electron transport chain	NO_EXACT_LABEL_MATCH	electron transport chain	CANONICAL_LABEL		skos:closeMatch	SEMANTIC_NOT_LEXICAL
mapping	mappings/node_grounding.tsv:74		1	electron transport chain	PATHWAY	GO:0022900	electron transport chain	CANONICAL_LABEL	electron transport chain	CANONICAL_LABEL		skos:exactMatch	EXACT_LEXICAL
mapping	mappings/node_grounding.tsv:75		1	electron transport system	PATHWAY	GO:0022900	electron transport chain	NO_EXACT_LABEL_MATCH	electron transport chain	CANONICAL_LABEL		skos:closeMatch	SEMANTIC_NOT_LEXICAL
mapping	mappings/node_grounding.tsv:76		1	co2-fixation pathway	PATHWAY	GO:0015977	carbon fixation	NO_EXACT_LABEL_MATCH	carbon fixation	CANONICAL_LABEL	autotrophic CO2 fixation | autotrophic CO2 fixation pathway | autotrophy	skos:closeMatch	SEMANTIC_NOT_LEXICAL
mapping	mappings/node_grounding.tsv:77		1	autotrophic co2 fixation	PATHWAY	GO:0015977	carbon fixation	EXACT_SYNONYM	carbon fixation	CANONICAL_LABEL	autotrophic CO2 fixation | autotrophic CO2 fixation pathway | autotrophy	skos:closeMatch	EXACT_LEXICAL
mapping	mappings/node_grounding.tsv:78		1	co2 fixation pathway	PATHWAY	GO:0015977	carbon fixation	NO_EXACT_LABEL_MATCH	carbon fixation	CANONICAL_LABEL	autotrophic CO2 fixation | autotrophic CO2 fixation pathway | autotrophy	skos:closeMatch	SEMANTIC_NOT_LEXICAL
mapping	mappings/node_grounding.tsv:79		1	rubisco	GENE_OR_PROTEIN	InterPro:IPR033966			RuBisCO			skos:closeMatch	NO_DIRECT_SOURCE
mapping	mappings/node_grounding.tsv:80		1	organic molecule	CHEMICAL	CHEBI:72695	organic molecule	CANONICAL_LABEL	organic molecule	CANONICAL_LABEL		skos:exactMatch	EXACT_LEXICAL
mapping	mappings/node_grounding.tsv:81		1	staphyloxanthin	CHEMICAL	CHEBI:71690	staphyloxanthin	CANONICAL_LABEL	staphyloxanthin	CANONICAL_LABEL	1-O-[(2E,4E,6E,8E,10E,12E,14E,16E,18E)-2,6,10,15,19,23-hexamethyltetracosa-2,4,6,8,10,12,14,16,18,22-decaenoyl]-6-O-(12-methyltetradecanoyl)-beta-D-glucopyranose	skos:exactMatch	EXACT_LEXICAL
mapping	mappings/node_grounding.tsv:82		1	bacteriochlorophyll	CHEMICAL	CHEBI:38201	bacteriochlorophyll	CANONICAL_LABEL	bacteriochlorophyll	CANONICAL_LABEL		skos:exactMatch	EXACT_LEXICAL
mapping	mappings/node_grounding.tsv:83		1	homogentisic acid	CHEMICAL	CHEBI:44747	homogentisic acid	CANONICAL_LABEL	homogentisic acid	CANONICAL_LABEL	(2,5-dihydroxyphenyl)acetic acid	skos:exactMatch	EXACT_LEXICAL
mapping	mappings/node_grounding.tsv:84		1	crystal violet	CHEMICAL	CHEBI:41688	crystal violet	CANONICAL_LABEL	crystal violet	CANONICAL_LABEL	4-{bis[4-(dimethylamino)phenyl]methylene}-N,N-dimethylcyclohexa-2,5-dien-1-iminium chloride	skos:exactMatch	EXACT_LEXICAL
mapping	mappings/node_grounding.tsv:85		1	prodigiosin	CHEMICAL	CHEBI:82758	prodigiosin	CANONICAL_LABEL	prodigiosin	CANONICAL_LABEL	4-methoxy-5-[(Z)-(5-methyl-4-pentyl-2H-pyrrol-2-ylidene)methyl]-1H,1'H-2,2'-bipyrrole	skos:exactMatch	EXACT_LEXICAL
mapping	mappings/node_grounding.tsv:86		1	dipicolinic acid	CHEMICAL	CHEBI:46837	dipicolinic acid	CANONICAL_LABEL	dipicolinic acid	CANONICAL_LABEL	PYRIDINE-2,6-DICARBOXYLIC ACID | pyridine-2,6-dicarboxylic acid	skos:exactMatch	EXACT_LEXICAL
mapping	mappings/node_grounding.tsv:87		1	hydroxylamine	CHEMICAL	CHEBI:15429	hydroxylamine	CANONICAL_LABEL	hydroxylamine	CANONICAL_LABEL	dihydridohydroxidonitrogen | Hydroxylamine | hydroxylamine	skos:exactMatch	EXACT_LEXICAL
mapping	mappings/node_grounding.tsv:88		1	autoinducer	CHEMICAL	CHEBI:71338	autoinducer	CANONICAL_LABEL	autoinducer	CANONICAL_LABEL		skos:exactMatch	EXACT_LEXICAL
mapping	mappings/node_grounding.tsv:89		1	nitrogen oxides	CHEMICAL	CHEBI:35196	nitrogen oxide	NO_EXACT_LABEL_MATCH	nitrogen oxide	CANONICAL_LABEL		skos:closeMatch	SEMANTIC_NOT_LEXICAL
mapping	mappings/node_grounding.tsv:90		1	adp	CHEMICAL	CHEBI:16761	ADP	CANONICAL_LABEL	ADP	CANONICAL_LABEL	adenosine 5'-(trihydrogen diphosphate) | Adenosine 5'-diphosphate	skos:exactMatch	EXACT_LEXICAL
mapping	mappings/node_grounding.tsv:91		1	nadph	CHEMICAL	CHEBI:16474	NADPH	CANONICAL_LABEL	NADPH	CANONICAL_LABEL	2'-O-phosphonoadenosine 5'-{3-[1-(3-carbamoyl-1,4-dihydropyridin-1-yl)-1,4-anhydro-D-ribitol-5-yl] dihydrogen diphosphate}	skos:exactMatch	EXACT_LEXICAL
mapping	mappings/node_grounding.tsv:92		1	lipopolysaccharide	CHEMICAL	CHEBI:16412	lipopolysaccharide	CANONICAL_LABEL	lipopolysaccharide	CANONICAL_LABEL		skos:exactMatch	EXACT_LEXICAL
mapping	mappings/node_grounding.tsv:93		1	elemental sulfur	CHEMICAL	CHEBI:26833	sulfur atom	NO_EXACT_LABEL_MATCH	sulfur	EXACT_SYNONYM	sulfur	skos:closeMatch	SEMANTIC_NOT_LEXICAL
mapping	mappings/node_grounding.tsv:94		1	acetyl phosphate	CHEMICAL	CHEBI:15350	acetyl dihydrogen phosphate	EXACT_SYNONYM	acetyl phosphate	EXACT_SYNONYM	(acetyloxy)phosphonic acid | acetic phosphoric monoanhydride | Acetyl phosphate	skos:exactMatch	EXACT_LEXICAL
mapping	mappings/node_grounding.tsv:95		1	coenzyme f430	CHEMICAL	CHEBI:28265	coenzyme F430	CANONICAL_LABEL	coenzyme F430	CANONICAL_LABEL	{3,3',3''-[5-(2-amino-2-oxoethyl)-18,29-bis(carboxymethyl)-5,23-dimethyl-14,25-dioxo-9,26,27,28,30-pentaazaheptacyclo[19.5.1.1(3,6).1(8,11).1(16,19).0(1,23).0(10,15)]triaconta-6(30),9,15,19,21(27)-pentaene-4,17,22-triyl-kappa(4)N(9),N(27),N(28),N(30)]tripropanoato}nickel	skos:exactMatch	EXACT_LEXICAL
mapping	mappings/node_grounding.tsv:96		1	cellular growth	BIOLOGICAL_PROCESS	GO:0016049	cell growth	EXACT_SYNONYM	cell growth	CANONICAL_LABEL	cellular growth | growth of cell	skos:closeMatch	EXACT_LEXICAL
mapping	mappings/node_grounding.tsv:97		1	melanin biosynthesis	BIOLOGICAL_PROCESS	GO:0042438	melanin biosynthetic process	EXACT_SYNONYM	melanin biosynthetic process	CANONICAL_LABEL	melanin anabolism | melanin biosynthesis | melanin formation | melanin synthesis	skos:closeMatch	EXACT_LEXICAL
mapping	mappings/node_grounding.tsv:98		1	tyrosine catabolism	BIOLOGICAL_PROCESS	GO:0006572	L-tyrosine catabolic process	EXACT_SYNONYM	L-tyrosine catabolic process	CANONICAL_LABEL	tyrosine breakdown | tyrosine catabolism | tyrosine degradation	skos:closeMatch	EXACT_LEXICAL
mapping	mappings/node_grounding.tsv:99		1	cytokinesis	BIOLOGICAL_PROCESS	GO:0000910	cytokinesis	CANONICAL_LABEL	cytokinesis	CANONICAL_LABEL	cell cycle cytokinesis | cytokinesis involved in cell cycle	skos:exactMatch	EXACT_LEXICAL
mapping	mappings/node_grounding.tsv:100		1	pigment biosynthesis	BIOLOGICAL_PROCESS	GO:0046148	pigment biosynthetic process	EXACT_SYNONYM	pigment biosynthetic process	CANONICAL_LABEL	pigment anabolism | pigment biosynthesis | pigment formation | pigment synthesis	skos:closeMatch	EXACT_LEXICAL
mapping	mappings/node_grounding.tsv:101		1	nutrient sensing	BIOLOGICAL_PROCESS	GO:0009594	detection of nutrient	NO_EXACT_LABEL_MATCH	detection of nutrient	CANONICAL_LABEL	detection of nutrients	skos:closeMatch	SEMANTIC_NOT_LEXICAL
mapping	mappings/node_grounding.tsv:102		1	sulfur oxidation	BIOLOGICAL_PROCESS	GO:0019417	sulfur oxidation	CANONICAL_LABEL	sulfur oxidation	CANONICAL_LABEL	sulphur oxidation	skos:exactMatch	EXACT_LEXICAL
mapping	mappings/node_grounding.tsv:103		1	flagellar filament	CELLULAR_LOCALIZATION	GO:0009420	bacterial-type flagellum filament	EXACT_SYNONYM	bacterial-type flagellum filament	CANONICAL_LABEL	flagellar filament | flagellin-based flagellum filament	skos:closeMatch	EXACT_LEXICAL
mapping	mappings/node_grounding.tsv:104		1	flagellar hook	CELLULAR_LOCALIZATION	GO:0009424	bacterial-type flagellum hook	EXACT_SYNONYM	bacterial-type flagellum hook	CANONICAL_LABEL	flagellar hook | flagellin-based flagellum hook	skos:closeMatch	EXACT_LEXICAL
mapping	mappings/node_grounding.tsv:105		1	forespore	CELLULAR_LOCALIZATION	GO:0042763	intracellular immature spore	NO_EXACT_LABEL_MATCH	intracellular immature spore	CANONICAL_LABEL		skos:closeMatch	SEMANTIC_NOT_LEXICAL
mapping	mappings/node_grounding.tsv:106		1	formaldehyde assimilation	PATHWAY	GO:0019649	formaldehyde assimilation	CANONICAL_LABEL	formaldehyde assimilation	CANONICAL_LABEL		skos:exactMatch	EXACT_LEXICAL
mapping	mappings/node_grounding.tsv:107		1	high temperature	ENVIRONMENTAL_FACTOR	PATO:0001305	increased temperature	EXACT_SYNONYM	increased temperature	CANONICAL_LABEL	high temperature | hot	skos:closeMatch	EXACT_LEXICAL
mapping	mappings/node_grounding.tsv:108		1	high osmolarity	ENVIRONMENTAL_FACTOR	PATO:0001657	increased osmolarity	EXACT_SYNONYM	increased osmolarity	CANONICAL_LABEL	high osmolarity	skos:closeMatch	EXACT_LEXICAL
mapping	mappings/node_grounding.tsv:109		1	cold environment	ENVIRONMENTAL_FACTOR	ENVO:01000309	cold environment	CANONICAL_LABEL	cold environment	CANONICAL_LABEL		skos:exactMatch	EXACT_LEXICAL
mapping	mappings/node_grounding.tsv:110		1	multicopper oxidase	GENE_OR_PROTEIN	InterPro:IPR045087			Multicopper oxidase			skos:closeMatch	NO_DIRECT_SOURCE
mapping	mappings/node_grounding.tsv:111		1	nitrogenase	GENE_OR_PROTEIN	GO:0016610	nitrogenase complex	NO_EXACT_LABEL_MATCH	nitrogenase complex	CANONICAL_LABEL		skos:closeMatch	SEMANTIC_NOT_LEXICAL
mapping	mappings/node_grounding.tsv:112		1	proteorhodopsin	GENE_OR_PROTEIN	InterPro:IPR017402			Proteorhodopsin			skos:closeMatch	NO_DIRECT_SOURCE
mapping	mappings/node_grounding.tsv:113		1	catalase	GENE_OR_PROTEIN	GO:0004096	catalase activity	NO_EXACT_LABEL_MATCH	catalase activity	CANONICAL_LABEL	catalase reaction	skos:closeMatch	SEMANTIC_NOT_LEXICAL
mapping	mappings/node_grounding.tsv:114		1	urease	GENE_OR_PROTEIN	GO:0009039	urease activity	NO_EXACT_LABEL_MATCH	urease activity	CANONICAL_LABEL		skos:closeMatch	SEMANTIC_NOT_LEXICAL
mapping	mappings/node_grounding.tsv:115		1	glucose	CHEMICAL	CHEBI:17234	glucose	CANONICAL_LABEL	glucose	CANONICAL_LABEL	gluco-hexose | Glucose | glucose	skos:exactMatch	EXACT_LEXICAL
mapping	mappings/node_grounding.tsv:116		1	manganese(2+)	CHEMICAL	CHEBI:29035	manganese(2+)	CANONICAL_LABEL	manganese(2+)	CANONICAL_LABEL	manganese(2+) | manganese(2+) ion | manganese(II) cation	skos:exactMatch	EXACT_LEXICAL
mapping	mappings/node_grounding.tsv:117		1	ethanol	CHEMICAL	CHEBI:16236	ethanol	CANONICAL_LABEL	ethanol	CANONICAL_LABEL	ETHANOL | Ethanol | ethanol	skos:exactMatch	EXACT_LEXICAL
mapping	mappings/node_grounding.tsv:118		1	lactate	CHEMICAL	CHEBI:24996	lactate	CANONICAL_LABEL	lactate	CANONICAL_LABEL	2-hydroxypropanoate	skos:exactMatch	EXACT_LEXICAL
mapping	mappings/node_grounding.tsv:119		1	propionate	CHEMICAL	CHEBI:17272	propionate	CANONICAL_LABEL	propionate	CANONICAL_LABEL	propanoate	skos:exactMatch	EXACT_LEXICAL
mapping	mappings/node_grounding.tsv:120		1	xylose	CHEMICAL	CHEBI:18222	xylose	CANONICAL_LABEL	xylose	CANONICAL_LABEL	xylo-pentose | Xylose | xylose	skos:exactMatch	EXACT_LEXICAL
mapping	mappings/node_grounding.tsv:121		1	capsular polysaccharide	CHEMICAL	CHEBI:3379	capsular polysaccharide	CANONICAL_LABEL	capsular polysaccharide	CANONICAL_LABEL		skos:exactMatch	EXACT_LEXICAL
mapping	mappings/node_grounding.tsv:122		1	lipoteichoic acids	CHEMICAL	CHEBI:28640	lipoteichoic acid	NO_EXACT_LABEL_MATCH	lipoteichoic acid	CANONICAL_LABEL		skos:exactMatch	SEMANTIC_NOT_LEXICAL
mapping	mappings/node_grounding.tsv:123		1	horizontal gene transfer	BIOLOGICAL_PROCESS	GO:0009292	horizontal gene transfer	CANONICAL_LABEL	horizontal gene transfer	CANONICAL_LABEL	genetic transfer | lateral gene transfer	skos:exactMatch	EXACT_LEXICAL
mapping	mappings/node_grounding.tsv:124		1	phenazine biosynthesis	BIOLOGICAL_PROCESS	GO:0002047	phenazine biosynthetic process	NO_EXACT_LABEL_MATCH	phenazine biosynthetic process	CANONICAL_LABEL		skos:closeMatch	SEMANTIC_NOT_LEXICAL
mapping	mappings/node_grounding.tsv:125		1	type iv pilus	CELLULAR_LOCALIZATION	GO:0044096	type IV pilus	CANONICAL_LABEL	type IV pilus	CANONICAL_LABEL	TFP | type 4 pilus | type IV fimbriae	skos:exactMatch	EXACT_LEXICAL
mapping	mappings/node_grounding.tsv:126		1	habitat	ENVIRONMENTAL_FACTOR	ENVO:01000739	habitat	CANONICAL_LABEL	habitat	CANONICAL_LABEL		skos:exactMatch	EXACT_LEXICAL
mapping	mappings/node_grounding.tsv:127		1	ultraviolet radiation	ENVIRONMENTAL_FACTOR	ENVO:21001216	ultraviolet radiation	CANONICAL_LABEL	ultraviolet radiation	CANONICAL_LABEL	UV radiation	skos:exactMatch	EXACT_LEXICAL
mapping	mappings/node_grounding.tsv:128		1	hydrostatic pressure	ENVIRONMENTAL_FACTOR	PATO:0001025	pressure	NO_EXACT_LABEL_MATCH	pressure	CANONICAL_LABEL		skos:closeMatch	SEMANTIC_NOT_LEXICAL
mapping	mappings/node_grounding.tsv:129		1	chemotaxis signaling	BIOLOGICAL_PROCESS	GO:0006935	chemotaxis	NO_EXACT_LABEL_MATCH	chemotaxis	CANONICAL_LABEL	taxis in response to chemical stimulus	skos:closeMatch	SEMANTIC_NOT_LEXICAL
mapping	mappings/node_grounding.tsv:130		1	salt-in strategy	BIOLOGICAL_PROCESS	METPO:1007720			salt-in strategy			skos:exactMatch	TERM_NOT_FOUND
mapping	mappings/node_grounding.tsv:131		1	reductive genome evolution	BIOLOGICAL_PROCESS	METPO:1007721			reductive genome evolution			skos:exactMatch	TERM_NOT_FOUND
mapping	mappings/node_grounding.tsv:132		1	bicarbonate	CHEMICAL	CHEBI:17544	hydrogencarbonate	NO_EXACT_LABEL_MATCH	hydrogencarbonate	CANONICAL_LABEL	hydrogen(trioxidocarbonate)(1-) | Hydrogencarbonate | hydrogencarbonate | hydrogencarbonate(1-) | hydrogentrioxocarbonate(1-) | hydrogentrioxocarbonate(IV) | hydroxidodioxidocarbonate(1-)	skos:exactMatch	SEMANTIC_NOT_LEXICAL
mapping	mappings/node_grounding.tsv:133		1	pyruvate	CHEMICAL	CHEBI:15361	pyruvate	CANONICAL_LABEL	pyruvate	CANONICAL_LABEL	2-oxopropanoate	skos:exactMatch	EXACT_LEXICAL
mapping	mappings/node_grounding.tsv:134		1	biofilm formation	BIOLOGICAL_PROCESS	GO:0042710	biofilm formation	CANONICAL_LABEL	biofilm formation	CANONICAL_LABEL		skos:exactMatch	EXACT_LEXICAL
mapping	mappings/node_grounding.tsv:135		1	atp synthesis	BIOLOGICAL_PROCESS	GO:0006754	ATP biosynthetic process	EXACT_SYNONYM	ATP biosynthetic process	CANONICAL_LABEL	ATP anabolism | ATP biosynthesis | ATP formation | ATP synthesis	skos:exactMatch	EXACT_LEXICAL
mapping	mappings/node_grounding.tsv:136		1	hydrogen peroxide	CHEMICAL	CHEBI:16240	hydrogen peroxide	CANONICAL_LABEL	hydrogen peroxide	CANONICAL_LABEL	bis(hydridooxygen)(O--O) | dihydrogen peroxide | dihydrogen(peroxide) | dioxidane | HYDROGEN PEROXIDE | Hydrogen peroxide | hydrogen peroxide	skos:exactMatch	EXACT_LEXICAL
mapping	mappings/node_grounding.tsv:137		1	ectoine	CHEMICAL	CHEBI:27592	ectoine	CANONICAL_LABEL	ectoine	CANONICAL_LABEL	(4S)-2-methyl-1,4,5,6-tetrahydropyrimidine-4-carboxylic acid	skos:exactMatch	EXACT_LEXICAL
mapping	mappings/node_grounding.tsv:138		1	glycine betaine	CHEMICAL	CHEBI:17750	glycine betaine	CANONICAL_LABEL	glycine betaine	CANONICAL_LABEL	(trimethylammonio)acetate	skos:exactMatch	EXACT_LEXICAL
mapping	mappings/node_grounding.tsv:139		1	unsaturated fatty acids	CHEMICAL	CHEBI:27208	unsaturated fatty acid	NO_EXACT_LABEL_MATCH	unsaturated fatty acid	CANONICAL_LABEL		skos:exactMatch	SEMANTIC_NOT_LEXICAL
mapping	mappings/node_grounding.tsv:140		1	cyclic di-amp	CHEMICAL	CHEBI:71578	cyclic di-AMP	CANONICAL_LABEL	cyclic di-AMP	CANONICAL_LABEL	(2R,3R,3aS,7aR,9R,10R,10aS,14aR)-2,9-bis(6-amino-9H-purin-9-yl)octahydro-2H,7H-difuro[3,2-d:3',2'-j][1,3,7,9,2,8]tetraoxadiphosphacyclododecine-3,5,10,12-tetrol 5,12-dioxide	skos:exactMatch	EXACT_LEXICAL
mapping	mappings/node_grounding.tsv:141		1	lycopene	CHEMICAL	CHEBI:15948	lycopene	CANONICAL_LABEL	lycopene	CANONICAL_LABEL	psi,psi-carotene	skos:exactMatch	EXACT_LEXICAL
mapping	mappings/node_grounding.tsv:142		1	reactive oxygen species	CHEMICAL	CHEBI:26523	reactive oxygen species	CANONICAL_LABEL	reactive oxygen species	CANONICAL_LABEL		skos:exactMatch	EXACT_LEXICAL
mapping	mappings/node_grounding.tsv:143		1	carboxysome	ORGANELLE	GO:0031470	carboxysome	CANONICAL_LABEL	carboxysome	CANONICAL_LABEL		skos:exactMatch	EXACT_LEXICAL
mapping	mappings/node_grounding.tsv:144		1	quorum sensing	BIOLOGICAL_PROCESS	GO:0009372	quorum sensing	CANONICAL_LABEL	quorum sensing	CANONICAL_LABEL	quorum sensing system	skos:exactMatch	EXACT_LEXICAL
mapping	mappings/node_grounding.tsv:145		1	glycine betaine biosynthesis	BIOLOGICAL_PROCESS	GO:0031456	glycine betaine biosynthetic process	EXACT_SYNONYM	glycine betaine biosynthetic process	CANONICAL_LABEL	glycine betaine anabolism | glycine betaine biosynthesis | glycine betaine formation | glycine betaine synthesis | N-trimethylglycine biosynthesis | N-trimethylglycine biosynthetic process	skos:exactMatch	EXACT_LEXICAL
mapping	mappings/node_grounding.tsv:146		1	ectoine biosynthesis	BIOLOGICAL_PROCESS	GO:0019491	ectoine biosynthetic process	EXACT_SYNONYM	ectoine biosynthetic process	CANONICAL_LABEL	ectoine anabolism | ectoine biosynthesis | ectoine formation | ectoine synthesis	skos:exactMatch	EXACT_LEXICAL
mapping	mappings/node_grounding.tsv:147		1	sodium ion	CHEMICAL	CHEBI:29101	sodium(1+)	NO_EXACT_LABEL_MATCH	sodium(1+)	CANONICAL_LABEL	sodium cation | sodium(1+) | sodium(1+) ion | sodium(I) cation	skos:exactMatch	SEMANTIC_NOT_LEXICAL
mapping	mappings/node_grounding.tsv:148		1	reduced ferredoxin	CHEMICAL	CHEBI:17513	reduced ferredoxin	CANONICAL_LABEL	reduced ferredoxin	CANONICAL_LABEL		skos:exactMatch	EXACT_LEXICAL
mapping	mappings/node_grounding.tsv:149		1	beta-carotene	CHEMICAL	CHEBI:17579	beta-carotene	CANONICAL_LABEL	beta-carotene	CANONICAL_LABEL	beta,beta-carotene	skos:exactMatch	EXACT_LEXICAL
mapping	mappings/node_grounding.tsv:150		1	cell pole	CELLULAR_LOCALIZATION	GO:0060187	cell pole	CANONICAL_LABEL	cell pole	CANONICAL_LABEL		skos:exactMatch	EXACT_LEXICAL
mapping	mappings/node_grounding.tsv:151		1	cellulose	CHEMICAL	CHEBI:18246	(1->4)-beta-D-glucan	NO_EXACT_LABEL_MATCH	(1->4)-beta-D-glucan	CANONICAL_LABEL	(1->4)-beta-D-glucopyranan	skos:exactMatch	SEMANTIC_NOT_LEXICAL
mapping	mappings/node_grounding.tsv:152		1	lignin	CHEMICAL	CHEBI:6457	lignin	CANONICAL_LABEL	lignin	CANONICAL_LABEL		skos:exactMatch	EXACT_LEXICAL
mapping	mappings/node_grounding.tsv:153		1	superoxide dismutase activity	MOLECULAR_FUNCTION	GO:0004784	superoxide dismutase activity	CANONICAL_LABEL	superoxide dismutase activity	CANONICAL_LABEL	superoxide:superoxide oxidoreductase activity	skos:exactMatch	EXACT_LEXICAL
mapping	mappings/node_grounding.tsv:154		1	potassium ion	CHEMICAL	CHEBI:29103	potassium(1+)	NO_EXACT_LABEL_MATCH	potassium(1+)	CANONICAL_LABEL	potassium cation | potassium(1+) | potassium(1+) ion | potassium(I) cation	skos:exactMatch	SEMANTIC_NOT_LEXICAL
mapping	mappings/node_grounding.tsv:155		1	superoxide	CHEMICAL	CHEBI:18421	superoxide	CANONICAL_LABEL	superoxide	CANONICAL_LABEL	dioxidanidyl | dioxide(.1-)	skos:exactMatch	EXACT_LEXICAL
mapping	mappings/node_grounding.tsv:156		1	homologous recombination	BIOLOGICAL_PROCESS	GO:0035825	homologous recombination	CANONICAL_LABEL	homologous recombination	CANONICAL_LABEL	interchromosomal DNA recombination | interstrand DNA recombination	skos:exactMatch	EXACT_LEXICAL
mapping	mappings/node_grounding.tsv:157		1	unsaturated fatty acid biosynthesis	BIOLOGICAL_PROCESS	GO:0006636	unsaturated fatty acid biosynthetic process	EXACT_SYNONYM	unsaturated fatty acid biosynthetic process	CANONICAL_LABEL	unsaturated fatty acid anabolism | unsaturated fatty acid biosynthesis | unsaturated fatty acid formation | unsaturated fatty acid synthesis	skos:exactMatch	EXACT_LEXICAL
mapping	mappings/node_grounding.tsv:158		1	nitrite	CHEMICAL	CHEBI:16301	nitrite	CANONICAL_LABEL	nitrite	CANONICAL_LABEL	dioxidonitrate(1-) | dioxonitrate(1-) | dioxonitrate(III) | Nitrite | nitrite	skos:exactMatch	EXACT_LEXICAL
mapping	mappings/node_grounding.tsv:159		1	nitrous oxide	CHEMICAL	CHEBI:17045	dinitrogen oxide	NO_EXACT_LABEL_MATCH	dinitrogen oxide	CANONICAL_LABEL	Dinitrogen oxide | dinitrogen oxide | oxidodinitrogen(N--N)	skos:exactMatch	SEMANTIC_NOT_LEXICAL
mapping	mappings/node_grounding.tsv:160		1	oxaloacetate	CHEMICAL	CHEBI:16452	oxaloacetate(2-)	NO_EXACT_LABEL_MATCH	oxaloacetate(2-)	CANONICAL_LABEL	2-oxobutanedioate	skos:exactMatch	SEMANTIC_NOT_LEXICAL
mapping	mappings/node_grounding.tsv:161		1	4-hydroxybutyryl-coa	CHEMICAL	CHEBI:28522	4-hydroxybutyryl-CoA	CANONICAL_LABEL	4-hydroxybutyryl-CoA	CANONICAL_LABEL	3'-phosphoadenosine 5'-{3-[(3R)-3-hydroxy-4-{[3-({2-[(4-hydroxybutanoyl)sulfanyl]ethyl}amino)-3-oxopropyl]amino}-2,2-dimethyl-4-oxobutyl]dihydrogen diphosphate} | 4-hydroxybutanoyl-coenzyme A	skos:exactMatch	EXACT_LEXICAL
mapping	mappings/node_grounding.tsv:162		1	nad+	CHEMICAL	CHEBI:15846	NAD(+)	NO_EXACT_LABEL_MATCH	NAD(+)	CANONICAL_LABEL	adenosine 5'-{3-[1-(3-carbamoylpyridinio)-1,4-anhydro-D-ribitol-5-yl] dihydrogen diphosphate}	skos:exactMatch	SEMANTIC_NOT_LEXICAL
mapping	mappings/node_grounding.tsv:163		1	propionyl-coa	CHEMICAL	CHEBI:15539	propionyl-CoA	CANONICAL_LABEL	propionyl-CoA	CANONICAL_LABEL	3'-phosphoadenosine 5'-(3-{(3R)-3-hydroxy-2,2-dimethyl-4-oxo-4-[(3-oxo-3-{[2-(propanoylsulfanyl)ethyl]amino}propyl)amino]butyl} dihydrogen diphosphate)	skos:exactMatch	EXACT_LEXICAL
mapping	mappings/node_grounding.tsv:164		1	4-hydroxyphenylpyruvate	CHEMICAL	CHEBI:36242	3-(4-hydroxyphenyl)pyruvate	NO_EXACT_LABEL_MATCH	3-(4-hydroxyphenyl)pyruvate	CANONICAL_LABEL	3-(4-hydroxyphenyl)-2-oxopropanoate	skos:exactMatch	SEMANTIC_NOT_LEXICAL
mapping	mappings/node_grounding.tsv:165		1	lipid ii	CHEMICAL	CHEBI:27692	lipid II	CANONICAL_LABEL	lipid II	CANONICAL_LABEL	N-[(2R)-2-{[(2R,3R,4R,5S,6R)-3-acetamido-5-{[(2S,3R,4R,5S,6R)-3-acetamido-4,5-dihydroxy-6-(hydroxymethyl)tetrahydro-2H-pyran-2-yl]oxy}-2-({hydroxy[(hydroxy{[(2Z,6Z,10Z,14Z,18Z,22Z,26Z,30Z,34E,38E)-3,7,11,15,19,23,27,31,35,39,43-undecamethyltetratetraconta-2,6,10,14,18,22,26,30,34,38,42-undecaen-1-yl]oxy}phosphoryl)oxy]phosphoryl}oxy)-6-(hydroxymethyl)tetrahydro-2H-pyran-4-yl]oxy}propanoyl]-L-alanyl-D-gamma-glutamyl-L-lysyl-D-alanyl-D-alanine	skos:exactMatch	EXACT_LEXICAL
mapping	mappings/node_grounding.tsv:166		1	daughter cell separation	BIOLOGICAL_PROCESS	GO:0000920	septum digestion after cytokinesis	NO_EXACT_LABEL_MATCH	septum digestion after cytokinesis	CANONICAL_LABEL	cell separation following cytokinesis	skos:exactMatch	SEMANTIC_NOT_LEXICAL
mapping	mappings/node_grounding.tsv:167		1	cyclic di-gmp	CHEMICAL	CHEBI:49537	c-di-GMP	NO_EXACT_LABEL_MATCH	c-di-GMP	CANONICAL_LABEL	9,9'-[(2R,3R,3aS,7aR,9R,10R,10aS,14aR)-3,5,10,12-tetrahydroxy-5,12-dioxidooctahydro-2H,7H-difuro[3,2-d:3',2'-j][1,3,7,9,2,8]tetraoxadiphosphacyclododecine-2,9-diyl]bis(2-amino-1,9-dihydro-6H-purin-6-one)	skos:exactMatch	SEMANTIC_NOT_LEXICAL
mapping	mappings/node_grounding.tsv:168		1	spore coat	CELLULAR_LOCALIZATION	GO:0031160	spore wall	EXACT_SYNONYM	spore wall	CANONICAL_LABEL	spore coat	skos:exactMatch	EXACT_LEXICAL
mapping	mappings/node_grounding.tsv:169		1	extracellular matrix	CELLULAR_LOCALIZATION	GO:0031012	extracellular matrix	CANONICAL_LABEL	extracellular matrix	CANONICAL_LABEL	proteinaceous extracellular matrix	skos:exactMatch	EXACT_LEXICAL
mapping	mappings/node_grounding.tsv:170		1	nitric oxide	CHEMICAL	CHEBI:16480	nitric oxide	CANONICAL_LABEL	nitric oxide	CANONICAL_LABEL	oxidonitrogen(.) | oxoazanyl	skos:exactMatch	EXACT_LEXICAL
mapping	mappings/node_grounding.tsv:171		1	organic acids	CHEMICAL	CHEBI:64709	organic acid	NO_EXACT_LABEL_MATCH	organic acid	CANONICAL_LABEL		skos:exactMatch	SEMANTIC_NOT_LEXICAL
mapping	mappings/node_grounding.tsv:172		1	plant cell wall	CELLULAR_LOCALIZATION	GO:0009505	plant-type cell wall	NO_EXACT_LABEL_MATCH	plant-type cell wall	CANONICAL_LABEL	cellulose and pectin-containing cell wall	skos:exactMatch	SEMANTIC_NOT_LEXICAL
mapping	mappings/node_grounding.tsv:173		1	hemicellulose	CHEMICAL	CHEBI:61266	hemicellulose	CANONICAL_LABEL	hemicellulose	CANONICAL_LABEL		skos:exactMatch	EXACT_LEXICAL
mapping	mappings/node_grounding.tsv:174		1	flagellar motility	BIOLOGICAL_PROCESS	GO:0071973	bacterial-type flagellum-dependent cell motility	NO_EXACT_LABEL_MATCH	bacterial-type flagellum-dependent cell motility	CANONICAL_LABEL	flagellin-based flagellar cell motility	skos:exactMatch	SEMANTIC_NOT_LEXICAL
mapping	mappings/node_grounding.tsv:175		1	hydrogen peroxide detoxification	BIOLOGICAL_PROCESS	GO:0042744	hydrogen peroxide catabolic process	NO_EXACT_LABEL_MATCH	hydrogen peroxide catabolic process	CANONICAL_LABEL	H2O2 catabolic process | hydrogen peroxide breakdown | hydrogen peroxide catabolism | hydrogen peroxide degradation	skos:exactMatch	SEMANTIC_NOT_LEXICAL
mapping	mappings/node_grounding.tsv:176		1	hydroxide ion	CHEMICAL	CHEBI:16234	hydroxide	NO_EXACT_LABEL_MATCH	hydroxide	CANONICAL_LABEL	hydridooxygenate(1-) | hydroxide | oxidanide	skos:exactMatch	SEMANTIC_NOT_LEXICAL
mapping	mappings/node_grounding.tsv:177		1	arsenate(3-)	CHEMICAL	CHEBI:29125	arsenate(3-)	CANONICAL_LABEL	arsenate(3-)	CANONICAL_LABEL	Arsenate | arsenate | arsorate | tetraoxidoarsenate(3-) | tetraoxoarsenate(3-) | tetraoxoarsenate(V)	skos:exactMatch	EXACT_LEXICAL
mapping	mappings/node_grounding.tsv:178		1	zinc(2+) ion	CHEMICAL	CHEBI:29105	zinc(2+)	EXACT_SYNONYM	zinc(2+)	CANONICAL_LABEL	zinc(2+) | zinc(2+) ion | zinc(II) cation	skos:exactMatch	EXACT_LEXICAL
mapping	mappings/node_grounding.tsv:179		1	catalase activity	MOLECULAR_FUNCTION	GO:0004096	catalase activity	CANONICAL_LABEL	catalase activity	CANONICAL_LABEL	catalase reaction	skos:exactMatch	EXACT_LEXICAL
mapping	mappings/node_grounding.tsv:180		1	compatible osmolytes	CHEMICAL	CHEBI:23366	compatible osmolytes	CANONICAL_LABEL	compatible osmolytes	CANONICAL_LABEL		skos:exactMatch	EXACT_LEXICAL
mapping	mappings/node_grounding.tsv:181		1	hopanoid biosynthetic process	BIOLOGICAL_PROCESS	GO:0019746	hopanoid biosynthetic process	CANONICAL_LABEL	hopanoid biosynthetic process	CANONICAL_LABEL	hopanoid anabolism | hopanoid biosynthesis | hopanoid formation | hopanoid synthesis	skos:exactMatch	EXACT_LEXICAL
mapping	mappings/node_grounding.tsv:182		1	macrocyclic archaeol	CHEMICAL	CHEBI:193595	macrocyclic archaeol	CANONICAL_LABEL	macrocyclic archaeol	CANONICAL_LABEL		skos:exactMatch	EXACT_LEXICAL
mapping	mappings/node_grounding.tsv:183		1	mercury(0)	CHEMICAL	CHEBI:16170	mercury(0)	CANONICAL_LABEL	mercury(0)	CANONICAL_LABEL	Mercury | mercury	skos:exactMatch	EXACT_LEXICAL
mapping	mappings/node_grounding.tsv:184		1	translation	BIOLOGICAL_PROCESS	GO:0006412	translation	CANONICAL_LABEL	translation	CANONICAL_LABEL	protein translation	skos:exactMatch	EXACT_LEXICAL
mapping	mappings/node_grounding.tsv:185		1	hydroxyectoine	CHEMICAL	CHEBI:49432	5-hydroxyectoine	NO_EXACT_LABEL_MATCH	5-hydroxyectoine	CANONICAL_LABEL	(4S,5S)-5-hydroxy-2-methyl-1,4,5,6-tetrahydropyrimidine-4-carboxylic acid	skos:exactMatch	SEMANTIC_NOT_LEXICAL
mapping	mappings/node_grounding.tsv:186		1	potassium ion uptake	BIOLOGICAL_PROCESS	GO:1990573	potassium ion import across plasma membrane	NO_EXACT_LABEL_MATCH	potassium ion import across plasma membrane	CANONICAL_LABEL		skos:exactMatch	SEMANTIC_NOT_LEXICAL
mapping	mappings/node_grounding.tsv:187		1	response to osmotic stress	BIOLOGICAL_PROCESS	GO:0006970	response to osmotic stress	CANONICAL_LABEL	response to osmotic stress	CANONICAL_LABEL	osmotic response | osmotic stress response	skos:exactMatch	EXACT_LEXICAL
mapping	mappings/node_grounding.tsv:188		1	potassium import	BIOLOGICAL_PROCESS	GO:1990573	potassium ion import across plasma membrane	NO_EXACT_LABEL_MATCH	potassium ion import across plasma membrane	CANONICAL_LABEL		skos:exactMatch	SEMANTIC_NOT_LEXICAL
mapping	mappings/node_grounding.tsv:189		1	hydroxyl radical	CHEMICAL	CHEBI:29191	hydroxyl	NO_EXACT_LABEL_MATCH	hydroxyl	CANONICAL_LABEL	hydridooxygen(.) | oxidanyl	skos:exactMatch	SEMANTIC_NOT_LEXICAL
mapping	mappings/node_grounding.tsv:190		1	polyunsaturated fatty acid biosynthesis	BIOLOGICAL_PROCESS	GO:0006636	unsaturated fatty acid biosynthetic process	NO_EXACT_LABEL_MATCH	unsaturated fatty acid biosynthetic process	CANONICAL_LABEL	unsaturated fatty acid anabolism | unsaturated fatty acid biosynthesis | unsaturated fatty acid formation | unsaturated fatty acid synthesis	skos:exactMatch	SEMANTIC_NOT_LEXICAL
mapping	mappings/node_grounding.tsv:191		1	cis-trans isomerase activity	MOLECULAR_FUNCTION	GO:0016859	cis-trans isomerase activity	CANONICAL_LABEL	cis-trans isomerase activity	CANONICAL_LABEL		skos:exactMatch	EXACT_LEXICAL
mapping	mappings/node_grounding.tsv:192		1	branched-chain fatty acids	CHEMICAL	CHEBI:35819	branched-chain fatty acid	NO_EXACT_LABEL_MATCH	branched-chain fatty acid	CANONICAL_LABEL		skos:exactMatch	SEMANTIC_NOT_LEXICAL
mapping	mappings/node_grounding.tsv:193		1	decreased temperature	ENVIRONMENTAL_FACTOR	PATO:0001306	decreased temperature	CANONICAL_LABEL	decreased temperature	CANONICAL_LABEL	cold | low temperature	skos:exactMatch	EXACT_LEXICAL
mapping	mappings/node_grounding.tsv:194		1	protein folding	BIOLOGICAL_PROCESS	GO:0006457	protein folding	CANONICAL_LABEL	protein folding	CANONICAL_LABEL		skos:exactMatch	EXACT_LEXICAL
mapping	mappings/node_grounding.tsv:195		1	mycosporine-like amino acids	CHEMICAL	CHEBI:35738	mycosporine-like amino acid	NO_EXACT_LABEL_MATCH	mycosporine-like amino acid	CANONICAL_LABEL		skos:exactMatch	SEMANTIC_NOT_LEXICAL
mapping	mappings/node_grounding.tsv:196		1	polyphosphate	CHEMICAL	CHEBI:16838	polyphosphate	CANONICAL_LABEL	polyphosphate	CANONICAL_LABEL		skos:exactMatch	EXACT_LEXICAL
mapping	mappings/node_grounding.tsv:197		1	translation initiation	BIOLOGICAL_PROCESS	GO:0006413	translational initiation	EXACT_SYNONYM	translational initiation	CANONICAL_LABEL	translation initiation	skos:exactMatch	EXACT_LEXICAL
mapping	mappings/node_grounding.tsv:198		1	error-prone translesion synthesis	BIOLOGICAL_PROCESS	GO:0042276	error-prone translesion synthesis	CANONICAL_LABEL	error-prone translesion synthesis	CANONICAL_LABEL	mutagenic PRR	skos:exactMatch	EXACT_LEXICAL
mapping	mappings/node_grounding.tsv:199		1	soil ph	ENVIRONMENTAL_FACTOR	ENVO:09200010	acidity of soil	NO_EXACT_LABEL_MATCH	acidity of soil	CANONICAL_LABEL	soil acidity	skos:exactMatch	SEMANTIC_NOT_LEXICAL
mapping	mappings/node_grounding.tsv:200		1	transposition	BIOLOGICAL_PROCESS	GO:0032196	transposition	CANONICAL_LABEL	transposition	CANONICAL_LABEL		skos:exactMatch	EXACT_LEXICAL
mapping	mappings/node_grounding.tsv:201		1	prophage induction	BIOLOGICAL_PROCESS	GO:0098689	latency-replication decision	NO_EXACT_LABEL_MATCH	latency-replication decision	CANONICAL_LABEL	Latency-replication switch | lytic switch | proviral induction | proviral switch | reactivation of latent virus	skos:exactMatch	SEMANTIC_NOT_LEXICAL
mapping	mappings/node_grounding.tsv:202		1	rrna transcription	BIOLOGICAL_PROCESS	GO:0009303	rRNA transcription	CANONICAL_LABEL	rRNA transcription	CANONICAL_LABEL		skos:exactMatch	EXACT_LEXICAL
mapping	mappings/node_grounding.tsv:203		1	dinitrogen	CHEMICAL	CHEBI:17997	dinitrogen	CANONICAL_LABEL	dinitrogen	CANONICAL_LABEL	dinitrogen | Nitrogen	skos:exactMatch	EXACT_LEXICAL
mapping	mappings/node_grounding.tsv:204		1	oligosaccharides	CHEMICAL	CHEBI:50699	oligosaccharide	EXACT_SYNONYM	oligosaccharide	CANONICAL_LABEL	oligosaccharides	skos:exactMatch	EXACT_LEXICAL
mapping	mappings/node_grounding.tsv:205		1	cell envelope	CELLULAR_LOCALIZATION	GO:0030313	cell envelope	CANONICAL_LABEL	cell envelope	CANONICAL_LABEL		skos:exactMatch	EXACT_LEXICAL
mapping	mappings/node_grounding.tsv:206		1	3-phospho-d-glycerate	CHEMICAL	CHEBI:17794	3-phospho-D-glyceric acid	NO_EXACT_LABEL_MATCH	3-phospho-D-glyceric acid	CANONICAL_LABEL	(2R)-2-hydroxy-3-(phosphonooxy)propanoic acid	skos:exactMatch	SEMANTIC_NOT_LEXICAL
mapping	mappings/node_grounding.tsv:207		1	cellulosome	CELLULAR_LOCALIZATION	GO:0043263	cellulosome	CANONICAL_LABEL	cellulosome	CANONICAL_LABEL		skos:exactMatch	EXACT_LEXICAL
mapping	mappings/node_grounding.tsv:208		1	chitin	CHEMICAL	CHEBI:17029	chitin	CANONICAL_LABEL	chitin	CANONICAL_LABEL	(1->4)-2-acetamido-2-deoxy-beta-D-glucan	skos:exactMatch	EXACT_LEXICAL
mapping	mappings/node_grounding.tsv:209		1	dihydrogen	CHEMICAL	CHEBI:18276	dihydrogen	CANONICAL_LABEL	dihydrogen	CANONICAL_LABEL	dihydrogen | Hydrogen	skos:exactMatch	EXACT_LEXICAL
mapping	mappings/node_grounding.tsv:210		1	ubiquinol	CHEMICAL	CHEBI:17976	ubiquinol	CANONICAL_LABEL	ubiquinol	CANONICAL_LABEL		skos:exactMatch	EXACT_LEXICAL
mapping	mappings/node_grounding.tsv:211		1	acetaldehyde	CHEMICAL	CHEBI:15343	acetaldehyde	CANONICAL_LABEL	acetaldehyde	CANONICAL_LABEL	ACETALDEHYDE | Acetaldehyde | acetaldehyde	skos:exactMatch	EXACT_LEXICAL
mapping	mappings/node_grounding.tsv:212		1	ph	ENVIRONMENTAL_FACTOR	PATO:0001842	acidity	EXACT_SYNONYM	acidity	CANONICAL_LABEL	pH	skos:exactMatch	EXACT_LEXICAL
mapping	mappings/node_grounding.tsv:213		1	mn2+	CHEMICAL	CHEBI:29035	manganese(2+)	NO_EXACT_LABEL_MATCH	manganese(2+)	CANONICAL_LABEL	manganese(2+) | manganese(2+) ion | manganese(II) cation	skos:exactMatch	SEMANTIC_NOT_LEXICAL
mapping	mappings/node_grounding.tsv:214		1	respiratory electron transport chain	BIOLOGICAL_PROCESS	GO:0022904	respiratory electron transport chain	CANONICAL_LABEL	respiratory electron transport chain	CANONICAL_LABEL	electron transfer	skos:exactMatch	EXACT_LEXICAL
mapping	mappings/node_grounding.tsv:215		1	photosynthetic electron transport chain	BIOLOGICAL_PROCESS	GO:0009767	photosynthetic electron transport chain	CANONICAL_LABEL	photosynthetic electron transport chain	CANONICAL_LABEL	electron carrier, chlorophyll electron transport system	skos:exactMatch	EXACT_LEXICAL
mapping	mappings/node_grounding.tsv:216		1	nad(p)h	CHEMICAL	CHEBI:13392	NAD(P)H	CANONICAL_LABEL	NAD(P)H	CANONICAL_LABEL		skos:exactMatch	EXACT_LEXICAL
mapping	mappings/node_grounding.tsv:217		1	maltooligosaccharides	CHEMICAL	CHEBI:17593	maltooligosaccharide	NO_EXACT_LABEL_MATCH	maltooligosaccharide	CANONICAL_LABEL		skos:exactMatch	SEMANTIC_NOT_LEXICAL
mapping	mappings/node_grounding.tsv:218		1	3-hydroxypropionate	CHEMICAL	CHEBI:16510	3-hydroxypropionate	CANONICAL_LABEL	3-hydroxypropionate	CANONICAL_LABEL	3-hydroxypropanoate	skos:exactMatch	EXACT_LEXICAL
mapping	mappings/node_grounding.tsv:219		1	4-hydroxybutyrate	CHEMICAL	CHEBI:16724	4-hydroxybutyrate	CANONICAL_LABEL	4-hydroxybutyrate	CANONICAL_LABEL	4-hydroxybutanoate	skos:exactMatch	EXACT_LEXICAL
mapping	mappings/node_grounding.tsv:220		1	moenomycin	CHEMICAL	CHEBI:28908	bambermycin	NO_EXACT_LABEL_MATCH	bambermycin	CANONICAL_LABEL	(2S,3S,4R,5R,6R)-5-{[(2S,3R,4R,5S,6R)-3-acetamido-5-{[(2S,3R,4R,5S,6R)-3-acetamido-4-hydroxy-6-methyl-5-({(2R,3R,4S,5R,6S)-3,4,5-trihydroxy-6-[(2-hydroxy-5-oxocyclopent-1-en-1-yl)carbamoyl]tetrahydro-2H-pyran-2-yl}oxy)tetrahydro-2H-pyran-2-yl]oxy}-4-hydroxy-6-({[(2R,3R,4S,5S,6R)-3,4,5-trihydroxy-6-(hydroxymethyl)tetrahydro-2H-pyran-2-yl]oxy}methyl)tetrahydro-2H-pyran-2-yl]oxy}-4-(carbamoyloxy)-6-({[(2R)-2-carboxy-2-{[(2E,6E,13E)-3,8,8,14,18-pentamethyl-11-methylenenonadeca-2,6,13,17-tetraen-1-yl]oxy}ethoxy](hydroxy)phosphoryl}oxy)-3-hydroxy-3-methyltetrahydro-2H-pyran-2-carboxylic acid	skos:exactMatch	SEMANTIC_NOT_LEXICAL
mapping	mappings/node_grounding.tsv:221		1	benzoquinoneacetic acid	CHEMICAL	CHEBI:137246	benzoquinoneacetic acid	CANONICAL_LABEL	benzoquinoneacetic acid	CANONICAL_LABEL		skos:exactMatch	EXACT_LEXICAL
mapping	mappings/node_grounding.tsv:222		1	cyclic carotenes	CHEMICAL	CHEBI:35163	cyclic carotene	NO_EXACT_LABEL_MATCH	cyclic carotene	CANONICAL_LABEL		skos:exactMatch	SEMANTIC_NOT_LEXICAL
mapping	mappings/node_grounding.tsv:223		1	sos response	BIOLOGICAL_PROCESS	GO:0009432	SOS response	CANONICAL_LABEL	SOS response	CANONICAL_LABEL		skos:exactMatch	EXACT_LEXICAL
mapping	mappings/node_grounding.tsv:224		1	mg2+	CHEMICAL	CHEBI:18420	magnesium(2+)	NO_EXACT_LABEL_MATCH	magnesium(2+)	CANONICAL_LABEL	magnesium cation | magnesium(2+) | magnesium(2+) ion | magnesium(II) cation	skos:exactMatch	SEMANTIC_NOT_LEXICAL
mapping	mappings/node_grounding.tsv:225		1	gas vesicle shell	CELLULAR_LOCALIZATION	GO:0033172	gas vesicle shell	CANONICAL_LABEL	gas vesicle shell	CANONICAL_LABEL	gas vesicle wall	skos:exactMatch	EXACT_LEXICAL
mapping	mappings/node_grounding.tsv:226		1	gas vesicle formation	BIOLOGICAL_PROCESS	GO:0031412	gas vesicle organization	NO_EXACT_LABEL_MATCH	gas vesicle organization	CANONICAL_LABEL	gas vesicle organisation	skos:exactMatch	SEMANTIC_NOT_LEXICAL
mapping	mappings/node_grounding.tsv:227		1	chorismate	CHEMICAL	CHEBI:29748	chorismate(2-)	NO_EXACT_LABEL_MATCH	chorismate(2-)	CANONICAL_LABEL	(3R,4R)-3-[(1-carboxylatoethenyl)oxy]-4-hydroxycyclohexa-1,5-diene-1-carboxylate	skos:exactMatch	SEMANTIC_NOT_LEXICAL
mapping	mappings/node_grounding.tsv:228		1	heterocyst differentiation	BIOLOGICAL_PROCESS	GO:0043158	heterocyst development	NO_EXACT_LABEL_MATCH	heterocyst development	CANONICAL_LABEL	heterocyst formation	skos:exactMatch	SEMANTIC_NOT_LEXICAL
mapping	mappings/node_grounding.tsv:229		1	pha granule	CELLULAR_LOCALIZATION	GO:0070088	polyhydroxyalkanoate granule	EXACT_SYNONYM	polyhydroxyalkanoate granule	CANONICAL_LABEL	PHA granule	skos:exactMatch	EXACT_LEXICAL
mapping	mappings/node_grounding.tsv:230		1	gas vesicle	ORGANELLE	GO:0031411	gas vesicle	CANONICAL_LABEL	gas vesicle	CANONICAL_LABEL		skos:exactMatch	EXACT_LEXICAL
mapping	mappings/node_grounding.tsv:231		1	sulfide oxidation	BIOLOGICAL_PROCESS	GO:0019418	sulfide oxidation	CANONICAL_LABEL	sulfide oxidation	CANONICAL_LABEL	hydrogen sulfide catabolic process | sulphide oxidation	skos:exactMatch	EXACT_LEXICAL
mapping	mappings/node_grounding.tsv:232		1	twitching motility	BIOLOGICAL_PROCESS	GO:0043107	type IV pilus-dependent motility	NO_EXACT_LABEL_MATCH	type IV pilus-dependent motility	CANONICAL_LABEL	TFP-dependent motility | TFP-dependent movement | type 4 pilus-dependent motility | type four pilus-dependent motility	skos:exactMatch	SEMANTIC_NOT_LEXICAL
mapping	mappings/node_grounding.tsv:233		1	zeaxanthin	CHEMICAL	CHEBI:27547	zeaxanthin	CANONICAL_LABEL	zeaxanthin	CANONICAL_LABEL	(3R,3'R)-beta,beta-carotene-3,3'-diol	skos:exactMatch	EXACT_LEXICAL
mapping	mappings/node_grounding.tsv:234		1	carotenoid biosynthesis	PATHWAY	GO:0016117	carotenoid biosynthetic process	EXACT_SYNONYM	carotenoid biosynthetic process	CANONICAL_LABEL	carotenoid anabolism | carotenoid biosynthesis | carotenoid formation | carotenoid synthesis	skos:exactMatch	EXACT_LEXICAL
mapping	mappings/node_grounding.tsv:235		1	shikimate pathway	PATHWAY	GO:0009423	chorismate biosynthetic process	EXACT_SYNONYM	chorismate biosynthetic process	CANONICAL_LABEL	chorismate anabolism | chorismate biosynthesis | chorismate formation | chorismate synthesis | shikimate pathway	skos:exactMatch	EXACT_LEXICAL
mapping	mappings/node_grounding.tsv:236		1	beta-carotene biosynthesis	PATHWAY	GO:1901812	beta-carotene biosynthetic process	EXACT_SYNONYM	beta-carotene biosynthetic process	CANONICAL_LABEL	beta-carotene anabolism | beta-carotene biosynthesis | beta-carotene formation | beta-carotene synthesis	skos:exactMatch	EXACT_LEXICAL
mapping	mappings/node_grounding.tsv:237		1	homogentisate	CHEMICAL	CHEBI:16169	homogentisate	CANONICAL_LABEL	homogentisate	CANONICAL_LABEL	(2,5-dihydroxyphenyl)acetate	skos:exactMatch	EXACT_LEXICAL
mapping	mappings/node_grounding.tsv:238		1	division septum formation	BIOLOGICAL_PROCESS	GO:0000917	division septum assembly	EXACT_SYNONYM	division septum assembly	CANONICAL_LABEL	division septum formation | formation of division septum	skos:exactMatch	EXACT_LEXICAL
mapping	mappings/node_grounding.tsv:239		1	lipoteichoic acid	CHEMICAL	CHEBI:28640	lipoteichoic acid	CANONICAL_LABEL	lipoteichoic acid	CANONICAL_LABEL		skos:exactMatch	EXACT_LEXICAL
mapping	mappings/node_grounding.tsv:240		1	division septum assembly	BIOLOGICAL_PROCESS	GO:0000917	division septum assembly	CANONICAL_LABEL	division septum assembly	CANONICAL_LABEL	division septum formation | formation of division septum	skos:exactMatch	EXACT_LEXICAL
mapping	mappings/node_grounding.tsv:241		1	melanin	CHEMICAL	CHEBI:89634	Melanin	CANONICAL_LABEL	Melanin	CANONICAL_LABEL		skos:exactMatch	EXACT_LEXICAL
mapping	mappings/node_grounding.tsv:242		1	lycopene biosynthesis	BIOLOGICAL_PROCESS	GO:1901177	lycopene biosynthetic process	EXACT_SYNONYM	lycopene biosynthetic process	CANONICAL_LABEL	lycopene anabolism | lycopene biosynthesis | lycopene formation | lycopene synthesis	skos:exactMatch	EXACT_LEXICAL
mapping	mappings/node_grounding.tsv:243		1	beta-lactam antibiotic	CHEMICAL	CHEBI:27933	beta-lactam antibiotic	CANONICAL_LABEL	beta-lactam antibiotic	CANONICAL_LABEL		skos:exactMatch	EXACT_LEXICAL
mapping	mappings/node_grounding.tsv:244		1	macrolide antibiotic	CHEMICAL	CHEBI:25105	macrolide antibiotic	CANONICAL_LABEL	macrolide antibiotic	CANONICAL_LABEL		skos:exactMatch	EXACT_LEXICAL
mapping	mappings/node_grounding.tsv:245		1	dioxygen	CHEMICAL	CHEBI:15379	dioxygen	CANONICAL_LABEL	dioxygen	CANONICAL_LABEL	dioxygen | Oxygen	skos:exactMatch	EXACT_LEXICAL
mapping	mappings/node_grounding.tsv:246		1	heme biosynthesis	BIOLOGICAL_PROCESS	GO:0006783	heme biosynthetic process	EXACT_SYNONYM	heme biosynthetic process	CANONICAL_LABEL	haem biosynthesis | haem biosynthetic process | heme anabolism | heme biosynthesis | heme formation | heme synthesis	skos:exactMatch	EXACT_LEXICAL
mapping	mappings/node_grounding.tsv:247		1	short-chain fatty acids	CHEMICAL	CHEBI:26666	short-chain fatty acid	NO_EXACT_LABEL_MATCH	short-chain fatty acid	CANONICAL_LABEL		skos:exactMatch	SEMANTIC_NOT_LEXICAL
mapping	mappings/node_grounding.tsv:248		1	chemotaxis	BIOLOGICAL_PROCESS	GO:0006935	chemotaxis	CANONICAL_LABEL	chemotaxis	CANONICAL_LABEL	taxis in response to chemical stimulus	skos:exactMatch	EXACT_LEXICAL
mapping	mappings/node_grounding.tsv:249		1	protein synthesis	BIOLOGICAL_PROCESS	GO:0006412	translation	NO_EXACT_LABEL_MATCH	translation	CANONICAL_LABEL	protein translation	skos:exactMatch	SEMANTIC_NOT_LEXICAL
mapping	mappings/node_grounding.tsv:250		1	ribosome	ORGANELLE	GO:0005840	ribosome	CANONICAL_LABEL	ribosome	CANONICAL_LABEL		skos:exactMatch	EXACT_LEXICAL
mapping	mappings/node_grounding.tsv:251		1	anabolism	BIOLOGICAL_PROCESS	GO:0009058	biosynthetic process	EXACT_SYNONYM	biosynthetic process	CANONICAL_LABEL	anabolism | biosynthesis | synthesis	skos:exactMatch	EXACT_LEXICAL
mapping	mappings/node_grounding.tsv:252		1	tca cycle	PATHWAY	GO:0006099	tricarboxylic acid cycle	EXACT_SYNONYM	tricarboxylic acid cycle	CANONICAL_LABEL	citric acid cycle | Krebs cycle | oxidative TCA cycle | TCA cycle	skos:exactMatch	EXACT_LEXICAL
mapping	mappings/node_grounding.tsv:253		1	glyoxylate cycle	PATHWAY	GO:0006097	glyoxylate cycle	CANONICAL_LABEL	glyoxylate cycle	CANONICAL_LABEL	glyoxylate bypass	skos:exactMatch	EXACT_LEXICAL
mapping	mappings/node_grounding.tsv:254		1	electron transport chain	BIOLOGICAL_PROCESS	GO:0022900	electron transport chain	CANONICAL_LABEL	electron transport chain	CANONICAL_LABEL		skos:exactMatch	EXACT_LEXICAL
mapping	mappings/node_grounding.tsv:255		1	intracellular membrane	CELLULAR_LOCALIZATION	GO:0031090	organelle membrane	NO_EXACT_LABEL_MATCH	organelle membrane	CANONICAL_LABEL		skos:exactMatch	SEMANTIC_NOT_LEXICAL
mapping	mappings/node_grounding.tsv:256		1	methanobactin	CHEMICAL	CHEBI:222862	Methanobactin	CANONICAL_LABEL	Methanobactin	CANONICAL_LABEL	(2S)-2-[[(8S,11R,16R,19S)-23-hydroxy-11-[[(2S)-3-hydroxy-2-[[2-[(5-hydroxy-2-propan-2-yloxycarbonyl-1H-imidazol-4-yl)sulanylcarbonylamino]acetyl]amino]propanoyl]amino]-19-(hydroxymethyl)-8-[(4-hydroxyphenyl)methyl]-7,10,18-trioxo-21-sulanylidene-13,14-dithia-6,9,17,20,24,25-hexazatricyclo[20.2.1.02,6]pentacosa-1(24),22-diene-16-carbonyl]amino]-4-methylsulanylbutanoic acid	skos:exactMatch	EXACT_LEXICAL
mapping	mappings/node_grounding.tsv:257		1	periplasm	CELLULAR_LOCALIZATION	GO:0042597	periplasmic space	EXACT_SYNONYM	periplasmic space	CANONICAL_LABEL	periplasm	skos:exactMatch	EXACT_LEXICAL
mapping	mappings/node_grounding.tsv:258		1	tricarboxylic acid cycle	PATHWAY	GO:0006099	tricarboxylic acid cycle	CANONICAL_LABEL	tricarboxylic acid cycle	CANONICAL_LABEL	citric acid cycle | Krebs cycle | oxidative TCA cycle | TCA cycle	skos:exactMatch	EXACT_LEXICAL
mapping	mappings/node_grounding.tsv:259		1	oxidative phosphorylation	PATHWAY	GO:0006119	oxidative phosphorylation	CANONICAL_LABEL	oxidative phosphorylation	CANONICAL_LABEL	respiratory-chain phosphorylation	skos:exactMatch	EXACT_LEXICAL
mapping	mappings/node_grounding.tsv:260		1	reduced cytochrome c	CHEMICAL	CHEBI:16928	ferrocytochrome c	NO_EXACT_LABEL_MATCH	ferrocytochrome c	CANONICAL_LABEL		skos:exactMatch	SEMANTIC_NOT_LEXICAL
mapping	mappings/node_grounding.tsv:261		1	heme a	CHEMICAL	CHEBI:24479	heme a	CANONICAL_LABEL	heme a	CANONICAL_LABEL	heme a	skos:exactMatch	EXACT_LEXICAL
mapping	mappings/node_grounding.tsv:262		1	carotenoid	CHEMICAL	CHEBI:23044	carotenoid	CANONICAL_LABEL	carotenoid	CANONICAL_LABEL	carotenoid	skos:exactMatch	EXACT_LEXICAL
mapping	mappings/node_grounding.tsv:263		1	hydroxide	CHEMICAL	CHEBI:16234	hydroxide	CANONICAL_LABEL	hydroxide	CANONICAL_LABEL	hydridooxygenate(1-) | hydroxide | oxidanide	skos:exactMatch	EXACT_LEXICAL
mapping	mappings/node_grounding.tsv:264		1	carbonic anhydrase activity	MOLECULAR_FUNCTION	GO:0004089	carbonate dehydratase activity	EXACT_SYNONYM	carbonate dehydratase activity	CANONICAL_LABEL	carbonic anhydrase activity	skos:exactMatch	EXACT_LEXICAL
mapping	mappings/node_grounding.tsv:265		1	cellular component	CELLULAR_LOCALIZATION	GO:0005575	cellular_component	EXACT_SYNONYM	cellular_component	CANONICAL_LABEL	cell or subcellular entity | cellular component	skos:exactMatch	EXACT_LEXICAL
mapping	mappings/node_grounding.tsv:266		1	carbonic anhydrase	GENE_OR_PROTEIN	InterPro:IPR001765			Carbonic anhydrase			skos:closeMatch	NO_DIRECT_SOURCE
mapping	mappings/node_grounding.tsv:267		1	flhg	GENE_OR_PROTEIN	InterPro:IPR033875			Flagellum site-determining protein FlhG			skos:closeMatch	NO_DIRECT_SOURCE
mapping	mappings/node_grounding.tsv:268		1	roda	GENE_OR_PROTEIN	InterPro:IPR001182			Probable peptidoglycan glycosyltransferase FtsW/RodA			skos:closeMatch	NO_DIRECT_SOURCE
mapping	mappings/node_grounding.tsv:269		1	laccase	GENE_OR_PROTEIN	InterPro:IPR017761			Laccase			skos:closeMatch	NO_DIRECT_SOURCE
mapping	mappings/node_grounding.tsv:270		1	fatty acid desaturase	GENE_OR_PROTEIN	InterPro:IPR012171			Fatty acid desaturase			skos:closeMatch	NO_DIRECT_SOURCE
mapping	mappings/node_grounding.tsv:271		1	beta-glucosidase	GENE_OR_PROTEIN	GO:0008422	beta-glucosidase activity	NO_EXACT_LABEL_MATCH	beta-glucosidase activity	CANONICAL_LABEL	beta-D-glucosidase activity | beta-glucoside glucohydrolase activity	skos:closeMatch	SEMANTIC_NOT_LEXICAL
mapping	mappings/node_grounding.tsv:272		1	rodz	GENE_OR_PROTEIN	InterPro:IPR023690			Cytoskeleton protein RodZ			skos:closeMatch	NO_DIRECT_SOURCE
mapping	mappings/node_grounding.tsv:273		1	sula	GENE_OR_PROTEIN	InterPro:IPR004596			Cell division suppressor protein, SulA			skos:closeMatch	NO_DIRECT_SOURCE
mapping	mappings/node_grounding.tsv:274		1	rubrerythrin	GENE_OR_PROTEIN	InterPro:IPR052364			Rubrerythrin			skos:closeMatch	NO_DIRECT_SOURCE
mapping	mappings/node_grounding.tsv:275		1	nadh peroxidase	GENE_OR_PROTEIN	GO:0016692	NADH peroxidase activity	NO_EXACT_LABEL_MATCH	NADH peroxidase activity	CANONICAL_LABEL		skos:closeMatch	SEMANTIC_NOT_LEXICAL
mapping	mappings/node_grounding.tsv:276		1	superoxide reductase	GENE_OR_PROTEIN	GO:0050605	superoxide reductase activity	NO_EXACT_LABEL_MATCH	superoxide reductase activity	CANONICAL_LABEL		skos:closeMatch	SEMANTIC_NOT_LEXICAL
mapping	mappings/node_grounding.tsv:277		1	k+/h+ antiporters	GENE_OR_PROTEIN	GO:0015386	potassium:proton antiporter activity	NO_EXACT_LABEL_MATCH	potassium:proton antiporter activity	CANONICAL_LABEL	potassium:hydrogen antiporter activity	skos:closeMatch	SEMANTIC_NOT_LEXICAL
mapping	mappings/node_grounding.tsv:278		1	ftsh protease	GENE_OR_PROTEIN	InterPro:IPR005936			ATP-dependent zinc metalloprotease, FtsH			skos:closeMatch	NO_DIRECT_SOURCE
mapping	mappings/node_grounding.tsv:279		1	lexa repressor	GENE_OR_PROTEIN	InterPro:IPR050077			LexA repressor			skos:closeMatch	NO_DIRECT_SOURCE
mapping	mappings/node_grounding.tsv:280		1	transposase	GENE_OR_PROTEIN	GO:0004803	transposase activity	NO_EXACT_LABEL_MATCH	transposase activity	CANONICAL_LABEL		skos:closeMatch	SEMANTIC_NOT_LEXICAL
mapping	mappings/node_grounding.tsv:281		1	beta-n-acetylglucosaminidase	GENE_OR_PROTEIN	GO:0016231	beta-N-acetylglucosaminidase activity	NO_EXACT_LABEL_MATCH	beta-N-acetylglucosaminidase activity	CANONICAL_LABEL		skos:closeMatch	SEMANTIC_NOT_LEXICAL
mapping	mappings/node_grounding.tsv:282		1	cytochrome cd1 nitrite reductase nirs	GENE_OR_PROTEIN	GO:0050421	nitrite reductase (NO-forming) activity	NO_EXACT_LABEL_MATCH	nitrite reductase (NO-forming) activity	CANONICAL_LABEL	NO-forming nitrite reductase (cytochrome) activity | NO-forming nitrite reductase activity	skos:closeMatch	SEMANTIC_NOT_LEXICAL
mapping	mappings/node_grounding.tsv:283		1	nitrous oxide reductase nosz	GENE_OR_PROTEIN	GO:0050304	nitrous-oxide reductase activity	NO_EXACT_LABEL_MATCH	nitrous-oxide reductase activity	CANONICAL_LABEL		skos:closeMatch	SEMANTIC_NOT_LEXICAL
mapping	mappings/node_grounding.tsv:284		1	phosphoenolpyruvate carboxylase	GENE_OR_PROTEIN	GO:0008964	phosphoenolpyruvate carboxylase activity	NO_EXACT_LABEL_MATCH	phosphoenolpyruvate carboxylase activity	CANONICAL_LABEL		skos:closeMatch	SEMANTIC_NOT_LEXICAL
mapping	mappings/node_grounding.tsv:285		1	pyruvate decarboxylase	GENE_OR_PROTEIN	GO:0004737	pyruvate decarboxylase activity	NO_EXACT_LABEL_MATCH	pyruvate decarboxylase activity	CANONICAL_LABEL		skos:closeMatch	SEMANTIC_NOT_LEXICAL
mapping	mappings/node_grounding.tsv:286		1	formate dehydrogenase	GENE_OR_PROTEIN	GO:0009326	formate dehydrogenase complex	NO_EXACT_LABEL_MATCH	formate dehydrogenase complex	CANONICAL_LABEL		skos:closeMatch	SEMANTIC_NOT_LEXICAL
mapping	mappings/node_grounding.tsv:287		1	lactate dehydrogenase	GENE_OR_PROTEIN	GO:0004457	lactate dehydrogenase activity	NO_EXACT_LABEL_MATCH	lactate dehydrogenase activity	CANONICAL_LABEL		skos:closeMatch	SEMANTIC_NOT_LEXICAL
mapping	mappings/node_grounding.tsv:288		1	ferredoxin-nadp+ reductase	GENE_OR_PROTEIN	GO:0004324	ferredoxin-NADP+ reductase activity	NO_EXACT_LABEL_MATCH	ferredoxin-NADP+ reductase activity	CANONICAL_LABEL	ferredoxin-NADP reductase activity	skos:closeMatch	SEMANTIC_NOT_LEXICAL
mapping	mappings/node_grounding.tsv:289		1	methylmalonyl-coa carboxytransferase	GENE_OR_PROTEIN	GO:0047154	methylmalonyl-CoA carboxytransferase activity	NO_EXACT_LABEL_MATCH	methylmalonyl-CoA carboxytransferase activity	CANONICAL_LABEL	methylmalonyl-CoA carboxyltransferase activity	skos:closeMatch	SEMANTIC_NOT_LEXICAL
mapping	mappings/node_grounding.tsv:290		1	acetyl-coa carboxylase	GENE_OR_PROTEIN	GO:0003989	acetyl-CoA carboxylase activity	NO_EXACT_LABEL_MATCH	acetyl-CoA carboxylase activity	CANONICAL_LABEL		skos:closeMatch	SEMANTIC_NOT_LEXICAL
mapping	mappings/node_grounding.tsv:291		1	propionyl-coa carboxylase	GENE_OR_PROTEIN	GO:0004658	propionyl-CoA carboxylase activity	NO_EXACT_LABEL_MATCH	propionyl-CoA carboxylase activity	CANONICAL_LABEL		skos:closeMatch	SEMANTIC_NOT_LEXICAL
mapping	mappings/node_grounding.tsv:292		1	polyketide synthase (pks)	GENE_OR_PROTEIN	GO:0016218	polyketide synthase activity	NO_EXACT_LABEL_MATCH	polyketide synthase activity	CANONICAL_LABEL		skos:closeMatch	SEMANTIC_NOT_LEXICAL
mapping	mappings/node_grounding.tsv:293		1	tyrosinase	GENE_OR_PROTEIN	GO:0004503	tyrosinase activity	NO_EXACT_LABEL_MATCH	tyrosinase activity	CANONICAL_LABEL	L-tyrosine monooxygenase activity | monophenol monooxygenase activity | monophenol oxygenase	skos:closeMatch	SEMANTIC_NOT_LEXICAL
mapping	mappings/node_grounding.tsv:294		1	homogentisate 1,2-dioxygenase	GENE_OR_PROTEIN	GO:0004411	homogentisate 1,2-dioxygenase activity	NO_EXACT_LABEL_MATCH	homogentisate 1,2-dioxygenase activity	CANONICAL_LABEL		skos:closeMatch	SEMANTIC_NOT_LEXICAL
mapping	mappings/node_grounding.tsv:295		1	phytoene desaturase	GENE_OR_PROTEIN	InterPro:IPR014102			Phytoene desaturase			skos:closeMatch	NO_DIRECT_SOURCE
mapping	mappings/node_grounding.tsv:296		1	flif	GENE_OR_PROTEIN	InterPro:IPR000067			Flagellar M-ring protein FliF			skos:closeMatch	NO_DIRECT_SOURCE
mapping	mappings/node_grounding.tsv:297		1	ftsa	GENE_OR_PROTEIN	InterPro:IPR020823			Cell division protein FtsA			skos:closeMatch	NO_DIRECT_SOURCE
mapping	mappings/node_grounding.tsv:298		1	spoiim	GENE_OR_PROTEIN	InterPro:IPR002798			Stage II sporulation protein M-like			skos:closeMatch	NO_DIRECT_SOURCE
mapping	mappings/node_grounding.tsv:299		1	spovm	GENE_OR_PROTEIN	InterPro:IPR012609			Sporulation stage V, protein M			skos:closeMatch	NO_DIRECT_SOURCE
mapping	mappings/node_grounding.tsv:300		1	cote	GENE_OR_PROTEIN	InterPro:IPR018901			Spore coat protein CotE			skos:closeMatch	NO_DIRECT_SOURCE
mapping	mappings/node_grounding.tsv:301		1	beta-lactamase	GENE_OR_PROTEIN	GO:0008800	beta-lactamase activity	NO_EXACT_LABEL_MATCH	beta-lactamase activity	CANONICAL_LABEL		skos:closeMatch	SEMANTIC_NOT_LEXICAL
mapping	mappings/node_grounding.tsv:302		1	rhodopsin	GENE_OR_PROTEIN	InterPro:IPR001425			Archaeal/bacterial/fungal rhodopsins			skos:closeMatch	NO_DIRECT_SOURCE
mapping	mappings/node_grounding.tsv:303		1	type IV secretion system	GENE_OR_PROTEIN	GO:0043684	type IV secretion system complex	NO_EXACT_LABEL_MATCH	type IV secretion system complex	CANONICAL_LABEL	T4SS complex	skos:exactMatch	SEMANTIC_NOT_LEXICAL
mapping	mappings/node_grounding.tsv:304		1	nitrogenase complex	GENE_OR_PROTEIN	GO:0016610	nitrogenase complex	CANONICAL_LABEL	nitrogenase complex	CANONICAL_LABEL		skos:exactMatch	EXACT_LEXICAL
mapping	mappings/node_grounding.tsv:305		1	manganese peroxidase (MnP)	GENE_OR_PROTEIN	GO:0016689	manganese peroxidase activity	NO_EXACT_LABEL_MATCH	manganese peroxidase activity	CANONICAL_LABEL		skos:exactMatch	SEMANTIC_NOT_LEXICAL
mapping	mappings/node_grounding.tsv:306		1	NADPH peroxidase	GENE_OR_PROTEIN	GO:0050137	NADPH peroxidase activity	NO_EXACT_LABEL_MATCH	NADPH peroxidase activity	CANONICAL_LABEL		skos:exactMatch	SEMANTIC_NOT_LEXICAL
mapping	mappings/node_grounding.tsv:307		1	catalase (KatA)	GENE_OR_PROTEIN	GO:0004096	catalase activity	NO_EXACT_LABEL_MATCH	catalase activity	CANONICAL_LABEL	catalase reaction	skos:exactMatch	SEMANTIC_NOT_LEXICAL
mapping	mappings/node_grounding.tsv:308		1	superoxide dismutase (SodB)	GENE_OR_PROTEIN	GO:0004784	superoxide dismutase activity	NO_EXACT_LABEL_MATCH	superoxide dismutase activity	CANONICAL_LABEL	superoxide:superoxide oxidoreductase activity	skos:exactMatch	SEMANTIC_NOT_LEXICAL
mapping	mappings/node_grounding.tsv:309		1	alkyl hydroperoxide reductase (AhpC)	GENE_OR_PROTEIN	GO:0009321	alkyl hydroperoxide reductase complex	NO_EXACT_LABEL_MATCH	alkyl hydroperoxide reductase complex	CANONICAL_LABEL		skos:exactMatch	SEMANTIC_NOT_LEXICAL
mapping	mappings/node_grounding.tsv:310		1	reverse gyrase (TopR/rgy)	GENE_OR_PROTEIN	GO:0160097	reverse gyrase activity	NO_EXACT_LABEL_MATCH	reverse gyrase activity	CANONICAL_LABEL		skos:exactMatch	SEMANTIC_NOT_LEXICAL
mapping	mappings/node_grounding.tsv:311		1	type IV secretion system (T4SS)	GENE_OR_PROTEIN	GO:0043684	type IV secretion system complex	NO_EXACT_LABEL_MATCH	type IV secretion system complex	CANONICAL_LABEL	T4SS complex	skos:exactMatch	SEMANTIC_NOT_LEXICAL
mapping	mappings/node_grounding.tsv:312		1	methyl-coenzyme M reductase (MCR)	GENE_OR_PROTEIN	GO:0044674	methyl coenzyme M reductase complex	NO_EXACT_LABEL_MATCH	methyl coenzyme M reductase complex	CANONICAL_LABEL		skos:exactMatch	SEMANTIC_NOT_LEXICAL
mapping	mappings/node_grounding.tsv:313		1	nitrous oxide reductase (NosZ)	GENE_OR_PROTEIN	GO:0050304	nitrous-oxide reductase activity	NO_EXACT_LABEL_MATCH	nitrous-oxide reductase activity	CANONICAL_LABEL		skos:exactMatch	SEMANTIC_NOT_LEXICAL
mapping	mappings/node_grounding.tsv:314		1	pyruvate synthase (pyruvate:ferredoxin oxidoreductase)	GENE_OR_PROTEIN	GO:0019164	pyruvate synthase activity	NO_EXACT_LABEL_MATCH	pyruvate synthase activity	CANONICAL_LABEL	PFOR | pyruvate-ferredoxin reductase activity	skos:exactMatch	SEMANTIC_NOT_LEXICAL
mapping	mappings/node_grounding.tsv:315		1	manganese peroxidase	GENE_OR_PROTEIN	GO:0016689	manganese peroxidase activity	NO_EXACT_LABEL_MATCH	manganese peroxidase activity	CANONICAL_LABEL		skos:exactMatch	SEMANTIC_NOT_LEXICAL
mapping	mappings/node_grounding.tsv:316		1	photosystem II	GENE_OR_PROTEIN	GO:0009523	photosystem II	CANONICAL_LABEL	photosystem II	CANONICAL_LABEL		skos:exactMatch	EXACT_LEXICAL
mapping	mappings/node_grounding.tsv:317		1	cytochrome b6f complex	GENE_OR_PROTEIN	GO:0009512	cytochrome b6f complex	CANONICAL_LABEL	cytochrome b6f complex	CANONICAL_LABEL	cyt b(6)f complex | cyt b6-f complex | cyt b6/f complex | cyt b6f complex | cytochrome b(6)f complex | cytochrome b6-f complex | cytochrome b6/f complex	skos:exactMatch	EXACT_LEXICAL
mapping	mappings/node_grounding.tsv:318		1	photosystem I	GENE_OR_PROTEIN	GO:0009522	photosystem I	CANONICAL_LABEL	photosystem I	CANONICAL_LABEL		skos:exactMatch	EXACT_LEXICAL
mapping	mappings/node_grounding.tsv:319		1	carbamate kinase (arginine deiminase pathway)	GENE_OR_PROTEIN	GO:0008804	carbamate kinase activity	NO_EXACT_LABEL_MATCH	carbamate kinase activity	CANONICAL_LABEL		skos:exactMatch	SEMANTIC_NOT_LEXICAL
mapping	mappings/node_grounding.tsv:320		1	sulfide:quinone oxidoreductase (SQR)	GENE_OR_PROTEIN	GO:0070224	sulfide:quinone oxidoreductase activity	NO_EXACT_LABEL_MATCH	sulfide:quinone oxidoreductase activity	CANONICAL_LABEL	sulfide-quinone reductase activity | sulphide:quinone oxidoreductase activity	skos:exactMatch	SEMANTIC_NOT_LEXICAL
mapping	mappings/node_grounding.tsv:321		1	thiosulfate dehydrogenase (TsdA)	GENE_OR_PROTEIN	GO:0050338	thiosulfate dehydrogenase activity	NO_EXACT_LABEL_MATCH	thiosulfate dehydrogenase activity	CANONICAL_LABEL	thiosulphate dehydrogenase activity	skos:exactMatch	SEMANTIC_NOT_LEXICAL
mapping	mappings/node_grounding.tsv:322		1	formate dehydrogenase complex	GENE_OR_PROTEIN	GO:0009326	formate dehydrogenase complex	CANONICAL_LABEL	formate dehydrogenase complex	CANONICAL_LABEL		skos:exactMatch	EXACT_LEXICAL
mapping	mappings/node_grounding.tsv:323		1	formate dehydrogenase (Fdh)	GENE_OR_PROTEIN	GO:0009326	formate dehydrogenase complex	NO_EXACT_LABEL_MATCH	formate dehydrogenase complex	CANONICAL_LABEL		skos:exactMatch	SEMANTIC_NOT_LEXICAL
mapping	mappings/node_grounding.tsv:324		1	divisome complex	GENE_OR_PROTEIN	GO:1990586	divisome complex	CANONICAL_LABEL	divisome complex	CANONICAL_LABEL		skos:exactMatch	EXACT_LEXICAL
mapping	mappings/node_grounding.tsv:325		1	divisome (FtsZ/PBP2x/FtsW)	GENE_OR_PROTEIN	GO:1990586	divisome complex	NO_EXACT_LABEL_MATCH	divisome complex	CANONICAL_LABEL		skos:exactMatch	SEMANTIC_NOT_LEXICAL
mapping	mappings/node_grounding.tsv:326		1	polyphosphate kinase (PPK)	GENE_OR_PROTEIN	GO:0008976	polyphosphate kinase activity	NO_EXACT_LABEL_MATCH	polyphosphate kinase activity	CANONICAL_LABEL	polyphosphate polymerase activity	skos:exactMatch	SEMANTIC_NOT_LEXICAL
mapping	mappings/node_grounding.tsv:327		1	lycopene beta-cyclase (CrtY)	GENE_OR_PROTEIN	GO:0045436	lycopene beta cyclase activity	NO_EXACT_LABEL_MATCH	lycopene beta cyclase activity	CANONICAL_LABEL		skos:exactMatch	SEMANTIC_NOT_LEXICAL
mapping	mappings/node_grounding.tsv:328		1	exopolyphosphatase (PPX)	GENE_OR_PROTEIN	GO:0004309	exopolyphosphatase activity	NO_EXACT_LABEL_MATCH	exopolyphosphatase activity	CANONICAL_LABEL		skos:exactMatch	SEMANTIC_NOT_LEXICAL
mapping	mappings/node_grounding.tsv:329		1	ammonia monooxygenase (AMO)	GENE_OR_PROTEIN	GO:0018597	ammonia monooxygenase activity	NO_EXACT_LABEL_MATCH	ammonia monooxygenase activity	CANONICAL_LABEL		skos:exactMatch	SEMANTIC_NOT_LEXICAL
mapping	mappings/node_grounding.tsv:330		1	hydroxylamine oxidoreductase (HAO)	GENE_OR_PROTEIN	GO:0033740	hydroxylamine oxidoreductase activity	NO_EXACT_LABEL_MATCH	hydroxylamine oxidoreductase activity	CANONICAL_LABEL		skos:exactMatch	SEMANTIC_NOT_LEXICAL
mapping	mappings/node_grounding.tsv:331		1	inorganic carbon transporter	GENE_OR_PROTEIN	InterPro:IPR006007			Inorganic carbon transporter			skos:exactMatch	NO_DIRECT_SOURCE
mapping	mappings/node_grounding.tsv:332		1	alkaline phosphatase	MOLECULAR_FUNCTION	GO:0004035	alkaline phosphatase activity	NO_EXACT_LABEL_MATCH	alkaline phosphatase activity	CANONICAL_LABEL		skos:exactMatch	SEMANTIC_NOT_LEXICAL
mapping	mappings/node_grounding.tsv:333		1	acid phosphatase	MOLECULAR_FUNCTION	GO:0003993	acid phosphatase activity	NO_EXACT_LABEL_MATCH	acid phosphatase activity	CANONICAL_LABEL		skos:exactMatch	SEMANTIC_NOT_LEXICAL
mapping	mappings/node_grounding.tsv:334		1	cytochrome oxidase	MOLECULAR_FUNCTION	GO:0004129	cytochrome-c oxidase activity	NO_EXACT_LABEL_MATCH	cytochrome-c oxidase activity	CANONICAL_LABEL	cytochrome c oxidase activity	skos:exactMatch	SEMANTIC_NOT_LEXICAL
mapping	mappings/node_grounding.tsv:335		1	cytochrome-c oxidase	MOLECULAR_FUNCTION	GO:0004129	cytochrome-c oxidase activity	NO_EXACT_LABEL_MATCH	cytochrome-c oxidase activity	CANONICAL_LABEL	cytochrome c oxidase activity	skos:exactMatch	SEMANTIC_NOT_LEXICAL
mapping	mappings/node_grounding.tsv:336		1	alpha-glucosidase	MOLECULAR_FUNCTION	GO:0090599	alpha-glucosidase activity	NO_EXACT_LABEL_MATCH	alpha-glucosidase activity	CANONICAL_LABEL		skos:exactMatch	SEMANTIC_NOT_LEXICAL
mapping	mappings/node_grounding.tsv:337		1	beta-galactosidase	MOLECULAR_FUNCTION	GO:0004565	beta-galactosidase activity	NO_EXACT_LABEL_MATCH	beta-galactosidase activity	CANONICAL_LABEL		skos:exactMatch	SEMANTIC_NOT_LEXICAL
mapping	mappings/node_grounding.tsv:338		1	beta-glucosidase	MOLECULAR_FUNCTION	GO:0008422	beta-glucosidase activity	NO_EXACT_LABEL_MATCH	beta-glucosidase activity	CANONICAL_LABEL	beta-D-glucosidase activity | beta-glucoside glucohydrolase activity	skos:exactMatch	SEMANTIC_NOT_LEXICAL
mapping	mappings/node_grounding.tsv:339		1	alpha-galactosidase	MOLECULAR_FUNCTION	GO:0004557	alpha-galactosidase activity	NO_EXACT_LABEL_MATCH	alpha-galactosidase activity	CANONICAL_LABEL	melibiase activity	skos:exactMatch	SEMANTIC_NOT_LEXICAL
mapping	mappings/node_grounding.tsv:340		1	alpha-mannosidase	MOLECULAR_FUNCTION	GO:0004559	alpha-mannosidase activity	NO_EXACT_LABEL_MATCH	alpha-mannosidase activity	CANONICAL_LABEL		skos:exactMatch	SEMANTIC_NOT_LEXICAL
mapping	mappings/node_grounding.tsv:341		1	amylase	MOLECULAR_FUNCTION	GO:0016160	amylase activity	NO_EXACT_LABEL_MATCH	amylase activity	CANONICAL_LABEL		skos:exactMatch	SEMANTIC_NOT_LEXICAL
mapping	mappings/node_grounding.tsv:342		1	beta-glucuronidase	MOLECULAR_FUNCTION	GO:0004566	beta-glucuronidase activity	NO_EXACT_LABEL_MATCH	beta-glucuronidase activity	CANONICAL_LABEL		skos:exactMatch	SEMANTIC_NOT_LEXICAL
mapping	mappings/node_grounding.tsv:343		1	alpha-fucosidase	MOLECULAR_FUNCTION	GO:0004560	alpha-L-fucosidase activity	NO_EXACT_LABEL_MATCH	alpha-L-fucosidase activity	CANONICAL_LABEL		skos:exactMatch	SEMANTIC_NOT_LEXICAL
mapping	mappings/node_grounding.tsv:344		1	lysine decarboxylase	MOLECULAR_FUNCTION	GO:0008923	lysine decarboxylase activity	NO_EXACT_LABEL_MATCH	lysine decarboxylase activity	CANONICAL_LABEL		skos:exactMatch	SEMANTIC_NOT_LEXICAL
mapping	mappings/node_grounding.tsv:345		1	ornithine decarboxylase	MOLECULAR_FUNCTION	GO:0004586	ornithine decarboxylase activity	NO_EXACT_LABEL_MATCH	ornithine decarboxylase activity	CANONICAL_LABEL		skos:exactMatch	SEMANTIC_NOT_LEXICAL
mapping	mappings/node_grounding.tsv:346		1	lipase	MOLECULAR_FUNCTION	GO:0016298	lipase activity	NO_EXACT_LABEL_MATCH	lipase activity	CANONICAL_LABEL		skos:exactMatch	SEMANTIC_NOT_LEXICAL
mapping	mappings/node_grounding.tsv:347		1	alanine arylamidase	MOLECULAR_FUNCTION	GO:0016285	alanyl aminopeptidase activity	NO_EXACT_LABEL_MATCH	alanyl aminopeptidase activity	CANONICAL_LABEL	cytosol alanyl aminopeptidase activity	skos:exactMatch	SEMANTIC_NOT_LEXICAL
mapping	mappings/node_grounding.tsv:348		1	pyrrolidonyl arylamidase	MOLECULAR_FUNCTION	GO:0016920	pyroglutamyl-peptidase activity	NO_EXACT_LABEL_MATCH	pyroglutamyl-peptidase activity	CANONICAL_LABEL		skos:exactMatch	SEMANTIC_NOT_LEXICAL
mapping	mappings/node_grounding.tsv:349		1	pyrazinamidase	MOLECULAR_FUNCTION	GO:0008936	nicotinamidase activity	NO_EXACT_LABEL_MATCH	nicotinamidase activity	CANONICAL_LABEL		skos:exactMatch	SEMANTIC_NOT_LEXICAL
mapping	mappings/node_grounding.tsv:350		1	esterase	MOLECULAR_FUNCTION	GO:0106435	carboxylesterase activity	NO_EXACT_LABEL_MATCH	carboxylesterase activity	CANONICAL_LABEL		skos:closeMatch	SEMANTIC_NOT_LEXICAL
mapping	mappings/node_grounding.tsv:351		1	leucine arylamidase	MOLECULAR_FUNCTION	GO:0004177	aminopeptidase activity	NO_EXACT_LABEL_MATCH	aminopeptidase activity	CANONICAL_LABEL		skos:closeMatch	SEMANTIC_NOT_LEXICAL
mapping	mappings/node_grounding.tsv:352		1	cystine arylamidase	MOLECULAR_FUNCTION	GO:0004177	aminopeptidase activity	NO_EXACT_LABEL_MATCH	aminopeptidase activity	CANONICAL_LABEL		skos:closeMatch	SEMANTIC_NOT_LEXICAL
mapping	mappings/node_grounding.tsv:353		1	valine arylamidase	MOLECULAR_FUNCTION	GO:0004177	aminopeptidase activity	NO_EXACT_LABEL_MATCH	aminopeptidase activity	CANONICAL_LABEL		skos:closeMatch	SEMANTIC_NOT_LEXICAL
mapping	mappings/node_grounding.tsv:354		1	L-arginine arylamidase	MOLECULAR_FUNCTION	GO:0004177	aminopeptidase activity	NO_EXACT_LABEL_MATCH	aminopeptidase activity	CANONICAL_LABEL		skos:closeMatch	SEMANTIC_NOT_LEXICAL
mapping	mappings/node_grounding.tsv:355		1	glycin arylamidase	MOLECULAR_FUNCTION	GO:0004177	aminopeptidase activity	NO_EXACT_LABEL_MATCH	aminopeptidase activity	CANONICAL_LABEL		skos:closeMatch	SEMANTIC_NOT_LEXICAL
mapping	mappings/node_grounding.tsv:356		1	proline-arylamidase	MOLECULAR_FUNCTION	GO:0004177	aminopeptidase activity	NO_EXACT_LABEL_MATCH	aminopeptidase activity	CANONICAL_LABEL		skos:closeMatch	SEMANTIC_NOT_LEXICAL
mapping	mappings/node_grounding.tsv:357		1	Alanyl-Phenylalanyl-Proline arylamidase	MOLECULAR_FUNCTION	GO:0004177	aminopeptidase activity	NO_EXACT_LABEL_MATCH	aminopeptidase activity	CANONICAL_LABEL		skos:closeMatch	SEMANTIC_NOT_LEXICAL
mapping	mappings/node_grounding.tsv:358		1	leucyl glycin arylamidase	MOLECULAR_FUNCTION	GO:0016805	dipeptidase activity	NO_EXACT_LABEL_MATCH	dipeptidase activity	CANONICAL_LABEL		skos:closeMatch	SEMANTIC_NOT_LEXICAL
mapping	mappings/node_grounding.tsv:359		1	trypsin	MOLECULAR_FUNCTION	GO:0004252	serine-type endopeptidase activity	NO_EXACT_LABEL_MATCH	serine-type endopeptidase activity	CANONICAL_LABEL		skos:closeMatch	SEMANTIC_NOT_LEXICAL
mapping	mappings/node_grounding.tsv:360		1	alpha-chymotrypsin	MOLECULAR_FUNCTION	GO:0004252	serine-type endopeptidase activity	NO_EXACT_LABEL_MATCH	serine-type endopeptidase activity	CANONICAL_LABEL		skos:closeMatch	SEMANTIC_NOT_LEXICAL
mapping	mappings/node_grounding.tsv:361		1	gamma-glutamyltransferase	MOLECULAR_FUNCTION	GO:0036374	glutathione gamma-glutamate hydrolase	NO_EXACT_LABEL_MATCH	glutathione gamma-glutamate hydrolase	CANONICAL_LABEL	glutathione hydrolase activity	skos:closeMatch	SEMANTIC_NOT_LEXICAL
mapping	mappings/node_grounding.tsv:362		1	gelatinase	MOLECULAR_FUNCTION	GO:0008233	peptidase activity	NO_EXACT_LABEL_MATCH	peptidase activity	CANONICAL_LABEL	hydrolase, acting on peptide bonds | peptide hydrolase activity | protease activity	skos:closeMatch	SEMANTIC_NOT_LEXICAL
mapping	mappings/node_grounding.tsv:363		1	caseinase	MOLECULAR_FUNCTION	GO:0008233	peptidase activity	NO_EXACT_LABEL_MATCH	peptidase activity	CANONICAL_LABEL	hydrolase, acting on peptide bonds | peptide hydrolase activity | protease activity	skos:closeMatch	SEMANTIC_NOT_LEXICAL
mapping	mappings/node_grounding.tsv:364		1	naphthol-AS-BI-phosphohydrolase	MOLECULAR_FUNCTION	GO:0016791	phosphatase activity	NO_EXACT_LABEL_MATCH	phosphatase activity	CANONICAL_LABEL	phosphoric monoester hydrolase activity	skos:closeMatch	SEMANTIC_NOT_LEXICAL
mapping	mappings/node_grounding.tsv:365		1	arginine dihydrolase	MOLECULAR_FUNCTION	GO:0016990	arginine deiminase activity	NO_EXACT_LABEL_MATCH	arginine deiminase activity	CANONICAL_LABEL		skos:closeMatch	SEMANTIC_NOT_LEXICAL
mapping	mappings/node_grounding.tsv:366		1	N-acetyl-beta-glucosaminidase	MOLECULAR_FUNCTION	GO:0004563	beta-N-acetylhexosaminidase activity	NO_EXACT_LABEL_MATCH	beta-N-acetylhexosaminidase activity	CANONICAL_LABEL		skos:closeMatch	SEMANTIC_NOT_LEXICAL
mapping	mappings/node_grounding.tsv:367		1	DNase	MOLECULAR_FUNCTION	GO:0004536	DNA nuclease activity	NO_EXACT_LABEL_MATCH	DNA nuclease activity	CANONICAL_LABEL	deoxyribonuclease activity	skos:closeMatch	SEMANTIC_NOT_LEXICAL
mapping	mappings/node_grounding.tsv:368		1	alcohol dehydrogenase	MOLECULAR_FUNCTION	GO:0004022	alcohol dehydrogenase (NAD+) activity	NO_EXACT_LABEL_MATCH	alcohol dehydrogenase (NAD+) activity	CANONICAL_LABEL	aldo-keto reductase (NAD) activity	skos:closeMatch	SEMANTIC_NOT_LEXICAL
mapping	mappings/node_grounding.tsv:369		1	lecithinase	MOLECULAR_FUNCTION	GO:0004629	C-type glycerophospholipase activity	NO_EXACT_LABEL_MATCH	C-type glycerophospholipase activity	CANONICAL_LABEL	C-type phospholipase activity | phospholipase C activity	skos:closeMatch	SEMANTIC_NOT_LEXICAL
mapping	mappings/node_grounding.tsv:370		1	tryptophan deaminase	MOLECULAR_FUNCTION	GO:0001716	L-amino-acid oxidase activity	NO_EXACT_LABEL_MATCH	L-amino-acid oxidase activity	CANONICAL_LABEL		skos:closeMatch	SEMANTIC_NOT_LEXICAL
mapping	mappings/node_grounding.tsv:371		1	tween esterase	MOLECULAR_FUNCTION	GO:0106435	carboxylesterase activity	NO_EXACT_LABEL_MATCH	carboxylesterase activity	CANONICAL_LABEL		skos:closeMatch	SEMANTIC_NOT_LEXICAL
mapping	mappings/node_grounding.tsv:372		1	esterase (C 4)	MOLECULAR_FUNCTION	GO:0106435	carboxylesterase activity	NO_EXACT_LABEL_MATCH	carboxylesterase activity	CANONICAL_LABEL		skos:closeMatch	SEMANTIC_NOT_LEXICAL
mapping	mappings/node_grounding.tsv:373		1	esterase lipase (C 8)	MOLECULAR_FUNCTION	GO:0106435	carboxylesterase activity	NO_EXACT_LABEL_MATCH	carboxylesterase activity	CANONICAL_LABEL		skos:closeMatch	SEMANTIC_NOT_LEXICAL
mapping	mappings/node_grounding.tsv:374		1	lipase (C 14)	MOLECULAR_FUNCTION	GO:0106435	carboxylesterase activity	NO_EXACT_LABEL_MATCH	carboxylesterase activity	CANONICAL_LABEL		skos:closeMatch	SEMANTIC_NOT_LEXICAL
mapping	mappings/node_grounding.tsv:375		1	oxidase	MOLECULAR_FUNCTION	GO:0004129	cytochrome-c oxidase activity	NO_EXACT_LABEL_MATCH	cytochrome-c oxidase activity	CANONICAL_LABEL	cytochrome c oxidase activity	skos:closeMatch	SEMANTIC_NOT_LEXICAL
mapping	mappings/node_grounding.tsv:376		1	alcohol dehydrogenase	GENE_OR_PROTEIN	GO:0004022	alcohol dehydrogenase (NAD+) activity	NO_EXACT_LABEL_MATCH	alcohol dehydrogenase (NAD+) activity	CANONICAL_LABEL	aldo-keto reductase (NAD) activity	skos:closeMatch	SEMANTIC_NOT_LEXICAL
mapping	mappings/predicate_grounding.tsv:2		1	produces	PREDICATE	METPO:2007800			produces			skos:closeMatch	TERM_NOT_FOUND
mapping	mappings/predicate_grounding.tsv:3		1	oxidizes	PREDICATE	METPO:2007803			oxidizes			skos:closeMatch	TERM_NOT_FOUND
mapping	mappings/predicate_grounding.tsv:4		1	uses carbon source	PREDICATE	METPO:2000006	uses as carbon source	NO_EXACT_LABEL_MATCH	uses as carbon source	CANONICAL_LABEL		skos:exactMatch	SEMANTIC_NOT_LEXICAL
mapping	mappings/predicate_grounding.tsv:5		1	uses electron donor	PREDICATE	METPO:2000009	uses as electron donor	NO_EXACT_LABEL_MATCH	uses as electron donor	CANONICAL_LABEL		skos:exactMatch	SEMANTIC_NOT_LEXICAL
mapping	mappings/predicate_grounding.tsv:6		1	uses electron acceptor	PREDICATE	METPO:2000008	uses as electron acceptor	NO_EXACT_LABEL_MATCH	uses as electron acceptor	CANONICAL_LABEL		skos:exactMatch	SEMANTIC_NOT_LEXICAL
mapping	mappings/predicate_grounding.tsv:7		1	uses energy source	PREDICATE	METPO:2000010	uses as energy source	NO_EXACT_LABEL_MATCH	uses as energy source	CANONICAL_LABEL		skos:exactMatch	SEMANTIC_NOT_LEXICAL
mapping	mappings/predicate_grounding.tsv:8		1	is a	PREDICATE	rdfs:subClassOf			subClassOf			skos:exactMatch	NO_DIRECT_SOURCE
mapping	mappings/predicate_grounding.tsv:9		1	enables	PREDICATE	RO:0002327	enables	CANONICAL_LABEL	enables	CANONICAL_LABEL		skos:exactMatch	EXACT_LEXICAL
mapping	mappings/predicate_grounding.tsv:10		1	contributes to	PREDICATE	RO:0002326	contributes to	CANONICAL_LABEL	contributes to	CANONICAL_LABEL		skos:exactMatch	EXACT_LEXICAL
mapping	mappings/predicate_grounding.tsv:11		1	regulates	PREDICATE	RO:0002211	regulates	CANONICAL_LABEL	regulates	CANONICAL_LABEL		skos:exactMatch	EXACT_LEXICAL
mapping	mappings/predicate_grounding.tsv:12		1	causes	PREDICATE	biolink:causes			causes			skos:exactMatch	NO_DIRECT_SOURCE
mapping	mappings/predicate_grounding.tsv:13		1	catalyzes	PREDICATE	biolink:catalyzes			catalyzes			skos:exactMatch	NO_DIRECT_SOURCE
mapping	mappings/predicate_grounding.tsv:14		1	associated with	PREDICATE	biolink:associated_with			associated with			skos:exactMatch	NO_DIRECT_SOURCE
mapping	mappings/predicate_grounding.tsv:15		1	located in	PREDICATE	biolink:located_in			located in			skos:exactMatch	NO_DIRECT_SOURCE
mapping	mappings/predicate_grounding.tsv:16		1	participates in	PREDICATE	biolink:participates_in			participates in			skos:exactMatch	NO_DIRECT_SOURCE
mapping	mappings/predicate_grounding.tsv:17		1	part of	PREDICATE	biolink:part_of			part of			skos:exactMatch	NO_DIRECT_SOURCE
mapping	mappings/predicate_grounding.tsv:18		1	occurs in	PREDICATE	biolink:occurs_in			occurs in			skos:exactMatch	NO_DIRECT_SOURCE
mapping	mappings/predicate_grounding.tsv:19		1	interacts with	PREDICATE	biolink:interacts_with			interacts with			skos:exactMatch	NO_DIRECT_SOURCE
mapping	mappings/predicate_grounding.tsv:20		1	develops into	PREDICATE	biolink:develops_into			develops into			skos:exactMatch	NO_DIRECT_SOURCE
mapping	mappings/predicate_grounding.tsv:21		1	consumes	PREDICATE	biolink:consumes			consumes			skos:exactMatch	NO_DIRECT_SOURCE
mapping	mappings/predicate_grounding.tsv:22		1	specializes	PREDICATE	rdfs:subClassOf			subClassOf			skos:closeMatch	NO_DIRECT_SOURCE
mapping	mappings/predicate_grounding.tsv:23		1	example of	PREDICATE	rdfs:subClassOf			subClassOf			skos:closeMatch	NO_DIRECT_SOURCE
mapping	mappings/predicate_grounding.tsv:24		1	generates	PREDICATE	biolink:produces			produces			skos:closeMatch	NO_DIRECT_SOURCE
mapping	mappings/predicate_grounding.tsv:25		1	localized in	PREDICATE	biolink:located_in			located in			skos:exactMatch	NO_DIRECT_SOURCE
mapping	mappings/predicate_grounding.tsv:26		1	localized to	PREDICATE	biolink:located_in			located in			skos:exactMatch	NO_DIRECT_SOURCE
mapping	mappings/predicate_grounding.tsv:27		1	localizes to	PREDICATE	biolink:located_in			located in			skos:exactMatch	NO_DIRECT_SOURCE
mapping	mappings/predicate_grounding.tsv:28		1	encodes	PREDICATE	METPO:2007813			encodes			skos:exactMatch	TERM_NOT_FOUND
mapping	mappings/predicate_grounding.tsv:29		1	depends on	PREDICATE	RO:0002502	depends on	CANONICAL_LABEL	depends on	CANONICAL_LABEL		skos:exactMatch	EXACT_LEXICAL
mapping	mappings/predicate_grounding.tsv:30		1	controls	PREDICATE	RO:0002211	regulates	NO_EXACT_LABEL_MATCH	regulates	CANONICAL_LABEL		skos:closeMatch	SEMANTIC_NOT_LEXICAL
mapping	mappings/predicate_grounding.tsv:31		1	directs	PREDICATE	RO:0002211	regulates	NO_EXACT_LABEL_MATCH	regulates	CANONICAL_LABEL		skos:closeMatch	SEMANTIC_NOT_LEXICAL
mapping	mappings/predicate_grounding.tsv:32		1	manifests as	PREDICATE	METPO:2007400			manifests as			skos:exactMatch	TERM_NOT_FOUND
mapping	mappings/predicate_grounding.tsv:33		1	selects for	PREDICATE	METPO:2007401			selects for			skos:exactMatch	TERM_NOT_FOUND
mapping	mappings/predicate_grounding.tsv:34		1	feeds electrons into	PREDICATE	METPO:2007402			feeds electrons into			skos:exactMatch	TERM_NOT_FOUND
mapping	mappings/predicate_grounding.tsv:35		1	transfers electrons to	PREDICATE	METPO:2007403			transfers electrons to			skos:exactMatch	TERM_NOT_FOUND
mapping	mappings/predicate_grounding.tsv:36		1	fixed by	PREDICATE	METPO:2007404			fixed by			skos:exactMatch	TERM_NOT_FOUND
mapping	mappings/predicate_grounding.tsv:37		1	oxidized to	PREDICATE	METPO:2007405			oxidized to			skos:exactMatch	TERM_NOT_FOUND
mapping	mappings/predicate_grounding.tsv:38		1	challenges	PREDICATE	METPO:2007406			challenges			skos:exactMatch	TERM_NOT_FOUND
mapping	mappings/predicate_grounding.tsv:39		1	mitigates	PREDICATE	METPO:2007407			mitigates			skos:exactMatch	TERM_NOT_FOUND
mapping	mappings/predicate_grounding.tsv:40		1	defines	PREDICATE	METPO:2007500			defines			skos:exactMatch	TERM_NOT_FOUND
mapping	mappings/predicate_grounding.tsv:41		1	organism interacts with chemical	PREDICATE	METPO:2000001	organism interacts with chemical	CANONICAL_LABEL	organism interacts with chemical	CANONICAL_LABEL		skos:exactMatch	EXACT_LEXICAL
mapping	mappings/predicate_grounding.tsv:42		1	ferments	PREDICATE	METPO:2000011	ferments	CANONICAL_LABEL	ferments	CANONICAL_LABEL		skos:exactMatch	EXACT_LEXICAL
mapping	mappings/predicate_grounding.tsv:43		1	does not ferment	PREDICATE	METPO:2000037	does not ferment	CANONICAL_LABEL	does not ferment	CANONICAL_LABEL		skos:exactMatch	EXACT_LEXICAL
mapping	mappings/predicate_grounding.tsv:44		1	uses for growth	PREDICATE	METPO:2000012	uses for growth	CANONICAL_LABEL	uses for growth	CANONICAL_LABEL		skos:exactMatch	EXACT_LEXICAL
mapping	mappings/predicate_grounding.tsv:45		1	uses for respiration	PREDICATE	METPO:2000019	uses for respiration	CANONICAL_LABEL	uses for respiration	CANONICAL_LABEL		skos:exactMatch	EXACT_LEXICAL
mapping	mappings/predicate_grounding.tsv:46		1	uses for aerobic growth	PREDICATE	METPO:2000043	uses for aerobic growth	CANONICAL_LABEL	uses for aerobic growth	CANONICAL_LABEL		skos:exactMatch	EXACT_LEXICAL
mapping	mappings/predicate_grounding.tsv:47		1	does not use for aerobic growth	PREDICATE	METPO:2000022	does not use for aerobic growth	CANONICAL_LABEL	does not use for aerobic growth	CANONICAL_LABEL		skos:exactMatch	EXACT_LEXICAL
mapping	mappings/predicate_grounding.tsv:48		1	uses for aerobic catabolization	PREDICATE	METPO:2000032	uses for aerobic catabolization	CANONICAL_LABEL	uses for aerobic catabolization	CANONICAL_LABEL		skos:exactMatch	EXACT_LEXICAL
mapping	mappings/predicate_grounding.tsv:49		1	does not use for aerobic catabolization	PREDICATE	METPO:2000021	does not use for aerobic catabolization	CANONICAL_LABEL	does not use for aerobic catabolization	CANONICAL_LABEL		skos:exactMatch	EXACT_LEXICAL
mapping	mappings/predicate_grounding.tsv:50		1	uses for anaerobic growth	PREDICATE	METPO:2000049	uses for anaerobic growth	CANONICAL_LABEL	uses for anaerobic growth	CANONICAL_LABEL		skos:exactMatch	EXACT_LEXICAL
mapping	mappings/predicate_grounding.tsv:51		1	does not use for anaerobic growth	PREDICATE	METPO:2000024	does not use for anaerobic growth	CANONICAL_LABEL	does not use for anaerobic growth	CANONICAL_LABEL		skos:exactMatch	EXACT_LEXICAL
mapping	mappings/predicate_grounding.tsv:52		1	uses for anaerobic growth in the dark	PREDICATE	METPO:2000050	uses for anaerobic growth in the dark	CANONICAL_LABEL	uses for anaerobic growth in the dark	CANONICAL_LABEL		skos:exactMatch	EXACT_LEXICAL
mapping	mappings/predicate_grounding.tsv:53		1	does not use for anaerobic growth in the dark	PREDICATE	METPO:2000025	does not use for anaerobic growth in the dark	CANONICAL_LABEL	does not use for anaerobic growth in the dark	CANONICAL_LABEL		skos:exactMatch	EXACT_LEXICAL
mapping	mappings/predicate_grounding.tsv:54		1	uses for anaerobic growth with light	PREDICATE	METPO:2000051	uses for anaerobic growth with light	CANONICAL_LABEL	uses for anaerobic growth with light	CANONICAL_LABEL		skos:exactMatch	EXACT_LEXICAL
mapping	mappings/predicate_grounding.tsv:55		1	does not use for anaerobic growth with light	PREDICATE	METPO:2000026	does not use for anaerobic growth with light	CANONICAL_LABEL	does not use for anaerobic growth with light	CANONICAL_LABEL		skos:exactMatch	EXACT_LEXICAL
mapping	mappings/predicate_grounding.tsv:56		1	uses for anaerobic catabolization	PREDICATE	METPO:2000048	uses for anaerobic catabolization	CANONICAL_LABEL	uses for anaerobic catabolization	CANONICAL_LABEL		skos:exactMatch	EXACT_LEXICAL
mapping	mappings/predicate_grounding.tsv:57		1	does not use for anaerobic catabolization	PREDICATE	METPO:2000023	does not use for anaerobic catabolization	CANONICAL_LABEL	does not use for anaerobic catabolization	CANONICAL_LABEL		skos:exactMatch	EXACT_LEXICAL
mapping	mappings/predicate_grounding.tsv:58		1	inhibits	PREDICATE	RO:0002212	negatively regulates	NO_EXACT_LABEL_MATCH	negatively regulates	CANONICAL_LABEL		skos:closeMatch	SEMANTIC_NOT_LEXICAL
mapping	mappings/predicate_grounding.tsv:59		1	suppresses	PREDICATE	RO:0002212	negatively regulates	NO_EXACT_LABEL_MATCH	negatively regulates	CANONICAL_LABEL		skos:closeMatch	SEMANTIC_NOT_LEXICAL
mapping	mappings/predicate_grounding.tsv:60		1	prevents	PREDICATE	RO:0002212	negatively regulates	NO_EXACT_LABEL_MATCH	negatively regulates	CANONICAL_LABEL		skos:closeMatch	SEMANTIC_NOT_LEXICAL
mapping	mappings/predicate_grounding.tsv:61		1	decreases	PREDICATE	RO:0002212	negatively regulates	NO_EXACT_LABEL_MATCH	negatively regulates	CANONICAL_LABEL		skos:closeMatch	SEMANTIC_NOT_LEXICAL
mapping	mappings/predicate_grounding.tsv:62		1	limits	PREDICATE	RO:0002212	negatively regulates	NO_EXACT_LABEL_MATCH	negatively regulates	CANONICAL_LABEL		skos:closeMatch	SEMANTIC_NOT_LEXICAL
mapping	mappings/predicate_grounding.tsv:63		1	promotes	PREDICATE	RO:0002213	positively regulates	NO_EXACT_LABEL_MATCH	positively regulates	CANONICAL_LABEL		skos:closeMatch	SEMANTIC_NOT_LEXICAL
mapping	mappings/predicate_grounding.tsv:64		1	activates	PREDICATE	RO:0002213	positively regulates	NO_EXACT_LABEL_MATCH	positively regulates	CANONICAL_LABEL		skos:closeMatch	SEMANTIC_NOT_LEXICAL
mapping	mappings/predicate_grounding.tsv:65		1	increases	PREDICATE	RO:0002213	positively regulates	NO_EXACT_LABEL_MATCH	positively regulates	CANONICAL_LABEL		skos:closeMatch	SEMANTIC_NOT_LEXICAL
mapping	mappings/predicate_grounding.tsv:66		1	modulates	PREDICATE	RO:0002211	regulates	NO_EXACT_LABEL_MATCH	regulates	CANONICAL_LABEL		skos:closeMatch	SEMANTIC_NOT_LEXICAL
mapping	mappings/predicate_grounding.tsv:67		1	drives production of	PREDICATE	biolink:produces			produces			skos:closeMatch	NO_DIRECT_SOURCE
mapping	mappings/predicate_grounding.tsv:68		1	drives synthesis of	PREDICATE	biolink:produces			produces			skos:closeMatch	NO_DIRECT_SOURCE
mapping	mappings/predicate_grounding.tsv:69		1	drives formation of	PREDICATE	biolink:produces			produces			skos:closeMatch	NO_DIRECT_SOURCE
mapping	mappings/predicate_grounding.tsv:70		1	causes formation of	PREDICATE	biolink:produces			produces			skos:closeMatch	NO_DIRECT_SOURCE
mapping	mappings/predicate_grounding.tsv:71		1	forms	PREDICATE	biolink:produces			produces			skos:closeMatch	NO_DIRECT_SOURCE
mapping	mappings/predicate_grounding.tsv:72		1	yields	PREDICATE	biolink:produces			produces			skos:closeMatch	NO_DIRECT_SOURCE
mapping	mappings/predicate_grounding.tsv:73		1	creates	PREDICATE	biolink:produces			produces			skos:closeMatch	NO_DIRECT_SOURCE
mapping	mappings/predicate_grounding.tsv:74		1	builds	PREDICATE	biolink:produces			produces			skos:closeMatch	NO_DIRECT_SOURCE
mapping	mappings/predicate_grounding.tsv:75		1	catalyzes formation of	PREDICATE	biolink:catalyzes			catalyzes			skos:closeMatch	NO_DIRECT_SOURCE
mapping	mappings/predicate_grounding.tsv:76		1	includes	PREDICATE	biolink:has_part			has part			skos:closeMatch	NO_DIRECT_SOURCE
mapping	mappings/predicate_grounding.tsv:77		1	incorporated into	PREDICATE	biolink:part_of			part of			skos:closeMatch	NO_DIRECT_SOURCE
mapping	mappings/predicate_grounding.tsv:78		1	embedded in	PREDICATE	biolink:located_in			located in			skos:closeMatch	NO_DIRECT_SOURCE
mapping	mappings/predicate_grounding.tsv:79		1	can participate in	PREDICATE	biolink:participates_in			participates in			skos:closeMatch	NO_DIRECT_SOURCE
mapping	mappings/predicate_grounding.tsv:80		1	interact with	PREDICATE	biolink:interacts_with			interacts with			skos:closeMatch	NO_DIRECT_SOURCE
mapping	mappings/predicate_grounding.tsv:81		1	has function	PREDICATE	RO:0000085	has function	CANONICAL_LABEL	has function	CANONICAL_LABEL		skos:exactMatch	EXACT_LEXICAL
mapping	mappings/predicate_grounding.tsv:82		1	transfers electrons via	PREDICATE	METPO:2007600			transfers electrons via			skos:exactMatch	TERM_NOT_FOUND
mapping	mappings/predicate_grounding.tsv:83		1	increases gradient of	PREDICATE	METPO:2007601			imposes gradient of			skos:closeMatch	TERM_NOT_FOUND
mapping	mappings/predicate_grounding.tsv:84		1	imposes gradient of	PREDICATE	METPO:2007601			imposes gradient of			skos:exactMatch	TERM_NOT_FOUND
mapping	mappings/predicate_grounding.tsv:85		1	couples electron flow to	PREDICATE	METPO:2007602			couples electron flow to			skos:exactMatch	TERM_NOT_FOUND
mapping	mappings/predicate_grounding.tsv:86		1	serves as electron donor and acceptor	PREDICATE	METPO:2007603			serves as electron donor and acceptor			skos:exactMatch	TERM_NOT_FOUND
mapping	mappings/predicate_grounding.tsv:87		1	donates electrons to	PREDICATE	METPO:2007403			transfers electrons to			skos:closeMatch	TERM_NOT_FOUND
mapping	mappings/predicate_grounding.tsv:88		1	provides electrons to	PREDICATE	METPO:2007403			transfers electrons to			skos:closeMatch	TERM_NOT_FOUND
mapping	mappings/predicate_grounding.tsv:89		1	provides electrons for	PREDICATE	METPO:2007402			feeds electrons into			skos:closeMatch	TERM_NOT_FOUND
mapping	mappings/predicate_grounding.tsv:90		1	imports	PREDICATE	METPO:2007805			imports			skos:closeMatch	TERM_NOT_FOUND
mapping	mappings/predicate_grounding.tsv:91		1	exports	PREDICATE	METPO:2007804			exports			skos:closeMatch	TERM_NOT_FOUND
mapping	mappings/predicate_grounding.tsv:92		1	accumulates	PREDICATE	METPO:2007810			accumulates			skos:closeMatch	TERM_NOT_FOUND
mapping	mappings/predicate_grounding.tsv:93		1	reduces	PREDICATE	METPO:2007802			reduces			skos:closeMatch	TERM_NOT_FOUND
mapping	mappings/predicate_grounding.tsv:94		1	degrades	PREDICATE	METPO:2007809			degrades			skos:closeMatch	TERM_NOT_FOUND
mapping	mappings/predicate_grounding.tsv:95		1	hydrolyzes	PREDICATE	METPO:2007808			hydrolyzes			skos:closeMatch	TERM_NOT_FOUND
mapping	mappings/predicate_grounding.tsv:96		1	disproportionates	PREDICATE	METPO:2007811			disproportionates			skos:closeMatch	TERM_NOT_FOUND
mapping	mappings/predicate_grounding.tsv:97		1	does not produce	PREDICATE	METPO:2007801			does not produce			skos:closeMatch	TERM_NOT_FOUND
mapping	mappings/predicate_grounding.tsv:98		1	transports	PREDICATE	METPO:2007812			transports			skos:closeMatch	TERM_NOT_FOUND
mapping	mappings/predicate_grounding.tsv:99		1	positively regulates	PREDICATE	RO:0002213	positively regulates	CANONICAL_LABEL	positively regulates	CANONICAL_LABEL		skos:exactMatch	EXACT_LEXICAL
mapping	mappings/predicate_grounding.tsv:100		1	negatively regulates	PREDICATE	RO:0002212	negatively regulates	CANONICAL_LABEL	negatively regulates	CANONICAL_LABEL		skos:exactMatch	EXACT_LEXICAL
mapping	mappings/predicate_grounding.tsv:101		1	causally upstream of	PREDICATE	RO:0002411	causally upstream of	CANONICAL_LABEL	causally upstream of	CANONICAL_LABEL		skos:exactMatch	EXACT_LEXICAL
mapping	mappings/predicate_grounding.tsv:102		1	confers	PREDICATE	METPO:2007700			confers			skos:closeMatch	TERM_NOT_FOUND
mapping	mappings/predicate_grounding.tsv:103		1	has electron donor	PREDICATE	METPO:2007701			has electron donor			skos:closeMatch	TERM_NOT_FOUND
mapping	mappings/predicate_grounding.tsv:104		1	has electron acceptor	PREDICATE	METPO:2007702			has electron acceptor			skos:closeMatch	TERM_NOT_FOUND
mapping	mappings/predicate_grounding.tsv:105		1	has output	PREDICATE	RO:0002234	has output	CANONICAL_LABEL	has output	CANONICAL_LABEL		skos:exactMatch	EXACT_LEXICAL
mapping	mappings/predicate_grounding.tsv:106		1	has carbon source	PREDICATE	METPO:2007806			has carbon source			skos:closeMatch	TERM_NOT_FOUND
mapping	mappings/predicate_grounding.tsv:107		1	has energy source	PREDICATE	METPO:2007807			has energy source			skos:closeMatch	TERM_NOT_FOUND
mapping	mappings/predicate_grounding.tsv:108		1	derives into	PREDICATE	RO:0001001	derives into	CANONICAL_LABEL	derives into	CANONICAL_LABEL		skos:exactMatch	EXACT_LEXICAL
mapping	mappings/predicate_grounding.tsv:109		1	is hydrolyzed to	PREDICATE	RO:0001001	derives into	NO_EXACT_LABEL_MATCH	derives into	CANONICAL_LABEL		skos:closeMatch	SEMANTIC_NOT_LEXICAL
mapping	mappings/predicate_grounding.tsv:110		1	has input	PREDICATE	RO:0002233	has input	CANONICAL_LABEL	has input	CANONICAL_LABEL		skos:exactMatch	EXACT_LEXICAL
mapping	mappings/predicate_grounding.tsv:111		1	powers	PREDICATE	METPO:2007900			powers			skos:closeMatch	TERM_NOT_FOUND
causal_node	data/traits/**/*.yaml	data/traits/metabolism/three_hydroxypropionate_bicycle.yaml	1	3-hydroxypropionate	CHEMICAL	CHEBI:16510	3-hydroxypropionate	CANONICAL_LABEL			3-hydroxypropanoate		EXACT_LEXICAL
causal_node	data/traits/**/*.yaml	data/traits/metabolism/three_hydroxypropionate_bicycle.yaml	1	3-hydroxypropionate bicycle	TRAIT	traitmech:000023							NO_DIRECT_SOURCE
causal_node	data/traits/**/*.yaml	data/traits/metabolism/three_hydroxypropionate_four_hydroxybutyrate_cycle.yaml	1	3-hydroxypropionate/4-hydroxybutyrate cycle	TRAIT	traitmech:000024							NO_DIRECT_SOURCE
causal_node	data/traits/**/*.yaml	data/traits/metabolism/calvin_benson_bassham_cycle.yaml	1	3-phospho-D-glycerate	CHEMICAL	CHEBI:17794	3-phospho-D-glyceric acid	NO_EXACT_LABEL_MATCH			(2R)-2-hydroxy-3-(phosphonooxy)propanoic acid		SEMANTIC_NOT_LEXICAL
causal_node	data/traits/**/*.yaml	data/traits/metabolism/three_hydroxypropionate_four_hydroxybutyrate_cycle.yaml	1	4-hydroxybutyrate	CHEMICAL	CHEBI:16724	4-hydroxybutyrate	CANONICAL_LABEL			4-hydroxybutanoate		EXACT_LEXICAL
causal_node	data/traits/**/*.yaml	data/traits/metabolism/dicarboxylate_four_hydroxybutyrate_cycle.yaml | data/traits/metabolism/three_hydroxypropionate_four_hydroxybutyrate_cycle.yaml	2	4-hydroxybutyryl-CoA	CHEMICAL	CHEBI:28522	4-hydroxybutyryl-CoA	CANONICAL_LABEL			3'-phosphoadenosine 5'-{3-[(3R)-3-hydroxy-4-{[3-({2-[(4-hydroxybutanoyl)sulfanyl]ethyl}amino)-3-oxopropyl]amino}-2,2-dimethyl-4-oxobutyl]dihydrogen diphosphate} | 4-hydroxybutanoyl-coenzyme A		EXACT_LEXICAL
causal_node	data/traits/**/*.yaml	data/traits/morphology/black_pigmented.yaml | data/traits/morphology/brown_pigmented.yaml	2	4-hydroxyphenylpyruvate	CHEMICAL	CHEBI:36242	3-(4-hydroxyphenyl)pyruvate	NO_EXACT_LABEL_MATCH			3-(4-hydroxyphenyl)-2-oxopropanoate		SEMANTIC_NOT_LEXICAL
causal_node	data/traits/**/*.yaml	data/traits/morphology/brown_pigmented.yaml	1	4-hydroxyphenylpyruvate dioxygenase	GENE_OR_PROTEIN	GO:0003868	4-hydroxyphenylpyruvate dioxygenase activity	NO_EXACT_LABEL_MATCH					SEMANTIC_NOT_LEXICAL
causal_node	data/traits/**/*.yaml	data/traits/metabolism/substrate_level_phosphorylation.yaml	1	ADP	CHEMICAL	CHEBI:16761	ADP	CANONICAL_LABEL			adenosine 5'-(trihydrogen diphosphate) | Adenosine 5'-diphosphate		EXACT_LEXICAL
causal_node	data/traits/**/*.yaml	data/traits/metabolism/dissimilatory_sulfate_reduction.yaml	1	APS reductase AprAB	GENE_OR_PROTEIN	GO:0009973	adenylyl-sulfate reductase activity	NO_EXACT_LABEL_MATCH					SEMANTIC_NOT_LEXICAL
causal_node	data/traits/**/*.yaml	data/traits/metabolism/aerobic_respiration.yaml | data/traits/metabolism/fermentation.yaml | data/traits/metabolism/homoacetogenesis.yaml | data/traits/metabolism/nitrogen_fixation.yaml | data/traits/metabolism/oxidative_phosphorylation.yaml | data/traits/metabolism/respiration.yaml | data/traits/metabolism/substrate_level_phosphorylation.yaml | data/traits/physiology/chemoautolithotrophic.yaml | data/traits/physiology/chemoautotrophic.yaml | data/traits/physiology/chemoheterotrophic.yaml | data/traits/physiology/chemolithoautotrophic.yaml | data/traits/physiology/chemolithoheterotrophic.yaml | data/traits/physiology/chemolithotrophic.yaml | data/traits/physiology/chemoorganoheterotrophic.yaml | data/traits/physiology/chemoorganotrophic.yaml | data/traits/physiology/chemotrophic.yaml | data/traits/physiology/lithoheterotrophic.yaml | data/traits/physiology/lithotrophic.yaml | data/traits/physiology/organoheterotrophic.yaml | data/traits/physiology/organotrophic.yaml | data/traits/physiology/photoheterotrophic.yaml | data/traits/physiology/photoorganoheterotrophic.yaml | data/traits/physiology/phototrophic.yaml	23	ATP	CHEMICAL	CHEBI:30616	ATP(4-)	NO_EXACT_LABEL_MATCH			adenosine 5'-triphosphate(4-)		SEMANTIC_NOT_LEXICAL
causal_node	data/traits/**/*.yaml	data/traits/metabolism/dissimilatory_sulfate_reduction.yaml	1	ATP sulfurylase (Sat)	GENE_OR_PROTEIN	GO:0004781	sulfate adenylyltransferase (ATP) activity	NO_EXACT_LABEL_MATCH			ATP:sulfate adenylyltransferase activity | sulphate adenylyltransferase (ATP) activity		SEMANTIC_NOT_LEXICAL
causal_node	data/traits/**/*.yaml	data/traits/metabolism/aerobic_respiration.yaml | data/traits/metabolism/fermentation.yaml | data/traits/metabolism/metabolism.yaml | data/traits/metabolism/respiration.yaml | data/traits/physiology/carboxydotrophic.yaml | data/traits/physiology/chemoorganoheterotrophic.yaml | data/traits/physiology/chemoorganotrophic.yaml | data/traits/physiology/chemotrophic.yaml | data/traits/physiology/heterotrophic.yaml | data/traits/physiology/organoheterotrophic.yaml | data/traits/physiology/organotrophic.yaml	11	ATP synthase	GENE_OR_PROTEIN	GO:0045259	proton-transporting ATP synthase complex	NO_EXACT_LABEL_MATCH			F1-F0 complex | hydrogen-translocating F-type ATPase complex | hydrogen-transporting ATP synthase complex		SEMANTIC_NOT_LEXICAL
causal_node	data/traits/**/*.yaml	data/traits/physiology/phototrophic.yaml	1	ATP synthase complex	GENE_OR_PROTEIN	GO:0045259	proton-transporting ATP synthase complex	NO_EXACT_LABEL_MATCH			F1-F0 complex | hydrogen-translocating F-type ATPase complex | hydrogen-transporting ATP synthase complex		SEMANTIC_NOT_LEXICAL
causal_node	data/traits/**/*.yaml	data/traits/environment/aerobic.yaml | data/traits/environment/ph_range_mid2.yaml | data/traits/metabolism/photosynthesis.yaml | data/traits/metabolism/phototrophy.yaml | data/traits/physiology/lithoautotrophic.yaml | data/traits/physiology/mixotrophic.yaml	6	ATP synthesis	BIOLOGICAL_PROCESS	GO:0006754	ATP biosynthetic process	EXACT_SYNONYM			ATP anabolism | ATP biosynthesis | ATP formation | ATP synthesis		EXACT_LEXICAL
causal_node	data/traits/**/*.yaml	data/traits/metabolism/acetogenesis.yaml	1	Acetogenesis	TRAIT	METPO:1000845	Acetogenesis	CANONICAL_LABEL					EXACT_LEXICAL
causal_node	data/traits/**/*.yaml	data/traits/metabolism/aerobic_respiration.yaml	1	Aerobic respiration	TRAIT	METPO:1000801	Aerobic respiration	CANONICAL_LABEL					EXACT_LEXICAL
causal_node	data/traits/**/*.yaml	data/traits/physiology/quorum_sensing.yaml	1	AiiA quorum-quenching AHL lactonase	GENE_OR_PROTEIN	InterPro:IPR054870							NO_DIRECT_SOURCE
causal_node	data/traits/**/*.yaml	data/traits/metabolism/anaerobic_respiration.yaml	1	Anaerobic respiration	TRAIT	METPO:1000802	Anaerobic respiration	CANONICAL_LABEL					EXACT_LEXICAL
causal_node	data/traits/**/*.yaml	data/traits/ecology/predatory_bacterium.yaml	1	B. bacteriovorus type IV pilus	CELLULAR_LOCALIZATION	GO:0044096	type IV pilus	NO_EXACT_LABEL_MATCH			TFP | type 4 pilus | type IV fimbriae		SEMANTIC_NOT_LEXICAL
causal_node	data/traits/**/*.yaml	data/traits/physiology/chemolithoautotrophic.yaml	1	CO2 fixation pathway	PATHWAY	GO:0015977	carbon fixation	NO_EXACT_LABEL_MATCH			autotrophic CO2 fixation | autotrophic CO2 fixation pathway | autotrophy		SEMANTIC_NOT_LEXICAL
causal_node	data/traits/**/*.yaml	data/traits/physiology/autotrophic.yaml | data/traits/physiology/chemoautolithotrophic.yaml | data/traits/physiology/mixotrophic.yaml	3	CO2-fixation pathway	PATHWAY	GO:0015977	carbon fixation	NO_EXACT_LABEL_MATCH			autotrophic CO2 fixation | autotrophic CO2 fixation pathway | autotrophy		SEMANTIC_NOT_LEXICAL
causal_node	data/traits/**/*.yaml	data/traits/genomics/crispr_cas_system.yaml	1	CRISPR-Cas system	TRAIT	traitmech:000094							NO_DIRECT_SOURCE
causal_node	data/traits/**/*.yaml	data/traits/metabolism/cable_bacteria_metabolism.yaml	1	Cable bacteria metabolism	TRAIT	METPO:1002003	Cable bacteria metabolism	CANONICAL_LABEL					EXACT_LEXICAL
causal_node	data/traits/**/*.yaml	data/traits/metabolism/calvin_benson_bassham_cycle.yaml | data/traits/physiology/autotrophic.yaml | data/traits/physiology/chemoautotrophic.yaml | data/traits/physiology/photoautotrophic.yaml	4	Calvin-Benson cycle	PATHWAY	GO:0019253	reductive pentose-phosphate cycle	NO_EXACT_LABEL_MATCH					SEMANTIC_NOT_LEXICAL
causal_node	data/traits/**/*.yaml	data/traits/physiology/chemolithotrophic.yaml	1	Calvin-Benson-Bassham cycle	PATHWAY	GO:0015977	carbon fixation	NO_EXACT_LABEL_MATCH			autotrophic CO2 fixation | autotrophic CO2 fixation pathway | autotrophy		SEMANTIC_NOT_LEXICAL
causal_node	data/traits/**/*.yaml	data/traits/metabolism/calvin_benson_bassham_cycle.yaml	1	Calvin-Benson-Bassham cycle	TRAIT	traitmech:000020							NO_DIRECT_SOURCE
causal_node	data/traits/**/*.yaml	data/traits/genomics/crispr_cas_system.yaml	1	Cas9 effector protein	GENE_OR_PROTEIN	InterPro:IPR028629							NO_DIRECT_SOURCE
causal_node	data/traits/**/*.yaml	data/traits/physiology/chemotaxis.yaml	1	CheA histidine kinase	GENE_OR_PROTEIN	InterPro:IPR051315							NO_DIRECT_SOURCE
causal_node	data/traits/**/*.yaml	data/traits/physiology/chemotaxis.yaml	1	CheB methylesterase	GENE_OR_PROTEIN	InterPro:IPR000673							NO_DIRECT_SOURCE
causal_node	data/traits/**/*.yaml	data/traits/physiology/chemotaxis.yaml	1	CheR methyltransferase	GENE_OR_PROTEIN	InterPro:IPR000780							NO_DIRECT_SOURCE
causal_node	data/traits/**/*.yaml	data/traits/physiology/chemotaxis.yaml	1	CheW coupling protein	GENE_OR_PROTEIN	InterPro:IPR039315							NO_DIRECT_SOURCE
causal_node	data/traits/**/*.yaml	data/traits/physiology/chemotaxis.yaml	1	CheZ phosphatase	GENE_OR_PROTEIN	InterPro:IPR007439							NO_DIRECT_SOURCE
causal_node	data/traits/**/*.yaml	data/traits/physiology/natural_competence.yaml	1	ComEC	GENE_OR_PROTEIN	InterPro:IPR052159							NO_DIRECT_SOURCE
causal_node	data/traits/**/*.yaml	data/traits/metabolism/oxidative_phosphorylation.yaml	1	Complex I / NADH:quinone oxidoreductase (NDH-1)	GENE_OR_PROTEIN	GO:0045271	respiratory chain complex I	NO_EXACT_LABEL_MATCH			NADH dehydrogenase (ubiquinone) complex | NADH dehydrogenase complex (ubiquinone) | NADH-Q oxidoreductase complex		SEMANTIC_NOT_LEXICAL
causal_node	data/traits/**/*.yaml	data/traits/morphology/spore_shaped.yaml	1	CotE	GENE_OR_PROTEIN	InterPro:IPR018901							NO_DIRECT_SOURCE
causal_node	data/traits/**/*.yaml	data/traits/environment/radiotolerant.yaml	1	DNA repair	BIOLOGICAL_PROCESS	GO:0006281	DNA repair	CANONICAL_LABEL					EXACT_LEXICAL
causal_node	data/traits/**/*.yaml	data/traits/genomics/gc_skew.yaml	1	DNA replication	BIOLOGICAL_PROCESS	GO:0006260	DNA replication	CANONICAL_LABEL					EXACT_LEXICAL
causal_node	data/traits/**/*.yaml	data/traits/genomics/restriction_modification_system.yaml	1	DNA restriction-modification system	BIOLOGICAL_PROCESS	GO:0009307	DNA restriction-modification system	CANONICAL_LABEL					EXACT_LEXICAL
causal_node	data/traits/**/*.yaml	data/traits/genomics/transposable_element.yaml	1	DNA transposition	BIOLOGICAL_PROCESS	GO:0006313	DNA transposition	CANONICAL_LABEL			Class II transposition | transposition, DNA-mediated		EXACT_LEXICAL
causal_node	data/traits/**/*.yaml	data/traits/metabolism/disproportionation.yaml	1	Disproportionation	TRAIT	METPO:1000806	Disproportionation	CANONICAL_LABEL					EXACT_LEXICAL
causal_node	data/traits/**/*.yaml	data/traits/morphology/ellipsoidal.yaml | data/traits/morphology/filament_shaped.yaml | data/traits/morphology/ovoid_shaped.yaml	3	DivIVA	GENE_OR_PROTEIN	InterPro:IPR007793							NO_DIRECT_SOURCE
causal_node	data/traits/**/*.yaml	data/traits/metabolism/lignin_degradation.yaml	1	DyP-type peroxidase	GENE_OR_PROTEIN	InterPro:IPR006314							NO_DIRECT_SOURCE
causal_node	data/traits/**/*.yaml	data/traits/metabolism/electron_transfer.yaml	1	Electron transfer	TRAIT	METPO:1000805	Electron transfer	CANONICAL_LABEL					EXACT_LEXICAL
causal_node	data/traits/**/*.yaml	data/traits/metabolism/oxidative_phosphorylation.yaml	1	F1Fo ATP synthase	GENE_OR_PROTEIN	GO:0045259	proton-transporting ATP synthase complex	NO_EXACT_LABEL_MATCH			F1-F0 complex | hydrogen-translocating F-type ATPase complex | hydrogen-transporting ATP synthase complex		SEMANTIC_NOT_LEXICAL
causal_node	data/traits/**/*.yaml	data/traits/metabolism/fermentation.yaml	1	Fermentation	TRAIT	METPO:1002005	Fermentation	CANONICAL_LABEL					EXACT_LEXICAL
causal_node	data/traits/**/*.yaml	data/traits/morphology/spirochete_shaped.yaml	1	FlaB	GENE_OR_PROTEIN	InterPro:IPR001492							NO_DIRECT_SOURCE
causal_node	data/traits/**/*.yaml	data/traits/morphology/amphitrichous.yaml | data/traits/morphology/flagellar_arrangement.yaml | data/traits/morphology/lophotrichous.yaml | data/traits/morphology/monotrichous.yaml	4	FlhG	GENE_OR_PROTEIN	InterPro:IPR033875							NO_DIRECT_SOURCE
causal_node	data/traits/**/*.yaml	data/traits/morphology/lophotrichous.yaml	1	FliF	GENE_OR_PROTEIN	InterPro:IPR000067							NO_DIRECT_SOURCE
causal_node	data/traits/**/*.yaml	data/traits/morphology/sarcina_arrangement.yaml	1	FtsA	GENE_OR_PROTEIN	InterPro:IPR020823							NO_DIRECT_SOURCE
causal_node	data/traits/**/*.yaml	data/traits/environment/temperature_optimum_mid4.yaml	1	FtsH protease	GENE_OR_PROTEIN	InterPro:IPR005936							NO_DIRECT_SOURCE
causal_node	data/traits/**/*.yaml	data/traits/morphology/bacillus_shaped.yaml | data/traits/morphology/cell_length_large.yaml | data/traits/morphology/cell_shape.yaml | data/traits/morphology/rod_shaped.yaml | data/traits/morphology/sarcina_arrangement.yaml | data/traits/morphology/staphylococcus_arrangement.yaml	6	FtsZ	GENE_OR_PROTEIN	InterPro:IPR000158							NO_DIRECT_SOURCE
causal_node	data/traits/**/*.yaml	data/traits/genomics/gc_content.yaml | data/traits/genomics/gc_high.yaml | data/traits/genomics/gc_low.yaml | data/traits/genomics/gc_mid1.yaml | data/traits/genomics/gc_mid2.yaml	5	GC content	TRAIT	METPO:1000127	GC content	CANONICAL_LABEL					EXACT_LEXICAL
causal_node	data/traits/**/*.yaml	data/traits/genomics/gc_content.yaml | data/traits/genomics/gc_high.yaml	2	GC high	TRAIT	METPO:1000432	GC high	CANONICAL_LABEL					EXACT_LEXICAL
causal_node	data/traits/**/*.yaml	data/traits/genomics/gc_content.yaml | data/traits/genomics/gc_low.yaml	2	GC low	TRAIT	METPO:1000429	GC low	CANONICAL_LABEL					EXACT_LEXICAL
causal_node	data/traits/**/*.yaml	data/traits/genomics/gc_content.yaml | data/traits/genomics/gc_mid1.yaml	2	GC mid1	TRAIT	METPO:1000430	GC mid1	CANONICAL_LABEL					EXACT_LEXICAL
causal_node	data/traits/**/*.yaml	data/traits/genomics/gc_content.yaml | data/traits/genomics/gc_mid2.yaml	2	GC mid2	TRAIT	METPO:1000431	GC mid2	CANONICAL_LABEL					EXACT_LEXICAL
causal_node	data/traits/**/*.yaml	data/traits/genomics/gc_skew.yaml	1	GC skew	TRAIT	traitmech:000097							NO_DIRECT_SOURCE
causal_node	data/traits/**/*.yaml	data/traits/physiology/stress_response.yaml	1	Hfq	GENE_OR_PROTEIN	InterPro:IPR005001							NO_DIRECT_SOURCE
causal_node	data/traits/**/*.yaml	data/traits/physiology/persister_cell_formation.yaml	1	HipA toxin and high-persistence HipA variants	GENE_OR_PROTEIN	InterPro:IPR052028							NO_DIRECT_SOURCE
causal_node	data/traits/**/*.yaml	data/traits/metabolism/homoacetogenesis.yaml	1	Homoacetogenesis	TRAIT	METPO:1000846	Homoacetogenesis	CANONICAL_LABEL					EXACT_LEXICAL
causal_node	data/traits/**/*.yaml	data/traits/environment/ph_optimum_mid2.yaml	1	K+/H+ antiporters	GENE_OR_PROTEIN	GO:0015386	potassium:proton antiporter activity	NO_EXACT_LABEL_MATCH			potassium:hydrogen antiporter activity		SEMANTIC_NOT_LEXICAL
causal_node	data/traits/**/*.yaml	data/traits/genomics/prophage.yaml	1	LexA repressor	GENE_OR_PROTEIN	InterPro:IPR050077							NO_DIRECT_SOURCE
causal_node	data/traits/**/*.yaml	data/traits/morphology/cell_width_large.yaml	1	Lipid II	CHEMICAL	CHEBI:27692	lipid II	CANONICAL_LABEL			N-[(2R)-2-{[(2R,3R,4R,5S,6R)-3-acetamido-5-{[(2S,3R,4R,5S,6R)-3-acetamido-4,5-dihydroxy-6-(hydroxymethyl)tetrahydro-2H-pyran-2-yl]oxy}-2-({hydroxy[(hydroxy{[(2Z,6Z,10Z,14Z,18Z,22Z,26Z,30Z,34E,38E)-3,7,11,15,19,23,27,31,35,39,43-undecamethyltetratetraconta-2,6,10,14,18,22,26,30,34,38,42-undecaen-1-yl]oxy}phosphoryl)oxy]phosphoryl}oxy)-6-(hydroxymethyl)tetrahydro-2H-pyran-4-yl]oxy}propanoyl]-L-alanyl-D-gamma-glutamyl-L-lysyl-D-alanyl-D-alanine		EXACT_LEXICAL
causal_node	data/traits/**/*.yaml	data/traits/physiology/bioluminescence.yaml	1	LuxI autoinducer synthase	GENE_OR_PROTEIN	GO:0061579	N-acyl homoserine lactone synthase activity	NO_EXACT_LABEL_MATCH					SEMANTIC_NOT_LEXICAL
causal_node	data/traits/**/*.yaml	data/traits/physiology/quorum_sensing.yaml	1	LuxR-family AHL receptor	GENE_OR_PROTEIN	InterPro:IPR000792							NO_DIRECT_SOURCE
causal_node	data/traits/**/*.yaml	data/traits/morphology/ovoid_shaped.yaml	1	MapZ	GENE_OR_PROTEIN	InterPro:IPR030858							NO_DIRECT_SOURCE
causal_node	data/traits/**/*.yaml	data/traits/metabolism/methanogenesis.yaml	1	Methanogenesis	TRAIT	METPO:1000844	Methanogenesis	CANONICAL_LABEL					EXACT_LEXICAL
causal_node	data/traits/**/*.yaml	data/traits/morphology/cell_width_small.yaml	1	Mg2+	CHEMICAL	CHEBI:18420	magnesium(2+)	NO_EXACT_LABEL_MATCH			magnesium cation | magnesium(2+) | magnesium(2+) ion | magnesium(II) cation		SEMANTIC_NOT_LEXICAL
causal_node	data/traits/**/*.yaml	data/traits/metabolism/lignin_degradation.yaml	1	Mn2+	CHEMICAL	CHEBI:29035	manganese(2+)	NO_EXACT_LABEL_MATCH			manganese(2+) | manganese(2+) ion | manganese(II) cation		SEMANTIC_NOT_LEXICAL
causal_node	data/traits/**/*.yaml	data/traits/morphology/tailed_shaped.yaml	1	MreB	GENE_OR_PROTEIN	InterPro:IPR004753							NO_DIRECT_SOURCE
causal_node	data/traits/**/*.yaml	data/traits/metabolism/dissimilatory_iron_reduction.yaml | data/traits/metabolism/dissimilatory_manganese_reduction.yaml	2	MtrC-family surface decaheme c-type cytochrome	GENE_OR_PROTEIN	InterPro:IPR020014							NO_DIRECT_SOURCE
causal_node	data/traits/**/*.yaml	data/traits/physiology/quorum_sensing.yaml	1	N-acyl homoserine lactone autoinducer	CHEMICAL	CHEBI:71338	autoinducer	NO_EXACT_LABEL_MATCH					SEMANTIC_NOT_LEXICAL
causal_node	data/traits/**/*.yaml	data/traits/metabolism/proteorhodopsin_phototrophy.yaml	1	NAD(P)H	CHEMICAL	CHEBI:13392	NAD(P)H	CANONICAL_LABEL					EXACT_LEXICAL
causal_node	data/traits/**/*.yaml	data/traits/metabolism/ethanol_fermentation.yaml | data/traits/metabolism/fermentation.yaml	2	NAD+	CHEMICAL	CHEBI:15846	NAD(+)	NO_EXACT_LABEL_MATCH			adenosine 5'-{3-[1-(3-carbamoylpyridinio)-1,4-anhydro-D-ribitol-5-yl] dihydrogen diphosphate}		SEMANTIC_NOT_LEXICAL
causal_node	data/traits/**/*.yaml	data/traits/metabolism/electron_transfer.yaml | data/traits/physiology/organotrophic.yaml	2	NADH dehydrogenase (Complex I)	GENE_OR_PROTEIN	GO:0030964	NADH dehydrogenase complex	NO_EXACT_LABEL_MATCH					SEMANTIC_NOT_LEXICAL
causal_node	data/traits/**/*.yaml	data/traits/physiology/organoheterotrophic.yaml	1	NADH dehydrogenase (complex I)	GENE_OR_PROTEIN	GO:0030964	NADH dehydrogenase complex	NO_EXACT_LABEL_MATCH					SEMANTIC_NOT_LEXICAL
causal_node	data/traits/**/*.yaml	data/traits/environment/aerotolerant.yaml	1	NADH peroxidase	GENE_OR_PROTEIN	GO:0016692	NADH peroxidase activity	NO_EXACT_LABEL_MATCH					SEMANTIC_NOT_LEXICAL
causal_node	data/traits/**/*.yaml	data/traits/metabolism/carbon_fixation.yaml | data/traits/metabolism/oxygenic_photosynthesis.yaml | data/traits/metabolism/phototrophy.yaml | data/traits/metabolism/three_hydroxypropionate_four_hydroxybutyrate_cycle.yaml | data/traits/physiology/chemoautotrophic.yaml | data/traits/physiology/photolithoautotrophic.yaml	6	NADPH	CHEMICAL	CHEBI:16474	NADPH	CANONICAL_LABEL			2'-O-phosphonoadenosine 5'-{3-[1-(3-carbamoyl-1,4-dihydropyridin-1-yl)-1,4-anhydro-D-ribitol-5-yl] dihydrogen diphosphate}		EXACT_LEXICAL
causal_node	data/traits/**/*.yaml	data/traits/environment/aerotolerant.yaml	1	NADPH peroxidase	GENE_OR_PROTEIN	GO:0050137	NADPH peroxidase activity	NO_EXACT_LABEL_MATCH					SEMANTIC_NOT_LEXICAL
causal_node	data/traits/**/*.yaml	data/traits/environment/delta_phenotype_with_numerical_limits.yaml | data/traits/environment/nacl_delta.yaml | data/traits/environment/nacl_delta_high.yaml | data/traits/environment/nacl_delta_low.yaml | data/traits/environment/nacl_delta_mid1.yaml | data/traits/environment/nacl_delta_mid2.yaml | data/traits/environment/salinity_phenotype_with_numerical_limits.yaml	7	NaCl delta	TRAIT	METPO:1000335	NaCl delta	CANONICAL_LABEL					EXACT_LEXICAL
causal_node	data/traits/**/*.yaml	data/traits/environment/nacl_delta_high.yaml	1	NaCl delta high	TRAIT	METPO:1000482	NaCl delta high	CANONICAL_LABEL					EXACT_LEXICAL
causal_node	data/traits/**/*.yaml	data/traits/environment/nacl_delta_low.yaml	1	NaCl delta low	TRAIT	METPO:1000479	NaCl delta low	CANONICAL_LABEL					EXACT_LEXICAL
causal_node	data/traits/**/*.yaml	data/traits/environment/nacl_delta_mid1.yaml	1	NaCl delta mid1	TRAIT	METPO:1000480	NaCl delta mid1	CANONICAL_LABEL					EXACT_LEXICAL
causal_node	data/traits/**/*.yaml	data/traits/environment/nacl_delta_mid2.yaml	1	NaCl delta mid2	TRAIT	METPO:1000481	NaCl delta mid2	CANONICAL_LABEL					EXACT_LEXICAL
causal_node	data/traits/**/*.yaml	data/traits/environment/nacl_optimum.yaml | data/traits/environment/nacl_optimum_high.yaml | data/traits/environment/nacl_optimum_low.yaml | data/traits/environment/nacl_optimum_mid1.yaml | data/traits/environment/nacl_optimum_mid2.yaml | data/traits/environment/optimum_phenotype_with_numerical_limits.yaml | data/traits/environment/salinity_phenotype_with_numerical_limits.yaml	7	NaCl optimum	TRAIT	METPO:1000333	NaCl optimum	CANONICAL_LABEL					EXACT_LEXICAL
causal_node	data/traits/**/*.yaml	data/traits/environment/nacl_optimum_high.yaml	1	NaCl optimum high	TRAIT	METPO:1000468	NaCl optimum high	CANONICAL_LABEL			Extreme halophile		EXACT_LEXICAL
causal_node	data/traits/**/*.yaml	data/traits/environment/nacl_optimum_low.yaml	1	NaCl optimum low	TRAIT	METPO:1000465	NaCl optimum low	CANONICAL_LABEL			Halotolerant | Non-halophile		EXACT_LEXICAL
causal_node	data/traits/**/*.yaml	data/traits/environment/nacl_optimum_mid1.yaml	1	NaCl optimum mid1	TRAIT	METPO:1000466	NaCl optimum mid1	CANONICAL_LABEL			Halotolerant | Slight halophile		EXACT_LEXICAL
causal_node	data/traits/**/*.yaml	data/traits/environment/nacl_optimum_mid2.yaml	1	NaCl optimum mid2	TRAIT	METPO:1000467	NaCl optimum mid2	CANONICAL_LABEL			Halotolerant | Moderate halophile		EXACT_LEXICAL
causal_node	data/traits/**/*.yaml	data/traits/environment/growth_range_phenotype_with_numerical_limits.yaml | data/traits/environment/nacl_range.yaml | data/traits/environment/nacl_range_high.yaml | data/traits/environment/nacl_range_low.yaml | data/traits/environment/nacl_range_mid1.yaml | data/traits/environment/nacl_range_mid2.yaml | data/traits/environment/salinity_phenotype_with_numerical_limits.yaml	7	NaCl range	TRAIT	METPO:1000334	NaCl range	CANONICAL_LABEL					EXACT_LEXICAL
causal_node	data/traits/**/*.yaml	data/traits/environment/nacl_range_high.yaml	1	NaCl range high	TRAIT	METPO:1000472	NaCl range high	CANONICAL_LABEL			Extreme halophile		EXACT_LEXICAL
causal_node	data/traits/**/*.yaml	data/traits/environment/nacl_range_low.yaml	1	NaCl range low	TRAIT	METPO:1000469	NaCl range low	CANONICAL_LABEL			Halotolerant | Non-halophile		EXACT_LEXICAL
causal_node	data/traits/**/*.yaml	data/traits/environment/nacl_range_mid1.yaml	1	NaCl range mid1	TRAIT	METPO:1000470	NaCl range mid1	CANONICAL_LABEL			Halotolerant | Slight halophile		EXACT_LEXICAL
causal_node	data/traits/**/*.yaml	data/traits/environment/nacl_range_mid2.yaml	1	NaCl range mid2	TRAIT	METPO:1000471	NaCl range mid2	CANONICAL_LABEL			Halotolerant | Moderate halophile		EXACT_LEXICAL
causal_node	data/traits/**/*.yaml	data/traits/metabolism/dissimilatory_nitrate_reduction_to_ammonium.yaml	1	NarGHI nitrate reductase	GENE_OR_PROTEIN	GO:0009325	nitrate reductase complex	NO_EXACT_LABEL_MATCH					SEMANTIC_NOT_LEXICAL
causal_node	data/traits/**/*.yaml	data/traits/physiology/carboxydotrophic.yaml	1	Ni,Fe-carbon monoxide dehydrogenase	GENE_OR_PROTEIN	GO:0043885	anaerobic carbon-monoxide dehydrogenase activity	NO_EXACT_LABEL_MATCH			carbon monoxide dehydrogenase (ferredoxin) activity | carbon-monoxide dehydrogenase (ferredoxin) activity | carbon-monoxide,water:ferredoxin oxidoreductase activity | carbon-monoxide:(acceptor) oxidoreductase activity | CO dehydrogenase activity | CO-dehydrogenase (ferredoxin) activity | CO-dehydrogenase activity		SEMANTIC_NOT_LEXICAL
causal_node	data/traits/**/*.yaml	data/traits/metabolism/nitrogen_fixation.yaml	1	NifH (Fe-protein)	GENE_OR_PROTEIN	InterPro:IPR005977							NO_DIRECT_SOURCE
causal_node	data/traits/**/*.yaml	data/traits/metabolism/dissimilatory_nitrate_reduction_to_ammonium.yaml	1	NrfA cytochrome c nitrite reductase	GENE_OR_PROTEIN	GO:0042279	nitrite reductase (cytochrome, ammonia-forming) activity	NO_EXACT_LABEL_MATCH			cytochrome c nitrite reductase activity | multiheme nitrite reductase activity		SEMANTIC_NOT_LEXICAL
causal_node	data/traits/**/*.yaml	data/traits/metabolism/oxidative_phosphorylation.yaml	1	Oxidative phosphorylation	TRAIT	METPO:1000803	Oxidative phosphorylation	CANONICAL_LABEL					EXACT_LEXICAL
causal_node	data/traits/**/*.yaml	data/traits/morphology/ellipsoidal.yaml | data/traits/morphology/oval_shaped.yaml	2	PBP2b	GENE_OR_PROTEIN	InterPro:IPR047982							NO_DIRECT_SOURCE
causal_node	data/traits/**/*.yaml	data/traits/morphology/intracellular_inclusion.yaml	1	PHA granule	CELLULAR_LOCALIZATION	GO:0070088	polyhydroxyalkanoate granule	EXACT_SYNONYM			PHA granule		EXACT_LEXICAL
causal_node	data/traits/**/*.yaml	data/traits/physiology/natural_competence.yaml	1	RecA	GENE_OR_PROTEIN	InterPro:IPR013765							NO_DIRECT_SOURCE
causal_node	data/traits/**/*.yaml	data/traits/morphology/fusiform_shaped.yaml | data/traits/morphology/oval_shaped.yaml | data/traits/morphology/prosthecate.yaml | data/traits/morphology/tailed_shaped.yaml	4	RodA	GENE_OR_PROTEIN	InterPro:IPR001182							NO_DIRECT_SOURCE
causal_node	data/traits/**/*.yaml	data/traits/morphology/bacillus_shaped.yaml | data/traits/morphology/fusiform_shaped.yaml	2	RodZ	GENE_OR_PROTEIN	InterPro:IPR023690							NO_DIRECT_SOURCE
causal_node	data/traits/**/*.yaml	data/traits/physiology/stress_response.yaml	1	RpoS (sigma S)	GENE_OR_PROTEIN	InterPro:IPR012761							NO_DIRECT_SOURCE
causal_node	data/traits/**/*.yaml	data/traits/physiology/oxidative_stress_response.yaml	1	RpoS (sigma-S) general stress sigma factor	GENE_OR_PROTEIN	InterPro:IPR012761							NO_DIRECT_SOURCE
causal_node	data/traits/**/*.yaml	data/traits/physiology/viable_but_nonculturable_state.yaml	1	RpoS sigma factor	GENE_OR_PROTEIN	InterPro:IPR012761							NO_DIRECT_SOURCE
causal_node	data/traits/**/*.yaml	data/traits/metabolism/calvin_benson_bassham_cycle.yaml | data/traits/physiology/autotrophic.yaml | data/traits/physiology/chemoautotrophic.yaml | data/traits/physiology/chemolithoautotrophic.yaml | data/traits/physiology/lithoautotrophic.yaml | data/traits/physiology/mixotrophic.yaml | data/traits/physiology/photoautotrophic.yaml | data/traits/physiology/photolithoautotrophic.yaml	8	RuBisCO	GENE_OR_PROTEIN	InterPro:IPR033966							NO_DIRECT_SOURCE
causal_node	data/traits/**/*.yaml	data/traits/morphology/s_layer.yaml	1	S-layer	TRAIT	traitmech:000064							NO_DIRECT_SOURCE
causal_node	data/traits/**/*.yaml	data/traits/morphology/square_shaped.yaml | data/traits/morphology/triangular_shaped.yaml	2	S-layer constraints	ORGANELLE	GO:0030115	S-layer	NO_EXACT_LABEL_MATCH					SEMANTIC_NOT_LEXICAL
causal_node	data/traits/**/*.yaml	data/traits/metabolism/disproportionation.yaml	1	SOR sulfur oxygenase reductase	GENE_OR_PROTEIN	GO:0033755	sulfur oxygenase/reductase activity	NO_EXACT_LABEL_MATCH			sulphur oxygenase/reductase activity		SEMANTIC_NOT_LEXICAL
causal_node	data/traits/**/*.yaml	data/traits/morphology/cell_length_large.yaml	1	SOS response	BIOLOGICAL_PROCESS	GO:0009432	SOS response	CANONICAL_LABEL					EXACT_LEXICAL
causal_node	data/traits/**/*.yaml	data/traits/morphology/filament_shaped.yaml	1	Scy	GENE_OR_PROTEIN	InterPro:IPR048240							NO_DIRECT_SOURCE
causal_node	data/traits/**/*.yaml	data/traits/morphology/spore_forming.yaml	1	SpoIIM	GENE_OR_PROTEIN	InterPro:IPR002798							NO_DIRECT_SOURCE
causal_node	data/traits/**/*.yaml	data/traits/morphology/spore_shaped.yaml	1	SpoIVA	GENE_OR_PROTEIN	InterPro:IPR014201							NO_DIRECT_SOURCE
causal_node	data/traits/**/*.yaml	data/traits/morphology/spore_shaped.yaml	1	SpoVM	GENE_OR_PROTEIN	InterPro:IPR012609							NO_DIRECT_SOURCE
causal_node	data/traits/**/*.yaml	data/traits/metabolism/substrate_level_phosphorylation.yaml	1	Substrate-level phosphorylation	TRAIT	METPO:1000804	Substrate-level phosphorylation	CANONICAL_LABEL					EXACT_LEXICAL
causal_node	data/traits/**/*.yaml	data/traits/morphology/cell_length_large.yaml | data/traits/morphology/filament_shaped.yaml	2	SulA	GENE_OR_PROTEIN	InterPro:IPR004596							NO_DIRECT_SOURCE
causal_node	data/traits/**/*.yaml	data/traits/metabolism/syntrophy.yaml	1	Syntrophy	TRAIT	METPO:1002006	Syntrophy	CANONICAL_LABEL					EXACT_LEXICAL
causal_node	data/traits/**/*.yaml	data/traits/physiology/heterotrophic.yaml	1	TCA cycle	PATHWAY	GO:0006099	tricarboxylic acid cycle	EXACT_SYNONYM			citric acid cycle | Krebs cycle | oxidative TCA cycle | TCA cycle		EXACT_LEXICAL
causal_node	data/traits/**/*.yaml	data/traits/metabolism/disproportionation.yaml	1	TsdA thiosulfate dehydrogenase	GENE_OR_PROTEIN	GO:0050338	thiosulfate dehydrogenase activity	NO_EXACT_LABEL_MATCH			thiosulphate dehydrogenase activity		SEMANTIC_NOT_LEXICAL
causal_node	data/traits/**/*.yaml	data/traits/environment/uv_radiation_tolerant.yaml	1	UV radiation tolerant	TRAIT	traitmech:000009							NO_DIRECT_SOURCE
causal_node	data/traits/**/*.yaml	data/traits/metabolism/acetogenesis.yaml | data/traits/metabolism/carbon_fixation.yaml | data/traits/metabolism/homoacetogenesis.yaml | data/traits/metabolism/wood_ljungdahl_pathway.yaml | data/traits/physiology/autotrophic.yaml	5	Wood-Ljungdahl pathway	PATHWAY	GO:0030634	carbon fixation by acetyl-CoA pathway	NO_EXACT_LABEL_MATCH			Ljungdahl-Wood pathway | reductive acetyl CoA pathway		SEMANTIC_NOT_LEXICAL
causal_node	data/traits/**/*.yaml	data/traits/metabolism/wood_ljungdahl_pathway.yaml	1	Wood-Ljungdahl pathway	TRAIT	traitmech:000022							NO_DIRECT_SOURCE
causal_node	data/traits/**/*.yaml	data/traits/ecology/biofilm_formation.yaml	1	WspR diguanylate cyclase	GENE_OR_PROTEIN	InterPro:IPR050469							NO_DIRECT_SOURCE
causal_node	data/traits/**/*.yaml	data/traits/morphology/non_motile.yaml	1	absent or non-expressed flagellum	ORGANELLE	GO:0009288	bacterial-type flagellum	NO_EXACT_LABEL_MATCH			flagellin-based flagellum		SEMANTIC_NOT_LEXICAL
causal_node	data/traits/**/*.yaml	data/traits/metabolism/ethanol_fermentation.yaml	1	acetaldehyde	CHEMICAL	CHEBI:15343	acetaldehyde	CANONICAL_LABEL			ACETALDEHYDE | Acetaldehyde | acetaldehyde		EXACT_LEXICAL
causal_node	data/traits/**/*.yaml	data/traits/metabolism/acetogenesis.yaml | data/traits/metabolism/homoacetogenesis.yaml | data/traits/metabolism/methanogenesis.yaml | data/traits/metabolism/substrate_level_phosphorylation.yaml	4	acetate	CHEMICAL	CHEBI:30089	acetate	CANONICAL_LABEL			acetate		EXACT_LEXICAL
causal_node	data/traits/**/*.yaml	data/traits/metabolism/homoacetogenesis.yaml | data/traits/metabolism/substrate_level_phosphorylation.yaml	2	acetate kinase	GENE_OR_PROTEIN	GO:0008776	acetate kinase activity	NO_EXACT_LABEL_MATCH					SEMANTIC_NOT_LEXICAL
causal_node	data/traits/**/*.yaml	data/traits/metabolism/acetogenesis.yaml | data/traits/metabolism/substrate_level_phosphorylation.yaml	2	acetyl phosphate	CHEMICAL	CHEBI:15350	acetyl dihydrogen phosphate	EXACT_SYNONYM			(acetyloxy)phosphonic acid | acetic phosphoric monoanhydride | Acetyl phosphate		EXACT_LEXICAL
causal_node	data/traits/**/*.yaml	data/traits/metabolism/acetogenesis.yaml | data/traits/metabolism/homoacetogenesis.yaml | data/traits/physiology/autotrophic.yaml	3	acetyl-CoA	CHEMICAL	CHEBI:15351	acetyl-CoA	CANONICAL_LABEL			3'-phosphoadenosine 5'-(3-{(3R)-4-[(3-{[2-(acetylsulfanyl)ethyl]amino}-3-oxopropyl)amino]-3-hydroxy-2,2-dimethyl-4-oxobutyl} dihydrogen diphosphate)		EXACT_LEXICAL
causal_node	data/traits/**/*.yaml	data/traits/metabolism/three_hydroxypropionate_bicycle.yaml	1	acetyl-CoA carboxylase	GENE_OR_PROTEIN	GO:0003989	acetyl-CoA carboxylase activity	NO_EXACT_LABEL_MATCH					SEMANTIC_NOT_LEXICAL
causal_node	data/traits/**/*.yaml	data/traits/metabolism/acetogenesis.yaml | data/traits/metabolism/wood_ljungdahl_pathway.yaml	2	acetyl-CoA synthase (ACS)	GENE_OR_PROTEIN	GO:0043884	CO-methylating acetyl-CoA synthase activity	NO_EXACT_LABEL_MATCH			acetyl-CoA:corrinoid protein O-acetyltransferase activity | CO-methylating acetyl-coenzyme A synthase activity		SEMANTIC_NOT_LEXICAL
causal_node	data/traits/**/*.yaml	data/traits/environment/acidophilic.yaml | data/traits/environment/facultatively_acidophilic.yaml | data/traits/environment/obligately_acidophilic.yaml | data/traits/environment/ph_growth_preference.yaml | data/traits/environment/ph_optimum_low.yaml	5	acidic external pH	ENVIRONMENTAL_FACTOR	PATO:0001429	acidic	NO_EXACT_LABEL_MATCH					SEMANTIC_NOT_LEXICAL
causal_node	data/traits/**/*.yaml	data/traits/environment/acidophilic.yaml	1	acidophilic	TRAIT	METPO:1003003	acidophilic	CANONICAL_LABEL			acidophil | acidophile		EXACT_LEXICAL
causal_node	data/traits/**/*.yaml	data/traits/environment/acidotolerant.yaml	1	acidotolerant	TRAIT	METPO:1003008	acidotolerant	CANONICAL_LABEL			aciduric		EXACT_LEXICAL
causal_node	data/traits/**/*.yaml	data/traits/environment/aerobic.yaml | data/traits/environment/oxygen_preference.yaml	2	aerobic	TRAIT	METPO:1000602	aerobic	CANONICAL_LABEL					EXACT_LEXICAL
causal_node	data/traits/**/*.yaml	data/traits/environment/aerobic.yaml | data/traits/environment/facultative_oxygen_preference.yaml | data/traits/environment/facultatively_aerobic.yaml | data/traits/environment/facultatively_anaerobic.yaml | data/traits/environment/obligately_aerobic.yaml | data/traits/physiology/chemoorganotrophic.yaml | data/traits/physiology/heterotrophic.yaml	7	aerobic respiration	BIOLOGICAL_PROCESS	GO:0009060	aerobic respiration	CANONICAL_LABEL					EXACT_LEXICAL
causal_node	data/traits/**/*.yaml	data/traits/environment/aerotolerant.yaml	1	aerotolerant	TRAIT	METPO:1000609	aerotolerant	CANONICAL_LABEL					EXACT_LEXICAL
causal_node	data/traits/**/*.yaml	data/traits/metabolism/ethanol_fermentation.yaml	1	alcohol dehydrogenase	GENE_OR_PROTEIN	GO:0004022	alcohol dehydrogenase (NAD+) activity	NO_EXACT_LABEL_MATCH			aldo-keto reductase (NAD) activity		SEMANTIC_NOT_LEXICAL
causal_node	data/traits/**/*.yaml	data/traits/environment/alkalotolerant.yaml | data/traits/environment/alkaphilic.yaml | data/traits/environment/facultatively_alkaphilic.yaml | data/traits/environment/obligately_alkaphilic.yaml | data/traits/environment/ph_growth_preference.yaml | data/traits/environment/ph_optimum_high.yaml	6	alkaline external pH	ENVIRONMENTAL_FACTOR	PATO:0001430	alkaline	NO_EXACT_LABEL_MATCH					SEMANTIC_NOT_LEXICAL
causal_node	data/traits/**/*.yaml	data/traits/environment/alkalotolerant.yaml	1	alkalotolerant	TRAIT	METPO:1003009	alkalotolerant	CANONICAL_LABEL			alkalitolerant		EXACT_LEXICAL
causal_node	data/traits/**/*.yaml	data/traits/environment/alkaphilic.yaml	1	alkaphilic	TRAIT	METPO:1003002	alkaliphilic	NO_EXACT_LABEL_MATCH			alkaliphile | alkaliphilic | alkalophile | alkalophilic		SEMANTIC_NOT_LEXICAL
causal_node	data/traits/**/*.yaml	data/traits/environment/microaerophilic.yaml	1	alkyl hydroperoxide reductase (AhpC)	GENE_OR_PROTEIN	GO:0009321	alkyl hydroperoxide reductase complex	NO_EXACT_LABEL_MATCH					SEMANTIC_NOT_LEXICAL
causal_node	data/traits/**/*.yaml	data/traits/metabolism/starch_degradation.yaml	1	alpha-amylase	GENE_OR_PROTEIN	GO:0004556	alpha-amylase activity	NO_EXACT_LABEL_MATCH					SEMANTIC_NOT_LEXICAL
causal_node	data/traits/**/*.yaml	data/traits/environment/ph_delta_mid1.yaml | data/traits/metabolism/nitrogen_fixation.yaml | data/traits/physiology/chemoautolithotrophic.yaml | data/traits/physiology/chemolithotrophic.yaml | data/traits/physiology/lithotrophic.yaml | data/traits/physiology/urease_activity.yaml	6	ammonia	CHEMICAL	CHEBI:16134	ammonia	CANONICAL_LABEL			AMMONIA | Ammonia | ammonia | azane		EXACT_LEXICAL
causal_node	data/traits/**/*.yaml	data/traits/physiology/chemoautolithotrophic.yaml | data/traits/physiology/chemolithotrophic.yaml	2	ammonia monooxygenase	GENE_OR_PROTEIN	GO:0018597	ammonia monooxygenase activity	NO_EXACT_LABEL_MATCH					SEMANTIC_NOT_LEXICAL
causal_node	data/traits/**/*.yaml	data/traits/physiology/lithotrophic.yaml	1	ammonia monooxygenase (AMO)	GENE_OR_PROTEIN	GO:0018597	ammonia monooxygenase activity	NO_EXACT_LABEL_MATCH					SEMANTIC_NOT_LEXICAL
causal_node	data/traits/**/*.yaml	data/traits/metabolism/dissimilatory_nitrate_reduction_to_ammonium.yaml	1	ammonium	CHEMICAL	CHEBI:28938	ammonium	CANONICAL_LABEL			ammonium | azanium		EXACT_LEXICAL
causal_node	data/traits/**/*.yaml	data/traits/morphology/amphitrichous.yaml	1	amphitrichous	TRAIT	traitmech:000059							NO_DIRECT_SOURCE
causal_node	data/traits/**/*.yaml	data/traits/physiology/heterotrophic.yaml	1	anabolism	BIOLOGICAL_PROCESS	GO:0009058	biosynthetic process	EXACT_SYNONYM			anabolism | biosynthesis | synthesis		EXACT_LEXICAL
causal_node	data/traits/**/*.yaml	data/traits/environment/anaerobic.yaml | data/traits/environment/oxygen_preference.yaml	2	anaerobic	TRAIT	METPO:1000603	anaerobic	CANONICAL_LABEL					EXACT_LEXICAL
causal_node	data/traits/**/*.yaml	data/traits/metabolism/acetogenesis.yaml | data/traits/metabolism/homoacetogenesis.yaml	2	anaerobic condition	ENVIRONMENTAL_FACTOR	PATO:0001456	anaerobic	NO_EXACT_LABEL_MATCH					SEMANTIC_NOT_LEXICAL
causal_node	data/traits/**/*.yaml	data/traits/metabolism/anaerobic_oxidation_of_methane.yaml	1	anaerobic oxidation of methane	TRAIT	traitmech:000033							NO_DIRECT_SOURCE
causal_node	data/traits/**/*.yaml	data/traits/environment/anaerobic.yaml | data/traits/environment/facultatively_anaerobic.yaml | data/traits/metabolism/denitrification.yaml | data/traits/metabolism/dissimilatory_metal_reduction.yaml | data/traits/metabolism/dissimilatory_sulfate_reduction.yaml | data/traits/metabolism/respiration.yaml | data/traits/physiology/chemoorganotrophic.yaml	7	anaerobic respiration	BIOLOGICAL_PROCESS	GO:0009061	anaerobic respiration	CANONICAL_LABEL					EXACT_LEXICAL
causal_node	data/traits/**/*.yaml	data/traits/ecology/animal_pathogen.yaml	1	animal pathogen	TRAIT	METPO:1004002	animal pathogen	CANONICAL_LABEL					EXACT_LEXICAL
causal_node	data/traits/**/*.yaml	data/traits/environment/strictly_anaerobic.yaml | data/traits/metabolism/disproportionation.yaml	2	anoxic condition	ENVIRONMENTAL_FACTOR	PATO:0001456	anaerobic	NO_EXACT_LABEL_MATCH					SEMANTIC_NOT_LEXICAL
causal_node	data/traits/**/*.yaml	data/traits/metabolism/anoxygenic_photosynthesis.yaml	1	anoxygenic photosynthesis	TRAIT	traitmech:000035							NO_DIRECT_SOURCE
causal_node	data/traits/**/*.yaml	data/traits/physiology/antibiotic_resistance.yaml	1	antibiotic resistance	TRAIT	traitmech:000088							NO_DIRECT_SOURCE
causal_node	data/traits/**/*.yaml	data/traits/environment/arsenic_tolerant.yaml	1	arsenate(3-)	CHEMICAL	CHEBI:29125	arsenate(3-)	CANONICAL_LABEL			Arsenate | arsenate | arsorate | tetraoxidoarsenate(3-) | tetraoxoarsenate(3-) | tetraoxoarsenate(V)		EXACT_LEXICAL
causal_node	data/traits/**/*.yaml	data/traits/environment/arsenic_tolerant.yaml	1	arsenic tolerant	TRAIT	traitmech:000017							NO_DIRECT_SOURCE
causal_node	data/traits/**/*.yaml	data/traits/environment/arsenic_tolerant.yaml	1	arsenite transmembrane transport	BIOLOGICAL_PROCESS	GO:0030001	metal ion transport	NO_EXACT_LABEL_MATCH					SEMANTIC_NOT_LEXICAL
causal_node	data/traits/**/*.yaml	data/traits/environment/arsenic_tolerant.yaml	1	arsenite(3-)	CHEMICAL	CHEBI:29242	arsenite(1-)	NO_EXACT_LABEL_MATCH			dihydroxidooxidoarsenate(1-)		SEMANTIC_NOT_LEXICAL
causal_node	data/traits/**/*.yaml	data/traits/physiology/autotrophic.yaml | data/traits/physiology/trophic_type.yaml	2	autotrophic	TRAIT	METPO:1000632	autotrophic	CANONICAL_LABEL					EXACT_LEXICAL
causal_node	data/traits/**/*.yaml	data/traits/physiology/hydrogenotrophic.yaml | data/traits/physiology/lithoautotrophic.yaml | data/traits/physiology/photolithoautotrophic.yaml	3	autotrophic CO2 fixation	PATHWAY	GO:0015977	carbon fixation	EXACT_SYNONYM			autotrophic CO2 fixation | autotrophic CO2 fixation pathway | autotrophy		EXACT_LEXICAL
causal_node	data/traits/**/*.yaml	data/traits/morphology/axially_filamented.yaml	1	axially filamented	TRAIT	METPO:1000705	axially filamented	CANONICAL_LABEL					EXACT_LEXICAL
causal_node	data/traits/**/*.yaml	data/traits/morphology/bacillus_shaped.yaml	1	bacillus shaped	TRAIT	METPO:1000667	bacillus shaped	CANONICAL_LABEL					EXACT_LEXICAL
causal_node	data/traits/**/*.yaml	data/traits/morphology/swarming_motility.yaml	1	bacterial flagellum-dependent cell motility	BIOLOGICAL_PROCESS	GO:0071973	bacterial-type flagellum-dependent cell motility	NO_EXACT_LABEL_MATCH			flagellin-based flagellar cell motility		SEMANTIC_NOT_LEXICAL
causal_node	data/traits/**/*.yaml	data/traits/morphology/carboxysome.yaml | data/traits/morphology/intracellular_inclusion.yaml	2	bacterial microcompartment	CELLULAR_LOCALIZATION	GO:0031469	bacterial microcompartment	CANONICAL_LABEL					EXACT_LEXICAL
causal_node	data/traits/**/*.yaml	data/traits/morphology/amphitrichous.yaml | data/traits/morphology/flagellar_arrangement.yaml | data/traits/morphology/lophotrichous.yaml | data/traits/morphology/monotrichous.yaml | data/traits/morphology/peritrichous.yaml | data/traits/morphology/swarming_motility.yaml	6	bacterial-type flagellum	CELLULAR_LOCALIZATION	GO:0009288	bacterial-type flagellum	CANONICAL_LABEL			flagellin-based flagellum		EXACT_LEXICAL
causal_node	data/traits/**/*.yaml	data/traits/metabolism/anoxygenic_photosynthesis.yaml | data/traits/physiology/photoheterotrophic.yaml | data/traits/physiology/phototrophic.yaml	3	bacteriochlorophyll	CHEMICAL	CHEBI:38201	bacteriochlorophyll	CANONICAL_LABEL					EXACT_LEXICAL
causal_node	data/traits/**/*.yaml	data/traits/morphology/brown_pigmented.yaml	1	benzoquinoneacetic acid	CHEMICAL	CHEBI:137246	benzoquinoneacetic acid	CANONICAL_LABEL					EXACT_LEXICAL
causal_node	data/traits/**/*.yaml	data/traits/metabolism/chitinolysis.yaml	1	beta-N-acetylglucosaminidase	GENE_OR_PROTEIN	GO:0016231	beta-N-acetylglucosaminidase activity	NO_EXACT_LABEL_MATCH					SEMANTIC_NOT_LEXICAL
causal_node	data/traits/**/*.yaml	data/traits/metabolism/proteorhodopsin_phototrophy.yaml | data/traits/morphology/orange_pigmented.yaml | data/traits/morphology/yellow_pigmented.yaml	3	beta-carotene	CHEMICAL	CHEBI:17579	beta-carotene	CANONICAL_LABEL			beta,beta-carotene		EXACT_LEXICAL
causal_node	data/traits/**/*.yaml	data/traits/morphology/pigmentation.yaml	1	beta-carotene biosynthesis	PATHWAY	GO:1901812	beta-carotene biosynthetic process	EXACT_SYNONYM			beta-carotene anabolism | beta-carotene biosynthesis | beta-carotene formation | beta-carotene synthesis		EXACT_LEXICAL
causal_node	data/traits/**/*.yaml	data/traits/metabolism/biopolymer_degradation.yaml | data/traits/metabolism/cellulolysis.yaml	2	beta-glucosidase	GENE_OR_PROTEIN	GO:0008422	beta-glucosidase activity	NO_EXACT_LABEL_MATCH			beta-D-glucosidase activity | beta-glucoside glucohydrolase activity		SEMANTIC_NOT_LEXICAL
causal_node	data/traits/**/*.yaml	data/traits/physiology/antibiotic_resistance.yaml	1	beta-lactam antibiotic	CHEMICAL	CHEBI:27933	beta-lactam antibiotic	CANONICAL_LABEL					EXACT_LEXICAL
causal_node	data/traits/**/*.yaml	data/traits/physiology/antibiotic_resistance.yaml	1	beta-lactamase	GENE_OR_PROTEIN	GO:0008800	beta-lactamase activity	NO_EXACT_LABEL_MATCH					SEMANTIC_NOT_LEXICAL
causal_node	data/traits/**/*.yaml	data/traits/metabolism/calvin_benson_bassham_cycle.yaml | data/traits/metabolism/carbon_fixation.yaml | data/traits/metabolism/dicarboxylate_four_hydroxybutyrate_cycle.yaml | data/traits/morphology/carboxysome.yaml | data/traits/physiology/autotrophic.yaml | data/traits/physiology/chemoautotrophic.yaml | data/traits/physiology/photoautotrophic.yaml | data/traits/physiology/photolithoautotrophic.yaml | data/traits/physiology/urease_activity.yaml	9	bicarbonate	CHEMICAL	CHEBI:17544	hydrogencarbonate	NO_EXACT_LABEL_MATCH			hydrogen(trioxidocarbonate)(1-) | Hydrogencarbonate | hydrogencarbonate | hydrogencarbonate(1-) | hydrogentrioxocarbonate(1-) | hydrogentrioxocarbonate(IV) | hydroxidodioxidocarbonate(1-)		SEMANTIC_NOT_LEXICAL
causal_node	data/traits/**/*.yaml	data/traits/ecology/biofilm_formation.yaml | data/traits/ecology/host_associated.yaml | data/traits/ecology/human_pathogen.yaml | data/traits/ecology/pathogenic_to_host.yaml | data/traits/ecology/plant_pathogen.yaml | data/traits/ecology/rhizosphere_association.yaml | data/traits/ecology/symbiosis.yaml	7	biofilm formation	BIOLOGICAL_PROCESS	GO:0042710	biofilm formation	CANONICAL_LABEL					EXACT_LEXICAL
causal_node	data/traits/**/*.yaml	data/traits/ecology/biofilm_formation.yaml	1	biofilm formation	TRAIT	traitmech:000053							NO_DIRECT_SOURCE
causal_node	data/traits/**/*.yaml	data/traits/upper/biological_process.yaml | data/traits/upper/material_entity.yaml	2	biological process	BIOLOGICAL_PROCESS	METPO:1000630	biological process	CANONICAL_LABEL					EXACT_LEXICAL
causal_node	data/traits/**/*.yaml	data/traits/ecology/symbiosis.yaml	1	biological process involved in symbiotic interaction	BIOLOGICAL_PROCESS	GO:0044403	biological process involved in symbiotic interaction	CANONICAL_LABEL					EXACT_LEXICAL
causal_node	data/traits/**/*.yaml	data/traits/physiology/bioluminescence.yaml	1	bioluminescence	BIOLOGICAL_PROCESS	GO:0008218	bioluminescence	CANONICAL_LABEL					EXACT_LEXICAL
causal_node	data/traits/**/*.yaml	data/traits/physiology/bioluminescence.yaml	1	bioluminescence	TRAIT	traitmech:000085							NO_DIRECT_SOURCE
causal_node	data/traits/**/*.yaml	data/traits/physiology/autotrophic.yaml | data/traits/physiology/chemoautolithotrophic.yaml | data/traits/physiology/chemoheterotrophic.yaml | data/traits/physiology/chemolithoautotrophic.yaml | data/traits/physiology/chemolithoheterotrophic.yaml | data/traits/physiology/chemoorganoheterotrophic.yaml | data/traits/physiology/chemoorganotrophic.yaml | data/traits/physiology/heterotrophic.yaml | data/traits/physiology/lithoheterotrophic.yaml | data/traits/physiology/mixotrophic.yaml | data/traits/physiology/organoheterotrophic.yaml | data/traits/physiology/photoautotrophic.yaml | data/traits/physiology/photoheterotrophic.yaml | data/traits/physiology/photolithoautotrophic.yaml | data/traits/physiology/photolithotrophic.yaml | data/traits/physiology/photoorganoheterotrophic.yaml	16	biomass	CHEMICAL	METPO:1007501							TERM_NOT_FOUND
causal_node	data/traits/**/*.yaml	data/traits/metabolism/biopolymer_degradation.yaml	1	biopolymer degradation	TRAIT	traitmech:000110							NO_DIRECT_SOURCE
causal_node	data/traits/**/*.yaml	data/traits/ecology/biosafety_level.yaml | data/traits/ecology/biosafety_level_1.yaml | data/traits/ecology/biosafety_level_2.yaml | data/traits/ecology/biosafety_level_3.yaml | data/traits/ecology/biosafety_level_4.yaml | data/traits/ecology/biosafety_level_5.yaml | data/traits/upper/quality.yaml	7	biosafety level	TRAIT	METPO:1001101	biosafety level	CANONICAL_LABEL					EXACT_LEXICAL
causal_node	data/traits/**/*.yaml	data/traits/ecology/biosafety_level.yaml | data/traits/ecology/biosafety_level_1.yaml	2	biosafety level 1	TRAIT	METPO:1001102	biosafety level 1	CANONICAL_LABEL					EXACT_LEXICAL
causal_node	data/traits/**/*.yaml	data/traits/ecology/biosafety_level.yaml | data/traits/ecology/biosafety_level_2.yaml	2	biosafety level 2	TRAIT	METPO:1001103	biosafety level 2	CANONICAL_LABEL					EXACT_LEXICAL
causal_node	data/traits/**/*.yaml	data/traits/ecology/biosafety_level.yaml | data/traits/ecology/biosafety_level_3.yaml	2	biosafety level 3	TRAIT	METPO:1001104	biosafety level 3	CANONICAL_LABEL					EXACT_LEXICAL
causal_node	data/traits/**/*.yaml	data/traits/ecology/biosafety_level.yaml | data/traits/ecology/biosafety_level_4.yaml	2	biosafety level 4	TRAIT	METPO:1001105	biosafety level 4	CANONICAL_LABEL					EXACT_LEXICAL
causal_node	data/traits/**/*.yaml	data/traits/ecology/biosafety_level.yaml | data/traits/ecology/biosafety_level_5.yaml	2	biosafety level 5	TRAIT	METPO:1001106	biosafety level 5	CANONICAL_LABEL					EXACT_LEXICAL
causal_node	data/traits/**/*.yaml	data/traits/metabolism/metabolism.yaml	1	biosynthesis	BIOLOGICAL_PROCESS	GO:0009058	biosynthetic process	EXACT_SYNONYM			anabolism | biosynthesis | synthesis		EXACT_LEXICAL
causal_node	data/traits/**/*.yaml	data/traits/morphology/black_pigmented.yaml	1	black pigmented	TRAIT	METPO:1003022	black pigmented	CANONICAL_LABEL					EXACT_LEXICAL
causal_node	data/traits/**/*.yaml	data/traits/morphology/branched_shaped.yaml	1	branched shaped	TRAIT	METPO:1000687	branched shaped	CANONICAL_LABEL					EXACT_LEXICAL
causal_node	data/traits/**/*.yaml	data/traits/environment/temperature_optimum_mid1.yaml	1	branched-chain fatty acids	CHEMICAL	CHEBI:35819	branched-chain fatty acid	NO_EXACT_LABEL_MATCH					SEMANTIC_NOT_LEXICAL
causal_node	data/traits/**/*.yaml	data/traits/morphology/brown_pigmented.yaml	1	brown pigmented	TRAIT	METPO:1003023	brown pigmented	CANONICAL_LABEL					EXACT_LEXICAL
causal_node	data/traits/**/*.yaml	data/traits/metabolism/syntrophy.yaml	1	butyryl-CoA dehydrogenase Swol_1933	GENE_OR_PROTEIN	GO:0004085	obsolete butyryl-CoA dehydrogenase activity	NO_EXACT_LABEL_MATCH					DEPRECATED_TERM
causal_node	data/traits/**/*.yaml	data/traits/environment/cadmium_tolerant.yaml	1	cadmium ion transmembrane transport	BIOLOGICAL_PROCESS	GO:0030001	metal ion transport	NO_EXACT_LABEL_MATCH					SEMANTIC_NOT_LEXICAL
causal_node	data/traits/**/*.yaml	data/traits/environment/cadmium_tolerant.yaml	1	cadmium tolerant	TRAIT	traitmech:000013							NO_DIRECT_SOURCE
causal_node	data/traits/**/*.yaml	data/traits/environment/cadmium_tolerant.yaml	1	cadmium(2+) ion	CHEMICAL	CHEBI:48775	cadmium(2+)	EXACT_SYNONYM			cadmium(2+) | cadmium(2+) ion | cadmium(II) cation		EXACT_LEXICAL
causal_node	data/traits/**/*.yaml	data/traits/morphology/capsule.yaml	1	capsular polysaccharide	CHEMICAL	CHEBI:3379	capsular polysaccharide	CANONICAL_LABEL					EXACT_LEXICAL
causal_node	data/traits/**/*.yaml	data/traits/morphology/capsule.yaml	1	capsule	TRAIT	traitmech:000063							NO_DIRECT_SOURCE
causal_node	data/traits/**/*.yaml	data/traits/metabolism/substrate_level_phosphorylation.yaml	1	carbamate kinase (arginine deiminase pathway)	GENE_OR_PROTEIN	GO:0008804	carbamate kinase activity	NO_EXACT_LABEL_MATCH					SEMANTIC_NOT_LEXICAL
causal_node	data/traits/**/*.yaml	data/traits/metabolism/acetogenesis.yaml | data/traits/metabolism/calvin_benson_bassham_cycle.yaml | data/traits/metabolism/carbon_fixation.yaml | data/traits/metabolism/dicarboxylate_four_hydroxybutyrate_cycle.yaml | data/traits/metabolism/ethanol_fermentation.yaml | data/traits/metabolism/homoacetogenesis.yaml | data/traits/metabolism/lactic_acid_fermentation.yaml | data/traits/metabolism/methanogenesis.yaml | data/traits/metabolism/mixed_acid_fermentation.yaml | data/traits/metabolism/reductive_tca_cycle.yaml | data/traits/metabolism/wood_ljungdahl_pathway.yaml | data/traits/morphology/carboxysome.yaml | data/traits/physiology/autotrophic.yaml | data/traits/physiology/carboxydotrophic.yaml | data/traits/physiology/chemoautolithotrophic.yaml | data/traits/physiology/chemoautotrophic.yaml | data/traits/physiology/chemolithoautotrophic.yaml | data/traits/physiology/chemolithotrophic.yaml | data/traits/physiology/hydrogenotrophic.yaml | data/traits/physiology/lithoautotrophic.yaml | data/traits/physiology/methanotrophic.yaml | data/traits/physiology/methylotrophic.yaml | data/traits/physiology/mixotrophic.yaml | data/traits/physiology/organoheterotrophic.yaml | data/traits/physiology/photoautotrophic.yaml | data/traits/physiology/photolithoautotrophic.yaml | data/traits/physiology/photolithotrophic.yaml | data/traits/physiology/urease_activity.yaml	28	carbon dioxide	CHEMICAL	CHEBI:16526	carbon dioxide	CANONICAL_LABEL			CARBON DIOXIDE | Carbon dioxide | carbon dioxide | dioxidocarbon | methanedione		EXACT_LEXICAL
causal_node	data/traits/**/*.yaml	data/traits/metabolism/carbon_fixation.yaml | data/traits/metabolism/dicarboxylate_four_hydroxybutyrate_cycle.yaml | data/traits/metabolism/photosynthesis.yaml | data/traits/metabolism/three_hydroxypropionate_bicycle.yaml | data/traits/metabolism/three_hydroxypropionate_four_hydroxybutyrate_cycle.yaml | data/traits/morphology/carboxysome.yaml	6	carbon fixation	BIOLOGICAL_PROCESS	GO:0015977	carbon fixation	CANONICAL_LABEL			autotrophic CO2 fixation | autotrophic CO2 fixation pathway | autotrophy		EXACT_LEXICAL
causal_node	data/traits/**/*.yaml	data/traits/metabolism/carbon_fixation.yaml	1	carbon fixation	TRAIT	traitmech:000019							NO_DIRECT_SOURCE
causal_node	data/traits/**/*.yaml	data/traits/metabolism/acetogenesis.yaml | data/traits/metabolism/homoacetogenesis.yaml | data/traits/physiology/carboxydotrophic.yaml | data/traits/physiology/oxidase_activity.yaml	4	carbon monoxide	CHEMICAL	CHEBI:17245	carbon monoxide	CANONICAL_LABEL			carbon monooxide | CARBON MONOXIDE | Carbon monoxide | carbon monoxide | carbon(II) oxide		EXACT_LEXICAL
causal_node	data/traits/**/*.yaml	data/traits/metabolism/carbon_fixation.yaml | data/traits/morphology/carboxysome.yaml | data/traits/physiology/autotrophic.yaml | data/traits/physiology/chemoautotrophic.yaml | data/traits/physiology/chemolithoautotrophic.yaml | data/traits/physiology/photolithoautotrophic.yaml	6	carbonic anhydrase	GENE_OR_PROTEIN	InterPro:IPR001765							NO_DIRECT_SOURCE
causal_node	data/traits/**/*.yaml	data/traits/physiology/urease_activity.yaml	1	carbonic anhydrase activity	MOLECULAR_FUNCTION	GO:0004089	carbonate dehydratase activity	EXACT_SYNONYM			carbonic anhydrase activity		EXACT_LEXICAL
causal_node	data/traits/**/*.yaml	data/traits/physiology/carboxydotrophic.yaml	1	carboxydotrophic	TRAIT	METPO:1000633	carboxydotrophic	CANONICAL_LABEL					EXACT_LEXICAL
causal_node	data/traits/**/*.yaml	data/traits/metabolism/calvin_benson_bassham_cycle.yaml	1	carboxysomal carbonic anhydrase	GENE_OR_PROTEIN	GO:0004089	carbonate dehydratase activity	NO_EXACT_LABEL_MATCH			carbonic anhydrase activity		SEMANTIC_NOT_LEXICAL
causal_node	data/traits/**/*.yaml	data/traits/metabolism/calvin_benson_bassham_cycle.yaml | data/traits/physiology/autotrophic.yaml | data/traits/physiology/chemoautotrophic.yaml | data/traits/physiology/photoautotrophic.yaml	4	carboxysome	ORGANELLE	GO:0031470	carboxysome	CANONICAL_LABEL					EXACT_LEXICAL
causal_node	data/traits/**/*.yaml	data/traits/morphology/carboxysome.yaml	1	carboxysome	TRAIT	traitmech:000072							NO_DIRECT_SOURCE
causal_node	data/traits/**/*.yaml	data/traits/physiology/phototrophic.yaml	1	carotenoid	CHEMICAL	CHEBI:23044	carotenoid	CANONICAL_LABEL			carotenoid		EXACT_LEXICAL
causal_node	data/traits/**/*.yaml	data/traits/morphology/carotenoid_pigmentation.yaml | data/traits/morphology/orange_pigmented.yaml | data/traits/morphology/pigmentation.yaml | data/traits/morphology/pink_pigmented.yaml | data/traits/morphology/yellow_pigmented.yaml	5	carotenoid biosynthesis	PATHWAY	GO:0016117	carotenoid biosynthetic process	EXACT_SYNONYM			carotenoid anabolism | carotenoid biosynthesis | carotenoid formation | carotenoid synthesis		EXACT_LEXICAL
causal_node	data/traits/**/*.yaml	data/traits/morphology/carotenoid_pigmentation.yaml	1	carotenoid pigmentation	TRAIT	METPO:1003031	carotenoid pigmentation	CANONICAL_LABEL					EXACT_LEXICAL
causal_node	data/traits/**/*.yaml	data/traits/metabolism/metabolism.yaml | data/traits/physiology/chemoheterotrophic.yaml | data/traits/physiology/chemoorganoheterotrophic.yaml | data/traits/physiology/heterotrophic.yaml | data/traits/physiology/organotrophic.yaml	5	catabolism	BIOLOGICAL_PROCESS	GO:0009056	catabolic process	EXACT_SYNONYM			breakdown of chemical | breakdown of molecule | breakdown of substance | catabolism | cellular breakdown | cellular catabolism | cellular degradation | degradation		EXACT_LEXICAL
causal_node	data/traits/**/*.yaml	data/traits/environment/aerotolerant.yaml | data/traits/environment/oxygen_preference.yaml | data/traits/environment/uv_radiation_tolerant.yaml	3	catalase	GENE_OR_PROTEIN	GO:0004096	catalase activity	NO_EXACT_LABEL_MATCH			catalase reaction		SEMANTIC_NOT_LEXICAL
causal_node	data/traits/**/*.yaml	data/traits/environment/microaerophilic.yaml	1	catalase (KatA)	GENE_OR_PROTEIN	GO:0004096	catalase activity	NO_EXACT_LABEL_MATCH			catalase reaction		SEMANTIC_NOT_LEXICAL
causal_node	data/traits/**/*.yaml	data/traits/environment/desiccation_tolerant.yaml | data/traits/physiology/catalase_activity.yaml	2	catalase activity	MOLECULAR_FUNCTION	GO:0004096	catalase activity	CANONICAL_LABEL			catalase reaction		EXACT_LEXICAL
causal_node	data/traits/**/*.yaml	data/traits/physiology/catalase_activity.yaml	1	catalase activity	TRAIT	traitmech:000075							NO_DIRECT_SOURCE
causal_node	data/traits/**/*.yaml	data/traits/environment/alkalotolerant.yaml | data/traits/environment/neutrophilic.yaml	2	cation/proton antiporter	GENE_OR_PROTEIN	GO:0051139	metal cation:proton antiporter activity	NO_EXACT_LABEL_MATCH			metal ion:hydrogen antiporter activity | metal ion:proton antiporter activity		SEMANTIC_NOT_LEXICAL
causal_node	data/traits/**/*.yaml	data/traits/morphology/heterocyst.yaml	1	cell differentiation	BIOLOGICAL_PROCESS	GO:0030154	cell differentiation	CANONICAL_LABEL					EXACT_LEXICAL
causal_node	data/traits/**/*.yaml	data/traits/morphology/sarcina_arrangement.yaml | data/traits/morphology/staphylococcus_arrangement.yaml | data/traits/morphology/streptococcus_arrangement.yaml | data/traits/morphology/tetrad_arrangement.yaml	4	cell division	BIOLOGICAL_PROCESS	GO:0051301	cell division	CANONICAL_LABEL					EXACT_LEXICAL
causal_node	data/traits/**/*.yaml	data/traits/metabolism/cable_bacteria_metabolism.yaml	1	cell envelope	CELLULAR_LOCALIZATION	GO:0030313	cell envelope	CANONICAL_LABEL					EXACT_LEXICAL
causal_node	data/traits/**/*.yaml	data/traits/morphology/cell_length.yaml | data/traits/morphology/cell_length_large.yaml | data/traits/morphology/cell_length_medium.yaml | data/traits/morphology/cell_length_small.yaml | data/traits/morphology/cell_length_very_small.yaml	5	cell length	TRAIT	METPO:1000881	cell length	CANONICAL_LABEL					EXACT_LEXICAL
causal_node	data/traits/**/*.yaml	data/traits/morphology/cell_length_large.yaml	1	cell length large	TRAIT	METPO:1000886	cell length large	CANONICAL_LABEL					EXACT_LEXICAL
causal_node	data/traits/**/*.yaml	data/traits/morphology/cell_length_medium.yaml	1	cell length medium	TRAIT	METPO:1000885	cell length medium	CANONICAL_LABEL					EXACT_LEXICAL
causal_node	data/traits/**/*.yaml	data/traits/morphology/cell_length_small.yaml	1	cell length small	TRAIT	METPO:1000884	cell length small	CANONICAL_LABEL					EXACT_LEXICAL
causal_node	data/traits/**/*.yaml	data/traits/morphology/cell_length_very_small.yaml	1	cell length very small	TRAIT	METPO:1000883	cell length very small	CANONICAL_LABEL					EXACT_LEXICAL
causal_node	data/traits/**/*.yaml	data/traits/morphology/amphitrichous.yaml | data/traits/morphology/flagellar_arrangement.yaml | data/traits/morphology/lophotrichous.yaml	3	cell pole	CELLULAR_LOCALIZATION	GO:0060187	cell pole	CANONICAL_LABEL					EXACT_LEXICAL
causal_node	data/traits/**/*.yaml	data/traits/morphology/cell_shape.yaml	1	cell shape	TRAIT	METPO:1000666	cell shape	CANONICAL_LABEL					EXACT_LEXICAL
causal_node	data/traits/**/*.yaml	data/traits/morphology/cell_width.yaml | data/traits/morphology/cell_width_large.yaml | data/traits/morphology/cell_width_medium.yaml | data/traits/morphology/cell_width_small.yaml | data/traits/morphology/cell_width_very_small.yaml	5	cell width	TRAIT	METPO:1000882	cell width	CANONICAL_LABEL					EXACT_LEXICAL
causal_node	data/traits/**/*.yaml	data/traits/morphology/cell_width_large.yaml	1	cell width large	TRAIT	METPO:1000890	cell width large	CANONICAL_LABEL					EXACT_LEXICAL
causal_node	data/traits/**/*.yaml	data/traits/morphology/cell_width_medium.yaml	1	cell width medium	TRAIT	METPO:1000889	cell width medium	CANONICAL_LABEL					EXACT_LEXICAL
causal_node	data/traits/**/*.yaml	data/traits/morphology/cell_width_small.yaml	1	cell width small	TRAIT	METPO:1000888	cell width small	CANONICAL_LABEL					EXACT_LEXICAL
causal_node	data/traits/**/*.yaml	data/traits/morphology/cell_width_very_small.yaml	1	cell width very small	TRAIT	METPO:1000887	cell width very small	CANONICAL_LABEL					EXACT_LEXICAL
causal_node	data/traits/**/*.yaml	data/traits/metabolism/cellulolysis.yaml	1	cellobiohydrolase / exoglucanase	GENE_OR_PROTEIN	GO:0102252	cellulose 1,4-beta-cellobiosidase activity (reducing end)	NO_EXACT_LABEL_MATCH					SEMANTIC_NOT_LEXICAL
causal_node	data/traits/**/*.yaml	data/traits/metabolism/cellulolysis.yaml	1	cellobiose	CHEMICAL	CHEBI:17057	cellobiose	CANONICAL_LABEL			beta-D-glucopyranosyl-(1->4)-D-glucopyranose		EXACT_LEXICAL
causal_node	data/traits/**/*.yaml	data/traits/upper/biological_process.yaml	1	cellular component	CELLULAR_LOCALIZATION	GO:0005575	cellular_component	EXACT_SYNONYM			cell or subcellular entity | cellular component		EXACT_LEXICAL
causal_node	data/traits/**/*.yaml	data/traits/metabolism/metabolism.yaml	1	cellular growth	BIOLOGICAL_PROCESS	GO:0016049	cell growth	EXACT_SYNONYM			cellular growth | growth of cell		EXACT_LEXICAL
causal_node	data/traits/**/*.yaml	data/traits/metabolism/oxidative_phosphorylation.yaml	1	cellular membrane	CELLULAR_LOCALIZATION	GO:0016020	membrane	NO_EXACT_LABEL_MATCH					SEMANTIC_NOT_LEXICAL
causal_node	data/traits/**/*.yaml	data/traits/metabolism/cellulolysis.yaml	1	cellulolysis	TRAIT	traitmech:000111							NO_DIRECT_SOURCE
causal_node	data/traits/**/*.yaml	data/traits/ecology/saprotrophy.yaml | data/traits/metabolism/cellulolysis.yaml	2	cellulose	CHEMICAL	CHEBI:18246	(1->4)-beta-D-glucan	NO_EXACT_LABEL_MATCH			(1->4)-beta-D-glucopyranan		SEMANTIC_NOT_LEXICAL
causal_node	data/traits/**/*.yaml	data/traits/metabolism/cellulolysis.yaml	1	cellulosome	GENE_OR_PROTEIN	GO:0043263	cellulosome	CANONICAL_LABEL					EXACT_LEXICAL
causal_node	data/traits/**/*.yaml	data/traits/physiology/chemoautolithotrophic.yaml	1	chemoautolithotrophic	TRAIT	METPO:1000634	chemoautolithotrophic	CANONICAL_LABEL					EXACT_LEXICAL
causal_node	data/traits/**/*.yaml	data/traits/physiology/chemoautotrophic.yaml	1	chemoautotrophic	TRAIT	METPO:1000635	chemoautotrophic	CANONICAL_LABEL					EXACT_LEXICAL
causal_node	data/traits/**/*.yaml	data/traits/physiology/chemoheterotrophic.yaml	1	chemoheterotrophic	TRAIT	METPO:1000636	chemoheterotrophic	CANONICAL_LABEL					EXACT_LEXICAL
causal_node	data/traits/**/*.yaml	data/traits/physiology/chemolithoautotrophic.yaml	1	chemolithoautotrophic	TRAIT	METPO:1000637	chemolithoautotrophic	CANONICAL_LABEL					EXACT_LEXICAL
causal_node	data/traits/**/*.yaml	data/traits/physiology/chemolithoheterotrophic.yaml	1	chemolithoheterotrophic	TRAIT	METPO:1000638	chemolithoheterotrophic	CANONICAL_LABEL					EXACT_LEXICAL
causal_node	data/traits/**/*.yaml	data/traits/physiology/chemolithotrophic.yaml	1	chemolithotrophic	TRAIT	METPO:1000639	chemolithotrophic	CANONICAL_LABEL					EXACT_LEXICAL
causal_node	data/traits/**/*.yaml	data/traits/physiology/chemoorganoheterotrophic.yaml	1	chemoorganoheterotrophic	TRAIT	METPO:1000640	chemoorganoheterotrophic	CANONICAL_LABEL					EXACT_LEXICAL
causal_node	data/traits/**/*.yaml	data/traits/physiology/chemoorganotrophic.yaml	1	chemoorganotrophic	TRAIT	METPO:1000663	chemoorganotrophic	CANONICAL_LABEL					EXACT_LEXICAL
causal_node	data/traits/**/*.yaml	data/traits/physiology/chemotaxis.yaml	1	chemoreceptor (MCP)	GENE_OR_PROTEIN	InterPro:IPR004090							NO_DIRECT_SOURCE
causal_node	data/traits/**/*.yaml	data/traits/physiology/chemotaxis.yaml | data/traits/physiology/copiotrophic.yaml	2	chemotaxis	BIOLOGICAL_PROCESS	GO:0006935	chemotaxis	CANONICAL_LABEL			taxis in response to chemical stimulus		EXACT_LEXICAL
causal_node	data/traits/**/*.yaml	data/traits/physiology/chemotaxis.yaml	1	chemotaxis	TRAIT	traitmech:000086							NO_DIRECT_SOURCE
causal_node	data/traits/**/*.yaml	data/traits/morphology/flagellated.yaml | data/traits/morphology/motile.yaml | data/traits/morphology/motility.yaml	3	chemotaxis signaling	BIOLOGICAL_PROCESS	GO:0006935	chemotaxis	NO_EXACT_LABEL_MATCH			taxis in response to chemical stimulus		SEMANTIC_NOT_LEXICAL
causal_node	data/traits/**/*.yaml	data/traits/physiology/chemotrophic.yaml | data/traits/physiology/trophic_type.yaml	2	chemotrophic	TRAIT	METPO:1000641	chemotrophic	CANONICAL_LABEL					EXACT_LEXICAL
causal_node	data/traits/**/*.yaml	data/traits/metabolism/chitinolysis.yaml	1	chitin	CHEMICAL	CHEBI:17029	chitin	CANONICAL_LABEL			(1->4)-2-acetamido-2-deoxy-beta-D-glucan		EXACT_LEXICAL
causal_node	data/traits/**/*.yaml	data/traits/metabolism/chitinolysis.yaml	1	chitinases	GENE_OR_PROTEIN	GO:0004568	chitinase activity	NO_EXACT_LABEL_MATCH					SEMANTIC_NOT_LEXICAL
causal_node	data/traits/**/*.yaml	data/traits/metabolism/chitinolysis.yaml	1	chitinolysis	TRAIT	traitmech:000112							NO_DIRECT_SOURCE
causal_node	data/traits/**/*.yaml	data/traits/environment/euryhaline.yaml	1	choline	CHEMICAL	CHEBI:15354	choline	CANONICAL_LABEL			2-hydroxy-N,N,N-trimethylethanaminium		EXACT_LEXICAL
causal_node	data/traits/**/*.yaml	data/traits/morphology/green_pigmented.yaml	1	chorismate	CHEMICAL	CHEBI:29748	chorismate(2-)	NO_EXACT_LABEL_MATCH			(3R,4R)-3-[(1-carboxylatoethenyl)oxy]-4-hydroxycyclohexa-1,5-diene-1-carboxylate		SEMANTIC_NOT_LEXICAL
causal_node	data/traits/**/*.yaml	data/traits/environment/temperature_delta_high.yaml	1	cis-trans isomerase activity	MOLECULAR_FUNCTION	GO:0016859	cis-trans isomerase activity	CANONICAL_LABEL					EXACT_LEXICAL
causal_node	data/traits/**/*.yaml	data/traits/metabolism/reductive_tca_cycle.yaml	1	citrate	CHEMICAL	CHEBI:16947	citrate(3-)	NO_EXACT_LABEL_MATCH			2-hydroxypropane-1,2,3-tricarboxylate		SEMANTIC_NOT_LEXICAL
causal_node	data/traits/**/*.yaml	data/traits/environment/cobalt_tolerant.yaml	1	cobalt ion transmembrane transport	BIOLOGICAL_PROCESS	GO:0030001	metal ion transport	NO_EXACT_LABEL_MATCH					SEMANTIC_NOT_LEXICAL
causal_node	data/traits/**/*.yaml	data/traits/environment/cobalt_tolerant.yaml	1	cobalt tolerant	TRAIT	traitmech:000015							NO_DIRECT_SOURCE
causal_node	data/traits/**/*.yaml	data/traits/environment/cobalt_tolerant.yaml	1	cobalt(2+) ion	CHEMICAL	CHEBI:48828	cobalt(2+)	EXACT_SYNONYM			cobalt(2+) | cobalt(2+) ion | cobalt(II) cation		EXACT_LEXICAL
causal_node	data/traits/**/*.yaml	data/traits/morphology/coccobacillus_shaped.yaml	1	coccobacillus shaped	TRAIT	METPO:1000688	coccobacillus shaped	CANONICAL_LABEL					EXACT_LEXICAL
causal_node	data/traits/**/*.yaml	data/traits/morphology/coccus_shaped.yaml	1	coccus shaped	TRAIT	METPO:1000668	coccus shaped	CANONICAL_LABEL					EXACT_LEXICAL
causal_node	data/traits/**/*.yaml	data/traits/genomics/codon_usage_bias.yaml	1	codon usage bias	TRAIT	traitmech:000096							NO_DIRECT_SOURCE
causal_node	data/traits/**/*.yaml	data/traits/metabolism/methanogenesis.yaml	1	coenzyme F430	CHEMICAL	CHEBI:28265	coenzyme F430	CANONICAL_LABEL			{3,3',3''-[5-(2-amino-2-oxoethyl)-18,29-bis(carboxymethyl)-5,23-dimethyl-14,25-dioxo-9,26,27,28,30-pentaazaheptacyclo[19.5.1.1(3,6).1(8,11).1(16,19).0(1,23).0(10,15)]triaconta-6(30),9,15,19,21(27)-pentaene-4,17,22-triyl-kappa(4)N(9),N(27),N(28),N(30)]tripropanoato}nickel		EXACT_LEXICAL
causal_node	data/traits/**/*.yaml	data/traits/metabolism/cellulolysis.yaml	1	cohesin domain	GENE_OR_PROTEIN	InterPro:IPR002102							NO_DIRECT_SOURCE
causal_node	data/traits/**/*.yaml	data/traits/environment/temperature_optimum_very_low.yaml	1	cold environment	ENVIRONMENTAL_FACTOR	ENVO:01000309	cold environment	CANONICAL_LABEL					EXACT_LEXICAL
causal_node	data/traits/**/*.yaml	data/traits/ecology/commensalism.yaml	1	commensalism	TRAIT	traitmech:000042							NO_DIRECT_SOURCE
causal_node	data/traits/**/*.yaml	data/traits/environment/facultative_psychrophilic.yaml	1	compatible osmolytes	CHEMICAL	CHEBI:23366	compatible osmolytes	CANONICAL_LABEL					EXACT_LEXICAL
causal_node	data/traits/**/*.yaml	data/traits/environment/euryhaline.yaml | data/traits/environment/haloalkaliphilic.yaml | data/traits/environment/halophilic.yaml | data/traits/environment/halophily_preference.yaml | data/traits/environment/halotolerant.yaml | data/traits/environment/nacl_optimum.yaml | data/traits/environment/psychrophilic.yaml | data/traits/environment/slightly_halophilic.yaml | data/traits/environment/temperature_optimum_low.yaml | data/traits/environment/temperature_range.yaml | data/traits/environment/temperature_range_low.yaml	11	compatible solutes	CHEMICAL	CHEBI:25728	osmolyte	NO_EXACT_LABEL_MATCH					SEMANTIC_NOT_LEXICAL
causal_node	data/traits/**/*.yaml	data/traits/genomics/plasmid_carriage.yaml	1	conjugation	BIOLOGICAL_PROCESS	GO:0009291	unidirectional conjugation	NO_EXACT_LABEL_MATCH					SEMANTIC_NOT_LEXICAL
causal_node	data/traits/**/*.yaml	data/traits/physiology/copiotrophic.yaml | data/traits/physiology/nutrient_adaptation.yaml	2	copiotrophic	TRAIT	METPO:1000642	copiotrophic	CANONICAL_LABEL					EXACT_LEXICAL
causal_node	data/traits/**/*.yaml	data/traits/environment/copper_tolerant.yaml	1	copper ion transmembrane transport	BIOLOGICAL_PROCESS	GO:0035434	copper ion transmembrane transport	CANONICAL_LABEL			copper cation transmembrane transport | copper ion membrane transport		EXACT_LEXICAL
causal_node	data/traits/**/*.yaml	data/traits/environment/copper_tolerant.yaml	1	copper tolerant	TRAIT	traitmech:000018							NO_DIRECT_SOURCE
causal_node	data/traits/**/*.yaml	data/traits/environment/copper_tolerant.yaml	1	copper(2+) ion	CHEMICAL	CHEBI:29036	copper(2+)	EXACT_SYNONYM			copper(2+) | copper(2+) ion | copper(II) cation		EXACT_LEXICAL
causal_node	data/traits/**/*.yaml	data/traits/morphology/cream_pigmented.yaml	1	cream pigmented	TRAIT	METPO:1003024	cream pigmented	CANONICAL_LABEL					EXACT_LEXICAL
causal_node	data/traits/**/*.yaml	data/traits/morphology/crescent_shaped.yaml	1	crescent shaped	TRAIT	METPO:1000669	crescent shaped	CANONICAL_LABEL					EXACT_LEXICAL
causal_node	data/traits/**/*.yaml	data/traits/morphology/gram_stain.yaml	1	crystal violet	CHEMICAL	CHEBI:41688	crystal violet	CANONICAL_LABEL			4-{bis[4-(dimethylamino)phenyl]methylene}-N,N-dimethylcyclohexa-2,5-dien-1-iminium chloride		EXACT_LEXICAL
causal_node	data/traits/**/*.yaml	data/traits/morphology/curved_shaped.yaml	1	curved shaped	TRAIT	METPO:1000670	curved shaped	CANONICAL_LABEL					EXACT_LEXICAL
causal_node	data/traits/**/*.yaml	data/traits/morphology/carotenoid_pigmentation.yaml	1	cyclic carotenes	CHEMICAL	CHEBI:35163	cyclic carotene	NO_EXACT_LABEL_MATCH					SEMANTIC_NOT_LEXICAL
causal_node	data/traits/**/*.yaml	data/traits/environment/nacl_delta_mid1.yaml | data/traits/environment/nacl_delta_mid2.yaml | data/traits/environment/nacl_optimum_low.yaml | data/traits/environment/nacl_range.yaml | data/traits/environment/nacl_range_low.yaml | data/traits/environment/stenohaline.yaml	6	cyclic di-AMP	CHEMICAL	CHEBI:71578	cyclic di-AMP	CANONICAL_LABEL			(2R,3R,3aS,7aR,9R,10R,10aS,14aR)-2,9-bis(6-amino-9H-purin-9-yl)octahydro-2H,7H-difuro[3,2-d:3',2'-j][1,3,7,9,2,8]tetraoxadiphosphacyclododecine-3,5,10,12-tetrol 5,12-dioxide		EXACT_LEXICAL
causal_node	data/traits/**/*.yaml	data/traits/morphology/motility.yaml | data/traits/morphology/vibrio_shaped.yaml	2	cyclic di-GMP	CHEMICAL	CHEBI:49537	c-di-GMP	NO_EXACT_LABEL_MATCH			9,9'-[(2R,3R,3aS,7aR,9R,10R,10aS,14aR)-3,5,10,12-tetrahydroxy-5,12-dioxidooctahydro-2H,7H-difuro[3,2-d:3',2'-j][1,3,7,9,2,8]tetraoxadiphosphacyclododecine-2,9-diyl]bis(2-amino-1,9-dihydro-6H-purin-6-one)		SEMANTIC_NOT_LEXICAL
causal_node	data/traits/**/*.yaml	data/traits/metabolism/oxygenic_photosynthesis.yaml	1	cytochrome b6f complex	GENE_OR_PROTEIN	GO:0009512	cytochrome b6f complex	CANONICAL_LABEL			cyt b(6)f complex | cyt b6-f complex | cyt b6/f complex | cyt b6f complex | cytochrome b(6)f complex | cytochrome b6-f complex | cytochrome b6/f complex		EXACT_LEXICAL
causal_node	data/traits/**/*.yaml	data/traits/physiology/organoheterotrophic.yaml	1	cytochrome bc1 complex (complex III)	GENE_OR_PROTEIN	GO:0045275	respiratory chain complex III	NO_EXACT_LABEL_MATCH			complex III | cytochrome bc(1) complex | cytochrome bc1 complex | ubiquinol-cytochrome c oxidoreductase complex | ubiquinol-cytochrome-c reductase complex		SEMANTIC_NOT_LEXICAL
causal_node	data/traits/**/*.yaml	data/traits/metabolism/aerobic_respiration.yaml	1	cytochrome c oxidase	GENE_OR_PROTEIN	GO:0004129	cytochrome-c oxidase activity	NO_EXACT_LABEL_MATCH			cytochrome c oxidase activity		SEMANTIC_NOT_LEXICAL
causal_node	data/traits/**/*.yaml	data/traits/physiology/oxidase_activity.yaml	1	cytochrome c oxidase	GENE_OR_PROTEIN	GO:0045277	respiratory chain complex IV	NO_EXACT_LABEL_MATCH			cytochrome c oxidase complex		SEMANTIC_NOT_LEXICAL
causal_node	data/traits/**/*.yaml	data/traits/metabolism/denitrification.yaml	1	cytochrome cd1 nitrite reductase NirS	GENE_OR_PROTEIN	GO:0050421	nitrite reductase (NO-forming) activity	NO_EXACT_LABEL_MATCH			NO-forming nitrite reductase (cytochrome) activity | NO-forming nitrite reductase activity		SEMANTIC_NOT_LEXICAL
causal_node	data/traits/**/*.yaml	data/traits/physiology/oxidase_activity.yaml	1	cytochrome-c oxidase activity	MOLECULAR_FUNCTION	GO:0004129	cytochrome-c oxidase activity	CANONICAL_LABEL			cytochrome c oxidase activity		EXACT_LEXICAL
causal_node	data/traits/**/*.yaml	data/traits/morphology/cell_length.yaml	1	cytokinesis	BIOLOGICAL_PROCESS	GO:0000910	cytokinesis	CANONICAL_LABEL			cell cycle cytokinesis | cytokinesis involved in cell cycle		EXACT_LEXICAL
causal_node	data/traits/**/*.yaml	data/traits/environment/ph_range_mid2.yaml | data/traits/environment/ph_range_very_low.yaml	2	cytoplasm	CELLULAR_LOCALIZATION	GO:0005737	cytoplasm	CANONICAL_LABEL					EXACT_LEXICAL
causal_node	data/traits/**/*.yaml	data/traits/metabolism/calvin_benson_bassham_cycle.yaml	1	cytoplasmic carbonic anhydrase	GENE_OR_PROTEIN	GO:0004089	carbonate dehydratase activity	NO_EXACT_LABEL_MATCH			carbonic anhydrase activity		SEMANTIC_NOT_LEXICAL
causal_node	data/traits/**/*.yaml	data/traits/environment/acidophilic.yaml | data/traits/environment/acidotolerant.yaml | data/traits/environment/alkalotolerant.yaml | data/traits/environment/alkaphilic.yaml | data/traits/environment/facultatively_acidophilic.yaml | data/traits/environment/facultatively_alkaphilic.yaml | data/traits/environment/neutrophilic.yaml | data/traits/environment/obligately_acidophilic.yaml | data/traits/environment/obligately_alkaphilic.yaml | data/traits/environment/ph_delta_high.yaml | data/traits/environment/ph_delta_low.yaml | data/traits/environment/ph_delta_mid1.yaml | data/traits/environment/ph_growth_preference.yaml | data/traits/environment/ph_optimum.yaml | data/traits/environment/ph_range.yaml | data/traits/environment/ph_range_mid1.yaml | data/traits/environment/ph_range_mid2.yaml	17	cytoplasmic pH homeostasis	BIOLOGICAL_PROCESS	GO:0051453	regulation of intracellular pH	NO_EXACT_LABEL_MATCH			cell pH regulation | cellular hydrogen ion homeostasis | cellular pH regulation | pH regulation in cell | proton homeostasis | regulation of cell pH | regulation of cellular pH		SEMANTIC_NOT_LEXICAL
causal_node	data/traits/**/*.yaml	data/traits/environment/euryhaline.yaml	1	cytoplasmic sodium ions	CHEMICAL	CHEBI:29101	sodium(1+)	NO_EXACT_LABEL_MATCH			sodium cation | sodium(1+) | sodium(1+) ion | sodium(I) cation		SEMANTIC_NOT_LEXICAL
causal_node	data/traits/**/*.yaml	data/traits/morphology/diplococcus_shaped.yaml | data/traits/morphology/dumbbell_shaped.yaml	2	daughter cell separation	BIOLOGICAL_PROCESS	GO:0000920	septum digestion after cytokinesis	NO_EXACT_LABEL_MATCH			cell separation following cytokinesis		SEMANTIC_NOT_LEXICAL
causal_node	data/traits/**/*.yaml	data/traits/environment/temperature_optimum_mid3.yaml	1	decreased temperature	ENVIRONMENTAL_FACTOR	PATO:0001306	decreased temperature	CANONICAL_LABEL			cold | low temperature		EXACT_LEXICAL
causal_node	data/traits/**/*.yaml	data/traits/genomics/crispr_cas_system.yaml	1	defense response to virus	BIOLOGICAL_PROCESS	GO:0051607	defense response to virus	CANONICAL_LABEL			antiviral response | defence response to virus | defense response to viruses		EXACT_LEXICAL
causal_node	data/traits/**/*.yaml	data/traits/environment/delta_phenotype_with_numerical_limits.yaml	1	delta phenotype with numerical limits	TRAIT	METPO:1000534	delta phenotype with numerical limits	CANONICAL_LABEL					EXACT_LEXICAL
causal_node	data/traits/**/*.yaml	data/traits/metabolism/anaerobic_respiration.yaml	1	denitrification	BIOLOGICAL_PROCESS	GO:0019333	denitrification pathway	NO_EXACT_LABEL_MATCH					SEMANTIC_NOT_LEXICAL
causal_node	data/traits/**/*.yaml	data/traits/metabolism/denitrification.yaml	1	denitrification	TRAIT	traitmech:000104							NO_DIRECT_SOURCE
causal_node	data/traits/**/*.yaml	data/traits/environment/desiccation_tolerant.yaml	1	desiccation tolerant	TRAIT	traitmech:000010							NO_DIRECT_SOURCE
causal_node	data/traits/**/*.yaml	data/traits/metabolism/dicarboxylate_four_hydroxybutyrate_cycle.yaml	1	dicarboxylate/4-hydroxybutyrate cycle	TRAIT	traitmech:000025							NO_DIRECT_SOURCE
causal_node	data/traits/**/*.yaml	data/traits/metabolism/dissimilatory_manganese_reduction.yaml	1	dihydrogen	CHEMICAL	CHEBI:18276	dihydrogen	CANONICAL_LABEL			dihydrogen | Hydrogen		EXACT_LEXICAL
causal_node	data/traits/**/*.yaml	data/traits/metabolism/anaerobic_respiration.yaml | data/traits/metabolism/denitrification.yaml | data/traits/metabolism/nitrogen_fixation.yaml	3	dinitrogen	CHEMICAL	CHEBI:17997	dinitrogen	CANONICAL_LABEL			dinitrogen | Nitrogen		EXACT_LEXICAL
causal_node	data/traits/**/*.yaml	data/traits/physiology/carboxydotrophic.yaml	1	dioxygen	CHEMICAL	CHEBI:15379	dioxygen	CANONICAL_LABEL			dioxygen | Oxygen		EXACT_LEXICAL
causal_node	data/traits/**/*.yaml	data/traits/morphology/spore_forming.yaml	1	dipicolinic acid	CHEMICAL	CHEBI:46837	dipicolinic acid	CANONICAL_LABEL			PYRIDINE-2,6-DICARBOXYLIC ACID | pyridine-2,6-dicarboxylic acid		EXACT_LEXICAL
causal_node	data/traits/**/*.yaml	data/traits/morphology/diplococcus_shaped.yaml	1	diplococcus shaped	TRAIT	METPO:1000671	diplococcus shaped	CANONICAL_LABEL					EXACT_LEXICAL
causal_node	data/traits/**/*.yaml	data/traits/morphology/disc_shaped.yaml	1	disc shaped	TRAIT	METPO:1000689	disc shaped	CANONICAL_LABEL					EXACT_LEXICAL
causal_node	data/traits/**/*.yaml	data/traits/metabolism/dissimilatory_iron_reduction.yaml	1	dissimilatory iron reduction	TRAIT	traitmech:000031							NO_DIRECT_SOURCE
causal_node	data/traits/**/*.yaml	data/traits/metabolism/dissimilatory_manganese_reduction.yaml	1	dissimilatory manganese reduction	TRAIT	traitmech:000108							NO_DIRECT_SOURCE
causal_node	data/traits/**/*.yaml	data/traits/metabolism/dissimilatory_metal_reduction.yaml	1	dissimilatory metal reduction	TRAIT	traitmech:000039							NO_DIRECT_SOURCE
causal_node	data/traits/**/*.yaml	data/traits/metabolism/dissimilatory_nitrate_reduction_to_ammonium.yaml	1	dissimilatory nitrate reduction to ammonium	TRAIT	traitmech:000030							NO_DIRECT_SOURCE
causal_node	data/traits/**/*.yaml	data/traits/metabolism/dissimilatory_sulfate_reduction.yaml	1	dissimilatory sulfate reduction	TRAIT	traitmech:000105							NO_DIRECT_SOURCE
causal_node	data/traits/**/*.yaml	data/traits/morphology/tetrad_arrangement.yaml	1	division septum assembly	BIOLOGICAL_PROCESS	GO:0000917	division septum assembly	CANONICAL_LABEL			division septum formation | formation of division septum		EXACT_LEXICAL
causal_node	data/traits/**/*.yaml	data/traits/morphology/sarcina_arrangement.yaml	1	division septum formation	BIOLOGICAL_PROCESS	GO:0000917	division septum assembly	EXACT_SYNONYM			division septum formation | formation of division septum		EXACT_LEXICAL
causal_node	data/traits/**/*.yaml	data/traits/morphology/ellipsoidal.yaml	1	divisome (FtsZ/PBP2x/FtsW)	GENE_OR_PROTEIN	GO:1990586	divisome complex	NO_EXACT_LABEL_MATCH					SEMANTIC_NOT_LEXICAL
causal_node	data/traits/**/*.yaml	data/traits/morphology/coccus_shaped.yaml	1	divisome complex	GENE_OR_PROTEIN	GO:1990586	divisome complex	CANONICAL_LABEL					EXACT_LEXICAL
causal_node	data/traits/**/*.yaml	data/traits/metabolism/cellulolysis.yaml	1	dockerin domain	GENE_OR_PROTEIN	InterPro:IPR002105							NO_DIRECT_SOURCE
causal_node	data/traits/**/*.yaml	data/traits/physiology/dormancy.yaml	1	dormancy	TRAIT	traitmech:000080							NO_DIRECT_SOURCE
causal_node	data/traits/**/*.yaml	data/traits/physiology/dormancy.yaml | data/traits/physiology/persister_cell_formation.yaml | data/traits/physiology/viable_but_nonculturable_state.yaml	3	dormancy process	BIOLOGICAL_PROCESS	GO:0022611	dormancy process	CANONICAL_LABEL					EXACT_LEXICAL
causal_node	data/traits/**/*.yaml	data/traits/environment/desiccation_tolerant.yaml | data/traits/environment/ionizing_radiation_tolerant.yaml	2	double-strand break repair	BIOLOGICAL_PROCESS	GO:0006302	double-strand break repair	CANONICAL_LABEL					EXACT_LEXICAL
causal_node	data/traits/**/*.yaml	data/traits/morphology/dumbbell_shaped.yaml	1	dumbbell shaped	TRAIT	METPO:1000672	dumbbell shaped	CANONICAL_LABEL					EXACT_LEXICAL
causal_node	data/traits/**/*.yaml	data/traits/environment/euryhaline.yaml	1	ectoine	CHEMICAL	CHEBI:22563	anion	NO_EXACT_LABEL_MATCH			anion		SEMANTIC_NOT_LEXICAL
causal_node	data/traits/**/*.yaml	data/traits/environment/moderately_halophilic.yaml	1	ectoine	CHEMICAL	CHEBI:27500	4-aminobenzenesulfonic acid	NO_EXACT_LABEL_MATCH			4-Aminobenzenesulfonic acid | 4-aminobenzenesulfonic acid		SEMANTIC_NOT_LEXICAL
causal_node	data/traits/**/*.yaml	data/traits/environment/haloalkaliphilic.yaml | data/traits/environment/halophilic.yaml | data/traits/environment/nacl_delta_mid1.yaml | data/traits/environment/nacl_optimum_mid2.yaml | data/traits/environment/nacl_range_mid2.yaml | data/traits/environment/slightly_halophilic.yaml	6	ectoine	CHEMICAL	CHEBI:27592	ectoine	CANONICAL_LABEL			(4S)-2-methyl-1,4,5,6-tetrahydropyrimidine-4-carboxylic acid		EXACT_LEXICAL
causal_node	data/traits/**/*.yaml	data/traits/environment/euryhaline.yaml | data/traits/environment/halotolerant.yaml | data/traits/environment/slightly_halophilic.yaml	3	ectoine biosynthesis	PATHWAY	GO:0019491	ectoine biosynthetic process	EXACT_SYNONYM			ectoine anabolism | ectoine biosynthesis | ectoine formation | ectoine synthesis		EXACT_LEXICAL
causal_node	data/traits/**/*.yaml	data/traits/metabolism/electron_transfer.yaml | data/traits/metabolism/respiration.yaml	2	electron donor	CHEMICAL	CHEBI:15022	electron donor	CANONICAL_LABEL			electron donor		EXACT_LEXICAL
causal_node	data/traits/**/*.yaml	data/traits/environment/obligately_aerobic.yaml | data/traits/metabolism/aerobic_respiration.yaml | data/traits/metabolism/oxidative_phosphorylation.yaml | data/traits/physiology/chemolithoautotrophic.yaml | data/traits/physiology/lithoautotrophic.yaml | data/traits/physiology/mixotrophic.yaml	6	electron transport chain	PATHWAY	GO:0022900	electron transport chain	CANONICAL_LABEL					EXACT_LEXICAL
causal_node	data/traits/**/*.yaml	data/traits/physiology/hydrogenotrophic.yaml	1	electron transport system	PATHWAY	GO:0022900	electron transport chain	NO_EXACT_LABEL_MATCH					SEMANTIC_NOT_LEXICAL
causal_node	data/traits/**/*.yaml	data/traits/metabolism/disproportionation.yaml | data/traits/morphology/sulfur_globule.yaml | data/traits/physiology/chemolithoheterotrophic.yaml | data/traits/physiology/photolithotrophic.yaml	4	elemental sulfur	CHEMICAL	CHEBI:26833	sulfur atom	NO_EXACT_LABEL_MATCH			sulfur		SEMANTIC_NOT_LEXICAL
causal_node	data/traits/**/*.yaml	data/traits/morphology/ellipsoidal.yaml	1	ellipsoidal	TRAIT	METPO:1000673	ellipsoidal	CANONICAL_LABEL					EXACT_LEXICAL
causal_node	data/traits/**/*.yaml	data/traits/metabolism/biopolymer_degradation.yaml	1	endo-chitinase	GENE_OR_PROTEIN	GO:0008843	endochitinase activity	NO_EXACT_LABEL_MATCH			1,4-beta-poly-N-acetylglucosaminidase | chitinase | chitodextrinase | poly-beta-glucosaminidase		SEMANTIC_NOT_LEXICAL
causal_node	data/traits/**/*.yaml	data/traits/metabolism/biopolymer_degradation.yaml | data/traits/metabolism/cellulolysis.yaml	2	endoglucanase	GENE_OR_PROTEIN	GO:0008810	cellulase activity	NO_EXACT_LABEL_MATCH					SEMANTIC_NOT_LEXICAL
causal_node	data/traits/**/*.yaml	data/traits/ecology/endosymbiosis.yaml	1	endosymbiosis	TRAIT	traitmech:000045							NO_DIRECT_SOURCE
causal_node	data/traits/**/*.yaml	data/traits/genomics/gc_content.yaml	1	error-prone translesion synthesis	BIOLOGICAL_PROCESS	GO:0042276	error-prone translesion synthesis	CANONICAL_LABEL			mutagenic PRR		EXACT_LEXICAL
causal_node	data/traits/**/*.yaml	data/traits/physiology/natural_competence.yaml	1	establishment of competence for transformation	BIOLOGICAL_PROCESS	GO:0030420	establishment of competence for transformation	CANONICAL_LABEL					EXACT_LEXICAL
causal_node	data/traits/**/*.yaml	data/traits/metabolism/ethanol_fermentation.yaml | data/traits/metabolism/lactic_acid_fermentation.yaml	2	ethanol	CHEMICAL	CHEBI:16236	ethanol	CANONICAL_LABEL			ETHANOL | Ethanol | ethanol		EXACT_LEXICAL
causal_node	data/traits/**/*.yaml	data/traits/metabolism/ethanol_fermentation.yaml	1	ethanol fermentation	TRAIT	traitmech:000028							NO_DIRECT_SOURCE
causal_node	data/traits/**/*.yaml	data/traits/environment/euryhaline.yaml	1	euryhaline	TRAIT	METPO:1000627	euryhaline	CANONICAL_LABEL					EXACT_LEXICAL
causal_node	data/traits/**/*.yaml	data/traits/morphology/polyphosphate_granule.yaml	1	exopolyphosphatase (PPX)	GENE_OR_PROTEIN	GO:0004309	exopolyphosphatase activity	NO_EXACT_LABEL_MATCH					SEMANTIC_NOT_LEXICAL
causal_node	data/traits/**/*.yaml	data/traits/ecology/biofilm_formation.yaml	1	extracellular matrix	CELLULAR_LOCALIZATION	GO:0031012	extracellular matrix	CANONICAL_LABEL			proteinaceous extracellular matrix		EXACT_LEXICAL
causal_node	data/traits/**/*.yaml	data/traits/environment/extreme_hyperthermophilic.yaml	1	extreme hyperthermophilic	TRAIT	METPO:1000721	extreme hyperthermophilic	CANONICAL_LABEL					EXACT_LEXICAL
causal_node	data/traits/**/*.yaml	data/traits/environment/extremely_halophilic.yaml	1	extremely halophilic	TRAIT	METPO:1000628	extremely halophilic	CANONICAL_LABEL					EXACT_LEXICAL
causal_node	data/traits/**/*.yaml	data/traits/environment/facultative_oxygen_preference.yaml | data/traits/environment/oxygen_preference.yaml	2	facultative oxygen preference	TRAIT	METPO:1000612	facultative oxygen preference	CANONICAL_LABEL					EXACT_LEXICAL
causal_node	data/traits/**/*.yaml	data/traits/environment/facultative_psychrophilic.yaml	1	facultative psychrophilic	TRAIT	METPO:1000720	facultative psychrophilic	CANONICAL_LABEL					EXACT_LEXICAL
causal_node	data/traits/**/*.yaml	data/traits/environment/facultatively_acidophilic.yaml	1	facultatively acidophilic	TRAIT	METPO:1003007	facultatively acidophilic	CANONICAL_LABEL			facultative acidophile | facultatively acidophilic		EXACT_LEXICAL
causal_node	data/traits/**/*.yaml	data/traits/environment/facultatively_aerobic.yaml	1	facultatively aerobic	TRAIT	METPO:1000608	facultatively aerobic	CANONICAL_LABEL					EXACT_LEXICAL
causal_node	data/traits/**/*.yaml	data/traits/environment/facultatively_alkaphilic.yaml	1	facultatively alkaphilic	TRAIT	METPO:1003005	facultatively alkaliphilic	NO_EXACT_LABEL_MATCH			facultative alkaliphile | facultative alkaphilic | facultatively alkaliphilic		SEMANTIC_NOT_LEXICAL
causal_node	data/traits/**/*.yaml	data/traits/environment/facultatively_anaerobic.yaml	1	facultatively anaerobic	TRAIT	METPO:1000605	facultatively anaerobic	CANONICAL_LABEL					EXACT_LEXICAL
causal_node	data/traits/**/*.yaml	data/traits/environment/facultative_psychrophilic.yaml | data/traits/environment/temperature_preference.yaml	2	fatty acid desaturase	GENE_OR_PROTEIN	InterPro:IPR012171							NO_DIRECT_SOURCE
causal_node	data/traits/**/*.yaml	data/traits/metabolism/ethanol_fermentation.yaml | data/traits/metabolism/fermentative_hydrogen_production.yaml | data/traits/metabolism/lactic_acid_fermentation.yaml | data/traits/metabolism/mixed_acid_fermentation.yaml | data/traits/metabolism/propionic_acid_fermentation.yaml | data/traits/metabolism/substrate_level_phosphorylation.yaml | data/traits/physiology/chemoorganoheterotrophic.yaml | data/traits/physiology/chemoorganotrophic.yaml | data/traits/physiology/heterotrophic.yaml	9	fermentation	BIOLOGICAL_PROCESS	GO:0006113	fermentation	CANONICAL_LABEL					EXACT_LEXICAL
causal_node	data/traits/**/*.yaml	data/traits/physiology/chemoheterotrophic.yaml	1	fermentation	BIOLOGICAL_PROCESS	METPO:1002005	Fermentation	CANONICAL_LABEL					EXACT_LEXICAL
causal_node	data/traits/**/*.yaml	data/traits/metabolism/fermentative_hydrogen_production.yaml	1	fermentative hydrogen production	TRAIT	traitmech:000109							NO_DIRECT_SOURCE
causal_node	data/traits/**/*.yaml	data/traits/metabolism/oxygenic_photosynthesis.yaml	1	ferredoxin-NADP+ reductase	GENE_OR_PROTEIN	GO:0004324	ferredoxin-NADP+ reductase activity	NO_EXACT_LABEL_MATCH			ferredoxin-NADP reductase activity		SEMANTIC_NOT_LEXICAL
causal_node	data/traits/**/*.yaml	data/traits/metabolism/iron_oxidation.yaml	1	ferric iron	CHEMICAL	CHEBI:29034	iron(3+)	NO_EXACT_LABEL_MATCH			Iron(3+) | iron(3+) | iron(3+) ion | iron(III) cation		SEMANTIC_NOT_LEXICAL
causal_node	data/traits/**/*.yaml	data/traits/metabolism/iron_oxidation.yaml | data/traits/physiology/chemoautolithotrophic.yaml | data/traits/physiology/chemolithoheterotrophic.yaml | data/traits/physiology/lithoheterotrophic.yaml | data/traits/physiology/photolithotrophic.yaml	5	ferrous iron	CHEMICAL	CHEBI:29033	iron(2+)	NO_EXACT_LABEL_MATCH			Iron(2+) | iron(2+) | iron(2+) ion | iron(II) cation		SEMANTIC_NOT_LEXICAL
causal_node	data/traits/**/*.yaml	data/traits/morphology/filament_shaped.yaml	1	filament shaped	TRAIT	METPO:1000674	filament shaped	CANONICAL_LABEL					EXACT_LEXICAL
causal_node	data/traits/**/*.yaml	data/traits/morphology/flagellar_arrangement.yaml	1	flagellar arrangement	TRAIT	traitmech:000056							NO_DIRECT_SOURCE
causal_node	data/traits/**/*.yaml	data/traits/morphology/flagellated.yaml	1	flagellar filament	CELLULAR_LOCALIZATION	GO:0009420	bacterial-type flagellum filament	EXACT_SYNONYM			flagellar filament | flagellin-based flagellum filament		EXACT_LEXICAL
causal_node	data/traits/**/*.yaml	data/traits/morphology/flagellated.yaml	1	flagellar hook	CELLULAR_LOCALIZATION	GO:0009424	bacterial-type flagellum hook	EXACT_SYNONYM			flagellar hook | flagellin-based flagellum hook		EXACT_LEXICAL
causal_node	data/traits/**/*.yaml	data/traits/ecology/soil_dwelling.yaml	1	flagellar motility	BIOLOGICAL_PROCESS	GO:0071973	bacterial-type flagellum-dependent cell motility	NO_EXACT_LABEL_MATCH			flagellin-based flagellar cell motility		SEMANTIC_NOT_LEXICAL
causal_node	data/traits/**/*.yaml	data/traits/morphology/flagellated.yaml	1	flagellated	TRAIT	METPO:1000704	flagellated	CANONICAL_LABEL					EXACT_LEXICAL
causal_node	data/traits/**/*.yaml	data/traits/morphology/flask_shaped.yaml	1	flask shaped	TRAIT	METPO:1000675	flask shaped	CANONICAL_LABEL					EXACT_LEXICAL
causal_node	data/traits/**/*.yaml	data/traits/morphology/spore_forming.yaml	1	forespore	CELLULAR_LOCALIZATION	GO:0042763	intracellular immature spore	NO_EXACT_LABEL_MATCH					SEMANTIC_NOT_LEXICAL
causal_node	data/traits/**/*.yaml	data/traits/physiology/methanotrophic.yaml | data/traits/physiology/methylotrophic.yaml	2	formaldehyde	CHEMICAL	CHEBI:16842	formaldehyde	CANONICAL_LABEL			Formaldehyde | formaldehyde		EXACT_LEXICAL
causal_node	data/traits/**/*.yaml	data/traits/physiology/methanotrophic.yaml	1	formaldehyde assimilation	PATHWAY	GO:0019649	formaldehyde assimilation	CANONICAL_LABEL					EXACT_LEXICAL
causal_node	data/traits/**/*.yaml	data/traits/metabolism/syntrophy.yaml	1	formate	CHEMICAL	CHEBI:15740	formate	CANONICAL_LABEL			formate		EXACT_LEXICAL
causal_node	data/traits/**/*.yaml	data/traits/metabolism/homoacetogenesis.yaml	1	formate dehydrogenase	GENE_OR_PROTEIN	GO:0009326	formate dehydrogenase complex	NO_EXACT_LABEL_MATCH					SEMANTIC_NOT_LEXICAL
causal_node	data/traits/**/*.yaml	data/traits/metabolism/wood_ljungdahl_pathway.yaml	1	formate dehydrogenase (FDH)	GENE_OR_PROTEIN	GO:0009326	formate dehydrogenase complex	NO_EXACT_LABEL_MATCH					SEMANTIC_NOT_LEXICAL
causal_node	data/traits/**/*.yaml	data/traits/physiology/methylotrophic.yaml	1	formate dehydrogenase (Fdh)	GENE_OR_PROTEIN	GO:0009326	formate dehydrogenase complex	NO_EXACT_LABEL_MATCH					SEMANTIC_NOT_LEXICAL
causal_node	data/traits/**/*.yaml	data/traits/metabolism/syntrophy.yaml	1	formate dehydrogenase complex	GENE_OR_PROTEIN	GO:0009326	formate dehydrogenase complex	CANONICAL_LABEL					EXACT_LEXICAL
causal_node	data/traits/**/*.yaml	data/traits/metabolism/wood_ljungdahl_pathway.yaml	1	formyl-THF synthetase (FTS/Fhs)	GENE_OR_PROTEIN	GO:0004329	formate-tetrahydrofolate ligase activity	NO_EXACT_LABEL_MATCH			10-formyl-THF synthetase activity		SEMANTIC_NOT_LEXICAL
causal_node	data/traits/**/*.yaml	data/traits/metabolism/homoacetogenesis.yaml	1	formyl-THF synthetase (Fhs)	GENE_OR_PROTEIN	GO:0004329	formate-tetrahydrofolate ligase activity	NO_EXACT_LABEL_MATCH			10-formyl-THF synthetase activity		SEMANTIC_NOT_LEXICAL
causal_node	data/traits/**/*.yaml	data/traits/ecology/free_living.yaml	1	free-living	TRAIT	traitmech:000048							NO_DIRECT_SOURCE
causal_node	data/traits/**/*.yaml	data/traits/metabolism/propionic_acid_fermentation.yaml	1	fumarate	CHEMICAL	CHEBI:29806	fumarate(2-)	NO_EXACT_LABEL_MATCH			(2E)-but-2-enedioate		SEMANTIC_NOT_LEXICAL
causal_node	data/traits/**/*.yaml	data/traits/morphology/fusiform_shaped.yaml	1	fusiform shaped	TRAIT	METPO:1000690	fusiform shaped	CANONICAL_LABEL					EXACT_LEXICAL
causal_node	data/traits/**/*.yaml	data/traits/morphology/intracellular_inclusion.yaml	1	gas vesicle	ORGANELLE	GO:0031411	gas vesicle	CANONICAL_LABEL					EXACT_LEXICAL
causal_node	data/traits/**/*.yaml	data/traits/morphology/gas_vesicle.yaml	1	gas vesicle	TRAIT	traitmech:000070							NO_DIRECT_SOURCE
causal_node	data/traits/**/*.yaml	data/traits/morphology/gas_vesicle.yaml	1	gas vesicle formation	BIOLOGICAL_PROCESS	GO:0031412	gas vesicle organization	NO_EXACT_LABEL_MATCH			gas vesicle organisation		SEMANTIC_NOT_LEXICAL
causal_node	data/traits/**/*.yaml	data/traits/morphology/gas_vesicle.yaml	1	gas vesicle shell	CELLULAR_LOCALIZATION	GO:0033172	gas vesicle shell	CANONICAL_LABEL			gas vesicle wall		EXACT_LEXICAL
causal_node	data/traits/**/*.yaml	data/traits/genomics/genome_size.yaml	1	genome size	TRAIT	traitmech:000098							NO_DIRECT_SOURCE
causal_node	data/traits/**/*.yaml	data/traits/genomics/genome_streamlining.yaml	1	genome streamlining	TRAIT	traitmech:000099							NO_DIRECT_SOURCE
causal_node	data/traits/**/*.yaml	data/traits/genomics/genomic_island.yaml	1	genomic island	TRAIT	traitmech:000093							NO_DIRECT_SOURCE
causal_node	data/traits/**/*.yaml	data/traits/morphology/gliding.yaml	1	gliding	TRAIT	METPO:1000706	gliding	CANONICAL_LABEL					EXACT_LEXICAL
causal_node	data/traits/**/*.yaml	data/traits/ecology/saprotrophy.yaml | data/traits/metabolism/biopolymer_degradation.yaml | data/traits/metabolism/cellulolysis.yaml | data/traits/metabolism/lactic_acid_fermentation.yaml | data/traits/metabolism/starch_degradation.yaml | data/traits/physiology/lithoheterotrophic.yaml | data/traits/physiology/organotrophic.yaml	7	glucose	CHEMICAL	CHEBI:17234	glucose	CANONICAL_LABEL			gluco-hexose | Glucose | glucose		EXACT_LEXICAL
causal_node	data/traits/**/*.yaml	data/traits/environment/zinc_tolerant.yaml	1	glutathione	CHEMICAL	CHEBI:16856	glutathione	CANONICAL_LABEL			L-gamma-glutamyl-L-cysteinylglycine		EXACT_LEXICAL
causal_node	data/traits/**/*.yaml	data/traits/environment/euryhaline.yaml | data/traits/environment/haloalkaliphilic.yaml | data/traits/environment/moderately_halophilic.yaml | data/traits/environment/nacl_optimum_mid1.yaml | data/traits/environment/nacl_optimum_mid2.yaml | data/traits/environment/nacl_range_mid2.yaml | data/traits/environment/salinity_phenotype_with_numerical_limits.yaml | data/traits/environment/temperature_optimum_very_low.yaml	8	glycine betaine	CHEMICAL	CHEBI:17750	glycine betaine	CANONICAL_LABEL			(trimethylammonio)acetate		EXACT_LEXICAL
causal_node	data/traits/**/*.yaml	data/traits/environment/euryhaline.yaml | data/traits/environment/halotolerant.yaml | data/traits/environment/nacl_range_low.yaml	3	glycine betaine biosynthesis	BIOLOGICAL_PROCESS	GO:0031456	glycine betaine biosynthetic process	EXACT_SYNONYM			glycine betaine anabolism | glycine betaine biosynthesis | glycine betaine formation | glycine betaine synthesis | N-trimethylglycine biosynthesis | N-trimethylglycine biosynthetic process		EXACT_LEXICAL
causal_node	data/traits/**/*.yaml	data/traits/physiology/heterotrophic.yaml	1	glyoxylate cycle	PATHWAY	GO:0006097	glyoxylate cycle	CANONICAL_LABEL			glyoxylate bypass		EXACT_LEXICAL
causal_node	data/traits/**/*.yaml	data/traits/morphology/gram_negative.yaml	1	gram negative	TRAIT	METPO:1000699	gram negative	CANONICAL_LABEL					EXACT_LEXICAL
causal_node	data/traits/**/*.yaml	data/traits/morphology/gram_positive.yaml	1	gram positive	TRAIT	METPO:1000698	gram positive	CANONICAL_LABEL					EXACT_LEXICAL
causal_node	data/traits/**/*.yaml	data/traits/morphology/gram_stain.yaml	1	gram stain	TRAIT	METPO:1000697	gram stain	CANONICAL_LABEL					EXACT_LEXICAL
causal_node	data/traits/**/*.yaml	data/traits/morphology/gram_variable.yaml	1	gram variable	TRAIT	METPO:1000700	gram variable	CANONICAL_LABEL					EXACT_LEXICAL
causal_node	data/traits/**/*.yaml	data/traits/morphology/green_pigmented.yaml	1	green pigmented	TRAIT	METPO:1003025	green pigmented	CANONICAL_LABEL					EXACT_LEXICAL
causal_node	data/traits/**/*.yaml	data/traits/environment/ph_delta_high.yaml	1	growth across external pH 5.5-9.0	TRAIT	METPO:1000332	pH range	NO_EXACT_LABEL_MATCH					SEMANTIC_NOT_LEXICAL
causal_node	data/traits/**/*.yaml	data/traits/environment/growth_range_phenotype_with_numerical_limits.yaml	1	growth range phenotype with numerical limits	TRAIT	METPO:1000535	growth range phenotype with numerical limits	CANONICAL_LABEL					EXACT_LEXICAL
causal_node	data/traits/**/*.yaml	data/traits/ecology/gut_associated.yaml	1	gut-associated	TRAIT	traitmech:000052							NO_DIRECT_SOURCE
causal_node	data/traits/**/*.yaml	data/traits/ecology/habitat_association.yaml	1	habitat	ENVIRONMENTAL_FACTOR	ENVO:01000739	habitat	CANONICAL_LABEL					EXACT_LEXICAL
causal_node	data/traits/**/*.yaml	data/traits/ecology/habitat_association.yaml	1	habitat association	TRAIT	traitmech:000047							NO_DIRECT_SOURCE
causal_node	data/traits/**/*.yaml	data/traits/environment/haloalkaliphilic.yaml	1	haloalkaliphilic	TRAIT	METPO:1000621	haloalkaliphilic	CANONICAL_LABEL					EXACT_LEXICAL
causal_node	data/traits/**/*.yaml	data/traits/environment/halophilic.yaml	1	halophilic	TRAIT	METPO:1000620	halophilic	CANONICAL_LABEL					EXACT_LEXICAL
causal_node	data/traits/**/*.yaml	data/traits/environment/halophily_preference.yaml	1	halophily preference	TRAIT	METPO:1000629	halophily preference	CANONICAL_LABEL					EXACT_LEXICAL
causal_node	data/traits/**/*.yaml	data/traits/environment/halotolerant.yaml	1	halotolerant	TRAIT	METPO:1000622	halotolerant	CANONICAL_LABEL					EXACT_LEXICAL
causal_node	data/traits/**/*.yaml	data/traits/morphology/helical_shaped.yaml	1	helical shaped	TRAIT	METPO:1000676	helical shaped	CANONICAL_LABEL					EXACT_LEXICAL
causal_node	data/traits/**/*.yaml	data/traits/physiology/oxidase_activity.yaml	1	heme a	CHEMICAL	CHEBI:24479	heme a	CANONICAL_LABEL			heme a		EXACT_LEXICAL
causal_node	data/traits/**/*.yaml	data/traits/physiology/catalase_activity.yaml	1	heme biosynthesis	BIOLOGICAL_PROCESS	GO:0006783	heme biosynthetic process	EXACT_SYNONYM			haem biosynthesis | haem biosynthetic process | heme anabolism | heme biosynthesis | heme formation | heme synthesis		EXACT_LEXICAL
causal_node	data/traits/**/*.yaml	data/traits/ecology/saprotrophy.yaml	1	hemicellulose	CHEMICAL	CHEBI:61266	hemicellulose	CANONICAL_LABEL					EXACT_LEXICAL
causal_node	data/traits/**/*.yaml	data/traits/morphology/heterocyst.yaml	1	heterocyst	TRAIT	traitmech:000073							NO_DIRECT_SOURCE
causal_node	data/traits/**/*.yaml	data/traits/morphology/heterocyst.yaml	1	heterocyst differentiation	BIOLOGICAL_PROCESS	GO:0043158	heterocyst development	NO_EXACT_LABEL_MATCH			heterocyst formation		SEMANTIC_NOT_LEXICAL
causal_node	data/traits/**/*.yaml	data/traits/physiology/heterotrophic.yaml | data/traits/physiology/trophic_type.yaml	2	heterotrophic	TRAIT	METPO:1000644	heterotrophic	CANONICAL_LABEL					EXACT_LEXICAL
causal_node	data/traits/**/*.yaml	data/traits/environment/pressure_optimum.yaml	1	high hydrostatic pressure tolerance	TRAIT	traitmech:000003							NO_DIRECT_SOURCE
causal_node	data/traits/**/*.yaml	data/traits/environment/non_halophilic.yaml	1	high osmolarity	ENVIRONMENTAL_FACTOR	PATO:0001657	increased osmolarity	EXACT_SYNONYM			high osmolarity		EXACT_LEXICAL
causal_node	data/traits/**/*.yaml	data/traits/environment/temperature_preference.yaml | data/traits/environment/thermophilic.yaml	2	high temperature	ENVIRONMENTAL_FACTOR	PATO:0001305	increased temperature	EXACT_SYNONYM			high temperature | hot		EXACT_LEXICAL
causal_node	data/traits/**/*.yaml	data/traits/environment/haloalkaliphilic.yaml | data/traits/environment/halophilic.yaml	2	high-salt environment	ENVIRONMENTAL_FACTOR	ENVO:01001040	saline environment	NO_EXACT_LABEL_MATCH					SEMANTIC_NOT_LEXICAL
causal_node	data/traits/**/*.yaml	data/traits/morphology/pigmentation.yaml	1	homogentisate	CHEMICAL	CHEBI:16169	homogentisate	CANONICAL_LABEL			(2,5-dihydroxyphenyl)acetate		EXACT_LEXICAL
causal_node	data/traits/**/*.yaml	data/traits/morphology/brown_pigmented.yaml	1	homogentisate 1,2-dioxygenase	GENE_OR_PROTEIN	GO:0004411	homogentisate 1,2-dioxygenase activity	NO_EXACT_LABEL_MATCH					SEMANTIC_NOT_LEXICAL
causal_node	data/traits/**/*.yaml	data/traits/morphology/brown_pigmented.yaml	1	homogentisic acid	CHEMICAL	CHEBI:44747	homogentisic acid	CANONICAL_LABEL			(2,5-dihydroxyphenyl)acetic acid		EXACT_LEXICAL
causal_node	data/traits/**/*.yaml	data/traits/environment/radiotolerant.yaml | data/traits/genomics/gc_mid2.yaml	2	homologous recombination	BIOLOGICAL_PROCESS	GO:0035825	homologous recombination	CANONICAL_LABEL			interchromosomal DNA recombination | interstrand DNA recombination		EXACT_LEXICAL
causal_node	data/traits/**/*.yaml	data/traits/environment/facultatively_acidophilic.yaml	1	hopanoid biosynthetic process	BIOLOGICAL_PROCESS	GO:0019746	hopanoid biosynthetic process	CANONICAL_LABEL			hopanoid anabolism | hopanoid biosynthesis | hopanoid formation | hopanoid synthesis		EXACT_LEXICAL
causal_node	data/traits/**/*.yaml	data/traits/ecology/human_pathogen.yaml | data/traits/ecology/pathogenic_to_host.yaml | data/traits/genomics/genome_size.yaml | data/traits/genomics/genomic_island.yaml | data/traits/genomics/mobile_genetic_element.yaml | data/traits/genomics/pangenome_openness.yaml	6	horizontal gene transfer	BIOLOGICAL_PROCESS	GO:0009292	horizontal gene transfer	CANONICAL_LABEL			genetic transfer | lateral gene transfer		EXACT_LEXICAL
causal_node	data/traits/**/*.yaml	data/traits/ecology/host_associated.yaml	1	host-associated	TRAIT	traitmech:000049							NO_DIRECT_SOURCE
causal_node	data/traits/**/*.yaml	data/traits/ecology/human_pathogen.yaml	1	human pathogen	TRAIT	METPO:1004004	human pathogen	CANONICAL_LABEL					EXACT_LEXICAL
causal_node	data/traits/**/*.yaml	data/traits/environment/aerotolerant.yaml | data/traits/environment/microaerophilic.yaml | data/traits/environment/microaerotolerant.yaml | data/traits/environment/obligately_aerobic.yaml | data/traits/environment/obligately_anaerobic.yaml | data/traits/environment/oxygen_preference.yaml | data/traits/physiology/catalase_activity.yaml | data/traits/physiology/oxidative_stress_response.yaml	8	hydrogen peroxide	CHEMICAL	CHEBI:16240	hydrogen peroxide	CANONICAL_LABEL			bis(hydridooxygen)(O--O) | dihydrogen peroxide | dihydrogen(peroxide) | dioxidane | HYDROGEN PEROXIDE | Hydrogen peroxide | hydrogen peroxide		EXACT_LEXICAL
causal_node	data/traits/**/*.yaml	data/traits/environment/aerotolerant.yaml	1	hydrogen peroxide detoxification	BIOLOGICAL_PROCESS	GO:0042744	hydrogen peroxide catabolic process	NO_EXACT_LABEL_MATCH			H2O2 catabolic process | hydrogen peroxide breakdown | hydrogen peroxide catabolism | hydrogen peroxide degradation		SEMANTIC_NOT_LEXICAL
causal_node	data/traits/**/*.yaml	data/traits/metabolism/sulfur_oxidation.yaml | data/traits/physiology/photolithotrophic.yaml	2	hydrogen sulfide	CHEMICAL	CHEBI:16136	hydrogen sulfide	CANONICAL_LABEL			dihydridosulfur | dihydrogen(sulfide) | Hydrogen sulfide | hydrogen sulfide | sulfane		EXACT_LEXICAL
causal_node	data/traits/**/*.yaml	data/traits/metabolism/three_hydroxypropionate_bicycle.yaml | data/traits/metabolism/three_hydroxypropionate_four_hydroxybutyrate_cycle.yaml	2	hydrogencarbonate	CHEMICAL	CHEBI:17544	hydrogencarbonate	CANONICAL_LABEL			hydrogen(trioxidocarbonate)(1-) | Hydrogencarbonate | hydrogencarbonate | hydrogencarbonate(1-) | hydrogentrioxocarbonate(1-) | hydrogentrioxocarbonate(IV) | hydroxidodioxidocarbonate(1-)		EXACT_LEXICAL
causal_node	data/traits/**/*.yaml	data/traits/physiology/hydrogenotrophic.yaml	1	hydrogenotrophic	TRAIT	METPO:1000646	hydrogenotrophic	CANONICAL_LABEL					EXACT_LEXICAL
causal_node	data/traits/**/*.yaml	data/traits/environment/piezotolerant.yaml | data/traits/environment/pressure_delta.yaml | data/traits/environment/pressure_optimum.yaml | data/traits/environment/pressure_range.yaml | data/traits/morphology/gas_vesicle.yaml	5	hydrostatic pressure	ENVIRONMENTAL_FACTOR	PATO:0001025	pressure	NO_EXACT_LABEL_MATCH					SEMANTIC_NOT_LEXICAL
causal_node	data/traits/**/*.yaml	data/traits/physiology/urease_activity.yaml	1	hydroxide	CHEMICAL	CHEBI:16234	hydroxide	CANONICAL_LABEL			hydridooxygenate(1-) | hydroxide | oxidanide		EXACT_LEXICAL
causal_node	data/traits/**/*.yaml	data/traits/environment/alkalotolerant.yaml	1	hydroxide ion	CHEMICAL	CHEBI:16234	hydroxide	NO_EXACT_LABEL_MATCH			hydridooxygenate(1-) | hydroxide | oxidanide		SEMANTIC_NOT_LEXICAL
causal_node	data/traits/**/*.yaml	data/traits/environment/moderately_halophilic.yaml	1	hydroxyectoine	CHEMICAL	CHEBI:49432	5-hydroxyectoine	NO_EXACT_LABEL_MATCH			(4S,5S)-5-hydroxy-2-methyl-1,4,5,6-tetrahydropyrimidine-4-carboxylic acid		SEMANTIC_NOT_LEXICAL
causal_node	data/traits/**/*.yaml	data/traits/environment/obligately_anaerobic.yaml	1	hydroxyl radical	CHEMICAL	CHEBI:29191	hydroxyl	NO_EXACT_LABEL_MATCH			hydridooxygen(.) | oxidanyl		SEMANTIC_NOT_LEXICAL
causal_node	data/traits/**/*.yaml	data/traits/physiology/chemolithotrophic.yaml | data/traits/physiology/lithotrophic.yaml	2	hydroxylamine	CHEMICAL	CHEBI:15429	hydroxylamine	CANONICAL_LABEL			dihydridohydroxidonitrogen | Hydroxylamine | hydroxylamine		EXACT_LEXICAL
causal_node	data/traits/**/*.yaml	data/traits/physiology/lithotrophic.yaml	1	hydroxylamine oxidoreductase (HAO)	GENE_OR_PROTEIN	GO:0033740	hydroxylamine oxidoreductase activity	NO_EXACT_LABEL_MATCH					SEMANTIC_NOT_LEXICAL
causal_node	data/traits/**/*.yaml	data/traits/environment/hyperthermophilic.yaml	1	hyperthermophilic	TRAIT	METPO:1000617	hyperthermophilic	CANONICAL_LABEL					EXACT_LEXICAL
causal_node	data/traits/**/*.yaml	data/traits/physiology/photolithoautotrophic.yaml	1	inorganic carbon transporter	GENE_OR_PROTEIN	InterPro:IPR006007							NO_DIRECT_SOURCE
causal_node	data/traits/**/*.yaml	data/traits/physiology/chemoautolithotrophic.yaml | data/traits/physiology/chemolithoautotrophic.yaml | data/traits/physiology/lithoautotrophic.yaml | data/traits/physiology/lithoheterotrophic.yaml | data/traits/physiology/lithotrophic.yaml | data/traits/physiology/photolithoautotrophic.yaml | data/traits/physiology/photolithotrophic.yaml	7	inorganic electron donor	CHEMICAL	METPO:1007502							TERM_NOT_FOUND
causal_node	data/traits/**/*.yaml	data/traits/morphology/intracellular_inclusion.yaml	1	intracellular inclusion	TRAIT	traitmech:000066							NO_DIRECT_SOURCE
causal_node	data/traits/**/*.yaml	data/traits/physiology/methanotrophic.yaml	1	intracellular membrane	CELLULAR_LOCALIZATION	GO:0031090	organelle membrane	NO_EXACT_LABEL_MATCH					SEMANTIC_NOT_LEXICAL
causal_node	data/traits/**/*.yaml	data/traits/environment/ionizing_radiation_tolerant.yaml	1	ionizing radiation tolerant	TRAIT	traitmech:000008							NO_DIRECT_SOURCE
causal_node	data/traits/**/*.yaml	data/traits/metabolism/iron_oxidation.yaml	1	iron oxidation	TRAIT	traitmech:000107							NO_DIRECT_SOURCE
causal_node	data/traits/**/*.yaml	data/traits/metabolism/dissimilatory_iron_reduction.yaml	1	iron(2+)	CHEMICAL	CHEBI:29033	iron(2+)	CANONICAL_LABEL			Iron(2+) | iron(2+) | iron(2+) ion | iron(II) cation		EXACT_LEXICAL
causal_node	data/traits/**/*.yaml	data/traits/metabolism/dissimilatory_iron_reduction.yaml	1	iron(3+)	CHEMICAL	CHEBI:29034	iron(3+)	CANONICAL_LABEL			Iron(3+) | iron(3+) | iron(3+) ion | iron(III) cation		EXACT_LEXICAL
causal_node	data/traits/**/*.yaml	data/traits/morphology/irregular_shaped.yaml	1	irregular shaped	TRAIT	METPO:1000691	irregular shaped	CANONICAL_LABEL					EXACT_LEXICAL
causal_node	data/traits/**/*.yaml	data/traits/metabolism/substrate_level_phosphorylation.yaml	1	kinase reaction	MOLECULAR_FUNCTION	GO:0016301	kinase activity	NO_EXACT_LABEL_MATCH			phosphokinase activity		SEMANTIC_NOT_LEXICAL
causal_node	data/traits/**/*.yaml	data/traits/metabolism/lignin_degradation.yaml	1	laccase	GENE_OR_PROTEIN	GO:0052716	hydroquinone:oxygen oxidoreductase activity	NO_EXACT_LABEL_MATCH			p-diphenol:oxygen oxidoreductase activity		SEMANTIC_NOT_LEXICAL
causal_node	data/traits/**/*.yaml	data/traits/ecology/saprotrophy.yaml	1	laccase	GENE_OR_PROTEIN	InterPro:IPR017761							NO_DIRECT_SOURCE
causal_node	data/traits/**/*.yaml	data/traits/metabolism/lactic_acid_fermentation.yaml	1	lactate	CHEMICAL	CHEBI:24996	lactate	CANONICAL_LABEL			2-hydroxypropanoate		EXACT_LEXICAL
causal_node	data/traits/**/*.yaml	data/traits/metabolism/lactic_acid_fermentation.yaml	1	lactate dehydrogenase	GENE_OR_PROTEIN	GO:0004457	lactate dehydrogenase activity	NO_EXACT_LABEL_MATCH					SEMANTIC_NOT_LEXICAL
causal_node	data/traits/**/*.yaml	data/traits/metabolism/lactic_acid_fermentation.yaml	1	lactic acid fermentation	TRAIT	traitmech:000026							NO_DIRECT_SOURCE
causal_node	data/traits/**/*.yaml	data/traits/metabolism/phototrophy.yaml | data/traits/physiology/photoautotrophic.yaml | data/traits/physiology/photoheterotrophic.yaml | data/traits/physiology/photolithoautotrophic.yaml | data/traits/physiology/photolithotrophic.yaml | data/traits/physiology/photoorganoheterotrophic.yaml | data/traits/physiology/phototrophic.yaml	7	light	ENVIRONMENTAL_FACTOR	PATO:0001717	radiation emitting intensity quality	NO_EXACT_LABEL_MATCH					SEMANTIC_NOT_LEXICAL
causal_node	data/traits/**/*.yaml	data/traits/ecology/saprotrophy.yaml | data/traits/metabolism/biopolymer_degradation.yaml	2	lignin	CHEMICAL	CHEBI:6457	lignin	CANONICAL_LABEL					EXACT_LEXICAL
causal_node	data/traits/**/*.yaml	data/traits/metabolism/lignin_degradation.yaml	1	lignin degradation	TRAIT	traitmech:000114							NO_DIRECT_SOURCE
causal_node	data/traits/**/*.yaml	data/traits/metabolism/lignin_degradation.yaml	1	lignin peroxidase	GENE_OR_PROTEIN	GO:0016690	diarylpropane peroxidase activity	NO_EXACT_LABEL_MATCH					SEMANTIC_NOT_LEXICAL
causal_node	data/traits/**/*.yaml	data/traits/morphology/sphere_shaped.yaml	1	lipid II	CHEMICAL	CHEBI:27692	lipid II	CANONICAL_LABEL			N-[(2R)-2-{[(2R,3R,4R,5S,6R)-3-acetamido-5-{[(2S,3R,4R,5S,6R)-3-acetamido-4,5-dihydroxy-6-(hydroxymethyl)tetrahydro-2H-pyran-2-yl]oxy}-2-({hydroxy[(hydroxy{[(2Z,6Z,10Z,14Z,18Z,22Z,26Z,30Z,34E,38E)-3,7,11,15,19,23,27,31,35,39,43-undecamethyltetratetraconta-2,6,10,14,18,22,26,30,34,38,42-undecaen-1-yl]oxy}phosphoryl)oxy]phosphoryl}oxy)-6-(hydroxymethyl)tetrahydro-2H-pyran-4-yl]oxy}propanoyl]-L-alanyl-D-gamma-glutamyl-L-lysyl-D-alanyl-D-alanine		EXACT_LEXICAL
causal_node	data/traits/**/*.yaml	data/traits/morphology/gram_negative.yaml	1	lipopolysaccharide	CHEMICAL	CHEBI:16412	lipopolysaccharide	CANONICAL_LABEL					EXACT_LEXICAL
causal_node	data/traits/**/*.yaml	data/traits/morphology/streptococcus_arrangement.yaml	1	lipoteichoic acid	CHEMICAL	CHEBI:28640	lipoteichoic acid	CANONICAL_LABEL					EXACT_LEXICAL
causal_node	data/traits/**/*.yaml	data/traits/morphology/gram_positive.yaml	1	lipoteichoic acids	CHEMICAL	CHEBI:28640	lipoteichoic acid	NO_EXACT_LABEL_MATCH					SEMANTIC_NOT_LEXICAL
causal_node	data/traits/**/*.yaml	data/traits/physiology/lithoautotrophic.yaml	1	lithoautotrophic	TRAIT	METPO:1000647	lithoautotrophic	CANONICAL_LABEL					EXACT_LEXICAL
causal_node	data/traits/**/*.yaml	data/traits/physiology/lithoheterotrophic.yaml	1	lithoheterotrophic	TRAIT	METPO:1000648	lithoheterotrophic	CANONICAL_LABEL					EXACT_LEXICAL
causal_node	data/traits/**/*.yaml	data/traits/physiology/lithotrophic.yaml	1	lithotrophic	TRAIT	METPO:1000649	lithotrophic	CANONICAL_LABEL					EXACT_LEXICAL
causal_node	data/traits/**/*.yaml	data/traits/morphology/lophotrichous.yaml	1	lophotrichous	TRAIT	traitmech:000058							NO_DIRECT_SOURCE
causal_node	data/traits/**/*.yaml	data/traits/environment/facultative_psychrophilic.yaml | data/traits/environment/psychrophilic.yaml | data/traits/environment/psychrotolerant.yaml | data/traits/environment/temperature_optimum_low.yaml | data/traits/environment/temperature_preference.yaml | data/traits/environment/temperature_range_low.yaml | data/traits/environment/temperature_range_very_low.yaml	7	low temperature	ENVIRONMENTAL_FACTOR	PATO:0001306	decreased temperature	EXACT_SYNONYM			cold | low temperature		EXACT_LEXICAL
causal_node	data/traits/**/*.yaml	data/traits/morphology/cream_pigmented.yaml	1	low-level carotenoid biosynthesis	BIOLOGICAL_PROCESS	GO:0016117	carotenoid biosynthetic process	NO_EXACT_LABEL_MATCH			carotenoid anabolism | carotenoid biosynthesis | carotenoid formation | carotenoid synthesis		SEMANTIC_NOT_LEXICAL
causal_node	data/traits/**/*.yaml	data/traits/physiology/bioluminescence.yaml	1	luciferase	GENE_OR_PROTEIN	GO:0047646	alkanal monooxygenase (FMN-linked) activity	NO_EXACT_LABEL_MATCH					SEMANTIC_NOT_LEXICAL
causal_node	data/traits/**/*.yaml	data/traits/morphology/carotenoid_pigmentation.yaml | data/traits/morphology/orange_pigmented.yaml | data/traits/morphology/pink_pigmented.yaml | data/traits/morphology/red_pigmented.yaml | data/traits/morphology/yellow_pigmented.yaml	5	lycopene	CHEMICAL	CHEBI:15948	lycopene	CANONICAL_LABEL			psi,psi-carotene		EXACT_LEXICAL
causal_node	data/traits/**/*.yaml	data/traits/morphology/orange_pigmented.yaml	1	lycopene beta-cyclase (CrtY)	GENE_OR_PROTEIN	GO:0045436	lycopene beta cyclase activity	NO_EXACT_LABEL_MATCH					SEMANTIC_NOT_LEXICAL
causal_node	data/traits/**/*.yaml	data/traits/morphology/yellow_pigmented.yaml	1	lycopene biosynthesis	BIOLOGICAL_PROCESS	GO:1901177	lycopene biosynthetic process	EXACT_SYNONYM			lycopene anabolism | lycopene biosynthesis | lycopene formation | lycopene synthesis		EXACT_LEXICAL
causal_node	data/traits/**/*.yaml	data/traits/environment/hyperthermophilic.yaml	1	macrocyclic archaeol	CHEMICAL	CHEBI:193595	macrocyclic archaeol	CANONICAL_LABEL					EXACT_LEXICAL
causal_node	data/traits/**/*.yaml	data/traits/physiology/antibiotic_resistance.yaml	1	macrolide antibiotic	CHEMICAL	CHEBI:25105	macrolide antibiotic	CANONICAL_LABEL					EXACT_LEXICAL
causal_node	data/traits/**/*.yaml	data/traits/morphology/magnetosome.yaml	1	magnetosome	TRAIT	traitmech:000071							NO_DIRECT_SOURCE
causal_node	data/traits/**/*.yaml	data/traits/metabolism/starch_degradation.yaml	1	maltooligosaccharides	CHEMICAL	CHEBI:17593	maltooligosaccharide	NO_EXACT_LABEL_MATCH					SEMANTIC_NOT_LEXICAL
causal_node	data/traits/**/*.yaml	data/traits/metabolism/manganese_oxidation.yaml	1	manganese oxidation	TRAIT	traitmech:000032							NO_DIRECT_SOURCE
causal_node	data/traits/**/*.yaml	data/traits/metabolism/lignin_degradation.yaml | data/traits/metabolism/manganese_oxidation.yaml	2	manganese peroxidase	GENE_OR_PROTEIN	GO:0016689	manganese peroxidase activity	NO_EXACT_LABEL_MATCH					SEMANTIC_NOT_LEXICAL
causal_node	data/traits/**/*.yaml	data/traits/ecology/saprotrophy.yaml	1	manganese peroxidase (MnP)	GENE_OR_PROTEIN	GO:0016689	manganese peroxidase activity	NO_EXACT_LABEL_MATCH					SEMANTIC_NOT_LEXICAL
causal_node	data/traits/**/*.yaml	data/traits/metabolism/dissimilatory_manganese_reduction.yaml	1	manganese(2+)	CHEMICAL	CHEBI:29035	manganese(2+)	CANONICAL_LABEL			manganese(2+) | manganese(2+) ion | manganese(II) cation		EXACT_LEXICAL
causal_node	data/traits/**/*.yaml	data/traits/metabolism/manganese_oxidation.yaml	1	manganese(II)	CHEMICAL	CHEBI:29035	manganese(2+)	NO_EXACT_LABEL_MATCH			manganese(2+) | manganese(2+) ion | manganese(II) cation		SEMANTIC_NOT_LEXICAL
causal_node	data/traits/**/*.yaml	data/traits/metabolism/manganese_oxidation.yaml	1	manganese(III)	CHEMICAL	CHEBI:29041	manganese(3+)	NO_EXACT_LABEL_MATCH			manganese(3+) | manganese(3+) ion | manganese(III) cation		SEMANTIC_NOT_LEXICAL
causal_node	data/traits/**/*.yaml	data/traits/upper/material_entity.yaml | data/traits/upper/observation.yaml | data/traits/upper/quality.yaml	3	material entity	TRAIT	METPO:1000186	material entity	CANONICAL_LABEL					EXACT_LEXICAL
causal_node	data/traits/**/*.yaml	data/traits/upper/observation.yaml	1	measured quality	TRAIT	METPO:1000188	quality	NO_EXACT_LABEL_MATCH					SEMANTIC_NOT_LEXICAL
causal_node	data/traits/**/*.yaml	data/traits/morphology/white_pigmented.yaml	1	melanin	CHEMICAL	CHEBI:89634	Melanin	CANONICAL_LABEL					EXACT_LEXICAL
causal_node	data/traits/**/*.yaml	data/traits/morphology/black_pigmented.yaml | data/traits/morphology/white_pigmented.yaml	2	melanin biosynthesis	BIOLOGICAL_PROCESS	GO:0042438	melanin biosynthetic process	EXACT_SYNONYM			melanin anabolism | melanin biosynthesis | melanin formation | melanin synthesis		EXACT_LEXICAL
causal_node	data/traits/**/*.yaml	data/traits/metabolism/electron_transfer.yaml | data/traits/metabolism/respiration.yaml | data/traits/physiology/lithotrophic.yaml	3	membrane electron transport chain	PATHWAY	GO:0022900	electron transport chain	NO_EXACT_LABEL_MATCH					SEMANTIC_NOT_LEXICAL
causal_node	data/traits/**/*.yaml	data/traits/environment/facultative_psychrophilic.yaml | data/traits/environment/mesophilic.yaml | data/traits/environment/piezotolerant.yaml | data/traits/environment/psychrophilic.yaml | data/traits/environment/psychrotolerant.yaml | data/traits/environment/temperature_delta.yaml | data/traits/environment/temperature_delta_high.yaml | data/traits/environment/temperature_delta_mid1.yaml | data/traits/environment/temperature_delta_very_low.yaml | data/traits/environment/temperature_optimum.yaml | data/traits/environment/temperature_optimum_low.yaml | data/traits/environment/temperature_optimum_mid1.yaml | data/traits/environment/temperature_optimum_mid2.yaml | data/traits/environment/temperature_optimum_mid3.yaml | data/traits/environment/temperature_phenotype_with_numerical_limits.yaml | data/traits/environment/temperature_preference.yaml | data/traits/environment/temperature_range.yaml | data/traits/environment/temperature_range_low.yaml | data/traits/environment/temperature_range_mid1.yaml | data/traits/environment/temperature_range_mid2.yaml | data/traits/environment/temperature_range_mid4.yaml | data/traits/environment/temperature_range_very_low.yaml	22	membrane fluidity	QUALITY	METPO:1007505							TERM_NOT_FOUND
causal_node	data/traits/**/*.yaml	data/traits/physiology/hydrogenotrophic.yaml	1	membrane-bound NiFe uptake hydrogenase complex	GENE_OR_PROTEIN	GO:0044569	[Ni-Fe] hydrogenase complex	NO_EXACT_LABEL_MATCH			Ni-Fe hydrogenase complex | nickel-iron hydrogenase complex		SEMANTIC_NOT_LEXICAL
causal_node	data/traits/**/*.yaml	data/traits/environment/mercury_tolerant.yaml	1	mercury tolerant	TRAIT	traitmech:000016							NO_DIRECT_SOURCE
causal_node	data/traits/**/*.yaml	data/traits/environment/mercury_tolerant.yaml	1	mercury(0)	CHEMICAL	CHEBI:16170	mercury(0)	CANONICAL_LABEL			Mercury | mercury		EXACT_LEXICAL
causal_node	data/traits/**/*.yaml	data/traits/environment/mercury_tolerant.yaml	1	mercury(2+) ion	CHEMICAL	CHEBI:25195	mercury atom	NO_EXACT_LABEL_MATCH			mercury		SEMANTIC_NOT_LEXICAL
causal_node	data/traits/**/*.yaml	data/traits/environment/mesophilic.yaml	1	mesophilic	TRAIT	METPO:1000615	mesophilic	CANONICAL_LABEL					EXACT_LEXICAL
causal_node	data/traits/**/*.yaml	data/traits/metabolism/metabolism.yaml | data/traits/upper/biological_process.yaml	2	metabolism	TRAIT	METPO:1000060	metabolism	CANONICAL_LABEL					EXACT_LEXICAL
causal_node	data/traits/**/*.yaml	data/traits/environment/metal_tolerant.yaml	1	metal ion transmembrane export	BIOLOGICAL_PROCESS	GO:0030001	metal ion transport	NO_EXACT_LABEL_MATCH					SEMANTIC_NOT_LEXICAL
causal_node	data/traits/**/*.yaml	data/traits/environment/metal_tolerant.yaml	1	metal tolerant	TRAIT	traitmech:000012							NO_DIRECT_SOURCE
causal_node	data/traits/**/*.yaml	data/traits/metabolism/anaerobic_oxidation_of_methane.yaml | data/traits/metabolism/methanogenesis.yaml | data/traits/physiology/methanotrophic.yaml	3	methane	CHEMICAL	CHEBI:16183	methane	CANONICAL_LABEL			Methane | methane | tetrahydridocarbon		EXACT_LEXICAL
causal_node	data/traits/**/*.yaml	data/traits/physiology/methanotrophic.yaml	1	methane monooxygenase	GENE_OR_PROTEIN	GO:0015050	methane monooxygenase complex	NO_EXACT_LABEL_MATCH					SEMANTIC_NOT_LEXICAL
causal_node	data/traits/**/*.yaml	data/traits/physiology/methanotrophic.yaml	1	methanobactin	CHEMICAL	CHEBI:222862	Methanobactin	CANONICAL_LABEL			(2S)-2-[[(8S,11R,16R,19S)-23-hydroxy-11-[[(2S)-3-hydroxy-2-[[2-[(5-hydroxy-2-propan-2-yloxycarbonyl-1H-imidazol-4-yl)sulanylcarbonylamino]acetyl]amino]propanoyl]amino]-19-(hydroxymethyl)-8-[(4-hydroxyphenyl)methyl]-7,10,18-trioxo-21-sulanylidene-13,14-dithia-6,9,17,20,24,25-hexazatricyclo[20.2.1.02,6]pentacosa-1(24),22-diene-16-carbonyl]amino]-4-methylsulanylbutanoic acid		EXACT_LEXICAL
causal_node	data/traits/**/*.yaml	data/traits/metabolism/syntrophy.yaml	1	methanogenesis	PATHWAY	METPO:1000844	Methanogenesis	CANONICAL_LABEL					EXACT_LEXICAL
causal_node	data/traits/**/*.yaml	data/traits/physiology/methanotrophic.yaml | data/traits/physiology/methylotrophic.yaml	2	methanol	CHEMICAL	CHEBI:17790	methanol	CANONICAL_LABEL			METHANOL | Methanol | methanol		EXACT_LEXICAL
causal_node	data/traits/**/*.yaml	data/traits/physiology/methanotrophic.yaml	1	methanotrophic	TRAIT	METPO:1000650	methanotrophic	CANONICAL_LABEL					EXACT_LEXICAL
causal_node	data/traits/**/*.yaml	data/traits/metabolism/methanogenesis.yaml	1	methyl-coenzyme M reductase	GENE_OR_PROTEIN	GO:0044674	methyl coenzyme M reductase complex	NO_EXACT_LABEL_MATCH					SEMANTIC_NOT_LEXICAL
causal_node	data/traits/**/*.yaml	data/traits/metabolism/anaerobic_oxidation_of_methane.yaml	1	methyl-coenzyme M reductase (MCR)	GENE_OR_PROTEIN	GO:0044674	methyl coenzyme M reductase complex	NO_EXACT_LABEL_MATCH					SEMANTIC_NOT_LEXICAL
causal_node	data/traits/**/*.yaml	data/traits/metabolism/propionic_acid_fermentation.yaml	1	methylmalonyl-CoA carboxytransferase	GENE_OR_PROTEIN	GO:0047154	methylmalonyl-CoA carboxytransferase activity	NO_EXACT_LABEL_MATCH			methylmalonyl-CoA carboxyltransferase activity		SEMANTIC_NOT_LEXICAL
causal_node	data/traits/**/*.yaml	data/traits/physiology/methylotrophic.yaml	1	methylotrophic	TRAIT	METPO:1000651	methylotrophic	CANONICAL_LABEL					EXACT_LEXICAL
causal_node	data/traits/**/*.yaml	data/traits/metabolism/wood_ljungdahl_pathway.yaml	1	methyltransferase	GENE_OR_PROTEIN	GO:0102036	methyltetrahydrofolate:corrinoid/iron-sulfur protein methyltransferase activity	NO_EXACT_LABEL_MATCH					SEMANTIC_NOT_LEXICAL
causal_node	data/traits/**/*.yaml	data/traits/environment/microaerophilic.yaml | data/traits/environment/oxygen_preference.yaml	2	microaerophilic	TRAIT	METPO:1000604	microaerophilic	CANONICAL_LABEL					EXACT_LEXICAL
causal_node	data/traits/**/*.yaml	data/traits/environment/microaerotolerant.yaml	1	microaerotolerant	TRAIT	METPO:1000610	microaerotolerant	CANONICAL_LABEL					EXACT_LEXICAL
causal_node	data/traits/**/*.yaml	data/traits/metabolism/mixed_acid_fermentation.yaml	1	mixed-acid fermentation	TRAIT	traitmech:000027							NO_DIRECT_SOURCE
causal_node	data/traits/**/*.yaml	data/traits/physiology/mixotrophic.yaml	1	mixotrophic	TRAIT	METPO:1000652	mixotrophic	CANONICAL_LABEL					EXACT_LEXICAL
causal_node	data/traits/**/*.yaml	data/traits/genomics/mobile_genetic_element.yaml	1	mobile genetic element	TRAIT	traitmech:000089							NO_DIRECT_SOURCE
causal_node	data/traits/**/*.yaml	data/traits/environment/moderately_halophilic.yaml	1	moderately halophilic	TRAIT	METPO:1000623	moderately halophilic	CANONICAL_LABEL					EXACT_LEXICAL
causal_node	data/traits/**/*.yaml	data/traits/morphology/bacillus_shaped.yaml	1	moenomycin	CHEMICAL	CHEBI:28908	bambermycin	NO_EXACT_LABEL_MATCH			(2S,3S,4R,5R,6R)-5-{[(2S,3R,4R,5S,6R)-3-acetamido-5-{[(2S,3R,4R,5S,6R)-3-acetamido-4-hydroxy-6-methyl-5-({(2R,3R,4S,5R,6S)-3,4,5-trihydroxy-6-[(2-hydroxy-5-oxocyclopent-1-en-1-yl)carbamoyl]tetrahydro-2H-pyran-2-yl}oxy)tetrahydro-2H-pyran-2-yl]oxy}-4-hydroxy-6-({[(2R,3R,4S,5S,6R)-3,4,5-trihydroxy-6-(hydroxymethyl)tetrahydro-2H-pyran-2-yl]oxy}methyl)tetrahydro-2H-pyran-2-yl]oxy}-4-(carbamoyloxy)-6-({[(2R)-2-carboxy-2-{[(2E,6E,13E)-3,8,8,14,18-pentamethyl-11-methylenenonadeca-2,6,13,17-tetraen-1-yl]oxy}ethoxy](hydroxy)phosphoryl}oxy)-3-hydroxy-3-methyltetrahydro-2H-pyran-2-carboxylic acid		SEMANTIC_NOT_LEXICAL
causal_node	data/traits/**/*.yaml	data/traits/upper/biological_process.yaml	1	molecular function	MOLECULAR_FUNCTION	GO:0003674	molecular_function	EXACT_SYNONYM			molecular function		EXACT_LEXICAL
causal_node	data/traits/**/*.yaml	data/traits/metabolism/fermentative_hydrogen_production.yaml | data/traits/metabolism/homoacetogenesis.yaml | data/traits/metabolism/methanogenesis.yaml | data/traits/metabolism/mixed_acid_fermentation.yaml | data/traits/metabolism/syntrophy.yaml | data/traits/physiology/autotrophic.yaml | data/traits/physiology/chemolithoheterotrophic.yaml | data/traits/physiology/hydrogenotrophic.yaml | data/traits/physiology/lithoheterotrophic.yaml | data/traits/physiology/lithotrophic.yaml	10	molecular hydrogen	CHEMICAL	CHEBI:18276	dihydrogen	NO_EXACT_LABEL_MATCH			dihydrogen | Hydrogen		SEMANTIC_NOT_LEXICAL
causal_node	data/traits/**/*.yaml	data/traits/environment/aerobic.yaml | data/traits/environment/aerotolerant.yaml | data/traits/environment/anaerobic.yaml | data/traits/environment/facultative_oxygen_preference.yaml | data/traits/environment/facultatively_aerobic.yaml | data/traits/environment/facultatively_anaerobic.yaml | data/traits/environment/microaerophilic.yaml | data/traits/environment/obligately_aerobic.yaml | data/traits/environment/obligately_anaerobic.yaml | data/traits/environment/oxygen_preference.yaml | data/traits/environment/strictly_anaerobic.yaml | data/traits/metabolism/aerobic_respiration.yaml | data/traits/metabolism/cable_bacteria_metabolism.yaml | data/traits/metabolism/dicarboxylate_four_hydroxybutyrate_cycle.yaml | data/traits/metabolism/nitrogen_fixation.yaml | data/traits/metabolism/oxygenic_photosynthesis.yaml | data/traits/metabolism/respiration.yaml | data/traits/physiology/bioluminescence.yaml | data/traits/physiology/catalase_activity.yaml | data/traits/physiology/lithoheterotrophic.yaml | data/traits/physiology/lithotrophic.yaml | data/traits/physiology/methanotrophic.yaml | data/traits/physiology/oxidase_activity.yaml | data/traits/physiology/photoautotrophic.yaml	24	molecular oxygen	CHEMICAL	CHEBI:15379	dioxygen	NO_EXACT_LABEL_MATCH			dioxygen | Oxygen		SEMANTIC_NOT_LEXICAL
causal_node	data/traits/**/*.yaml	data/traits/physiology/catalase_activity.yaml	1	monofunctional heme catalase	GENE_OR_PROTEIN	InterPro:IPR018028							NO_DIRECT_SOURCE
causal_node	data/traits/**/*.yaml	data/traits/morphology/monotrichous.yaml	1	monotrichous	TRAIT	traitmech:000057							NO_DIRECT_SOURCE
causal_node	data/traits/**/*.yaml	data/traits/morphology/motile.yaml	1	motile	TRAIT	METPO:1000702	motile	CANONICAL_LABEL					EXACT_LEXICAL
causal_node	data/traits/**/*.yaml	data/traits/morphology/motility.yaml	1	motility	TRAIT	METPO:1000701	motility	CANONICAL_LABEL					EXACT_LEXICAL
causal_node	data/traits/**/*.yaml	data/traits/physiology/chemoheterotrophic.yaml	1	mtlD mannitol-1-phosphate dehydrogenase	GENE_OR_PROTEIN	InterPro:IPR023028							NO_DIRECT_SOURCE
causal_node	data/traits/**/*.yaml	data/traits/metabolism/manganese_oxidation.yaml	1	multicopper oxidase	GENE_OR_PROTEIN	InterPro:IPR045087							NO_DIRECT_SOURCE
causal_node	data/traits/**/*.yaml	data/traits/ecology/mutualism.yaml	1	mutualism	TRAIT	traitmech:000041							NO_DIRECT_SOURCE
causal_node	data/traits/**/*.yaml	data/traits/morphology/mycelial_growth.yaml	1	mycelial growth	TRAIT	traitmech:000074							NO_DIRECT_SOURCE
causal_node	data/traits/**/*.yaml	data/traits/environment/uv_radiation_tolerant.yaml	1	mycosporine-like amino acids	CHEMICAL	CHEBI:35738	mycosporine-like amino acid	NO_EXACT_LABEL_MATCH					SEMANTIC_NOT_LEXICAL
causal_node	data/traits/**/*.yaml	data/traits/physiology/natural_competence.yaml	1	natural competence	TRAIT	traitmech:000087							NO_DIRECT_SOURCE
causal_node	data/traits/**/*.yaml	data/traits/environment/facultatively_acidophilic.yaml | data/traits/environment/facultatively_alkaphilic.yaml | data/traits/environment/neutrophilic.yaml | data/traits/environment/ph_optimum_mid1.yaml	4	near-neutral external pH	ENVIRONMENTAL_FACTOR	PATO:0001428	medium acidity	NO_EXACT_LABEL_MATCH					SEMANTIC_NOT_LEXICAL
causal_node	data/traits/**/*.yaml	data/traits/environment/neutrophilic.yaml	1	neutrophilic	TRAIT	METPO:1003001	neutrophilic	CANONICAL_LABEL			neutralophile | neutralophilic | neutrophile		EXACT_LEXICAL
causal_node	data/traits/**/*.yaml	data/traits/environment/facultative_oxygen_preference.yaml | data/traits/metabolism/anaerobic_oxidation_of_methane.yaml | data/traits/metabolism/anaerobic_respiration.yaml | data/traits/metabolism/denitrification.yaml | data/traits/metabolism/dissimilatory_nitrate_reduction_to_ammonium.yaml | data/traits/metabolism/respiration.yaml | data/traits/physiology/hydrogenotrophic.yaml	7	nitrate	CHEMICAL	CHEBI:17632	nitrate	CANONICAL_LABEL			nitrate | trioxidonitrate(1-) | trioxonitrate(1-) | trioxonitrate(V)		EXACT_LEXICAL
causal_node	data/traits/**/*.yaml	data/traits/ecology/biofilm_formation.yaml	1	nitric oxide	CHEMICAL	CHEBI:16480	nitric oxide	CANONICAL_LABEL			oxidonitrogen(.) | oxoazanyl		EXACT_LEXICAL
causal_node	data/traits/**/*.yaml	data/traits/metabolism/anaerobic_oxidation_of_methane.yaml | data/traits/metabolism/anaerobic_respiration.yaml | data/traits/metabolism/dissimilatory_nitrate_reduction_to_ammonium.yaml | data/traits/physiology/chemolithotrophic.yaml | data/traits/physiology/lithotrophic.yaml	5	nitrite	CHEMICAL	CHEBI:16301	nitrite	CANONICAL_LABEL			dioxidonitrate(1-) | dioxonitrate(1-) | dioxonitrate(III) | Nitrite | nitrite		EXACT_LEXICAL
causal_node	data/traits/**/*.yaml	data/traits/ecology/nitrogen_fixing_symbiosis.yaml | data/traits/metabolism/nitrogen_fixation.yaml | data/traits/morphology/heterocyst.yaml	3	nitrogen fixation	BIOLOGICAL_PROCESS	GO:0009399	nitrogen fixation	CANONICAL_LABEL					EXACT_LEXICAL
causal_node	data/traits/**/*.yaml	data/traits/metabolism/nitrogen_fixation.yaml	1	nitrogen fixation	TRAIT	traitmech:000103							NO_DIRECT_SOURCE
causal_node	data/traits/**/*.yaml	data/traits/metabolism/anaerobic_respiration.yaml	1	nitrogen oxides	CHEMICAL	CHEBI:35196	nitrogen oxide	NO_EXACT_LABEL_MATCH					SEMANTIC_NOT_LEXICAL
causal_node	data/traits/**/*.yaml	data/traits/ecology/nitrogen_fixing_symbiosis.yaml	1	nitrogen-fixing symbiosis	TRAIT	traitmech:000044							NO_DIRECT_SOURCE
causal_node	data/traits/**/*.yaml	data/traits/metabolism/nitrogen_fixation.yaml	1	nitrogenase	GENE_OR_PROTEIN	GO:0016610	nitrogenase complex	NO_EXACT_LABEL_MATCH					SEMANTIC_NOT_LEXICAL
causal_node	data/traits/**/*.yaml	data/traits/ecology/nitrogen_fixing_symbiosis.yaml	1	nitrogenase complex	GENE_OR_PROTEIN	GO:0016610	nitrogenase complex	CANONICAL_LABEL					EXACT_LEXICAL
causal_node	data/traits/**/*.yaml	data/traits/metabolism/anaerobic_respiration.yaml | data/traits/physiology/chemolithotrophic.yaml	2	nitrous oxide	CHEMICAL	CHEBI:17045	dinitrogen oxide	NO_EXACT_LABEL_MATCH			Dinitrogen oxide | dinitrogen oxide | oxidodinitrogen(N--N)		SEMANTIC_NOT_LEXICAL
causal_node	data/traits/**/*.yaml	data/traits/metabolism/anaerobic_respiration.yaml	1	nitrous oxide reductase (NosZ)	GENE_OR_PROTEIN	GO:0050304	nitrous-oxide reductase activity	NO_EXACT_LABEL_MATCH					SEMANTIC_NOT_LEXICAL
causal_node	data/traits/**/*.yaml	data/traits/metabolism/denitrification.yaml	1	nitrous oxide reductase NosZ	GENE_OR_PROTEIN	GO:0050304	nitrous-oxide reductase activity	NO_EXACT_LABEL_MATCH					SEMANTIC_NOT_LEXICAL
causal_node	data/traits/**/*.yaml	data/traits/environment/non_halophilic.yaml	1	non halophilic	TRAIT	METPO:1000624	non halophilic	CANONICAL_LABEL					EXACT_LEXICAL
causal_node	data/traits/**/*.yaml	data/traits/morphology/non_motile.yaml	1	non motile	TRAIT	METPO:1000703	non motile	CANONICAL_LABEL					EXACT_LEXICAL
causal_node	data/traits/**/*.yaml	data/traits/morphology/non_spore_forming.yaml	1	non-spore forming	TRAIT	METPO:1000872	non-spore forming	CANONICAL_LABEL					EXACT_LEXICAL
causal_node	data/traits/**/*.yaml	data/traits/environment/uv_radiation_tolerant.yaml	1	nucleotide-excision repair	BIOLOGICAL_PROCESS	GO:0006289	nucleotide-excision repair	CANONICAL_LABEL			NER | pyrimidine-dimer repair, DNA damage excision		EXACT_LEXICAL
causal_node	data/traits/**/*.yaml	data/traits/physiology/nutrient_adaptation.yaml	1	nutrient adaptation	TRAIT	METPO:1000731	nutrient adaptation	CANONICAL_LABEL					EXACT_LEXICAL
causal_node	data/traits/**/*.yaml	data/traits/physiology/nutrient_adaptation.yaml	1	nutrient sensing	BIOLOGICAL_PROCESS	GO:0009594	detection of nutrient	NO_EXACT_LABEL_MATCH			detection of nutrients		SEMANTIC_NOT_LEXICAL
causal_node	data/traits/**/*.yaml	data/traits/environment/obligately_acidophilic.yaml	1	obligately acidophilic	TRAIT	METPO:1003006	obligately acidophilic	CANONICAL_LABEL			obligate acidophile | obligately acidophilic		EXACT_LEXICAL
causal_node	data/traits/**/*.yaml	data/traits/environment/obligately_aerobic.yaml	1	obligately aerobic	TRAIT	METPO:1000606	obligately aerobic	CANONICAL_LABEL					EXACT_LEXICAL
causal_node	data/traits/**/*.yaml	data/traits/environment/obligately_alkaphilic.yaml	1	obligately alkaphilic	TRAIT	METPO:1003004	obligately alkaliphilic	NO_EXACT_LABEL_MATCH			obligate alkaliphile | obligate alkaphilic | obligately alkaliphilic		SEMANTIC_NOT_LEXICAL
causal_node	data/traits/**/*.yaml	data/traits/environment/obligately_anaerobic.yaml	1	obligately anaerobic	TRAIT	METPO:1000607	obligately anaerobic	CANONICAL_LABEL					EXACT_LEXICAL
causal_node	data/traits/**/*.yaml	data/traits/environment/obligately_piezophilic.yaml	1	obligately piezophilic	TRAIT	traitmech:000002							NO_DIRECT_SOURCE
causal_node	data/traits/**/*.yaml	data/traits/upper/material_entity.yaml | data/traits/upper/observation.yaml	2	observation	EXPERIMENTAL_FACTOR	METPO:1001000	obsolete observation	NO_EXACT_LABEL_MATCH					DEPRECATED_TERM
causal_node	data/traits/**/*.yaml	data/traits/metabolism/biopolymer_degradation.yaml	1	oligosaccharides	CHEMICAL	CHEBI:50699	oligosaccharide	EXACT_SYNONYM			oligosaccharides		EXACT_LEXICAL
causal_node	data/traits/**/*.yaml	data/traits/physiology/nutrient_adaptation.yaml | data/traits/physiology/oligotrophic.yaml	2	oligotrophic	TRAIT	METPO:1000654	oligotrophic	CANONICAL_LABEL					EXACT_LEXICAL
causal_node	data/traits/**/*.yaml	data/traits/ecology/opportunistic_pathogen.yaml	1	opportunistic pathogen	TRAIT	traitmech:000046							NO_DIRECT_SOURCE
causal_node	data/traits/**/*.yaml	data/traits/environment/optimum_phenotype_with_numerical_limits.yaml	1	optimum phenotype with numerical limits	TRAIT	METPO:1000536	optimum phenotype with numerical limits	CANONICAL_LABEL					EXACT_LEXICAL
causal_node	data/traits/**/*.yaml	data/traits/morphology/orange_pigmented.yaml	1	orange pigmented	TRAIT	METPO:1003026	orange pigmented	CANONICAL_LABEL					EXACT_LEXICAL
causal_node	data/traits/**/*.yaml	data/traits/ecology/nitrogen_fixing_symbiosis.yaml	1	organic acids	CHEMICAL	CHEBI:64709	organic acid	NO_EXACT_LABEL_MATCH					SEMANTIC_NOT_LEXICAL
causal_node	data/traits/**/*.yaml	data/traits/physiology/lithoheterotrophic.yaml | data/traits/physiology/mixotrophic.yaml | data/traits/physiology/photoheterotrophic.yaml	3	organic carbon	CHEMICAL	CHEBI:50860	organic molecular entity	NO_EXACT_LABEL_MATCH					SEMANTIC_NOT_LEXICAL
causal_node	data/traits/**/*.yaml	data/traits/physiology/chemolithoheterotrophic.yaml | data/traits/physiology/chemoorganotrophic.yaml | data/traits/physiology/chemotrophic.yaml | data/traits/physiology/organoheterotrophic.yaml | data/traits/physiology/organotrophic.yaml | data/traits/physiology/photoorganoheterotrophic.yaml	6	organic compound	CHEMICAL	CHEBI:50860	organic molecular entity	NO_EXACT_LABEL_MATCH					SEMANTIC_NOT_LEXICAL
causal_node	data/traits/**/*.yaml	data/traits/physiology/chemoheterotrophic.yaml | data/traits/physiology/chemoorganoheterotrophic.yaml | data/traits/physiology/heterotrophic.yaml	3	organic molecule	CHEMICAL	CHEBI:72695	organic molecule	CANONICAL_LABEL					EXACT_LEXICAL
causal_node	data/traits/**/*.yaml	data/traits/physiology/organoheterotrophic.yaml	1	organoheterotrophic	TRAIT	METPO:1000664	organoheterotrophic	CANONICAL_LABEL					EXACT_LEXICAL
causal_node	data/traits/**/*.yaml	data/traits/physiology/organotrophic.yaml	1	organotrophic	TRAIT	METPO:1000655	organotrophic	CANONICAL_LABEL					EXACT_LEXICAL
causal_node	data/traits/**/*.yaml	data/traits/environment/extremely_halophilic.yaml | data/traits/environment/halophilic.yaml | data/traits/environment/halophily_preference.yaml | data/traits/environment/halotolerant.yaml | data/traits/environment/moderately_halophilic.yaml | data/traits/environment/nacl_optimum.yaml | data/traits/environment/slightly_halophilic.yaml	7	osmotic stress	BIOLOGICAL_PROCESS	GO:0006970	response to osmotic stress	NO_EXACT_LABEL_MATCH			osmotic response | osmotic stress response		SEMANTIC_NOT_LEXICAL
causal_node	data/traits/**/*.yaml	data/traits/morphology/gram_negative.yaml | data/traits/morphology/gram_stain.yaml | data/traits/morphology/triangular_shaped.yaml	3	outer membrane	CELLULAR_LOCALIZATION	GO:0019867	outer membrane	CANONICAL_LABEL					EXACT_LEXICAL
causal_node	data/traits/**/*.yaml	data/traits/morphology/oval_shaped.yaml	1	oval shaped	TRAIT	METPO:1000678	oval shaped	CANONICAL_LABEL					EXACT_LEXICAL
causal_node	data/traits/**/*.yaml	data/traits/morphology/ovoid_shaped.yaml	1	ovoid shaped	TRAIT	METPO:1000677	ovoid shaped	CANONICAL_LABEL					EXACT_LEXICAL
causal_node	data/traits/**/*.yaml	data/traits/metabolism/dicarboxylate_four_hydroxybutyrate_cycle.yaml | data/traits/metabolism/propionic_acid_fermentation.yaml	2	oxaloacetate	CHEMICAL	CHEBI:16452	oxaloacetate(2-)	NO_EXACT_LABEL_MATCH			2-oxobutanedioate		SEMANTIC_NOT_LEXICAL
causal_node	data/traits/**/*.yaml	data/traits/physiology/oxidase_activity.yaml	1	oxidase activity	TRAIT	traitmech:000076							NO_DIRECT_SOURCE
causal_node	data/traits/**/*.yaml	data/traits/environment/ph_delta.yaml | data/traits/physiology/organoheterotrophic.yaml | data/traits/physiology/persister_cell_formation.yaml	3	oxidative phosphorylation	PATHWAY	GO:0006119	oxidative phosphorylation	CANONICAL_LABEL			respiratory-chain phosphorylation		EXACT_LEXICAL
causal_node	data/traits/**/*.yaml	data/traits/physiology/oxidative_stress_response.yaml	1	oxidative stress response	TRAIT	traitmech:000079							NO_DIRECT_SOURCE
causal_node	data/traits/**/*.yaml	data/traits/environment/oxygen_preference.yaml	1	oxygen preference	TRAIT	METPO:1000601	oxygen preference	CANONICAL_LABEL					EXACT_LEXICAL
causal_node	data/traits/**/*.yaml	data/traits/metabolism/oxygenic_photosynthesis.yaml	1	oxygenic photosynthesis	TRAIT	traitmech:000034							NO_DIRECT_SOURCE
causal_node	data/traits/**/*.yaml	data/traits/metabolism/fermentative_hydrogen_production.yaml	1	pH	ENVIRONMENTAL_FACTOR	PATO:0001842	acidity	EXACT_SYNONYM			pH		EXACT_LEXICAL
causal_node	data/traits/**/*.yaml	data/traits/environment/delta_phenotype_with_numerical_limits.yaml | data/traits/environment/ph_delta.yaml | data/traits/environment/ph_delta_high.yaml | data/traits/environment/ph_delta_low.yaml | data/traits/environment/ph_delta_mid1.yaml | data/traits/environment/ph_delta_mid2.yaml | data/traits/environment/ph_delta_mid3.yaml | data/traits/environment/ph_delta_very_low.yaml | data/traits/environment/ph_phenotype_with_numerical_limits.yaml	9	pH delta	TRAIT	METPO:1000232	pH delta	CANONICAL_LABEL					EXACT_LEXICAL
causal_node	data/traits/**/*.yaml	data/traits/environment/ph_delta_high.yaml	1	pH delta high	TRAIT	METPO:1000478	pH delta high	CANONICAL_LABEL					EXACT_LEXICAL
causal_node	data/traits/**/*.yaml	data/traits/environment/ph_delta_low.yaml	1	pH delta low	TRAIT	METPO:1000474	pH delta low	CANONICAL_LABEL					EXACT_LEXICAL
causal_node	data/traits/**/*.yaml	data/traits/environment/ph_delta_mid1.yaml	1	pH delta mid1	TRAIT	METPO:1000475	pH delta mid1	CANONICAL_LABEL					EXACT_LEXICAL
causal_node	data/traits/**/*.yaml	data/traits/environment/ph_delta_mid2.yaml	1	pH delta mid2	TRAIT	METPO:1000476	pH delta mid2	CANONICAL_LABEL					EXACT_LEXICAL
causal_node	data/traits/**/*.yaml	data/traits/environment/ph_delta_mid3.yaml	1	pH delta mid3	TRAIT	METPO:1000477	pH delta mid3	CANONICAL_LABEL					EXACT_LEXICAL
causal_node	data/traits/**/*.yaml	data/traits/environment/ph_delta_very_low.yaml	1	pH delta very low	TRAIT	METPO:1000473	pH delta very low	CANONICAL_LABEL					EXACT_LEXICAL
causal_node	data/traits/**/*.yaml	data/traits/environment/ph_growth_preference.yaml	1	pH growth preference	TRAIT	METPO:1003000	pH growth preference	CANONICAL_LABEL					EXACT_LEXICAL
causal_node	data/traits/**/*.yaml	data/traits/environment/optimum_phenotype_with_numerical_limits.yaml | data/traits/environment/ph_optimum.yaml | data/traits/environment/ph_optimum_high.yaml | data/traits/environment/ph_optimum_low.yaml | data/traits/environment/ph_optimum_mid1.yaml | data/traits/environment/ph_optimum_mid2.yaml | data/traits/environment/ph_phenotype_with_numerical_limits.yaml	7	pH optimum	TRAIT	METPO:1000331	pH optimum	CANONICAL_LABEL					EXACT_LEXICAL
causal_node	data/traits/**/*.yaml	data/traits/environment/ph_optimum_high.yaml	1	pH optimum high	TRAIT	METPO:1000458	pH optimum high	CANONICAL_LABEL			Alkali Tolerant | Alkaliphile | Extreme Alkaliphile		EXACT_LEXICAL
causal_node	data/traits/**/*.yaml	data/traits/environment/ph_optimum_low.yaml	1	pH optimum low	TRAIT	METPO:1000455	pH optimum low	CANONICAL_LABEL			Acid Tolerant | Acidophile | Extreme Acidophile | Facultative acidophile | Obligative acidophile		EXACT_LEXICAL
causal_node	data/traits/**/*.yaml	data/traits/environment/ph_optimum_mid1.yaml	1	pH optimum mid1	TRAIT	METPO:1000456	pH optimum mid1	CANONICAL_LABEL			Alkali Tolerant | Neutrophile		EXACT_LEXICAL
causal_node	data/traits/**/*.yaml	data/traits/environment/ph_optimum_mid2.yaml	1	pH optimum mid2	TRAIT	METPO:1000457	pH optimum mid2	CANONICAL_LABEL			Alkali Tolerant | Alkaliphile | Neutrophile		EXACT_LEXICAL
causal_node	data/traits/**/*.yaml	data/traits/environment/ph_phenotype_with_numerical_limits.yaml	1	pH phenotype with numerical limits	TRAIT	METPO:1000531	pH phenotype with numerical limits	CANONICAL_LABEL					EXACT_LEXICAL
causal_node	data/traits/**/*.yaml	data/traits/environment/growth_range_phenotype_with_numerical_limits.yaml | data/traits/environment/ph_phenotype_with_numerical_limits.yaml | data/traits/environment/ph_range.yaml | data/traits/environment/ph_range_high.yaml | data/traits/environment/ph_range_low.yaml | data/traits/environment/ph_range_mid1.yaml | data/traits/environment/ph_range_mid2.yaml | data/traits/environment/ph_range_mid3.yaml | data/traits/environment/ph_range_very_low.yaml	9	pH range	TRAIT	METPO:1000332	pH range	CANONICAL_LABEL					EXACT_LEXICAL
causal_node	data/traits/**/*.yaml	data/traits/environment/ph_range_high.yaml	1	pH range high	TRAIT	METPO:1000464	pH range high	CANONICAL_LABEL			Alkali Tolerant | Alkaliphile | Extreme Alkaliphile		EXACT_LEXICAL
causal_node	data/traits/**/*.yaml	data/traits/environment/ph_range_low.yaml	1	pH range low	TRAIT	METPO:1000460	pH range low	CANONICAL_LABEL			Acid Tolerant | Acidophile | Facultative acidophile | Obligative acidophile		EXACT_LEXICAL
causal_node	data/traits/**/*.yaml	data/traits/environment/ph_range_mid1.yaml	1	pH range mid1	TRAIT	METPO:1000461	pH range mid1	CANONICAL_LABEL			Alkali Tolerant | Facultative acidophile | Neutrophile		EXACT_LEXICAL
causal_node	data/traits/**/*.yaml	data/traits/environment/ph_range_mid2.yaml	1	pH range mid2	TRAIT	METPO:1000462	pH range mid2	CANONICAL_LABEL			Alkali Tolerant | Alkaliphile | Facultative acidophile | Neutrophile		EXACT_LEXICAL
causal_node	data/traits/**/*.yaml	data/traits/environment/ph_range_mid3.yaml	1	pH range mid3	TRAIT	METPO:1000463	pH range mid3	CANONICAL_LABEL			Alkali Tolerant | Alkaliphile | Extreme Alkaliphile | Facultative acidophile		EXACT_LEXICAL
causal_node	data/traits/**/*.yaml	data/traits/environment/ph_range_very_low.yaml	1	pH range very low	TRAIT	METPO:1000459	pH range very low	CANONICAL_LABEL			Acid Tolerant | Acidophile | Extreme Acidophile | Facultative acidophile | Obligative acidophile		EXACT_LEXICAL
causal_node	data/traits/**/*.yaml	data/traits/genomics/pangenome_openness.yaml	1	pangenome openness	TRAIT	traitmech:000102							NO_DIRECT_SOURCE
causal_node	data/traits/**/*.yaml	data/traits/ecology/parasitism.yaml	1	parasitism	TRAIT	traitmech:000043							NO_DIRECT_SOURCE
causal_node	data/traits/**/*.yaml	data/traits/physiology/methanotrophic.yaml	1	particulate methane monooxygenase (pMMO)	GENE_OR_PROTEIN	GO:0015050	methane monooxygenase complex	NO_EXACT_LABEL_MATCH					SEMANTIC_NOT_LEXICAL
causal_node	data/traits/**/*.yaml	data/traits/ecology/pathogenic_to_host.yaml | data/traits/upper/phenotype.yaml	2	pathogenic to host	TRAIT	METPO:1004000	pathogenic to host	CANONICAL_LABEL					EXACT_LEXICAL
causal_node	data/traits/**/*.yaml	data/traits/morphology/cell_shape.yaml | data/traits/morphology/cell_width.yaml | data/traits/morphology/gram_stain.yaml | data/traits/morphology/sphere_shaped.yaml	4	peptidoglycan cell wall	CELLULAR_LOCALIZATION	GO:0009274	peptidoglycan-based cell wall	NO_EXACT_LABEL_MATCH					SEMANTIC_NOT_LEXICAL
causal_node	data/traits/**/*.yaml	data/traits/morphology/bacillus_shaped.yaml | data/traits/morphology/cell_shape.yaml | data/traits/morphology/coccobacillus_shaped.yaml | data/traits/morphology/rod_shaped.yaml	4	peptidoglycan synthesis	BIOLOGICAL_PROCESS	GO:0009252	peptidoglycan biosynthetic process	EXACT_SYNONYM			murein biosynthesis | murein biosynthetic process | peptidoglycan anabolism | peptidoglycan biosynthesis | peptidoglycan formation | peptidoglycan synthesis		EXACT_LEXICAL
causal_node	data/traits/**/*.yaml	data/traits/physiology/natural_competence.yaml	1	periplasm	CELLULAR_LOCALIZATION	GO:0042597	periplasmic space	EXACT_SYNONYM			periplasm		EXACT_LEXICAL
causal_node	data/traits/**/*.yaml	data/traits/morphology/axially_filamented.yaml | data/traits/morphology/gram_negative.yaml | data/traits/physiology/methylotrophic.yaml	3	periplasmic space	CELLULAR_LOCALIZATION	GO:0042597	periplasmic space	CANONICAL_LABEL			periplasm		EXACT_LEXICAL
causal_node	data/traits/**/*.yaml	data/traits/morphology/peritrichous.yaml	1	peritrichous	TRAIT	traitmech:000060							NO_DIRECT_SOURCE
causal_node	data/traits/**/*.yaml	data/traits/physiology/persister_cell_formation.yaml	1	persister cell formation	TRAIT	traitmech:000082							NO_DIRECT_SOURCE
causal_node	data/traits/**/*.yaml	data/traits/morphology/green_pigmented.yaml	1	phenazine biosynthesis	PATHWAY	GO:0002047	phenazine biosynthetic process	NO_EXACT_LABEL_MATCH					SEMANTIC_NOT_LEXICAL
causal_node	data/traits/**/*.yaml	data/traits/upper/phenotype.yaml | data/traits/upper/quality.yaml	2	phenotype	TRAIT	METPO:1000059	phenotype	CANONICAL_LABEL					EXACT_LEXICAL
causal_node	data/traits/**/*.yaml	data/traits/metabolism/dicarboxylate_four_hydroxybutyrate_cycle.yaml	1	phosphoenolpyruvate carboxylase	GENE_OR_PROTEIN	GO:0008964	phosphoenolpyruvate carboxylase activity	NO_EXACT_LABEL_MATCH					SEMANTIC_NOT_LEXICAL
causal_node	data/traits/**/*.yaml	data/traits/physiology/photoautotrophic.yaml	1	photoautotrophic	TRAIT	METPO:1000656	photoautotrophic	CANONICAL_LABEL					EXACT_LEXICAL
causal_node	data/traits/**/*.yaml	data/traits/physiology/photoheterotrophic.yaml	1	photoheterotrophic	TRAIT	METPO:1000657	photoheterotrophic	CANONICAL_LABEL					EXACT_LEXICAL
causal_node	data/traits/**/*.yaml	data/traits/physiology/photolithoautotrophic.yaml	1	photolithoautotrophic	TRAIT	METPO:1000665	photolithoautotrophic	CANONICAL_LABEL					EXACT_LEXICAL
causal_node	data/traits/**/*.yaml	data/traits/physiology/photolithotrophic.yaml	1	photolithotrophic	TRAIT	METPO:1000658	photolithotrophic	CANONICAL_LABEL					EXACT_LEXICAL
causal_node	data/traits/**/*.yaml	data/traits/physiology/photoorganoheterotrophic.yaml	1	photoorganoheterotrophic	TRAIT	METPO:1000659	photoorganoheterotrophic	CANONICAL_LABEL					EXACT_LEXICAL
causal_node	data/traits/**/*.yaml	data/traits/metabolism/photosynthesis.yaml	1	photosynthesis	BIOLOGICAL_PROCESS	GO:0015979	photosynthesis	CANONICAL_LABEL					EXACT_LEXICAL
causal_node	data/traits/**/*.yaml	data/traits/metabolism/photosynthesis.yaml	1	photosynthesis	TRAIT	traitmech:000038							NO_DIRECT_SOURCE
causal_node	data/traits/**/*.yaml	data/traits/metabolism/anoxygenic_photosynthesis.yaml | data/traits/metabolism/oxygenic_photosynthesis.yaml | data/traits/physiology/photoautotrophic.yaml | data/traits/physiology/photoheterotrophic.yaml | data/traits/physiology/photolithoautotrophic.yaml | data/traits/physiology/photoorganoheterotrophic.yaml | data/traits/physiology/phototrophic.yaml	7	photosynthetic electron transport	PATHWAY	GO:0009767	photosynthetic electron transport chain	NO_EXACT_LABEL_MATCH			electron carrier, chlorophyll electron transport system		SEMANTIC_NOT_LEXICAL
causal_node	data/traits/**/*.yaml	data/traits/metabolism/phototrophy.yaml	1	photosynthetic electron transport chain	PATHWAY	GO:0009767	photosynthetic electron transport chain	CANONICAL_LABEL			electron carrier, chlorophyll electron transport system		EXACT_LEXICAL
causal_node	data/traits/**/*.yaml	data/traits/metabolism/oxygenic_photosynthesis.yaml	1	photosystem I	GENE_OR_PROTEIN	GO:0009522	photosystem I	CANONICAL_LABEL					EXACT_LEXICAL
causal_node	data/traits/**/*.yaml	data/traits/metabolism/oxygenic_photosynthesis.yaml | data/traits/metabolism/photosynthesis.yaml | data/traits/metabolism/phototrophy.yaml | data/traits/physiology/photoautotrophic.yaml	4	photosystem II	GENE_OR_PROTEIN	GO:0009523	photosystem II	CANONICAL_LABEL					EXACT_LEXICAL
causal_node	data/traits/**/*.yaml	data/traits/physiology/phototrophic.yaml | data/traits/physiology/trophic_type.yaml	2	phototrophic	TRAIT	METPO:1000660	phototrophic	CANONICAL_LABEL					EXACT_LEXICAL
causal_node	data/traits/**/*.yaml	data/traits/metabolism/phototrophy.yaml	1	phototrophy	TRAIT	traitmech:000037							NO_DIRECT_SOURCE
causal_node	data/traits/**/*.yaml	data/traits/morphology/carotenoid_pigmentation.yaml	1	phytoene desaturase	GENE_OR_PROTEIN	InterPro:IPR014102							NO_DIRECT_SOURCE
causal_node	data/traits/**/*.yaml	data/traits/environment/piezophilic.yaml	1	piezophilic	TRAIT	traitmech:000001							NO_DIRECT_SOURCE
causal_node	data/traits/**/*.yaml	data/traits/environment/piezotolerant.yaml	1	piezotolerant	TRAIT	traitmech:000003							NO_DIRECT_SOURCE
causal_node	data/traits/**/*.yaml	data/traits/morphology/pigmentation.yaml	1	pigment biosynthesis	BIOLOGICAL_PROCESS	GO:0046148	pigment biosynthetic process	EXACT_SYNONYM			pigment anabolism | pigment biosynthesis | pigment formation | pigment synthesis		EXACT_LEXICAL
causal_node	data/traits/**/*.yaml	data/traits/morphology/pigmentation.yaml	1	pigmentation	TRAIT	METPO:1003021	pigmentation	CANONICAL_LABEL					EXACT_LEXICAL
causal_node	data/traits/**/*.yaml	data/traits/morphology/pink_pigmented.yaml	1	pink pigmented	TRAIT	METPO:1003027	pink pigmented	CANONICAL_LABEL					EXACT_LEXICAL
causal_node	data/traits/**/*.yaml	data/traits/ecology/plant_pathogen.yaml	1	plant cell wall	CELLULAR_LOCALIZATION	GO:0009505	plant-type cell wall	NO_EXACT_LABEL_MATCH			cellulose and pectin-containing cell wall		SEMANTIC_NOT_LEXICAL
causal_node	data/traits/**/*.yaml	data/traits/ecology/plant_pathogen.yaml	1	plant pathogen	TRAIT	METPO:1004003	plant pathogen	CANONICAL_LABEL					EXACT_LEXICAL
causal_node	data/traits/**/*.yaml	data/traits/environment/desiccation_tolerant.yaml	1	plasma membrane	CELLULAR_LOCALIZATION	GO:0005886	plasma membrane	CANONICAL_LABEL			cell membrane | cellular membrane | cytoplasmic membrane | plasmalemma		EXACT_LEXICAL
causal_node	data/traits/**/*.yaml	data/traits/genomics/plasmid_carriage.yaml	1	plasmid carriage	TRAIT	traitmech:000090							NO_DIRECT_SOURCE
causal_node	data/traits/**/*.yaml	data/traits/morphology/pleomorphic_shaped.yaml	1	pleomorphic shaped	TRAIT	METPO:1000679	pleomorphic shaped	CANONICAL_LABEL					EXACT_LEXICAL
causal_node	data/traits/**/*.yaml	data/traits/genomics/ploidy.yaml	1	ploidy	TRAIT	traitmech:000100							NO_DIRECT_SOURCE
causal_node	data/traits/**/*.yaml	data/traits/morphology/polyhydroxyalkanoate_granule.yaml	1	polyhydroxyalkanoate granule	TRAIT	traitmech:000067							NO_DIRECT_SOURCE
causal_node	data/traits/**/*.yaml	data/traits/morphology/black_pigmented.yaml	1	polyketide synthase (PKS)	GENE_OR_PROTEIN	GO:0016218	polyketide synthase activity	NO_EXACT_LABEL_MATCH					SEMANTIC_NOT_LEXICAL
causal_node	data/traits/**/*.yaml	data/traits/environment/zinc_tolerant.yaml	1	polyphosphate	CHEMICAL	CHEBI:16838	polyphosphate	CANONICAL_LABEL					EXACT_LEXICAL
causal_node	data/traits/**/*.yaml	data/traits/morphology/polyphosphate_granule.yaml	1	polyphosphate granule	TRAIT	traitmech:000068							NO_DIRECT_SOURCE
causal_node	data/traits/**/*.yaml	data/traits/morphology/polyphosphate_granule.yaml	1	polyphosphate kinase (PPK)	GENE_OR_PROTEIN	GO:0008976	polyphosphate kinase activity	NO_EXACT_LABEL_MATCH			polyphosphate polymerase activity		SEMANTIC_NOT_LEXICAL
causal_node	data/traits/**/*.yaml	data/traits/morphology/intracellular_inclusion.yaml	1	polyphosphate kinase (Ppk)	GENE_OR_PROTEIN	GO:0008976	polyphosphate kinase activity	NO_EXACT_LABEL_MATCH			polyphosphate polymerase activity		SEMANTIC_NOT_LEXICAL
causal_node	data/traits/**/*.yaml	data/traits/environment/pressure_range.yaml	1	polyunsaturated fatty acid biosynthesis	PATHWAY	GO:0006636	unsaturated fatty acid biosynthetic process	NO_EXACT_LABEL_MATCH			unsaturated fatty acid anabolism | unsaturated fatty acid biosynthesis | unsaturated fatty acid formation | unsaturated fatty acid synthesis		SEMANTIC_NOT_LEXICAL
causal_node	data/traits/**/*.yaml	data/traits/environment/nacl_delta_mid1.yaml	1	potassium import	BIOLOGICAL_PROCESS	GO:1990573	potassium ion import across plasma membrane	NO_EXACT_LABEL_MATCH					SEMANTIC_NOT_LEXICAL
causal_node	data/traits/**/*.yaml	data/traits/environment/extremely_halophilic.yaml | data/traits/environment/facultatively_acidophilic.yaml | data/traits/environment/halophilic.yaml | data/traits/environment/halophily_preference.yaml | data/traits/environment/non_halophilic.yaml	5	potassium ion	CHEMICAL	CHEBI:29103	potassium(1+)	NO_EXACT_LABEL_MATCH			potassium cation | potassium(1+) | potassium(1+) ion | potassium(I) cation		SEMANTIC_NOT_LEXICAL
causal_node	data/traits/**/*.yaml	data/traits/environment/nacl_delta.yaml	1	potassium ion uptake	BIOLOGICAL_PROCESS	GO:1990573	potassium ion import across plasma membrane	NO_EXACT_LABEL_MATCH					SEMANTIC_NOT_LEXICAL
causal_node	data/traits/**/*.yaml	data/traits/ecology/predatory_bacterium.yaml	1	predatory bacterium	TRAIT	traitmech:000054							NO_DIRECT_SOURCE
causal_node	data/traits/**/*.yaml	data/traits/environment/pressure_delta.yaml	1	pressure delta	TRAIT	traitmech:000006							NO_DIRECT_SOURCE
causal_node	data/traits/**/*.yaml	data/traits/environment/pressure_optimum.yaml	1	pressure optimum	TRAIT	traitmech:000004							NO_DIRECT_SOURCE
causal_node	data/traits/**/*.yaml	data/traits/environment/pressure_range.yaml	1	pressure range	TRAIT	traitmech:000005							NO_DIRECT_SOURCE
causal_node	data/traits/**/*.yaml	data/traits/morphology/red_pigmented.yaml	1	prodigiosin	CHEMICAL	CHEBI:82758	prodigiosin	CANONICAL_LABEL			4-methoxy-5-[(Z)-(5-methyl-4-pentyl-2H-pyrrol-2-ylidene)methyl]-1H,1'H-2,2'-bipyrrole		EXACT_LEXICAL
causal_node	data/traits/**/*.yaml	data/traits/environment/non_halophilic.yaml	1	proline	CHEMICAL	CHEBI:17203	L-proline	EXACT_SYNONYM			L-Proline | L-proline | PROLINE		EXACT_LEXICAL
causal_node	data/traits/**/*.yaml	data/traits/genomics/prophage.yaml	1	prophage	TRAIT	traitmech:000091							NO_DIRECT_SOURCE
causal_node	data/traits/**/*.yaml	data/traits/genomics/prophage.yaml	1	prophage induction	BIOLOGICAL_PROCESS	GO:0098689	latency-replication decision	NO_EXACT_LABEL_MATCH			Latency-replication switch | lytic switch | proviral induction | proviral switch | reactivation of latent virus		SEMANTIC_NOT_LEXICAL
causal_node	data/traits/**/*.yaml	data/traits/metabolism/propionic_acid_fermentation.yaml	1	propionate	CHEMICAL	CHEBI:17272	propionate	CANONICAL_LABEL			propanoate		EXACT_LEXICAL
causal_node	data/traits/**/*.yaml	data/traits/metabolism/propionic_acid_fermentation.yaml	1	propionic acid fermentation	TRAIT	traitmech:000029							NO_DIRECT_SOURCE
causal_node	data/traits/**/*.yaml	data/traits/metabolism/propionic_acid_fermentation.yaml | data/traits/metabolism/three_hydroxypropionate_bicycle.yaml	2	propionyl-CoA	CHEMICAL	CHEBI:15539	propionyl-CoA	CANONICAL_LABEL			3'-phosphoadenosine 5'-(3-{(3R)-3-hydroxy-2,2-dimethyl-4-oxo-4-[(3-oxo-3-{[2-(propanoylsulfanyl)ethyl]amino}propyl)amino]butyl} dihydrogen diphosphate)		EXACT_LEXICAL
causal_node	data/traits/**/*.yaml	data/traits/metabolism/three_hydroxypropionate_bicycle.yaml	1	propionyl-CoA carboxylase	GENE_OR_PROTEIN	GO:0004658	propionyl-CoA carboxylase activity	NO_EXACT_LABEL_MATCH					SEMANTIC_NOT_LEXICAL
causal_node	data/traits/**/*.yaml	data/traits/morphology/prosthecate.yaml	1	prosthecate	TRAIT	traitmech:000065							NO_DIRECT_SOURCE
causal_node	data/traits/**/*.yaml	data/traits/environment/temperature_range_high.yaml	1	protein folding	BIOLOGICAL_PROCESS	GO:0006457	protein folding	CANONICAL_LABEL					EXACT_LEXICAL
causal_node	data/traits/**/*.yaml	data/traits/physiology/dormancy.yaml	1	protein synthesis	BIOLOGICAL_PROCESS	GO:0006412	translation	NO_EXACT_LABEL_MATCH			protein translation		SEMANTIC_NOT_LEXICAL
causal_node	data/traits/**/*.yaml	data/traits/metabolism/proteolysis.yaml	1	proteolysis	TRAIT	traitmech:000116							NO_DIRECT_SOURCE
causal_node	data/traits/**/*.yaml	data/traits/metabolism/proteorhodopsin_phototrophy.yaml | data/traits/physiology/photoheterotrophic.yaml	2	proteorhodopsin	GENE_OR_PROTEIN	InterPro:IPR017402							NO_DIRECT_SOURCE
causal_node	data/traits/**/*.yaml	data/traits/metabolism/proteorhodopsin_phototrophy.yaml	1	proteorhodopsin phototrophy	TRAIT	traitmech:000036							NO_DIRECT_SOURCE
causal_node	data/traits/**/*.yaml	data/traits/environment/acidophilic.yaml | data/traits/environment/acidotolerant.yaml | data/traits/environment/alkaphilic.yaml | data/traits/environment/facultatively_acidophilic.yaml | data/traits/environment/facultatively_alkaphilic.yaml | data/traits/environment/obligately_acidophilic.yaml | data/traits/environment/obligately_alkaphilic.yaml | data/traits/environment/ph_optimum.yaml	8	proton	CHEMICAL	CHEBI:15378	hydron	NO_EXACT_LABEL_MATCH			hydrogen(1+) | hydron		SEMANTIC_NOT_LEXICAL
causal_node	data/traits/**/*.yaml	data/traits/metabolism/oxidative_phosphorylation.yaml	1	proton	CHEMICAL	CHEBI:24636	proton	CANONICAL_LABEL			protium(1+) | proton		EXACT_LEXICAL
causal_node	data/traits/**/*.yaml	data/traits/environment/aerobic.yaml | data/traits/environment/neutrophilic.yaml | data/traits/environment/obligately_aerobic.yaml | data/traits/environment/optimum_phenotype_with_numerical_limits.yaml | data/traits/environment/ph_delta_mid1.yaml | data/traits/environment/ph_delta_mid3.yaml | data/traits/environment/ph_optimum.yaml | data/traits/environment/ph_optimum_high.yaml | data/traits/environment/ph_optimum_mid2.yaml | data/traits/environment/ph_range_low.yaml | data/traits/environment/ph_range_mid1.yaml | data/traits/environment/ph_range_mid2.yaml | data/traits/metabolism/aerobic_respiration.yaml | data/traits/metabolism/electron_transfer.yaml | data/traits/metabolism/metabolism.yaml | data/traits/metabolism/oxidative_phosphorylation.yaml | data/traits/metabolism/oxygenic_photosynthesis.yaml | data/traits/metabolism/phototrophy.yaml | data/traits/metabolism/proteorhodopsin_phototrophy.yaml | data/traits/metabolism/respiration.yaml | data/traits/morphology/gliding.yaml | data/traits/physiology/carboxydotrophic.yaml | data/traits/physiology/chemolithoautotrophic.yaml | data/traits/physiology/chemolithoheterotrophic.yaml | data/traits/physiology/chemoorganotrophic.yaml | data/traits/physiology/chemotrophic.yaml | data/traits/physiology/hydrogenotrophic.yaml | data/traits/physiology/lithoautotrophic.yaml | data/traits/physiology/lithotrophic.yaml | data/traits/physiology/mixotrophic.yaml | data/traits/physiology/organotrophic.yaml | data/traits/physiology/persister_cell_formation.yaml | data/traits/physiology/photoorganoheterotrophic.yaml | data/traits/physiology/phototrophic.yaml	34	proton motive force	STATE	METPO:1007500							TERM_NOT_FOUND
causal_node	data/traits/**/*.yaml	data/traits/environment/psychrophilic.yaml	1	psychrophilic	TRAIT	METPO:1000614	psychrophilic	CANONICAL_LABEL					EXACT_LEXICAL
causal_node	data/traits/**/*.yaml	data/traits/environment/psychrotolerant.yaml	1	psychrotolerant	TRAIT	METPO:1000618	psychrotolerant	CANONICAL_LABEL					EXACT_LEXICAL
causal_node	data/traits/**/*.yaml	data/traits/metabolism/dicarboxylate_four_hydroxybutyrate_cycle.yaml | data/traits/metabolism/ethanol_fermentation.yaml | data/traits/metabolism/fermentation.yaml | data/traits/metabolism/lactic_acid_fermentation.yaml | data/traits/metabolism/mixed_acid_fermentation.yaml | data/traits/metabolism/propionic_acid_fermentation.yaml | data/traits/metabolism/three_hydroxypropionate_bicycle.yaml	7	pyruvate	CHEMICAL	CHEBI:15361	pyruvate	CANONICAL_LABEL			2-oxopropanoate		EXACT_LEXICAL
causal_node	data/traits/**/*.yaml	data/traits/metabolism/ethanol_fermentation.yaml	1	pyruvate decarboxylase	GENE_OR_PROTEIN	GO:0004737	pyruvate decarboxylase activity	NO_EXACT_LABEL_MATCH					SEMANTIC_NOT_LEXICAL
causal_node	data/traits/**/*.yaml	data/traits/metabolism/mixed_acid_fermentation.yaml	1	pyruvate formate lyase (PflB)	GENE_OR_PROTEIN	GO:0008861	formate C-acetyltransferase activity	NO_EXACT_LABEL_MATCH			PFL		SEMANTIC_NOT_LEXICAL
causal_node	data/traits/**/*.yaml	data/traits/metabolism/dicarboxylate_four_hydroxybutyrate_cycle.yaml	1	pyruvate synthase (pyruvate:ferredoxin oxidoreductase)	GENE_OR_PROTEIN	GO:0019164	pyruvate synthase activity	NO_EXACT_LABEL_MATCH			PFOR | pyruvate-ferredoxin reductase activity		SEMANTIC_NOT_LEXICAL
causal_node	data/traits/**/*.yaml	data/traits/metabolism/fermentation.yaml	1	pyruvate:ferredoxin oxidoreductase	GENE_OR_PROTEIN	InterPro:IPR011895							NO_DIRECT_SOURCE
causal_node	data/traits/**/*.yaml	data/traits/metabolism/reductive_tca_cycle.yaml	1	pyruvate:ferredoxin oxidoreductase (PFOR)	GENE_OR_PROTEIN	GO:0019164	pyruvate synthase activity	NO_EXACT_LABEL_MATCH			PFOR | pyruvate-ferredoxin reductase activity		SEMANTIC_NOT_LEXICAL
causal_node	data/traits/**/*.yaml	data/traits/upper/material_entity.yaml | data/traits/upper/phenotype.yaml | data/traits/upper/quality.yaml	3	quality	TRAIT	METPO:1000188	quality	CANONICAL_LABEL					EXACT_LEXICAL
causal_node	data/traits/**/*.yaml	data/traits/ecology/plant_pathogen.yaml | data/traits/morphology/green_pigmented.yaml | data/traits/morphology/swarming_motility.yaml | data/traits/physiology/quorum_sensing.yaml	4	quorum sensing	BIOLOGICAL_PROCESS	GO:0009372	quorum sensing	CANONICAL_LABEL			quorum sensing system		EXACT_LEXICAL
causal_node	data/traits/**/*.yaml	data/traits/physiology/quorum_sensing.yaml	1	quorum sensing	TRAIT	traitmech:000084							NO_DIRECT_SOURCE
causal_node	data/traits/**/*.yaml	data/traits/genomics/rrna_operon_copy_number.yaml	1	rRNA operon copy number	TRAIT	traitmech:000101							NO_DIRECT_SOURCE
causal_node	data/traits/**/*.yaml	data/traits/genomics/rrna_operon_copy_number.yaml	1	rRNA transcription	BIOLOGICAL_PROCESS	GO:0009303	rRNA transcription	CANONICAL_LABEL					EXACT_LEXICAL
causal_node	data/traits/**/*.yaml	data/traits/environment/radiotolerant.yaml	1	radiotolerant	TRAIT	traitmech:000007							NO_DIRECT_SOURCE
causal_node	data/traits/**/*.yaml	data/traits/environment/aerobic.yaml | data/traits/environment/aerotolerant.yaml | data/traits/environment/anaerobic.yaml | data/traits/environment/microaerophilic.yaml | data/traits/environment/microaerotolerant.yaml | data/traits/environment/obligately_anaerobic.yaml | data/traits/environment/psychrophilic.yaml | data/traits/environment/strictly_anaerobic.yaml | data/traits/environment/uv_radiation_tolerant.yaml	9	reactive oxygen species	CHEMICAL	CHEBI:26523	reactive oxygen species	CANONICAL_LABEL					EXACT_LEXICAL
causal_node	data/traits/**/*.yaml	data/traits/genomics/ploidy.yaml	1	recombinational repair of damaged DNA	BIOLOGICAL_PROCESS	GO:0000725	recombinational repair	NO_EXACT_LABEL_MATCH					SEMANTIC_NOT_LEXICAL
causal_node	data/traits/**/*.yaml	data/traits/morphology/red_pigmented.yaml	1	red pigmented	TRAIT	METPO:1003028	red pigmented	CANONICAL_LABEL					EXACT_LEXICAL
causal_node	data/traits/**/*.yaml	data/traits/physiology/chemotrophic.yaml	1	redox reaction	MOLECULAR_FUNCTION	GO:0016491	oxidoreductase activity	NO_EXACT_LABEL_MATCH			redox activity		SEMANTIC_NOT_LEXICAL
causal_node	data/traits/**/*.yaml	data/traits/physiology/oxidase_activity.yaml	1	reduced cytochrome c	CHEMICAL	CHEBI:16928	ferrocytochrome c	NO_EXACT_LABEL_MATCH					SEMANTIC_NOT_LEXICAL
causal_node	data/traits/**/*.yaml	data/traits/metabolism/carbon_fixation.yaml | data/traits/metabolism/fermentation.yaml | data/traits/metabolism/reductive_tca_cycle.yaml	3	reduced ferredoxin	CHEMICAL	CHEBI:17513	reduced ferredoxin	CANONICAL_LABEL					EXACT_LEXICAL
causal_node	data/traits/**/*.yaml	data/traits/physiology/chemolithoautotrophic.yaml | data/traits/physiology/lithoautotrophic.yaml | data/traits/physiology/photolithoautotrophic.yaml | data/traits/physiology/phototrophic.yaml	4	reducing power	CAPACITY	METPO:1007503							TERM_NOT_FOUND
causal_node	data/traits/**/*.yaml	data/traits/ecology/endosymbiosis.yaml | data/traits/genomics/genome_size.yaml | data/traits/genomics/genome_streamlining.yaml	3	reductive genome evolution	BIOLOGICAL_PROCESS	METPO:1007721							TERM_NOT_FOUND
causal_node	data/traits/**/*.yaml	data/traits/metabolism/reductive_tca_cycle.yaml	1	reductive tricarboxylic acid cycle	TRAIT	traitmech:000021							NO_DIRECT_SOURCE
causal_node	data/traits/**/*.yaml	data/traits/physiology/chemoheterotrophic.yaml | data/traits/physiology/chemoorganoheterotrophic.yaml	2	respiration	PATHWAY	METPO:1000800	respiration	CANONICAL_LABEL					EXACT_LEXICAL
causal_node	data/traits/**/*.yaml	data/traits/metabolism/respiration.yaml	1	respiration	TRAIT	METPO:1000800	respiration	CANONICAL_LABEL					EXACT_LEXICAL
causal_node	data/traits/**/*.yaml	data/traits/metabolism/respiration.yaml	1	respiratory Complex I (NADH:quinone oxidoreductase)	GENE_OR_PROTEIN	GO:0030964	NADH dehydrogenase complex	NO_EXACT_LABEL_MATCH					SEMANTIC_NOT_LEXICAL
causal_node	data/traits/**/*.yaml	data/traits/physiology/carboxydotrophic.yaml | data/traits/physiology/chemoautolithotrophic.yaml | data/traits/physiology/chemolithoheterotrophic.yaml | data/traits/physiology/chemolithotrophic.yaml | data/traits/physiology/chemoorganotrophic.yaml | data/traits/physiology/chemotrophic.yaml | data/traits/physiology/lithoheterotrophic.yaml | data/traits/physiology/organoheterotrophic.yaml | data/traits/physiology/organotrophic.yaml	9	respiratory chain	PATHWAY	GO:0022904	respiratory electron transport chain	NO_EXACT_LABEL_MATCH			electron transfer		SEMANTIC_NOT_LEXICAL
causal_node	data/traits/**/*.yaml	data/traits/metabolism/metabolism.yaml	1	respiratory electron transport chain	BIOLOGICAL_PROCESS	GO:0022904	respiratory electron transport chain	CANONICAL_LABEL			electron transfer		EXACT_LEXICAL
causal_node	data/traits/**/*.yaml	data/traits/metabolism/anaerobic_respiration.yaml	1	respiratory nitrate reductase (NarGHI)	GENE_OR_PROTEIN	GO:0009325	nitrate reductase complex	NO_EXACT_LABEL_MATCH					SEMANTIC_NOT_LEXICAL
causal_node	data/traits/**/*.yaml	data/traits/metabolism/denitrification.yaml	1	respiratory nitrate reductase NarGHI	GENE_OR_PROTEIN	GO:0009325	nitrate reductase complex	NO_EXACT_LABEL_MATCH					SEMANTIC_NOT_LEXICAL
causal_node	data/traits/**/*.yaml	data/traits/physiology/antibiotic_resistance.yaml	1	response to antibiotic	BIOLOGICAL_PROCESS	GO:0046677	response to antibiotic	CANONICAL_LABEL					EXACT_LEXICAL
causal_node	data/traits/**/*.yaml	data/traits/environment/nacl_delta.yaml | data/traits/environment/xerophilic.yaml	2	response to osmotic stress	BIOLOGICAL_PROCESS	GO:0006970	response to osmotic stress	CANONICAL_LABEL			osmotic response | osmotic stress response		EXACT_LEXICAL
causal_node	data/traits/**/*.yaml	data/traits/physiology/oxidative_stress_response.yaml	1	response to oxidative stress	BIOLOGICAL_PROCESS	GO:0006979	response to oxidative stress	CANONICAL_LABEL					EXACT_LEXICAL
causal_node	data/traits/**/*.yaml	data/traits/physiology/stress_response.yaml	1	response to stress	BIOLOGICAL_PROCESS	GO:0006950	response to stress	CANONICAL_LABEL					EXACT_LEXICAL
causal_node	data/traits/**/*.yaml	data/traits/genomics/restriction_modification_system.yaml	1	restriction-modification system	TRAIT	traitmech:000095							NO_DIRECT_SOURCE
causal_node	data/traits/**/*.yaml	data/traits/environment/extreme_hyperthermophilic.yaml | data/traits/environment/hyperthermophilic.yaml | data/traits/environment/temperature_optimum_high.yaml | data/traits/environment/thermophilic.yaml	4	reverse gyrase	GENE_OR_PROTEIN	GO:0160097	reverse gyrase activity	NO_EXACT_LABEL_MATCH					SEMANTIC_NOT_LEXICAL
causal_node	data/traits/**/*.yaml	data/traits/environment/temperature_range_high.yaml	1	reverse gyrase (TopR/rgy)	GENE_OR_PROTEIN	GO:0160097	reverse gyrase activity	NO_EXACT_LABEL_MATCH					SEMANTIC_NOT_LEXICAL
causal_node	data/traits/**/*.yaml	data/traits/ecology/rhizosphere_association.yaml	1	rhizosphere association	TRAIT	traitmech:000051							NO_DIRECT_SOURCE
causal_node	data/traits/**/*.yaml	data/traits/physiology/phototrophic.yaml	1	rhodopsin	GENE_OR_PROTEIN	InterPro:IPR001425							NO_DIRECT_SOURCE
causal_node	data/traits/**/*.yaml	data/traits/physiology/dormancy.yaml	1	ribosome	ORGANELLE	GO:0005840	ribosome	CANONICAL_LABEL					EXACT_LEXICAL
causal_node	data/traits/**/*.yaml	data/traits/genomics/rrna_operon_copy_number.yaml	1	ribosome biogenesis	BIOLOGICAL_PROCESS	GO:0042254	ribosome biogenesis	CANONICAL_LABEL			ribosome biogenesis and assembly		EXACT_LEXICAL
causal_node	data/traits/**/*.yaml	data/traits/metabolism/carbon_fixation.yaml	1	ribulose-1,5-bisphosphate carboxylase/oxygenase (RubisCO)	GENE_OR_PROTEIN	InterPro:IPR033966							NO_DIRECT_SOURCE
causal_node	data/traits/**/*.yaml	data/traits/morphology/ring_shaped.yaml	1	ring shaped	TRAIT	METPO:1000680	ring shaped	CANONICAL_LABEL					EXACT_LEXICAL
causal_node	data/traits/**/*.yaml	data/traits/morphology/rod_shaped.yaml	1	rod shaped	TRAIT	METPO:1000681	rod shaped	CANONICAL_LABEL					EXACT_LEXICAL
causal_node	data/traits/**/*.yaml	data/traits/environment/aerotolerant.yaml	1	rubrerythrin	GENE_OR_PROTEIN	InterPro:IPR052364							NO_DIRECT_SOURCE
causal_node	data/traits/**/*.yaml	data/traits/environment/salinity_phenotype_with_numerical_limits.yaml	1	salinity phenotype with numerical limits	TRAIT	METPO:1000532	salinity phenotype with numerical limits	CANONICAL_LABEL					EXACT_LEXICAL
causal_node	data/traits/**/*.yaml	data/traits/environment/extremely_halophilic.yaml | data/traits/environment/haloalkaliphilic.yaml | data/traits/environment/halophilic.yaml | data/traits/environment/nacl_delta.yaml | data/traits/environment/nacl_optimum.yaml | data/traits/environment/nacl_optimum_high.yaml | data/traits/environment/salinity_phenotype_with_numerical_limits.yaml	7	salt-in strategy	BIOLOGICAL_PROCESS	METPO:1007720							TERM_NOT_FOUND
causal_node	data/traits/**/*.yaml	data/traits/ecology/saprotrophy.yaml	1	saprotrophy	TRAIT	traitmech:000055							NO_DIRECT_SOURCE
causal_node	data/traits/**/*.yaml	data/traits/morphology/sarcina_arrangement.yaml	1	sarcina arrangement	TRAIT	traitmech:000120							NO_DIRECT_SOURCE
causal_node	data/traits/**/*.yaml	data/traits/morphology/pigmentation.yaml	1	shikimate pathway	PATHWAY	GO:0009423	chorismate biosynthetic process	EXACT_SYNONYM			chorismate anabolism | chorismate biosynthesis | chorismate formation | chorismate synthesis | shikimate pathway		EXACT_LEXICAL
causal_node	data/traits/**/*.yaml	data/traits/physiology/chemoheterotrophic.yaml	1	short-chain fatty acids	CHEMICAL	CHEBI:26666	short-chain fatty acid	NO_EXACT_LABEL_MATCH					SEMANTIC_NOT_LEXICAL
causal_node	data/traits/**/*.yaml	data/traits/environment/slightly_halophilic.yaml	1	slightly halophilic	TRAIT	METPO:1000625	slightly halophilic	CANONICAL_LABEL					EXACT_LEXICAL
causal_node	data/traits/**/*.yaml	data/traits/environment/halophilic.yaml	1	sodium chloride	CHEMICAL	CHEBI:26710	sodium chloride	CANONICAL_LABEL			sodium chloride		EXACT_LEXICAL
causal_node	data/traits/**/*.yaml	data/traits/environment/alkaphilic.yaml | data/traits/environment/facultatively_alkaphilic.yaml | data/traits/environment/halophilic.yaml | data/traits/environment/halophily_preference.yaml | data/traits/environment/nacl_delta_mid2.yaml | data/traits/environment/obligately_alkaphilic.yaml	6	sodium ion	CHEMICAL	CHEBI:29101	sodium(1+)	NO_EXACT_LABEL_MATCH			sodium cation | sodium(1+) | sodium(1+) ion | sodium(I) cation		SEMANTIC_NOT_LEXICAL
causal_node	data/traits/**/*.yaml	data/traits/genomics/genome_size.yaml	1	soil pH	ENVIRONMENTAL_FACTOR	ENVO:09200010	acidity of soil	NO_EXACT_LABEL_MATCH			soil acidity		SEMANTIC_NOT_LEXICAL
causal_node	data/traits/**/*.yaml	data/traits/ecology/soil_dwelling.yaml	1	soil-dwelling	TRAIT	traitmech:000050							NO_DIRECT_SOURCE
causal_node	data/traits/**/*.yaml	data/traits/physiology/methanotrophic.yaml	1	soluble methane monooxygenase (sMMO)	GENE_OR_PROTEIN	GO:0015050	methane monooxygenase complex	NO_EXACT_LABEL_MATCH					SEMANTIC_NOT_LEXICAL
causal_node	data/traits/**/*.yaml	data/traits/morphology/sphere_shaped.yaml	1	sphere shaped	TRAIT	METPO:1000683	sphere shaped	CANONICAL_LABEL					EXACT_LEXICAL
causal_node	data/traits/**/*.yaml	data/traits/morphology/spindle_shaped.yaml	1	spindle shaped	TRAIT	METPO:1000692	spindle shaped	CANONICAL_LABEL					EXACT_LEXICAL
causal_node	data/traits/**/*.yaml	data/traits/morphology/spiral_shaped.yaml	1	spiral shaped	TRAIT	METPO:1000684	spiral shaped	CANONICAL_LABEL					EXACT_LEXICAL
causal_node	data/traits/**/*.yaml	data/traits/morphology/spirochete_shaped.yaml	1	spirochete shaped	TRAIT	METPO:1000693	spirochete shaped	CANONICAL_LABEL					EXACT_LEXICAL
causal_node	data/traits/**/*.yaml	data/traits/morphology/spore_forming.yaml | data/traits/morphology/spore_shaped.yaml	2	spore coat	CELLULAR_LOCALIZATION	GO:0031160	spore wall	EXACT_SYNONYM			spore coat		EXACT_LEXICAL
causal_node	data/traits/**/*.yaml	data/traits/morphology/spore_forming.yaml	1	spore forming	TRAIT	METPO:1000871	spore forming	CANONICAL_LABEL					EXACT_LEXICAL
causal_node	data/traits/**/*.yaml	data/traits/physiology/spore_germination.yaml	1	spore germination	BIOLOGICAL_PROCESS	GO:0009847	spore germination	CANONICAL_LABEL					EXACT_LEXICAL
causal_node	data/traits/**/*.yaml	data/traits/physiology/spore_germination.yaml	1	spore germination	TRAIT	traitmech:000083							NO_DIRECT_SOURCE
causal_node	data/traits/**/*.yaml	data/traits/morphology/spore_shaped.yaml	1	spore shaped	TRAIT	METPO:1000682	spore shaped	CANONICAL_LABEL					EXACT_LEXICAL
causal_node	data/traits/**/*.yaml	data/traits/morphology/sporulation.yaml	1	sporulation	TRAIT	METPO:1000870	sporulation	CANONICAL_LABEL					EXACT_LEXICAL
causal_node	data/traits/**/*.yaml	data/traits/morphology/square_shaped.yaml	1	square shaped	TRAIT	METPO:1000694	square shaped	CANONICAL_LABEL					EXACT_LEXICAL
causal_node	data/traits/**/*.yaml	data/traits/morphology/staphylococcus_arrangement.yaml	1	staphylococcus arrangement	TRAIT	traitmech:000118							NO_DIRECT_SOURCE
causal_node	data/traits/**/*.yaml	data/traits/morphology/orange_pigmented.yaml | data/traits/morphology/white_pigmented.yaml	2	staphyloxanthin	CHEMICAL	CHEBI:71690	staphyloxanthin	CANONICAL_LABEL			1-O-[(2E,4E,6E,8E,10E,12E,14E,16E,18E)-2,6,10,15,19,23-hexamethyltetracosa-2,4,6,8,10,12,14,16,18,22-decaenoyl]-6-O-(12-methyltetradecanoyl)-beta-D-glucopyranose		EXACT_LEXICAL
causal_node	data/traits/**/*.yaml	data/traits/morphology/star_shaped.yaml	1	star shaped	TRAIT	METPO:1000685	star shaped	CANONICAL_LABEL					EXACT_LEXICAL
causal_node	data/traits/**/*.yaml	data/traits/metabolism/starch_degradation.yaml	1	starch degradation	TRAIT	traitmech:000115							NO_DIRECT_SOURCE
causal_node	data/traits/**/*.yaml	data/traits/environment/stenohaline.yaml	1	stenohaline	TRAIT	METPO:1000626	stenohaline	CANONICAL_LABEL					EXACT_LEXICAL
causal_node	data/traits/**/*.yaml	data/traits/morphology/streptococcus_arrangement.yaml	1	streptococcus arrangement	TRAIT	traitmech:000117							NO_DIRECT_SOURCE
causal_node	data/traits/**/*.yaml	data/traits/physiology/stress_response.yaml	1	stress response	TRAIT	traitmech:000078							NO_DIRECT_SOURCE
causal_node	data/traits/**/*.yaml	data/traits/environment/strictly_anaerobic.yaml	1	strictly anaerobic	TRAIT	METPO:1000611	strictly anaerobic	CANONICAL_LABEL					EXACT_LEXICAL
causal_node	data/traits/**/*.yaml	data/traits/metabolism/fermentation.yaml	1	substrate-level phosphorylation	BIOLOGICAL_PROCESS	METPO:1000804	Substrate-level phosphorylation	CANONICAL_LABEL					EXACT_LEXICAL
causal_node	data/traits/**/*.yaml	data/traits/metabolism/oxidative_phosphorylation.yaml	1	succinate dehydrogenase / Complex II	GENE_OR_PROTEIN	GO:0045273	respiratory chain complex II (succinate dehydrogenase)	NO_EXACT_LABEL_MATCH					SEMANTIC_NOT_LEXICAL
causal_node	data/traits/**/*.yaml	data/traits/metabolism/anaerobic_oxidation_of_methane.yaml | data/traits/metabolism/cable_bacteria_metabolism.yaml | data/traits/metabolism/disproportionation.yaml | data/traits/metabolism/dissimilatory_sulfate_reduction.yaml | data/traits/metabolism/sulfur_oxidation.yaml | data/traits/physiology/chemolithoheterotrophic.yaml | data/traits/physiology/hydrogenotrophic.yaml	7	sulfate	CHEMICAL	CHEBI:16189	sulfate	CANONICAL_LABEL			Sulfate | sulfate | tetraoxidosulfate(2-) | tetraoxosulfate(2-) | tetraoxosulfate(VI)		EXACT_LEXICAL
causal_node	data/traits/**/*.yaml	data/traits/metabolism/anoxygenic_photosynthesis.yaml | data/traits/metabolism/cable_bacteria_metabolism.yaml | data/traits/metabolism/disproportionation.yaml | data/traits/metabolism/dissimilatory_sulfate_reduction.yaml | data/traits/physiology/lithoheterotrophic.yaml | data/traits/physiology/photolithoautotrophic.yaml	6	sulfide	CHEMICAL	CHEBI:15138	sulfide(2-)	NO_EXACT_LABEL_MATCH			sulfanediide | sulfide(2-)		SEMANTIC_NOT_LEXICAL
causal_node	data/traits/**/*.yaml	data/traits/morphology/intracellular_inclusion.yaml	1	sulfide oxidation	BIOLOGICAL_PROCESS	GO:0019418	sulfide oxidation	CANONICAL_LABEL			hydrogen sulfide catabolic process | sulphide oxidation		EXACT_LEXICAL
causal_node	data/traits/**/*.yaml	data/traits/metabolism/sulfur_oxidation.yaml | data/traits/morphology/sulfur_globule.yaml | data/traits/physiology/lithoheterotrophic.yaml	3	sulfide:quinone oxidoreductase (SQR)	GENE_OR_PROTEIN	GO:0070224	sulfide:quinone oxidoreductase activity	NO_EXACT_LABEL_MATCH			sulfide-quinone reductase activity | sulphide:quinone oxidoreductase activity		SEMANTIC_NOT_LEXICAL
causal_node	data/traits/**/*.yaml	data/traits/metabolism/sulfur_oxidation.yaml	1	sulfite	CHEMICAL	CHEBI:16526	carbon dioxide	NO_EXACT_LABEL_MATCH			CARBON DIOXIDE | Carbon dioxide | carbon dioxide | dioxidocarbon | methanedione		SEMANTIC_NOT_LEXICAL
causal_node	data/traits/**/*.yaml	data/traits/morphology/sulfur_globule.yaml	1	sulfur globule	TRAIT	traitmech:000069							NO_DIRECT_SOURCE
causal_node	data/traits/**/*.yaml	data/traits/physiology/lithotrophic.yaml | data/traits/physiology/photolithoautotrophic.yaml	2	sulfur oxidation	BIOLOGICAL_PROCESS	GO:0019417	sulfur oxidation	CANONICAL_LABEL			sulphur oxidation		EXACT_LEXICAL
causal_node	data/traits/**/*.yaml	data/traits/metabolism/sulfur_oxidation.yaml	1	sulfur oxidation	TRAIT	traitmech:000106							NO_DIRECT_SOURCE
causal_node	data/traits/**/*.yaml	data/traits/environment/microaerotolerant.yaml | data/traits/environment/obligately_aerobic.yaml	2	superoxide	CHEMICAL	CHEBI:18421	superoxide	CANONICAL_LABEL			dioxidanidyl | dioxide(.1-)		EXACT_LEXICAL
causal_node	data/traits/**/*.yaml	data/traits/environment/aerotolerant.yaml | data/traits/environment/oxygen_preference.yaml	2	superoxide dismutase	GENE_OR_PROTEIN	GO:0004784	superoxide dismutase activity	NO_EXACT_LABEL_MATCH			superoxide:superoxide oxidoreductase activity		SEMANTIC_NOT_LEXICAL
causal_node	data/traits/**/*.yaml	data/traits/environment/microaerophilic.yaml	1	superoxide dismutase (SodB)	GENE_OR_PROTEIN	GO:0004784	superoxide dismutase activity	NO_EXACT_LABEL_MATCH			superoxide:superoxide oxidoreductase activity		SEMANTIC_NOT_LEXICAL
causal_node	data/traits/**/*.yaml	data/traits/environment/desiccation_tolerant.yaml | data/traits/environment/obligately_aerobic.yaml	2	superoxide dismutase activity	MOLECULAR_FUNCTION	GO:0004784	superoxide dismutase activity	CANONICAL_LABEL			superoxide:superoxide oxidoreductase activity		EXACT_LEXICAL
causal_node	data/traits/**/*.yaml	data/traits/environment/microaerotolerant.yaml	1	superoxide reductase	GENE_OR_PROTEIN	GO:0050605	superoxide reductase activity	NO_EXACT_LABEL_MATCH					SEMANTIC_NOT_LEXICAL
causal_node	data/traits/**/*.yaml	data/traits/morphology/swarming_motility.yaml	1	swarming motility	TRAIT	traitmech:000062							NO_DIRECT_SOURCE
causal_node	data/traits/**/*.yaml	data/traits/ecology/symbiosis.yaml	1	symbiosis	TRAIT	traitmech:000040							NO_DIRECT_SOURCE
causal_node	data/traits/**/*.yaml	data/traits/morphology/tailed_shaped.yaml	1	tailed shaped	TRAIT	METPO:1000695	tailed shaped	CANONICAL_LABEL					EXACT_LEXICAL
causal_node	data/traits/**/*.yaml	data/traits/environment/delta_phenotype_with_numerical_limits.yaml | data/traits/environment/temperature_delta.yaml | data/traits/environment/temperature_delta_high.yaml | data/traits/environment/temperature_delta_low.yaml | data/traits/environment/temperature_delta_mid1.yaml | data/traits/environment/temperature_delta_mid2.yaml | data/traits/environment/temperature_delta_very_low.yaml | data/traits/environment/temperature_phenotype_with_numerical_limits.yaml	8	temperature delta	TRAIT	METPO:1000303	temperature delta	CANONICAL_LABEL					EXACT_LEXICAL
causal_node	data/traits/**/*.yaml	data/traits/environment/temperature_delta_high.yaml	1	temperature delta high	TRAIT	METPO:1000487	temperature delta high	CANONICAL_LABEL					EXACT_LEXICAL
causal_node	data/traits/**/*.yaml	data/traits/environment/temperature_delta_low.yaml	1	temperature delta low	TRAIT	METPO:1000484	temperature delta low	CANONICAL_LABEL					EXACT_LEXICAL
causal_node	data/traits/**/*.yaml	data/traits/environment/temperature_delta_mid1.yaml	1	temperature delta mid1	TRAIT	METPO:1000485	temperature delta mid1	CANONICAL_LABEL					EXACT_LEXICAL
causal_node	data/traits/**/*.yaml	data/traits/environment/temperature_delta_mid2.yaml	1	temperature delta mid2	TRAIT	METPO:1000486	temperature delta mid2	CANONICAL_LABEL					EXACT_LEXICAL
causal_node	data/traits/**/*.yaml	data/traits/environment/temperature_delta_very_low.yaml	1	temperature delta very low	TRAIT	METPO:1000483	temperature delta very low	CANONICAL_LABEL					EXACT_LEXICAL
causal_node	data/traits/**/*.yaml	data/traits/environment/optimum_phenotype_with_numerical_limits.yaml | data/traits/environment/temperature_optimum.yaml | data/traits/environment/temperature_optimum_high.yaml | data/traits/environment/temperature_optimum_low.yaml | data/traits/environment/temperature_optimum_mid1.yaml | data/traits/environment/temperature_optimum_mid2.yaml | data/traits/environment/temperature_optimum_mid3.yaml | data/traits/environment/temperature_optimum_mid4.yaml | data/traits/environment/temperature_optimum_very_low.yaml | data/traits/environment/temperature_phenotype_with_numerical_limits.yaml	10	temperature optimum	TRAIT	METPO:1000304	temperature optimum	CANONICAL_LABEL					EXACT_LEXICAL
causal_node	data/traits/**/*.yaml	data/traits/environment/temperature_optimum_high.yaml	1	temperature optimum high	TRAIT	METPO:1000447	temperature optimum high	CANONICAL_LABEL			Thermophile		EXACT_LEXICAL
causal_node	data/traits/**/*.yaml	data/traits/environment/temperature_optimum_low.yaml	1	temperature optimum low	TRAIT	METPO:1000442	temperature optimum low	CANONICAL_LABEL			Psychrophile | Psychrotolerant		EXACT_LEXICAL
causal_node	data/traits/**/*.yaml	data/traits/environment/temperature_optimum_mid1.yaml	1	temperature optimum mid1	TRAIT	METPO:1000443	temperature optimum mid1	CANONICAL_LABEL			mesophilic		EXACT_LEXICAL
causal_node	data/traits/**/*.yaml	data/traits/environment/temperature_optimum_mid2.yaml	1	temperature optimum mid2	TRAIT	METPO:1000444	temperature optimum mid2	CANONICAL_LABEL			mesophilic		EXACT_LEXICAL
causal_node	data/traits/**/*.yaml	data/traits/environment/temperature_optimum_mid3.yaml	1	temperature optimum mid3	TRAIT	METPO:1000445	temperature optimum mid3	CANONICAL_LABEL			mesophilic		EXACT_LEXICAL
causal_node	data/traits/**/*.yaml	data/traits/environment/temperature_optimum_mid4.yaml	1	temperature optimum mid4	TRAIT	METPO:1000446	temperature optimum mid4	CANONICAL_LABEL			mesophilic		EXACT_LEXICAL
causal_node	data/traits/**/*.yaml	data/traits/environment/temperature_optimum_very_low.yaml	1	temperature optimum very low	TRAIT	METPO:1000441	temperature optimum very low	CANONICAL_LABEL			Psychrophile		EXACT_LEXICAL
causal_node	data/traits/**/*.yaml	data/traits/environment/temperature_phenotype_with_numerical_limits.yaml	1	temperature phenotype with numerical limits	TRAIT	METPO:1000533	temperature phenotype with numerical limits	CANONICAL_LABEL					EXACT_LEXICAL
causal_node	data/traits/**/*.yaml	data/traits/environment/temperature_preference.yaml	1	temperature preference	TRAIT	METPO:1000613	temperature preference	CANONICAL_LABEL					EXACT_LEXICAL
causal_node	data/traits/**/*.yaml	data/traits/environment/growth_range_phenotype_with_numerical_limits.yaml | data/traits/environment/temperature_phenotype_with_numerical_limits.yaml | data/traits/environment/temperature_range.yaml | data/traits/environment/temperature_range_high.yaml | data/traits/environment/temperature_range_low.yaml | data/traits/environment/temperature_range_mid1.yaml | data/traits/environment/temperature_range_mid2.yaml | data/traits/environment/temperature_range_mid3.yaml | data/traits/environment/temperature_range_mid4.yaml | data/traits/environment/temperature_range_very_low.yaml	10	temperature range	TRAIT	METPO:1000306	temperature range	CANONICAL_LABEL					EXACT_LEXICAL
causal_node	data/traits/**/*.yaml	data/traits/environment/temperature_range_high.yaml	1	temperature range high	TRAIT	METPO:1000454	temperature range high	CANONICAL_LABEL			Thermophile		EXACT_LEXICAL
causal_node	data/traits/**/*.yaml	data/traits/environment/temperature_range_low.yaml	1	temperature range low	TRAIT	METPO:1000449	temperature range low	CANONICAL_LABEL			Psychrophile | Psychrotolerant		EXACT_LEXICAL
causal_node	data/traits/**/*.yaml	data/traits/environment/temperature_range_mid1.yaml	1	temperature range mid1	TRAIT	METPO:1000450	temperature range mid1	CANONICAL_LABEL			mesophilic		EXACT_LEXICAL
causal_node	data/traits/**/*.yaml	data/traits/environment/temperature_range_mid2.yaml	1	temperature range mid2	TRAIT	METPO:1000451	temperature range mid2	CANONICAL_LABEL			mesophilic		EXACT_LEXICAL
causal_node	data/traits/**/*.yaml	data/traits/environment/temperature_range_mid3.yaml	1	temperature range mid3	TRAIT	METPO:1000452	temperature range mid3	CANONICAL_LABEL			mesophilic		EXACT_LEXICAL
causal_node	data/traits/**/*.yaml	data/traits/environment/temperature_range_mid4.yaml	1	temperature range mid4	TRAIT	METPO:1000453	temperature range mid4	CANONICAL_LABEL			mesophilic		EXACT_LEXICAL
causal_node	data/traits/**/*.yaml	data/traits/environment/temperature_range_very_low.yaml	1	temperature range very low	TRAIT	METPO:1000448	temperature range very low	CANONICAL_LABEL			Psychrophile		EXACT_LEXICAL
causal_node	data/traits/**/*.yaml	data/traits/metabolism/dissimilatory_metal_reduction.yaml | data/traits/metabolism/respiration.yaml | data/traits/physiology/chemoorganotrophic.yaml | data/traits/physiology/chemotrophic.yaml	4	terminal electron acceptor	CHEMICAL	METPO:1007504							TERM_NOT_FOUND
causal_node	data/traits/**/*.yaml	data/traits/environment/aerobic.yaml | data/traits/metabolism/anaerobic_respiration.yaml	2	terminal electron acceptor	MOLECULAR_FUNCTION	METPO:1007504							TERM_NOT_FOUND
causal_node	data/traits/**/*.yaml	data/traits/morphology/tetrad_arrangement.yaml	1	tetrad arrangement	TRAIT	traitmech:000119							NO_DIRECT_SOURCE
causal_node	data/traits/**/*.yaml	data/traits/metabolism/sulfur_oxidation.yaml	1	tetrathionate	CHEMICAL	CHEBI:30926	3-oxalomalic acid	NO_EXACT_LABEL_MATCH			1-hydroxy-3-oxopropane-1,2,3-tricarboxylic acid		SEMANTIC_NOT_LEXICAL
causal_node	data/traits/**/*.yaml	data/traits/environment/thermophilic.yaml	1	thermophilic	TRAIT	METPO:1000616	thermophilic	CANONICAL_LABEL					EXACT_LEXICAL
causal_node	data/traits/**/*.yaml	data/traits/environment/thermotolerant.yaml	1	thermotolerant	TRAIT	METPO:1000619	thermotolerant	CANONICAL_LABEL					EXACT_LEXICAL
causal_node	data/traits/**/*.yaml	data/traits/metabolism/disproportionation.yaml | data/traits/physiology/chemolithoheterotrophic.yaml | data/traits/physiology/chemolithotrophic.yaml | data/traits/physiology/lithoheterotrophic.yaml | data/traits/physiology/lithotrophic.yaml	5	thiosulfate	CHEMICAL	CHEBI:16094	thiosulfate(2-)	EXACT_SYNONYM			sulfurothioate | Thiosulfate | thiosulfate | trioxidosulfidosulfate(2-)		EXACT_LEXICAL
causal_node	data/traits/**/*.yaml	data/traits/metabolism/sulfur_oxidation.yaml	1	thiosulfate	CHEMICAL	CHEBI:30087	guanidinium	NO_EXACT_LABEL_MATCH			guanidinium		SEMANTIC_NOT_LEXICAL
causal_node	data/traits/**/*.yaml	data/traits/metabolism/sulfur_oxidation.yaml	1	thiosulfate dehydrogenase (TsdA)	GENE_OR_PROTEIN	GO:0050338	thiosulfate dehydrogenase activity	NO_EXACT_LABEL_MATCH			thiosulphate dehydrogenase activity		SEMANTIC_NOT_LEXICAL
causal_node	data/traits/**/*.yaml	data/traits/environment/mesophilic.yaml | data/traits/genomics/codon_usage_bias.yaml	2	translation	BIOLOGICAL_PROCESS	GO:0006412	translation	CANONICAL_LABEL			protein translation		EXACT_LEXICAL
causal_node	data/traits/**/*.yaml	data/traits/genomics/codon_usage_bias.yaml	1	translation initiation	BIOLOGICAL_PROCESS	GO:0006413	translational initiation	EXACT_SYNONYM			translation initiation		EXACT_LEXICAL
causal_node	data/traits/**/*.yaml	data/traits/genomics/transposable_element.yaml	1	transposable element	TRAIT	traitmech:000092							NO_DIRECT_SOURCE
causal_node	data/traits/**/*.yaml	data/traits/genomics/transposable_element.yaml	1	transposase	GENE_OR_PROTEIN	GO:0004803	transposase activity	NO_EXACT_LABEL_MATCH					SEMANTIC_NOT_LEXICAL
causal_node	data/traits/**/*.yaml	data/traits/genomics/mobile_genetic_element.yaml	1	transposition	BIOLOGICAL_PROCESS	GO:0032196	transposition	CANONICAL_LABEL					EXACT_LEXICAL
causal_node	data/traits/**/*.yaml	data/traits/morphology/triangular_shaped.yaml	1	triangular shaped	TRAIT	METPO:1000696	triangular shaped	CANONICAL_LABEL					EXACT_LEXICAL
causal_node	data/traits/**/*.yaml	data/traits/physiology/organoheterotrophic.yaml	1	tricarboxylic acid cycle	PATHWAY	GO:0006099	tricarboxylic acid cycle	CANONICAL_LABEL			citric acid cycle | Krebs cycle | oxidative TCA cycle | TCA cycle		EXACT_LEXICAL
causal_node	data/traits/**/*.yaml	data/traits/physiology/trophic_type.yaml | data/traits/upper/phenotype.yaml	2	trophic type	TRAIT	METPO:1000631	trophic type	CANONICAL_LABEL					EXACT_LEXICAL
causal_node	data/traits/**/*.yaml	data/traits/morphology/motile.yaml	1	twitching motility	BIOLOGICAL_PROCESS	GO:0043107	type IV pilus-dependent motility	NO_EXACT_LABEL_MATCH			TFP-dependent motility | TFP-dependent movement | type 4 pilus-dependent motility | type four pilus-dependent motility		SEMANTIC_NOT_LEXICAL
causal_node	data/traits/**/*.yaml	data/traits/morphology/twitching_motility.yaml	1	twitching motility	TRAIT	traitmech:000061							NO_DIRECT_SOURCE
causal_node	data/traits/**/*.yaml	data/traits/metabolism/anoxygenic_photosynthesis.yaml	1	type II photosynthetic reaction center M subunit	GENE_OR_PROTEIN	InterPro:IPR005781							NO_DIRECT_SOURCE
causal_node	data/traits/**/*.yaml	data/traits/morphology/twitching_motility.yaml	1	type IV pilus	CELLULAR_LOCALIZATION	GO:0044096	type IV pilus	CANONICAL_LABEL			TFP | type 4 pilus | type IV fimbriae		EXACT_LEXICAL
causal_node	data/traits/**/*.yaml	data/traits/morphology/motile.yaml | data/traits/morphology/motility.yaml	2	type IV pilus	GENE_OR_PROTEIN	GO:0044096	type IV pilus	CANONICAL_LABEL			TFP | type 4 pilus | type IV fimbriae		EXACT_LEXICAL
causal_node	data/traits/**/*.yaml	data/traits/morphology/twitching_motility.yaml	1	type IV pilus assembly	BIOLOGICAL_PROCESS	GO:0043107	type IV pilus-dependent motility	NO_EXACT_LABEL_MATCH			TFP-dependent motility | TFP-dependent movement | type 4 pilus-dependent motility | type four pilus-dependent motility		SEMANTIC_NOT_LEXICAL
causal_node	data/traits/**/*.yaml	data/traits/ecology/animal_pathogen.yaml | data/traits/ecology/human_pathogen.yaml | data/traits/genomics/mobile_genetic_element.yaml	3	type IV secretion system	GENE_OR_PROTEIN	GO:0043684	type IV secretion system complex	NO_EXACT_LABEL_MATCH			T4SS complex		SEMANTIC_NOT_LEXICAL
causal_node	data/traits/**/*.yaml	data/traits/genomics/genomic_island.yaml	1	type IV secretion system (T4SS)	GENE_OR_PROTEIN	GO:0043684	type IV secretion system complex	NO_EXACT_LABEL_MATCH			T4SS complex		SEMANTIC_NOT_LEXICAL
causal_node	data/traits/**/*.yaml	data/traits/morphology/black_pigmented.yaml	1	tyrosinase	GENE_OR_PROTEIN	GO:0004503	tyrosinase activity	NO_EXACT_LABEL_MATCH			L-tyrosine monooxygenase activity | monophenol monooxygenase activity | monophenol oxygenase		SEMANTIC_NOT_LEXICAL
causal_node	data/traits/**/*.yaml	data/traits/morphology/brown_pigmented.yaml	1	tyrosine catabolism	BIOLOGICAL_PROCESS	GO:0006572	L-tyrosine catabolic process	EXACT_SYNONYM			tyrosine breakdown | tyrosine catabolism | tyrosine degradation		EXACT_LEXICAL
causal_node	data/traits/**/*.yaml	data/traits/metabolism/electron_transfer.yaml	1	ubiquinol	CHEMICAL	CHEBI:17976	ubiquinol	CANONICAL_LABEL					EXACT_LEXICAL
causal_node	data/traits/**/*.yaml	data/traits/environment/uv_radiation_tolerant.yaml	1	ultraviolet radiation	ENVIRONMENTAL_FACTOR	ENVO:21001216	ultraviolet radiation	CANONICAL_LABEL			UV radiation		EXACT_LEXICAL
causal_node	data/traits/**/*.yaml	data/traits/environment/temperature_delta_high.yaml | data/traits/environment/thermotolerant.yaml	2	unsaturated fatty acid biosynthesis	BIOLOGICAL_PROCESS	GO:0006636	unsaturated fatty acid biosynthetic process	EXACT_SYNONYM			unsaturated fatty acid anabolism | unsaturated fatty acid biosynthesis | unsaturated fatty acid formation | unsaturated fatty acid synthesis		EXACT_LEXICAL
causal_node	data/traits/**/*.yaml	data/traits/environment/mesophilic.yaml | data/traits/environment/temperature_delta.yaml | data/traits/environment/temperature_delta_mid2.yaml | data/traits/environment/temperature_optimum_mid1.yaml | data/traits/environment/temperature_optimum_mid2.yaml | data/traits/environment/temperature_optimum_very_low.yaml	6	unsaturated fatty acids	CHEMICAL	CHEBI:27208	unsaturated fatty acid	NO_EXACT_LABEL_MATCH					SEMANTIC_NOT_LEXICAL
causal_node	data/traits/**/*.yaml	data/traits/physiology/urease_activity.yaml	1	urea	CHEMICAL	CHEBI:16199	urea	CANONICAL_LABEL			UREA | Urea | urea		EXACT_LEXICAL
causal_node	data/traits/**/*.yaml	data/traits/physiology/urease_activity.yaml	1	urease activity	MOLECULAR_FUNCTION	GO:0009039	urease activity	CANONICAL_LABEL					EXACT_LEXICAL
causal_node	data/traits/**/*.yaml	data/traits/physiology/urease_activity.yaml	1	urease activity	TRAIT	traitmech:000077							NO_DIRECT_SOURCE
causal_node	data/traits/**/*.yaml	data/traits/environment/extreme_hyperthermophilic.yaml | data/traits/environment/hyperthermophilic.yaml	2	very high temperature	ENVIRONMENTAL_FACTOR	PATO:0001305	increased temperature	NO_EXACT_LABEL_MATCH			high temperature | hot		SEMANTIC_NOT_LEXICAL
causal_node	data/traits/**/*.yaml	data/traits/physiology/viable_but_nonculturable_state.yaml	1	viable but nonculturable state	TRAIT	traitmech:000081							NO_DIRECT_SOURCE
causal_node	data/traits/**/*.yaml	data/traits/morphology/vibrio_shaped.yaml	1	vibrio shaped	TRAIT	METPO:1000686	vibrio shaped	CANONICAL_LABEL					EXACT_LEXICAL
causal_node	data/traits/**/*.yaml	data/traits/metabolism/aerobic_respiration.yaml | data/traits/metabolism/oxygenic_photosynthesis.yaml | data/traits/physiology/catalase_activity.yaml | data/traits/physiology/photoautotrophic.yaml	4	water	CHEMICAL	CHEBI:15377	water	CANONICAL_LABEL			oxidane | WATER | Water | water		EXACT_LEXICAL
causal_node	data/traits/**/*.yaml	data/traits/morphology/pleomorphic_shaped.yaml	1	weak or absent peptidoglycan wall	CELLULAR_LOCALIZATION	GO:0009274	peptidoglycan-based cell wall	NO_EXACT_LABEL_MATCH					SEMANTIC_NOT_LEXICAL
causal_node	data/traits/**/*.yaml	data/traits/morphology/white_pigmented.yaml	1	white pigmented	TRAIT	METPO:1003029	white pigmented	CANONICAL_LABEL					EXACT_LEXICAL
causal_node	data/traits/**/*.yaml	data/traits/environment/xerophilic.yaml	1	xerophilic	TRAIT	traitmech:000011							NO_DIRECT_SOURCE
causal_node	data/traits/**/*.yaml	data/traits/metabolism/xylan_degradation.yaml	1	xylan degradation	TRAIT	traitmech:000113							NO_DIRECT_SOURCE
causal_node	data/traits/**/*.yaml	data/traits/metabolism/xylan_degradation.yaml	1	xylose	CHEMICAL	CHEBI:18222	xylose	CANONICAL_LABEL			xylo-pentose | Xylose | xylose		EXACT_LEXICAL
causal_node	data/traits/**/*.yaml	data/traits/morphology/yellow_pigmented.yaml	1	yellow pigmented	TRAIT	METPO:1003030	yellow pigmented	CANONICAL_LABEL					EXACT_LEXICAL
causal_node	data/traits/**/*.yaml	data/traits/morphology/orange_pigmented.yaml	1	zeaxanthin	CHEMICAL	CHEBI:27547	zeaxanthin	CANONICAL_LABEL			(3R,3'R)-beta,beta-carotene-3,3'-diol		EXACT_LEXICAL
causal_node	data/traits/**/*.yaml	data/traits/environment/zinc_tolerant.yaml	1	zinc ion transmembrane transport	BIOLOGICAL_PROCESS	GO:0006829	zinc ion transport	NO_EXACT_LABEL_MATCH			zinc II ion transport | zinc transport		SEMANTIC_NOT_LEXICAL
causal_node	data/traits/**/*.yaml	data/traits/environment/zinc_tolerant.yaml	1	zinc tolerant	TRAIT	traitmech:000014							NO_DIRECT_SOURCE
causal_node	data/traits/**/*.yaml	data/traits/environment/cadmium_tolerant.yaml | data/traits/environment/zinc_tolerant.yaml	2	zinc(2+) ion	CHEMICAL	CHEBI:29105	zinc(2+)	EXACT_SYNONYM			zinc(2+) | zinc(2+) ion | zinc(II) cation		EXACT_LEXICAL
causal_predicate	data/traits/**/*.yaml	data/traits/environment/facultatively_alkaphilic.yaml | data/traits/environment/obligately_alkaphilic.yaml | data/traits/environment/slightly_halophilic.yaml	3	accumulates	PREDICATE	METPO:2007810							TERM_NOT_FOUND
causal_predicate	data/traits/**/*.yaml	data/traits/ecology/host_associated.yaml | data/traits/ecology/pathogenic_to_host.yaml | data/traits/environment/facultatively_aerobic.yaml | data/traits/environment/mercury_tolerant.yaml | data/traits/environment/optimum_phenotype_with_numerical_limits.yaml | data/traits/environment/temperature_delta_mid1.yaml | data/traits/environment/temperature_phenotype_with_numerical_limits.yaml | data/traits/environment/temperature_range.yaml | data/traits/environment/temperature_range_very_low.yaml | data/traits/genomics/prophage.yaml | data/traits/metabolism/phototrophy.yaml | data/traits/morphology/branched_shaped.yaml | data/traits/morphology/cell_length_small.yaml | data/traits/morphology/cell_width_medium.yaml | data/traits/morphology/cell_width_small.yaml | data/traits/morphology/fusiform_shaped.yaml | data/traits/morphology/rod_shaped.yaml | data/traits/morphology/sporulation.yaml | data/traits/physiology/catalase_activity.yaml | data/traits/physiology/dormancy.yaml | data/traits/physiology/photoheterotrophic.yaml | data/traits/physiology/spore_germination.yaml	24	activates	PREDICATE	RO:0002213	positively regulates	NO_EXACT_LABEL_MATCH					SEMANTIC_NOT_LEXICAL
causal_predicate	data/traits/**/*.yaml	data/traits/ecology/commensalism.yaml | data/traits/ecology/endosymbiosis.yaml | data/traits/ecology/free_living.yaml | data/traits/ecology/habitat_association.yaml | data/traits/environment/halophilic.yaml | data/traits/environment/nacl_delta_high.yaml | data/traits/environment/nacl_optimum.yaml | data/traits/environment/nacl_optimum_mid1.yaml | data/traits/environment/ph_growth_preference.yaml | data/traits/environment/pressure_delta.yaml | data/traits/environment/pressure_optimum.yaml | data/traits/environment/pressure_range.yaml | data/traits/genomics/codon_usage_bias.yaml | data/traits/genomics/gc_low.yaml | data/traits/genomics/gc_skew.yaml | data/traits/genomics/genome_streamlining.yaml | data/traits/genomics/pangenome_openness.yaml | data/traits/genomics/rrna_operon_copy_number.yaml | data/traits/metabolism/anaerobic_oxidation_of_methane.yaml | data/traits/morphology/amphitrichous.yaml | data/traits/morphology/cell_length_very_small.yaml | data/traits/morphology/cell_width_very_small.yaml | data/traits/morphology/coccus_shaped.yaml | data/traits/morphology/lophotrichous.yaml | data/traits/morphology/monotrichous.yaml | data/traits/morphology/peritrichous.yaml | data/traits/morphology/spiral_shaped.yaml | data/traits/physiology/copiotrophic.yaml | data/traits/physiology/oligotrophic.yaml	39	associated with	PREDICATE	biolink:associated_with							NO_DIRECT_SOURCE
causal_predicate	data/traits/**/*.yaml	data/traits/morphology/cell_width.yaml | data/traits/morphology/sphere_shaped.yaml | data/traits/morphology/spirochete_shaped.yaml | data/traits/physiology/lithoautotrophic.yaml	4	builds	PREDICATE	biolink:produces							NO_DIRECT_SOURCE
causal_predicate	data/traits/**/*.yaml	data/traits/upper/material_entity.yaml	1	can participate in	PREDICATE	biolink:participates_in							NO_DIRECT_SOURCE
causal_predicate	data/traits/**/*.yaml	data/traits/morphology/white_pigmented.yaml	1	catalyzes	PREDICATE	METPO:2007813							TERM_NOT_FOUND
causal_predicate	data/traits/**/*.yaml	data/traits/genomics/mobile_genetic_element.yaml | data/traits/metabolism/dissimilatory_nitrate_reduction_to_ammonium.yaml | data/traits/metabolism/homoacetogenesis.yaml | data/traits/morphology/black_pigmented.yaml | data/traits/morphology/carotenoid_pigmentation.yaml | data/traits/morphology/cell_shape.yaml | data/traits/morphology/coccus_shaped.yaml | data/traits/morphology/orange_pigmented.yaml | data/traits/morphology/pink_pigmented.yaml | data/traits/morphology/polyhydroxyalkanoate_granule.yaml | data/traits/morphology/red_pigmented.yaml | data/traits/morphology/yellow_pigmented.yaml | data/traits/physiology/autotrophic.yaml | data/traits/physiology/bioluminescence.yaml | data/traits/physiology/chemoautotrophic.yaml | data/traits/physiology/chemolithoautotrophic.yaml | data/traits/physiology/lithoautotrophic.yaml | data/traits/physiology/methylotrophic.yaml | data/traits/physiology/photoautotrophic.yaml | data/traits/physiology/photolithoautotrophic.yaml	27	catalyzes	PREDICATE	biolink:catalyzes							NO_DIRECT_SOURCE
causal_predicate	data/traits/**/*.yaml	data/traits/metabolism/methanogenesis.yaml | data/traits/morphology/brown_pigmented.yaml	2	catalyzes formation of	PREDICATE	biolink:catalyzes							NO_DIRECT_SOURCE
causal_predicate	data/traits/**/*.yaml	data/traits/ecology/animal_pathogen.yaml | data/traits/ecology/biosafety_level.yaml | data/traits/ecology/endosymbiosis.yaml | data/traits/ecology/habitat_association.yaml | data/traits/ecology/mutualism.yaml | data/traits/ecology/opportunistic_pathogen.yaml | data/traits/ecology/parasitism.yaml | data/traits/ecology/plant_pathogen.yaml | data/traits/ecology/predatory_bacterium.yaml | data/traits/ecology/rhizosphere_association.yaml | data/traits/ecology/symbiosis.yaml | data/traits/environment/copper_tolerant.yaml | data/traits/environment/desiccation_tolerant.yaml | data/traits/environment/euryhaline.yaml | data/traits/environment/extremely_halophilic.yaml | data/traits/environment/growth_range_phenotype_with_numerical_limits.yaml | data/traits/environment/halophilic.yaml | data/traits/environment/halophily_preference.yaml | data/traits/environment/halotolerant.yaml | data/traits/environment/ionizing_radiation_tolerant.yaml | data/traits/environment/moderately_halophilic.yaml | data/traits/environment/nacl_delta.yaml | data/traits/environment/nacl_delta_mid2.yaml | data/traits/environment/nacl_optimum.yaml | data/traits/environment/nacl_range_low.yaml | data/traits/environment/non_halophilic.yaml | data/traits/environment/obligately_alkaphilic.yaml | data/traits/environment/obligately_anaerobic.yaml | data/traits/environment/obligately_piezophilic.yaml | data/traits/environment/ph_range_mid3.yaml | data/traits/environment/ph_range_very_low.yaml | data/traits/environment/pressure_delta.yaml | data/traits/environment/psychrotolerant.yaml | data/traits/environment/radiotolerant.yaml | data/traits/environment/slightly_halophilic.yaml | data/traits/environment/stenohaline.yaml | data/traits/environment/temperature_delta_low.yaml | data/traits/environment/temperature_optimum_mid2.yaml | data/traits/environment/temperature_optimum_very_low.yaml | data/traits/environment/temperature_range_mid1.yaml | data/traits/environment/temperature_range_mid3.yaml | data/traits/environment/temperature_range_mid4.yaml | data/traits/environment/thermotolerant.yaml | data/traits/environment/uv_radiation_tolerant.yaml | data/traits/genomics/gc_content.yaml | data/traits/genomics/gc_low.yaml | data/traits/genomics/gc_skew.yaml | data/traits/genomics/genome_size.yaml | data/traits/genomics/genome_streamlining.yaml | data/traits/genomics/genomic_island.yaml | data/traits/genomics/pangenome_openness.yaml | data/traits/genomics/ploidy.yaml | data/traits/genomics/transposable_element.yaml | data/traits/metabolism/denitrification.yaml | data/traits/metabolism/lactic_acid_fermentation.yaml | data/traits/metabolism/phototrophy.yaml | data/traits/morphology/black_pigmented.yaml | data/traits/morphology/branched_shaped.yaml | data/traits/morphology/brown_pigmented.yaml | data/traits/morphology/carotenoid_pigmentation.yaml | data/traits/morphology/cell_length.yaml | data/traits/morphology/cell_shape.yaml | data/traits/morphology/coccobacillus_shaped.yaml | data/traits/morphology/disc_shaped.yaml | data/traits/morphology/ellipsoidal.yaml | data/traits/morphology/fusiform_shaped.yaml | data/traits/morphology/gas_vesicle.yaml | data/traits/morphology/gliding.yaml | data/traits/morphology/gram_positive.yaml | data/traits/morphology/gram_stain.yaml | data/traits/morphology/gram_variable.yaml | data/traits/morphology/green_pigmented.yaml | data/traits/morphology/helical_shaped.yaml | data/traits/morphology/heterocyst.yaml | data/traits/morphology/irregular_shaped.yaml | data/traits/morphology/mycelial_growth.yaml | data/traits/morphology/non_motile.yaml | data/traits/morphology/non_spore_forming.yaml | data/traits/morphology/orange_pigmented.yaml | data/traits/morphology/oval_shaped.yaml | data/traits/morphology/ovoid_shaped.yaml | data/traits/morphology/peritrichous.yaml | data/traits/morphology/pigmentation.yaml | data/traits/morphology/pink_pigmented.yaml | data/traits/morphology/pleomorphic_shaped.yaml | data/traits/morphology/red_pigmented.yaml | data/traits/morphology/ring_shaped.yaml | data/traits/morphology/sarcina_arrangement.yaml | data/traits/morphology/spindle_shaped.yaml | data/traits/morphology/square_shaped.yaml | data/traits/morphology/staphylococcus_arrangement.yaml | data/traits/morphology/streptococcus_arrangement.yaml | data/traits/morphology/tetrad_arrangement.yaml | data/traits/morphology/triangular_shaped.yaml | data/traits/morphology/vibrio_shaped.yaml | data/traits/morphology/white_pigmented.yaml | data/traits/morphology/yellow_pigmented.yaml | data/traits/physiology/chemotaxis.yaml | data/traits/physiology/dormancy.yaml | data/traits/physiology/nutrient_adaptation.yaml | data/traits/physiology/oxidative_stress_response.yaml | data/traits/physiology/spore_germination.yaml | data/traits/physiology/stress_response.yaml | data/traits/physiology/trophic_type.yaml | data/traits/physiology/viable_but_nonculturable_state.yaml	136	causes	PREDICATE	biolink:causes							NO_DIRECT_SOURCE
causal_predicate	data/traits/**/*.yaml	data/traits/environment/strictly_anaerobic.yaml	1	causes formation of	PREDICATE	biolink:produces							NO_DIRECT_SOURCE
causal_predicate	data/traits/**/*.yaml	data/traits/environment/acidotolerant.yaml | data/traits/environment/alkalotolerant.yaml | data/traits/environment/alkaphilic.yaml | data/traits/environment/arsenic_tolerant.yaml | data/traits/environment/cadmium_tolerant.yaml | data/traits/environment/cobalt_tolerant.yaml | data/traits/environment/copper_tolerant.yaml | data/traits/environment/facultatively_alkaphilic.yaml | data/traits/environment/ionizing_radiation_tolerant.yaml | data/traits/environment/mercury_tolerant.yaml | data/traits/environment/metal_tolerant.yaml | data/traits/environment/obligately_alkaphilic.yaml | data/traits/environment/ph_delta_low.yaml | data/traits/environment/ph_growth_preference.yaml | data/traits/environment/radiotolerant.yaml | data/traits/environment/temperature_preference.yaml | data/traits/environment/uv_radiation_tolerant.yaml | data/traits/environment/zinc_tolerant.yaml	21	challenges	PREDICATE	METPO:2007406							TERM_NOT_FOUND
causal_predicate	data/traits/**/*.yaml	data/traits/ecology/biofilm_formation.yaml | data/traits/ecology/biosafety_level_1.yaml | data/traits/ecology/biosafety_level_2.yaml | data/traits/ecology/biosafety_level_3.yaml | data/traits/ecology/biosafety_level_4.yaml | data/traits/ecology/commensalism.yaml | data/traits/ecology/endosymbiosis.yaml | data/traits/ecology/free_living.yaml | data/traits/ecology/gut_associated.yaml | data/traits/ecology/host_associated.yaml | data/traits/ecology/human_pathogen.yaml | data/traits/ecology/mutualism.yaml | data/traits/ecology/nitrogen_fixing_symbiosis.yaml | data/traits/ecology/opportunistic_pathogen.yaml | data/traits/ecology/parasitism.yaml | data/traits/ecology/rhizosphere_association.yaml | data/traits/ecology/soil_dwelling.yaml | data/traits/ecology/symbiosis.yaml | data/traits/environment/acidophilic.yaml | data/traits/environment/acidotolerant.yaml | data/traits/environment/alkalotolerant.yaml | data/traits/environment/alkaphilic.yaml | data/traits/environment/anaerobic.yaml | data/traits/environment/delta_phenotype_with_numerical_limits.yaml | data/traits/environment/desiccation_tolerant.yaml | data/traits/environment/extreme_hyperthermophilic.yaml | data/traits/environment/extremely_halophilic.yaml | data/traits/environment/facultatively_acidophilic.yaml | data/traits/environment/facultatively_alkaphilic.yaml | data/traits/environment/haloalkaliphilic.yaml | data/traits/environment/halotolerant.yaml | data/traits/environment/hyperthermophilic.yaml | data/traits/environment/ionizing_radiation_tolerant.yaml | data/traits/environment/metal_tolerant.yaml | data/traits/environment/microaerophilic.yaml | data/traits/environment/moderately_halophilic.yaml | data/traits/environment/nacl_delta_high.yaml | data/traits/environment/nacl_delta_low.yaml | data/traits/environment/nacl_delta_mid1.yaml | data/traits/environment/nacl_delta_mid2.yaml | data/traits/environment/nacl_optimum_high.yaml | data/traits/environment/nacl_optimum_low.yaml | data/traits/environment/nacl_optimum_mid1.yaml | data/traits/environment/nacl_optimum_mid2.yaml | data/traits/environment/nacl_range_high.yaml | data/traits/environment/nacl_range_low.yaml | data/traits/environment/nacl_range_mid1.yaml | data/traits/environment/nacl_range_mid2.yaml | data/traits/environment/neutrophilic.yaml | data/traits/environment/non_halophilic.yaml | data/traits/environment/obligately_acidophilic.yaml | data/traits/environment/obligately_alkaphilic.yaml | data/traits/environment/obligately_piezophilic.yaml | data/traits/environment/oxygen_preference.yaml | data/traits/environment/ph_delta.yaml | data/traits/environment/ph_delta_high.yaml | data/traits/environment/ph_delta_low.yaml | data/traits/environment/ph_delta_mid1.yaml | data/traits/environment/ph_delta_mid2.yaml | data/traits/environment/ph_delta_mid3.yaml | data/traits/environment/ph_delta_very_low.yaml | data/traits/environment/ph_growth_preference.yaml | data/traits/environment/ph_optimum_high.yaml | data/traits/environment/ph_optimum_low.yaml | data/traits/environment/ph_optimum_mid1.yaml | data/traits/environment/ph_optimum_mid2.yaml | data/traits/environment/ph_range_high.yaml | data/traits/environment/ph_range_low.yaml | data/traits/environment/ph_range_mid1.yaml | data/traits/environment/ph_range_mid2.yaml | data/traits/environment/ph_range_mid3.yaml | data/traits/environment/ph_range_very_low.yaml | data/traits/environment/piezophilic.yaml | data/traits/environment/piezotolerant.yaml | data/traits/environment/pressure_optimum.yaml | data/traits/environment/psychrophilic.yaml | data/traits/environment/psychrotolerant.yaml | data/traits/environment/radiotolerant.yaml | data/traits/environment/slightly_halophilic.yaml | data/traits/environment/strictly_anaerobic.yaml | data/traits/environment/temperature_delta_high.yaml | data/traits/environment/temperature_delta_low.yaml | data/traits/environment/temperature_delta_mid1.yaml | data/traits/environment/temperature_delta_mid2.yaml | data/traits/environment/temperature_delta_very_low.yaml | data/traits/environment/temperature_optimum_high.yaml | data/traits/environment/temperature_optimum_low.yaml | data/traits/environment/temperature_optimum_mid1.yaml | data/traits/environment/temperature_optimum_mid2.yaml | data/traits/environment/temperature_optimum_mid3.yaml | data/traits/environment/temperature_optimum_mid4.yaml | data/traits/environment/temperature_optimum_very_low.yaml | data/traits/environment/temperature_range_high.yaml | data/traits/environment/temperature_range_low.yaml | data/traits/environment/temperature_range_mid1.yaml | data/traits/environment/temperature_range_mid2.yaml | data/traits/environment/temperature_range_mid3.yaml | data/traits/environment/temperature_range_mid4.yaml | data/traits/environment/temperature_range_very_low.yaml | data/traits/environment/thermophilic.yaml | data/traits/environment/thermotolerant.yaml | data/traits/environment/uv_radiation_tolerant.yaml | data/traits/genomics/crispr_cas_system.yaml | data/traits/genomics/gc_high.yaml | data/traits/genomics/gc_low.yaml | data/traits/genomics/gc_mid1.yaml | data/traits/genomics/gc_mid2.yaml | data/traits/genomics/ploidy.yaml | data/traits/metabolism/anaerobic_oxidation_of_methane.yaml | data/traits/metabolism/anoxygenic_photosynthesis.yaml | data/traits/metabolism/biopolymer_degradation.yaml | data/traits/metabolism/calvin_benson_bassham_cycle.yaml | data/traits/metabolism/carbon_fixation.yaml | data/traits/metabolism/cellulolysis.yaml | data/traits/metabolism/chitinolysis.yaml | data/traits/metabolism/dissimilatory_manganese_reduction.yaml | data/traits/metabolism/lignin_degradation.yaml | data/traits/metabolism/manganese_oxidation.yaml | data/traits/metabolism/oxygenic_photosynthesis.yaml | data/traits/metabolism/photosynthesis.yaml | data/traits/metabolism/proteolysis.yaml | data/traits/metabolism/proteorhodopsin_phototrophy.yaml | data/traits/metabolism/reductive_tca_cycle.yaml | data/traits/metabolism/starch_degradation.yaml | data/traits/metabolism/sulfur_oxidation.yaml | data/traits/metabolism/wood_ljungdahl_pathway.yaml | data/traits/metabolism/xylan_degradation.yaml | data/traits/morphology/capsule.yaml | data/traits/morphology/cell_length_medium.yaml | data/traits/morphology/cell_length_small.yaml | data/traits/morphology/cell_length_very_small.yaml | data/traits/morphology/cell_width_large.yaml | data/traits/morphology/cell_width_medium.yaml | data/traits/morphology/cell_width_small.yaml | data/traits/morphology/cell_width_very_small.yaml | data/traits/morphology/coccobacillus_shaped.yaml | data/traits/morphology/crescent_shaped.yaml | data/traits/morphology/curved_shaped.yaml | data/traits/morphology/flagellated.yaml | data/traits/morphology/gas_vesicle.yaml | data/traits/morphology/gliding.yaml | data/traits/morphology/gram_negative.yaml | data/traits/morphology/gram_positive.yaml | data/traits/morphology/helical_shaped.yaml | data/traits/morphology/heterocyst.yaml | data/traits/morphology/intracellular_inclusion.yaml | data/traits/morphology/motile.yaml | data/traits/morphology/motility.yaml | data/traits/morphology/mycelial_growth.yaml | data/traits/morphology/prosthecate.yaml | data/traits/morphology/red_pigmented.yaml | data/traits/morphology/s_layer.yaml | data/traits/morphology/sarcina_arrangement.yaml | data/traits/morphology/spiral_shaped.yaml | data/traits/morphology/spirochete_shaped.yaml | data/traits/morphology/staphylococcus_arrangement.yaml | data/traits/morphology/streptococcus_arrangement.yaml | data/traits/morphology/swarming_motility.yaml | data/traits/morphology/tetrad_arrangement.yaml | data/traits/morphology/twitching_motility.yaml | data/traits/morphology/vibrio_shaped.yaml | data/traits/physiology/antibiotic_resistance.yaml | data/traits/physiology/bioluminescence.yaml | data/traits/physiology/catalase_activity.yaml | data/traits/physiology/chemoorganoheterotrophic.yaml | data/traits/physiology/chemotaxis.yaml | data/traits/physiology/dormancy.yaml | data/traits/physiology/natural_competence.yaml | data/traits/physiology/oligotrophic.yaml | data/traits/physiology/oxidase_activity.yaml | data/traits/physiology/oxidative_stress_response.yaml | data/traits/physiology/persister_cell_formation.yaml | data/traits/physiology/quorum_sensing.yaml | data/traits/physiology/spore_germination.yaml | data/traits/physiology/stress_response.yaml | data/traits/physiology/viable_but_nonculturable_state.yaml	216	confers	PREDICATE	METPO:2007700							TERM_NOT_FOUND
causal_predicate	data/traits/**/*.yaml	data/traits/ecology/predatory_bacterium.yaml | data/traits/ecology/saprotrophy.yaml | data/traits/environment/facultatively_acidophilic.yaml | data/traits/environment/obligately_acidophilic.yaml | data/traits/environment/ph_delta_mid1.yaml | data/traits/environment/ph_delta_mid2.yaml | data/traits/environment/ph_delta_very_low.yaml | data/traits/environment/ph_optimum_mid1.yaml | data/traits/environment/ph_phenotype_with_numerical_limits.yaml | data/traits/metabolism/carbon_fixation.yaml | data/traits/metabolism/ethanol_fermentation.yaml | data/traits/metabolism/nitrogen_fixation.yaml | data/traits/metabolism/syntrophy.yaml | data/traits/physiology/bioluminescence.yaml | data/traits/physiology/catalase_activity.yaml | data/traits/physiology/natural_competence.yaml | data/traits/physiology/oxidase_activity.yaml | data/traits/physiology/urease_activity.yaml	20	consumes	PREDICATE	biolink:consumes							NO_DIRECT_SOURCE
causal_predicate	data/traits/**/*.yaml	data/traits/ecology/endosymbiosis.yaml | data/traits/ecology/gut_associated.yaml | data/traits/ecology/human_pathogen.yaml | data/traits/ecology/opportunistic_pathogen.yaml | data/traits/ecology/pathogenic_to_host.yaml | data/traits/ecology/predatory_bacterium.yaml | data/traits/ecology/soil_dwelling.yaml | data/traits/ecology/symbiosis.yaml | data/traits/environment/acidotolerant.yaml | data/traits/environment/aerotolerant.yaml | data/traits/environment/alkalotolerant.yaml | data/traits/environment/alkaphilic.yaml | data/traits/environment/cobalt_tolerant.yaml | data/traits/environment/euryhaline.yaml | data/traits/environment/facultative_psychrophilic.yaml | data/traits/environment/facultatively_acidophilic.yaml | data/traits/environment/growth_range_phenotype_with_numerical_limits.yaml | data/traits/environment/haloalkaliphilic.yaml | data/traits/environment/halophilic.yaml | data/traits/environment/halophily_preference.yaml | data/traits/environment/halotolerant.yaml | data/traits/environment/hyperthermophilic.yaml | data/traits/environment/microaerophilic.yaml | data/traits/environment/nacl_delta.yaml | data/traits/environment/nacl_delta_mid1.yaml | data/traits/environment/nacl_range_high.yaml | data/traits/environment/nacl_range_mid1.yaml | data/traits/environment/nacl_range_mid2.yaml | data/traits/environment/neutrophilic.yaml | data/traits/environment/obligately_acidophilic.yaml | data/traits/environment/obligately_aerobic.yaml | data/traits/environment/obligately_alkaphilic.yaml | data/traits/environment/obligately_piezophilic.yaml | data/traits/environment/optimum_phenotype_with_numerical_limits.yaml | data/traits/environment/ph_delta_high.yaml | data/traits/environment/ph_delta_low.yaml | data/traits/environment/ph_delta_mid1.yaml | data/traits/environment/ph_delta_mid2.yaml | data/traits/environment/ph_delta_mid3.yaml | data/traits/environment/ph_growth_preference.yaml | data/traits/environment/ph_optimum.yaml | data/traits/environment/ph_optimum_mid1.yaml | data/traits/environment/ph_range.yaml | data/traits/environment/ph_range_high.yaml | data/traits/environment/ph_range_low.yaml | data/traits/environment/ph_range_mid3.yaml | data/traits/environment/piezophilic.yaml | data/traits/environment/psychrophilic.yaml | data/traits/environment/salinity_phenotype_with_numerical_limits.yaml | data/traits/environment/temperature_delta.yaml | data/traits/environment/temperature_delta_low.yaml | data/traits/environment/temperature_delta_mid2.yaml | data/traits/environment/thermotolerant.yaml | data/traits/environment/zinc_tolerant.yaml | data/traits/genomics/gc_content.yaml | data/traits/genomics/gc_high.yaml | data/traits/genomics/gc_skew.yaml | data/traits/genomics/genomic_island.yaml | data/traits/genomics/mobile_genetic_element.yaml | data/traits/genomics/plasmid_carriage.yaml | data/traits/genomics/ploidy.yaml | data/traits/genomics/prophage.yaml | data/traits/metabolism/dicarboxylate_four_hydroxybutyrate_cycle.yaml | data/traits/metabolism/photosynthesis.yaml | data/traits/metabolism/phototrophy.yaml | data/traits/metabolism/proteorhodopsin_phototrophy.yaml | data/traits/metabolism/respiration.yaml | data/traits/metabolism/three_hydroxypropionate_bicycle.yaml | data/traits/metabolism/three_hydroxypropionate_four_hydroxybutyrate_cycle.yaml | data/traits/morphology/axially_filamented.yaml | data/traits/morphology/branched_shaped.yaml | data/traits/morphology/capsule.yaml | data/traits/morphology/carboxysome.yaml | data/traits/morphology/cell_length.yaml | data/traits/morphology/cell_length_large.yaml | data/traits/morphology/cell_length_very_small.yaml | data/traits/morphology/cell_shape.yaml | data/traits/morphology/cell_width_large.yaml | data/traits/morphology/cell_width_small.yaml | data/traits/morphology/coccobacillus_shaped.yaml | data/traits/morphology/crescent_shaped.yaml | data/traits/morphology/disc_shaped.yaml | data/traits/morphology/ellipsoidal.yaml | data/traits/morphology/gliding.yaml | data/traits/morphology/gram_negative.yaml | data/traits/morphology/gram_positive.yaml | data/traits/morphology/green_pigmented.yaml | data/traits/morphology/helical_shaped.yaml | data/traits/morphology/heterocyst.yaml | data/traits/morphology/irregular_shaped.yaml | data/traits/morphology/orange_pigmented.yaml | data/traits/morphology/ovoid_shaped.yaml | data/traits/morphology/peritrichous.yaml | data/traits/morphology/pink_pigmented.yaml | data/traits/morphology/polyphosphate_granule.yaml | data/traits/morphology/prosthecate.yaml | data/traits/morphology/rod_shaped.yaml | data/traits/morphology/sphere_shaped.yaml | data/traits/morphology/spore_forming.yaml | data/traits/morphology/spore_shaped.yaml | data/traits/morphology/yellow_pigmented.yaml | data/traits/physiology/chemoheterotrophic.yaml | data/traits/physiology/oligotrophic.yaml | data/traits/physiology/organoheterotrophic.yaml | data/traits/physiology/oxidative_stress_response.yaml | data/traits/physiology/viable_but_nonculturable_state.yaml | data/traits/upper/biological_process.yaml	153	contributes to	PREDICATE	RO:0002326	contributes to	CANONICAL_LABEL					EXACT_LEXICAL
causal_predicate	data/traits/**/*.yaml	data/traits/environment/nacl_delta_mid1.yaml | data/traits/metabolism/respiration.yaml | data/traits/morphology/branched_shaped.yaml | data/traits/morphology/coccobacillus_shaped.yaml | data/traits/morphology/ovoid_shaped.yaml | data/traits/morphology/polyhydroxyalkanoate_granule.yaml | data/traits/morphology/sporulation.yaml | data/traits/physiology/nutrient_adaptation.yaml	9	controls	PREDICATE	RO:0002211	regulates	NO_EXACT_LABEL_MATCH					SEMANTIC_NOT_LEXICAL
causal_predicate	data/traits/**/*.yaml	data/traits/metabolism/respiration.yaml	1	couples electron flow to	PREDICATE	METPO:2007602							TERM_NOT_FOUND
causal_predicate	data/traits/**/*.yaml	data/traits/ecology/mutualism.yaml | data/traits/metabolism/syntrophy.yaml | data/traits/morphology/sporulation.yaml	3	creates	PREDICATE	biolink:produces							NO_DIRECT_SOURCE
causal_predicate	data/traits/**/*.yaml	data/traits/ecology/gut_associated.yaml | data/traits/ecology/habitat_association.yaml | data/traits/ecology/soil_dwelling.yaml | data/traits/environment/acidotolerant.yaml | data/traits/environment/aerotolerant.yaml | data/traits/environment/facultative_psychrophilic.yaml | data/traits/environment/facultatively_acidophilic.yaml | data/traits/environment/nacl_delta_mid1.yaml | data/traits/environment/nacl_range.yaml | data/traits/environment/obligately_acidophilic.yaml | data/traits/environment/ph_delta.yaml | data/traits/environment/ph_delta_high.yaml | data/traits/environment/ph_delta_mid1.yaml | data/traits/environment/ph_delta_mid3.yaml | data/traits/environment/ph_optimum_high.yaml | data/traits/environment/ph_optimum_low.yaml | data/traits/environment/ph_range_low.yaml | data/traits/environment/ph_range_very_low.yaml | data/traits/environment/piezotolerant.yaml | data/traits/environment/psychrophilic.yaml | data/traits/environment/psychrotolerant.yaml | data/traits/environment/salinity_phenotype_with_numerical_limits.yaml | data/traits/environment/temperature_optimum_high.yaml | data/traits/environment/temperature_preference.yaml | data/traits/environment/temperature_range_low.yaml | data/traits/genomics/gc_content.yaml | data/traits/genomics/genome_size.yaml | data/traits/genomics/plasmid_carriage.yaml | data/traits/genomics/ploidy.yaml | data/traits/genomics/rrna_operon_copy_number.yaml | data/traits/metabolism/metabolism.yaml | data/traits/morphology/cell_width_very_small.yaml | data/traits/morphology/cream_pigmented.yaml | data/traits/morphology/gram_variable.yaml | data/traits/morphology/vibrio_shaped.yaml | data/traits/physiology/antibiotic_resistance.yaml | data/traits/physiology/chemolithotrophic.yaml | data/traits/physiology/oligotrophic.yaml	45	decreases	PREDICATE	RO:0002212	negatively regulates	NO_EXACT_LABEL_MATCH					SEMANTIC_NOT_LEXICAL
causal_predicate	data/traits/**/*.yaml	data/traits/environment/delta_phenotype_with_numerical_limits.yaml | data/traits/environment/euryhaline.yaml | data/traits/environment/growth_range_phenotype_with_numerical_limits.yaml | data/traits/environment/nacl_optimum_mid1.yaml | data/traits/environment/nacl_range.yaml | data/traits/environment/optimum_phenotype_with_numerical_limits.yaml | data/traits/environment/oxygen_preference.yaml | data/traits/environment/ph_phenotype_with_numerical_limits.yaml | data/traits/environment/ph_range.yaml | data/traits/environment/pressure_delta.yaml | data/traits/environment/pressure_optimum.yaml | data/traits/environment/pressure_range.yaml | data/traits/environment/salinity_phenotype_with_numerical_limits.yaml | data/traits/environment/stenohaline.yaml | data/traits/environment/temperature_delta_mid1.yaml | data/traits/environment/temperature_phenotype_with_numerical_limits.yaml | data/traits/environment/temperature_range.yaml | data/traits/morphology/amphitrichous.yaml | data/traits/morphology/axially_filamented.yaml | data/traits/morphology/flagellar_arrangement.yaml | data/traits/morphology/gram_negative.yaml | data/traits/morphology/lophotrichous.yaml | data/traits/morphology/monotrichous.yaml | data/traits/morphology/peritrichous.yaml | data/traits/morphology/square_shaped.yaml | data/traits/physiology/photolithotrophic.yaml	33	defines	PREDICATE	METPO:2007500							TERM_NOT_FOUND
causal_predicate	data/traits/**/*.yaml	data/traits/ecology/plant_pathogen.yaml | data/traits/environment/oxygen_preference.yaml | data/traits/metabolism/cellulolysis.yaml | data/traits/metabolism/starch_degradation.yaml | data/traits/morphology/polyphosphate_granule.yaml	6	degrades	PREDICATE	METPO:2007809							TERM_NOT_FOUND
causal_predicate	data/traits/**/*.yaml	data/traits/environment/aerobic.yaml | data/traits/environment/nacl_range_high.yaml | data/traits/environment/obligately_aerobic.yaml | data/traits/environment/obligately_anaerobic.yaml | data/traits/metabolism/nitrogen_fixation.yaml | data/traits/morphology/axially_filamented.yaml | data/traits/physiology/carboxydotrophic.yaml	8	depends on	PREDICATE	RO:0002502	depends on	CANONICAL_LABEL					EXACT_LEXICAL
causal_predicate	data/traits/**/*.yaml	data/traits/metabolism/disproportionation.yaml	2	derives into	PREDICATE	RO:0001001	derives into	CANONICAL_LABEL					EXACT_LEXICAL
causal_predicate	data/traits/**/*.yaml	data/traits/morphology/mycelial_growth.yaml | data/traits/morphology/spore_forming.yaml	2	develops into	PREDICATE	biolink:develops_into							NO_DIRECT_SOURCE
causal_predicate	data/traits/**/*.yaml	data/traits/morphology/bacillus_shaped.yaml | data/traits/morphology/branched_shaped.yaml | data/traits/morphology/coccobacillus_shaped.yaml | data/traits/morphology/curved_shaped.yaml | data/traits/morphology/motile.yaml | data/traits/morphology/mycelial_growth.yaml | data/traits/morphology/rod_shaped.yaml	7	directs	PREDICATE	RO:0002211	regulates	NO_EXACT_LABEL_MATCH					SEMANTIC_NOT_LEXICAL
causal_predicate	data/traits/**/*.yaml	data/traits/metabolism/disproportionation.yaml	2	disproportionates	PREDICATE	METPO:2007811							TERM_NOT_FOUND
causal_predicate	data/traits/**/*.yaml	data/traits/metabolism/proteorhodopsin_phototrophy.yaml	1	does not produce	PREDICATE	METPO:2007801							TERM_NOT_FOUND
causal_predicate	data/traits/**/*.yaml	data/traits/metabolism/dissimilatory_manganese_reduction.yaml | data/traits/metabolism/dissimilatory_metal_reduction.yaml | data/traits/metabolism/electron_transfer.yaml | data/traits/metabolism/methanogenesis.yaml | data/traits/metabolism/oxygenic_photosynthesis.yaml | data/traits/physiology/lithotrophic.yaml | data/traits/physiology/organotrophic.yaml | data/traits/physiology/oxidase_activity.yaml	8	donates electrons to	PREDICATE	METPO:2007403							TERM_NOT_FOUND
causal_predicate	data/traits/**/*.yaml	data/traits/physiology/chemoorganotrophic.yaml | data/traits/physiology/organotrophic.yaml	2	drives	PREDICATE	RO:0002212	negatively regulates	NO_EXACT_LABEL_MATCH					SEMANTIC_NOT_LEXICAL
causal_predicate	data/traits/**/*.yaml	data/traits/physiology/carboxydotrophic.yaml	1	drives formation of	PREDICATE	biolink:produces							NO_DIRECT_SOURCE
causal_predicate	data/traits/**/*.yaml	data/traits/physiology/chemolithoheterotrophic.yaml | data/traits/physiology/chemoorganotrophic.yaml | data/traits/physiology/chemotrophic.yaml | data/traits/physiology/organotrophic.yaml | data/traits/physiology/photoorganoheterotrophic.yaml	5	drives production of	PREDICATE	biolink:produces							NO_DIRECT_SOURCE
causal_predicate	data/traits/**/*.yaml	data/traits/physiology/chemolithoautotrophic.yaml | data/traits/physiology/lithotrophic.yaml	2	drives synthesis of	PREDICATE	biolink:produces							NO_DIRECT_SOURCE
causal_predicate	data/traits/**/*.yaml	data/traits/morphology/gram_positive.yaml	1	embedded in	PREDICATE	biolink:located_in							NO_DIRECT_SOURCE
causal_predicate	data/traits/**/*.yaml	data/traits/ecology/animal_pathogen.yaml | data/traits/ecology/biofilm_formation.yaml | data/traits/ecology/biosafety_level_1.yaml | data/traits/ecology/commensalism.yaml | data/traits/ecology/free_living.yaml | data/traits/ecology/gut_associated.yaml | data/traits/ecology/host_associated.yaml | data/traits/ecology/human_pathogen.yaml | data/traits/ecology/nitrogen_fixing_symbiosis.yaml | data/traits/ecology/opportunistic_pathogen.yaml | data/traits/ecology/parasitism.yaml | data/traits/ecology/pathogenic_to_host.yaml | data/traits/ecology/plant_pathogen.yaml | data/traits/ecology/predatory_bacterium.yaml | data/traits/ecology/rhizosphere_association.yaml | data/traits/ecology/saprotrophy.yaml | data/traits/environment/acidophilic.yaml | data/traits/environment/aerotolerant.yaml | data/traits/environment/alkaphilic.yaml | data/traits/environment/anaerobic.yaml | data/traits/environment/arsenic_tolerant.yaml | data/traits/environment/cadmium_tolerant.yaml | data/traits/environment/cobalt_tolerant.yaml | data/traits/environment/copper_tolerant.yaml | data/traits/environment/extreme_hyperthermophilic.yaml | data/traits/environment/facultative_oxygen_preference.yaml | data/traits/environment/facultatively_aerobic.yaml | data/traits/environment/facultatively_anaerobic.yaml | data/traits/environment/growth_range_phenotype_with_numerical_limits.yaml | data/traits/environment/haloalkaliphilic.yaml | data/traits/environment/halophily_preference.yaml | data/traits/environment/halotolerant.yaml | data/traits/environment/ionizing_radiation_tolerant.yaml | data/traits/environment/mercury_tolerant.yaml | data/traits/environment/mesophilic.yaml | data/traits/environment/metal_tolerant.yaml | data/traits/environment/microaerophilic.yaml | data/traits/environment/nacl_delta.yaml | data/traits/environment/nacl_optimum.yaml | data/traits/environment/nacl_optimum_high.yaml | data/traits/environment/nacl_range_low.yaml | data/traits/environment/obligately_aerobic.yaml | data/traits/environment/obligately_piezophilic.yaml | data/traits/environment/ph_delta.yaml | data/traits/environment/ph_delta_very_low.yaml | data/traits/environment/ph_growth_preference.yaml | data/traits/environment/ph_optimum.yaml | data/traits/environment/ph_phenotype_with_numerical_limits.yaml | data/traits/environment/ph_range.yaml | data/traits/environment/ph_range_high.yaml | data/traits/environment/ph_range_mid1.yaml | data/traits/environment/piezophilic.yaml | data/traits/environment/pressure_delta.yaml | data/traits/environment/slightly_halophilic.yaml | data/traits/environment/stenohaline.yaml | data/traits/environment/temperature_delta.yaml | data/traits/environment/temperature_delta_mid1.yaml | data/traits/environment/temperature_delta_mid2.yaml | data/traits/environment/temperature_optimum_mid2.yaml | data/traits/environment/temperature_optimum_mid4.yaml | data/traits/environment/temperature_range.yaml | data/traits/environment/temperature_range_low.yaml | data/traits/environment/temperature_range_mid4.yaml | data/traits/environment/thermotolerant.yaml | data/traits/environment/xerophilic.yaml | data/traits/environment/zinc_tolerant.yaml | data/traits/genomics/mobile_genetic_element.yaml | data/traits/genomics/pangenome_openness.yaml | data/traits/genomics/plasmid_carriage.yaml | data/traits/genomics/ploidy.yaml | data/traits/genomics/prophage.yaml | data/traits/genomics/restriction_modification_system.yaml | data/traits/genomics/rrna_operon_copy_number.yaml | data/traits/genomics/transposable_element.yaml | data/traits/metabolism/calvin_benson_bassham_cycle.yaml | data/traits/metabolism/carbon_fixation.yaml | data/traits/metabolism/denitrification.yaml | data/traits/metabolism/iron_oxidation.yaml | data/traits/metabolism/metabolism.yaml | data/traits/metabolism/nitrogen_fixation.yaml | data/traits/metabolism/photosynthesis.yaml | data/traits/metabolism/phototrophy.yaml | data/traits/metabolism/proteorhodopsin_phototrophy.yaml | data/traits/metabolism/respiration.yaml | data/traits/metabolism/substrate_level_phosphorylation.yaml | data/traits/metabolism/syntrophy.yaml | data/traits/morphology/axially_filamented.yaml | data/traits/morphology/cell_length_medium.yaml | data/traits/morphology/cell_length_small.yaml | data/traits/morphology/cell_width.yaml | data/traits/morphology/cell_width_large.yaml | data/traits/morphology/cell_width_medium.yaml | data/traits/morphology/cell_width_small.yaml | data/traits/morphology/cream_pigmented.yaml | data/traits/morphology/diplococcus_shaped.yaml | data/traits/morphology/disc_shaped.yaml | data/traits/morphology/dumbbell_shaped.yaml | data/traits/morphology/ellipsoidal.yaml | data/traits/morphology/filament_shaped.yaml | data/traits/morphology/flagellated.yaml | data/traits/morphology/gas_vesicle.yaml | data/traits/morphology/gliding.yaml | data/traits/morphology/helical_shaped.yaml | data/traits/morphology/heterocyst.yaml | data/traits/morphology/irregular_shaped.yaml | data/traits/morphology/magnetosome.yaml | data/traits/morphology/motile.yaml | data/traits/morphology/mycelial_growth.yaml | data/traits/morphology/oval_shaped.yaml | data/traits/morphology/pigmentation.yaml | data/traits/morphology/pleomorphic_shaped.yaml | data/traits/morphology/polyhydroxyalkanoate_granule.yaml | data/traits/morphology/rod_shaped.yaml | data/traits/morphology/s_layer.yaml | data/traits/morphology/sphere_shaped.yaml | data/traits/morphology/spindle_shaped.yaml | data/traits/morphology/spiral_shaped.yaml | data/traits/morphology/square_shaped.yaml | data/traits/morphology/streptococcus_arrangement.yaml | data/traits/morphology/triangular_shaped.yaml | data/traits/morphology/yellow_pigmented.yaml | data/traits/physiology/bioluminescence.yaml | data/traits/physiology/catalase_activity.yaml | data/traits/physiology/chemoautotrophic.yaml | data/traits/physiology/chemolithoautotrophic.yaml | data/traits/physiology/chemoorganotrophic.yaml | data/traits/physiology/copiotrophic.yaml | data/traits/physiology/lithoautotrophic.yaml | data/traits/physiology/lithoheterotrophic.yaml | data/traits/physiology/methanotrophic.yaml | data/traits/physiology/mixotrophic.yaml | data/traits/physiology/organoheterotrophic.yaml | data/traits/physiology/oxidase_activity.yaml | data/traits/physiology/persister_cell_formation.yaml | data/traits/physiology/photoautotrophic.yaml | data/traits/physiology/photoheterotrophic.yaml | data/traits/physiology/photolithoautotrophic.yaml | data/traits/physiology/photolithotrophic.yaml | data/traits/physiology/photoorganoheterotrophic.yaml | data/traits/physiology/trophic_type.yaml | data/traits/physiology/urease_activity.yaml	245	enables	PREDICATE	RO:0002327	enables	CANONICAL_LABEL					EXACT_LEXICAL
causal_predicate	data/traits/**/*.yaml	data/traits/morphology/green_pigmented.yaml	1	encodes	PREDICATE	METPO:2007813							TERM_NOT_FOUND
causal_predicate	data/traits/**/*.yaml	data/traits/metabolism/disproportionation.yaml | data/traits/metabolism/electron_transfer.yaml | data/traits/metabolism/respiration.yaml | data/traits/morphology/carboxysome.yaml | data/traits/morphology/intracellular_inclusion.yaml | data/traits/physiology/autotrophic.yaml | data/traits/physiology/chemoautolithotrophic.yaml | data/traits/physiology/chemolithoheterotrophic.yaml | data/traits/physiology/chemotrophic.yaml | data/traits/physiology/lithoheterotrophic.yaml | data/traits/physiology/lithotrophic.yaml | data/traits/physiology/organotrophic.yaml | data/traits/physiology/photolithotrophic.yaml	26	example of	PREDICATE	rdfs:subClassOf							NO_DIRECT_SOURCE
causal_predicate	data/traits/**/*.yaml	data/traits/environment/cobalt_tolerant.yaml | data/traits/environment/euryhaline.yaml | data/traits/environment/facultatively_alkaphilic.yaml | data/traits/environment/halophily_preference.yaml | data/traits/environment/obligately_acidophilic.yaml | data/traits/environment/obligately_alkaphilic.yaml | data/traits/environment/ph_optimum_mid1.yaml | data/traits/environment/ph_range_low.yaml | data/traits/environment/zinc_tolerant.yaml | data/traits/morphology/capsule.yaml | data/traits/morphology/flagellated.yaml	14	exports	PREDICATE	METPO:2007804							TERM_NOT_FOUND
causal_predicate	data/traits/**/*.yaml	data/traits/metabolism/anoxygenic_photosynthesis.yaml | data/traits/physiology/carboxydotrophic.yaml | data/traits/physiology/chemoautolithotrophic.yaml | data/traits/physiology/chemolithoautotrophic.yaml | data/traits/physiology/chemolithoheterotrophic.yaml | data/traits/physiology/chemolithotrophic.yaml | data/traits/physiology/chemoorganotrophic.yaml | data/traits/physiology/chemotrophic.yaml | data/traits/physiology/lithoheterotrophic.yaml | data/traits/physiology/organoheterotrophic.yaml | data/traits/physiology/organotrophic.yaml | data/traits/physiology/photoautotrophic.yaml | data/traits/physiology/photolithotrophic.yaml	17	feeds electrons into	PREDICATE	METPO:2007402							TERM_NOT_FOUND
causal_predicate	data/traits/**/*.yaml	data/traits/metabolism/calvin_benson_bassham_cycle.yaml | data/traits/metabolism/carbon_fixation.yaml | data/traits/metabolism/dicarboxylate_four_hydroxybutyrate_cycle.yaml | data/traits/metabolism/reductive_tca_cycle.yaml | data/traits/metabolism/three_hydroxypropionate_bicycle.yaml | data/traits/metabolism/three_hydroxypropionate_four_hydroxybutyrate_cycle.yaml | data/traits/metabolism/wood_ljungdahl_pathway.yaml | data/traits/physiology/autotrophic.yaml | data/traits/physiology/chemoautolithotrophic.yaml | data/traits/physiology/chemoautotrophic.yaml | data/traits/physiology/chemolithoautotrophic.yaml | data/traits/physiology/hydrogenotrophic.yaml | data/traits/physiology/lithoautotrophic.yaml | data/traits/physiology/mixotrophic.yaml | data/traits/physiology/photoautotrophic.yaml | data/traits/physiology/photolithoautotrophic.yaml	17	fixed by	PREDICATE	METPO:2007404							TERM_NOT_FOUND
causal_predicate	data/traits/**/*.yaml	data/traits/environment/ph_optimum_mid1.yaml | data/traits/morphology/diplococcus_shaped.yaml | data/traits/morphology/gas_vesicle.yaml | data/traits/morphology/intracellular_inclusion.yaml | data/traits/physiology/phototrophic.yaml	5	forms	PREDICATE	biolink:produces							NO_DIRECT_SOURCE
causal_predicate	data/traits/**/*.yaml	data/traits/environment/aerobic.yaml | data/traits/environment/facultatively_acidophilic.yaml | data/traits/environment/optimum_phenotype_with_numerical_limits.yaml | data/traits/environment/ph_delta_mid2.yaml | data/traits/environment/ph_optimum.yaml | data/traits/environment/ph_optimum_high.yaml | data/traits/environment/ph_optimum_mid2.yaml | data/traits/metabolism/aerobic_respiration.yaml | data/traits/metabolism/homoacetogenesis.yaml | data/traits/metabolism/metabolism.yaml | data/traits/metabolism/oxidative_phosphorylation.yaml | data/traits/metabolism/oxygenic_photosynthesis.yaml | data/traits/metabolism/photosynthesis.yaml | data/traits/metabolism/proteorhodopsin_phototrophy.yaml | data/traits/morphology/axially_filamented.yaml | data/traits/morphology/crescent_shaped.yaml | data/traits/morphology/curved_shaped.yaml | data/traits/morphology/motile.yaml | data/traits/morphology/motility.yaml | data/traits/physiology/carboxydotrophic.yaml | data/traits/physiology/chemoheterotrophic.yaml | data/traits/physiology/chemolithoautotrophic.yaml | data/traits/physiology/chemolithoheterotrophic.yaml | data/traits/physiology/chemoorganotrophic.yaml | data/traits/physiology/chemotrophic.yaml | data/traits/physiology/hydrogenotrophic.yaml | data/traits/physiology/lithoautotrophic.yaml | data/traits/physiology/lithotrophic.yaml | data/traits/physiology/mixotrophic.yaml | data/traits/physiology/organotrophic.yaml | data/traits/physiology/photoheterotrophic.yaml | data/traits/physiology/photolithoautotrophic.yaml | data/traits/physiology/photoorganoheterotrophic.yaml	41	generates	PREDICATE	biolink:produces							NO_DIRECT_SOURCE
causal_predicate	data/traits/**/*.yaml	data/traits/physiology/autotrophic.yaml | data/traits/physiology/chemoautolithotrophic.yaml | data/traits/physiology/chemoheterotrophic.yaml | data/traits/physiology/chemolithoheterotrophic.yaml | data/traits/physiology/chemoorganoheterotrophic.yaml | data/traits/physiology/heterotrophic.yaml | data/traits/physiology/lithoheterotrophic.yaml | data/traits/physiology/mixotrophic.yaml | data/traits/physiology/organoheterotrophic.yaml | data/traits/physiology/photoheterotrophic.yaml | data/traits/physiology/photoorganoheterotrophic.yaml	12	has carbon source	PREDICATE	METPO:2007806							TERM_NOT_FOUND
causal_predicate	data/traits/**/*.yaml	data/traits/metabolism/dissimilatory_iron_reduction.yaml | data/traits/metabolism/dissimilatory_manganese_reduction.yaml | data/traits/metabolism/dissimilatory_metal_reduction.yaml | data/traits/metabolism/manganese_oxidation.yaml	6	has electron acceptor	PREDICATE	METPO:2007702							TERM_NOT_FOUND
causal_predicate	data/traits/**/*.yaml	data/traits/physiology/chemoautolithotrophic.yaml | data/traits/physiology/chemolithoautotrophic.yaml | data/traits/physiology/chemolithoheterotrophic.yaml | data/traits/physiology/chemolithotrophic.yaml | data/traits/physiology/chemoorganoheterotrophic.yaml | data/traits/physiology/hydrogenotrophic.yaml | data/traits/physiology/lithoautotrophic.yaml | data/traits/physiology/lithoheterotrophic.yaml | data/traits/physiology/lithotrophic.yaml | data/traits/physiology/organoheterotrophic.yaml | data/traits/physiology/organotrophic.yaml | data/traits/physiology/photolithotrophic.yaml | data/traits/physiology/photoorganoheterotrophic.yaml	13	has electron donor	PREDICATE	METPO:2007701							TERM_NOT_FOUND
causal_predicate	data/traits/**/*.yaml	data/traits/physiology/chemoheterotrophic.yaml | data/traits/physiology/chemotrophic.yaml | data/traits/physiology/photoautotrophic.yaml | data/traits/physiology/photoheterotrophic.yaml | data/traits/physiology/photolithoautotrophic.yaml | data/traits/physiology/photolithotrophic.yaml | data/traits/physiology/photoorganoheterotrophic.yaml | data/traits/physiology/phototrophic.yaml	8	has energy source	PREDICATE	METPO:2007807							TERM_NOT_FOUND
causal_predicate	data/traits/**/*.yaml	data/traits/environment/microaerophilic.yaml | data/traits/genomics/ploidy.yaml | data/traits/genomics/restriction_modification_system.yaml | data/traits/morphology/flagellated.yaml	4	has function	PREDICATE	RO:0000085	has function	CANONICAL_LABEL					EXACT_LEXICAL
causal_predicate	data/traits/**/*.yaml	data/traits/metabolism/acetogenesis.yaml | data/traits/upper/biological_process.yaml	2	has input	PREDICATE	RO:0002233	has input	CANONICAL_LABEL					EXACT_LEXICAL
causal_predicate	data/traits/**/*.yaml	data/traits/ecology/commensalism.yaml | data/traits/environment/arsenic_tolerant.yaml | data/traits/environment/euryhaline.yaml | data/traits/environment/halotolerant.yaml | data/traits/environment/nacl_delta.yaml | data/traits/environment/nacl_delta_mid1.yaml | data/traits/environment/nacl_optimum_mid2.yaml | data/traits/environment/salinity_phenotype_with_numerical_limits.yaml | data/traits/environment/slightly_halophilic.yaml | data/traits/environment/temperature_delta_mid2.yaml | data/traits/genomics/crispr_cas_system.yaml | data/traits/metabolism/acetogenesis.yaml | data/traits/metabolism/cable_bacteria_metabolism.yaml | data/traits/metabolism/fermentation.yaml | data/traits/metabolism/homoacetogenesis.yaml | data/traits/metabolism/lactic_acid_fermentation.yaml | data/traits/metabolism/metabolism.yaml | data/traits/metabolism/nitrogen_fixation.yaml | data/traits/metabolism/photosynthesis.yaml | data/traits/metabolism/phototrophy.yaml | data/traits/metabolism/substrate_level_phosphorylation.yaml | data/traits/morphology/bacillus_shaped.yaml | data/traits/morphology/black_pigmented.yaml | data/traits/morphology/brown_pigmented.yaml | data/traits/morphology/carotenoid_pigmentation.yaml | data/traits/morphology/cell_width_medium.yaml | data/traits/morphology/coccus_shaped.yaml | data/traits/morphology/cream_pigmented.yaml | data/traits/morphology/dumbbell_shaped.yaml | data/traits/morphology/flask_shaped.yaml | data/traits/morphology/fusiform_shaped.yaml | data/traits/morphology/gram_positive.yaml | data/traits/morphology/gram_variable.yaml | data/traits/morphology/green_pigmented.yaml | data/traits/morphology/intracellular_inclusion.yaml | data/traits/morphology/irregular_shaped.yaml | data/traits/morphology/magnetosome.yaml | data/traits/morphology/orange_pigmented.yaml | data/traits/morphology/pigmentation.yaml | data/traits/morphology/pink_pigmented.yaml | data/traits/morphology/red_pigmented.yaml | data/traits/morphology/ring_shaped.yaml | data/traits/morphology/rod_shaped.yaml | data/traits/morphology/spindle_shaped.yaml | data/traits/morphology/sporulation.yaml | data/traits/morphology/star_shaped.yaml | data/traits/morphology/sulfur_globule.yaml | data/traits/morphology/tailed_shaped.yaml | data/traits/morphology/white_pigmented.yaml | data/traits/morphology/yellow_pigmented.yaml | data/traits/physiology/autotrophic.yaml | data/traits/physiology/bioluminescence.yaml | data/traits/physiology/catalase_activity.yaml | data/traits/physiology/chemoautolithotrophic.yaml | data/traits/physiology/chemoautotrophic.yaml | data/traits/physiology/chemoheterotrophic.yaml | data/traits/physiology/chemolithoautotrophic.yaml | data/traits/physiology/chemolithoheterotrophic.yaml | data/traits/physiology/chemolithotrophic.yaml | data/traits/physiology/chemoorganoheterotrophic.yaml | data/traits/physiology/chemoorganotrophic.yaml | data/traits/physiology/heterotrophic.yaml | data/traits/physiology/hydrogenotrophic.yaml | data/traits/physiology/lithoautotrophic.yaml | data/traits/physiology/lithoheterotrophic.yaml | data/traits/physiology/methylotrophic.yaml | data/traits/physiology/organoheterotrophic.yaml | data/traits/physiology/organotrophic.yaml | data/traits/physiology/photoautotrophic.yaml | data/traits/physiology/photoheterotrophic.yaml | data/traits/physiology/photolithoautotrophic.yaml | data/traits/physiology/photolithotrophic.yaml | data/traits/physiology/phototrophic.yaml | data/traits/physiology/urease_activity.yaml | data/traits/upper/biological_process.yaml | data/traits/upper/observation.yaml	108	has output	PREDICATE	RO:0002234	has output	CANONICAL_LABEL					EXACT_LEXICAL
causal_predicate	data/traits/**/*.yaml	data/traits/ecology/saprotrophy.yaml | data/traits/metabolism/cellulolysis.yaml | data/traits/metabolism/proteolysis.yaml | data/traits/metabolism/starch_degradation.yaml | data/traits/physiology/antibiotic_resistance.yaml | data/traits/physiology/chemoorganoheterotrophic.yaml	6	hydrolyzes	PREDICATE	METPO:2007808							TERM_NOT_FOUND
causal_predicate	data/traits/**/*.yaml	data/traits/environment/alkaphilic.yaml | data/traits/environment/euryhaline.yaml | data/traits/environment/halophilic.yaml | data/traits/environment/halophily_preference.yaml | data/traits/environment/halotolerant.yaml | data/traits/environment/moderately_halophilic.yaml | data/traits/environment/non_halophilic.yaml | data/traits/metabolism/biopolymer_degradation.yaml | data/traits/metabolism/proteolysis.yaml | data/traits/physiology/photolithoautotrophic.yaml	12	imports	PREDICATE	METPO:2007805							TERM_NOT_FOUND
causal_predicate	data/traits/**/*.yaml	data/traits/environment/ph_optimum.yaml	1	imposes gradient of	PREDICATE	METPO:2007601							TERM_NOT_FOUND
causal_predicate	data/traits/**/*.yaml	data/traits/environment/aerotolerant.yaml | data/traits/environment/obligately_aerobic.yaml | data/traits/morphology/red_pigmented.yaml	3	includes	PREDICATE	biolink:has_part							NO_DIRECT_SOURCE
causal_predicate	data/traits/**/*.yaml	data/traits/physiology/autotrophic.yaml | data/traits/physiology/chemoheterotrophic.yaml | data/traits/physiology/chemoorganoheterotrophic.yaml | data/traits/physiology/lithoheterotrophic.yaml | data/traits/physiology/mixotrophic.yaml	5	incorporated into	PREDICATE	biolink:part_of							NO_DIRECT_SOURCE
causal_predicate	data/traits/**/*.yaml	data/traits/ecology/habitat_association.yaml | data/traits/ecology/opportunistic_pathogen.yaml | data/traits/ecology/soil_dwelling.yaml | data/traits/environment/acidotolerant.yaml | data/traits/environment/alkaphilic.yaml | data/traits/environment/extreme_hyperthermophilic.yaml | data/traits/environment/facultative_psychrophilic.yaml | data/traits/environment/halotolerant.yaml | data/traits/environment/hyperthermophilic.yaml | data/traits/environment/mesophilic.yaml | data/traits/environment/nacl_delta_high.yaml | data/traits/environment/nacl_optimum.yaml | data/traits/environment/nacl_optimum_high.yaml | data/traits/environment/neutrophilic.yaml | data/traits/environment/obligately_acidophilic.yaml | data/traits/environment/obligately_alkaphilic.yaml | data/traits/environment/optimum_phenotype_with_numerical_limits.yaml | data/traits/environment/oxygen_preference.yaml | data/traits/environment/ph_delta.yaml | data/traits/environment/piezophilic.yaml | data/traits/environment/pressure_optimum.yaml | data/traits/environment/pressure_range.yaml | data/traits/environment/psychrophilic.yaml | data/traits/environment/psychrotolerant.yaml | data/traits/environment/salinity_phenotype_with_numerical_limits.yaml | data/traits/environment/slightly_halophilic.yaml | data/traits/environment/stenohaline.yaml | data/traits/environment/temperature_delta.yaml | data/traits/environment/temperature_delta_high.yaml | data/traits/environment/temperature_delta_mid1.yaml | data/traits/environment/temperature_delta_mid2.yaml | data/traits/environment/temperature_delta_very_low.yaml | data/traits/environment/temperature_optimum_high.yaml | data/traits/environment/temperature_optimum_low.yaml | data/traits/environment/temperature_optimum_mid1.yaml | data/traits/environment/temperature_optimum_mid2.yaml | data/traits/environment/temperature_optimum_mid3.yaml | data/traits/environment/temperature_optimum_mid4.yaml | data/traits/environment/temperature_optimum_very_low.yaml | data/traits/environment/temperature_phenotype_with_numerical_limits.yaml | data/traits/environment/temperature_preference.yaml | data/traits/environment/temperature_range.yaml | data/traits/environment/temperature_range_low.yaml | data/traits/environment/temperature_range_mid1.yaml | data/traits/environment/temperature_range_mid2.yaml | data/traits/environment/temperature_range_very_low.yaml | data/traits/environment/thermophilic.yaml | data/traits/environment/xerophilic.yaml | data/traits/genomics/gc_content.yaml | data/traits/genomics/gc_skew.yaml | data/traits/genomics/genome_size.yaml | data/traits/genomics/ploidy.yaml | data/traits/metabolism/metabolism.yaml | data/traits/morphology/cell_length_medium.yaml | data/traits/morphology/cell_width_small.yaml | data/traits/morphology/cell_width_very_small.yaml | data/traits/morphology/coccobacillus_shaped.yaml | data/traits/morphology/gram_positive.yaml | data/traits/morphology/polyhydroxyalkanoate_granule.yaml | data/traits/morphology/vibrio_shaped.yaml | data/traits/physiology/oligotrophic.yaml | data/traits/physiology/urease_activity.yaml	91	increases	PREDICATE	RO:0002213	positively regulates	NO_EXACT_LABEL_MATCH					SEMANTIC_NOT_LEXICAL
causal_predicate	data/traits/**/*.yaml	data/traits/environment/acidophilic.yaml | data/traits/environment/facultatively_acidophilic.yaml | data/traits/environment/obligately_acidophilic.yaml	3	increases gradient of	PREDICATE	METPO:2007601							TERM_NOT_FOUND
causal_predicate	data/traits/**/*.yaml	data/traits/ecology/gut_associated.yaml | data/traits/environment/anaerobic.yaml | data/traits/environment/nacl_delta_mid2.yaml | data/traits/environment/nacl_optimum_low.yaml | data/traits/environment/nacl_range.yaml | data/traits/environment/nacl_range_low.yaml | data/traits/environment/obligately_anaerobic.yaml | data/traits/environment/stenohaline.yaml | data/traits/environment/strictly_anaerobic.yaml | data/traits/environment/temperature_optimum_low.yaml | data/traits/environment/temperature_range_very_low.yaml | data/traits/genomics/codon_usage_bias.yaml | data/traits/metabolism/fermentative_hydrogen_production.yaml | data/traits/metabolism/lactic_acid_fermentation.yaml | data/traits/metabolism/mixed_acid_fermentation.yaml | data/traits/metabolism/nitrogen_fixation.yaml | data/traits/morphology/bacillus_shaped.yaml | data/traits/morphology/cell_shape.yaml | data/traits/morphology/cell_width_small.yaml | data/traits/morphology/filament_shaped.yaml | data/traits/morphology/gas_vesicle.yaml | data/traits/morphology/motility.yaml | data/traits/physiology/oxidase_activity.yaml | data/traits/physiology/quorum_sensing.yaml | data/traits/physiology/stress_response.yaml	29	inhibits	PREDICATE	RO:0002212	negatively regulates	NO_EXACT_LABEL_MATCH					SEMANTIC_NOT_LEXICAL
causal_predicate	data/traits/**/*.yaml	data/traits/morphology/spirochete_shaped.yaml	1	interact with	PREDICATE	biolink:interacts_with							NO_DIRECT_SOURCE
causal_predicate	data/traits/**/*.yaml	data/traits/environment/neutrophilic.yaml | data/traits/morphology/bacillus_shaped.yaml | data/traits/morphology/rod_shaped.yaml | data/traits/morphology/staphylococcus_arrangement.yaml | data/traits/physiology/hydrogenotrophic.yaml	5	interacts with	PREDICATE	biolink:interacts_with							NO_DIRECT_SOURCE
causal_predicate	data/traits/**/*.yaml	data/traits/ecology/biosafety_level.yaml | data/traits/ecology/biosafety_level_1.yaml | data/traits/ecology/biosafety_level_2.yaml | data/traits/ecology/biosafety_level_3.yaml | data/traits/ecology/biosafety_level_4.yaml | data/traits/ecology/biosafety_level_5.yaml | data/traits/environment/delta_phenotype_with_numerical_limits.yaml | data/traits/environment/growth_range_phenotype_with_numerical_limits.yaml | data/traits/environment/halophilic.yaml | data/traits/environment/metal_tolerant.yaml | data/traits/environment/nacl_delta_high.yaml | data/traits/environment/nacl_delta_low.yaml | data/traits/environment/nacl_delta_mid1.yaml | data/traits/environment/nacl_delta_mid2.yaml | data/traits/environment/nacl_optimum_high.yaml | data/traits/environment/nacl_optimum_low.yaml | data/traits/environment/nacl_optimum_mid1.yaml | data/traits/environment/nacl_optimum_mid2.yaml | data/traits/environment/nacl_range_high.yaml | data/traits/environment/nacl_range_low.yaml | data/traits/environment/nacl_range_mid1.yaml | data/traits/environment/nacl_range_mid2.yaml | data/traits/environment/optimum_phenotype_with_numerical_limits.yaml | data/traits/environment/oxygen_preference.yaml | data/traits/environment/ph_delta_high.yaml | data/traits/environment/ph_delta_low.yaml | data/traits/environment/ph_delta_mid1.yaml | data/traits/environment/ph_delta_mid2.yaml | data/traits/environment/ph_delta_mid3.yaml | data/traits/environment/ph_delta_very_low.yaml | data/traits/environment/ph_optimum_high.yaml | data/traits/environment/ph_optimum_low.yaml | data/traits/environment/ph_optimum_mid1.yaml | data/traits/environment/ph_optimum_mid2.yaml | data/traits/environment/ph_phenotype_with_numerical_limits.yaml | data/traits/environment/ph_range_high.yaml | data/traits/environment/ph_range_low.yaml | data/traits/environment/ph_range_mid1.yaml | data/traits/environment/ph_range_mid2.yaml | data/traits/environment/ph_range_mid3.yaml | data/traits/environment/ph_range_very_low.yaml | data/traits/environment/salinity_phenotype_with_numerical_limits.yaml | data/traits/environment/temperature_delta_high.yaml | data/traits/environment/temperature_delta_low.yaml | data/traits/environment/temperature_delta_mid1.yaml | data/traits/environment/temperature_delta_mid2.yaml | data/traits/environment/temperature_delta_very_low.yaml | data/traits/environment/temperature_optimum_high.yaml | data/traits/environment/temperature_optimum_low.yaml | data/traits/environment/temperature_optimum_mid1.yaml | data/traits/environment/temperature_optimum_mid2.yaml | data/traits/environment/temperature_optimum_mid3.yaml | data/traits/environment/temperature_optimum_mid4.yaml | data/traits/environment/temperature_optimum_very_low.yaml | data/traits/environment/temperature_phenotype_with_numerical_limits.yaml | data/traits/environment/temperature_range_high.yaml | data/traits/environment/temperature_range_low.yaml | data/traits/environment/temperature_range_mid1.yaml | data/traits/environment/temperature_range_mid2.yaml | data/traits/environment/temperature_range_mid3.yaml | data/traits/environment/temperature_range_mid4.yaml | data/traits/environment/temperature_range_very_low.yaml | data/traits/genomics/gc_content.yaml | data/traits/genomics/gc_high.yaml | data/traits/genomics/gc_low.yaml | data/traits/genomics/gc_mid1.yaml | data/traits/genomics/gc_mid2.yaml | data/traits/metabolism/dissimilatory_iron_reduction.yaml | data/traits/metabolism/manganese_oxidation.yaml | data/traits/morphology/carotenoid_pigmentation.yaml | data/traits/morphology/cell_length_large.yaml | data/traits/morphology/cell_length_medium.yaml | data/traits/morphology/cell_length_small.yaml | data/traits/morphology/cell_length_very_small.yaml | data/traits/morphology/cell_width_large.yaml | data/traits/morphology/cell_width_medium.yaml | data/traits/morphology/cell_width_small.yaml | data/traits/morphology/cell_width_very_small.yaml | data/traits/morphology/pigmentation.yaml | data/traits/physiology/nutrient_adaptation.yaml | data/traits/physiology/trophic_type.yaml | data/traits/upper/phenotype.yaml | data/traits/upper/quality.yaml	113	is a	PREDICATE	rdfs:subClassOf							NO_DIRECT_SOURCE
causal_predicate	data/traits/**/*.yaml	data/traits/metabolism/cellulolysis.yaml | data/traits/metabolism/starch_degradation.yaml	2	is hydrolyzed to	PREDICATE	RO:0001001	derives into	NO_EXACT_LABEL_MATCH					SEMANTIC_NOT_LEXICAL
causal_predicate	data/traits/**/*.yaml	data/traits/environment/facultatively_acidophilic.yaml | data/traits/environment/temperature_delta_low.yaml | data/traits/environment/temperature_range_high.yaml | data/traits/environment/thermophilic.yaml | data/traits/morphology/prosthecate.yaml	6	limits	PREDICATE	RO:0002212	negatively regulates	NO_EXACT_LABEL_MATCH					SEMANTIC_NOT_LEXICAL
causal_predicate	data/traits/**/*.yaml	data/traits/morphology/axially_filamented.yaml | data/traits/morphology/gram_negative.yaml	3	localized in	PREDICATE	biolink:located_in							NO_DIRECT_SOURCE
causal_predicate	data/traits/**/*.yaml	data/traits/metabolism/oxidative_phosphorylation.yaml	1	localized to	PREDICATE	biolink:located_in							NO_DIRECT_SOURCE
causal_predicate	data/traits/**/*.yaml	data/traits/morphology/amphitrichous.yaml | data/traits/morphology/crescent_shaped.yaml | data/traits/morphology/curved_shaped.yaml | data/traits/morphology/filament_shaped.yaml | data/traits/morphology/mycelial_growth.yaml | data/traits/morphology/prosthecate.yaml | data/traits/morphology/tailed_shaped.yaml	7	localizes to	PREDICATE	biolink:located_in							NO_DIRECT_SOURCE
causal_predicate	data/traits/**/*.yaml	data/traits/metabolism/cable_bacteria_metabolism.yaml | data/traits/morphology/carboxysome.yaml | data/traits/morphology/magnetosome.yaml | data/traits/morphology/polyhydroxyalkanoate_granule.yaml | data/traits/morphology/polyphosphate_granule.yaml | data/traits/morphology/sulfur_globule.yaml | data/traits/physiology/methanotrophic.yaml | data/traits/physiology/methylotrophic.yaml	8	located in	PREDICATE	biolink:located_in							NO_DIRECT_SOURCE
causal_predicate	data/traits/**/*.yaml	data/traits/ecology/animal_pathogen.yaml | data/traits/ecology/human_pathogen.yaml | data/traits/ecology/pathogenic_to_host.yaml | data/traits/ecology/plant_pathogen.yaml | data/traits/environment/mesophilic.yaml | data/traits/environment/nacl_delta.yaml | data/traits/environment/nacl_optimum.yaml | data/traits/environment/nacl_range.yaml | data/traits/environment/ph_delta.yaml | data/traits/environment/ph_optimum.yaml | data/traits/environment/ph_range.yaml | data/traits/environment/psychrotolerant.yaml | data/traits/environment/temperature_delta.yaml | data/traits/environment/temperature_optimum.yaml | data/traits/environment/temperature_range.yaml | data/traits/morphology/black_pigmented.yaml | data/traits/morphology/branched_shaped.yaml | data/traits/morphology/brown_pigmented.yaml | data/traits/morphology/carotenoid_pigmentation.yaml | data/traits/morphology/cream_pigmented.yaml | data/traits/morphology/diplococcus_shaped.yaml | data/traits/morphology/disc_shaped.yaml | data/traits/morphology/dumbbell_shaped.yaml | data/traits/morphology/ellipsoidal.yaml | data/traits/morphology/filament_shaped.yaml | data/traits/morphology/flask_shaped.yaml | data/traits/morphology/fusiform_shaped.yaml | data/traits/morphology/gram_variable.yaml | data/traits/morphology/green_pigmented.yaml | data/traits/morphology/intracellular_inclusion.yaml | data/traits/morphology/irregular_shaped.yaml | data/traits/morphology/non_motile.yaml | data/traits/morphology/non_spore_forming.yaml | data/traits/morphology/orange_pigmented.yaml | data/traits/morphology/oval_shaped.yaml | data/traits/morphology/ovoid_shaped.yaml | data/traits/morphology/pigmentation.yaml | data/traits/morphology/pink_pigmented.yaml | data/traits/morphology/pleomorphic_shaped.yaml | data/traits/morphology/red_pigmented.yaml | data/traits/morphology/ring_shaped.yaml | data/traits/morphology/spindle_shaped.yaml | data/traits/morphology/spore_forming.yaml | data/traits/morphology/spore_shaped.yaml | data/traits/morphology/sporulation.yaml | data/traits/morphology/square_shaped.yaml | data/traits/morphology/star_shaped.yaml | data/traits/morphology/tailed_shaped.yaml | data/traits/morphology/triangular_shaped.yaml | data/traits/morphology/white_pigmented.yaml | data/traits/morphology/yellow_pigmented.yaml | data/traits/physiology/nutrient_adaptation.yaml | data/traits/physiology/urease_activity.yaml	58	manifests as	PREDICATE	METPO:2007400							TERM_NOT_FOUND
causal_predicate	data/traits/**/*.yaml	data/traits/ecology/biosafety_level_3.yaml | data/traits/environment/aerotolerant.yaml | data/traits/environment/arsenic_tolerant.yaml | data/traits/environment/cadmium_tolerant.yaml | data/traits/environment/cobalt_tolerant.yaml | data/traits/environment/copper_tolerant.yaml | data/traits/environment/euryhaline.yaml | data/traits/environment/halophilic.yaml | data/traits/environment/halophily_preference.yaml | data/traits/environment/halotolerant.yaml | data/traits/environment/mercury_tolerant.yaml | data/traits/environment/microaerotolerant.yaml | data/traits/environment/moderately_halophilic.yaml | data/traits/environment/non_halophilic.yaml | data/traits/environment/obligately_aerobic.yaml | data/traits/environment/slightly_halophilic.yaml | data/traits/environment/zinc_tolerant.yaml | data/traits/genomics/restriction_modification_system.yaml	30	mitigates	PREDICATE	METPO:2007407							TERM_NOT_FOUND
causal_predicate	data/traits/**/*.yaml	data/traits/environment/delta_phenotype_with_numerical_limits.yaml | data/traits/environment/nacl_delta_mid2.yaml | data/traits/morphology/cell_length_medium.yaml | data/traits/morphology/cell_length_small.yaml | data/traits/morphology/pigmentation.yaml | data/traits/morphology/spirochete_shaped.yaml | data/traits/physiology/chemotaxis.yaml	7	modulates	PREDICATE	RO:0002211	regulates	NO_EXACT_LABEL_MATCH					SEMANTIC_NOT_LEXICAL
causal_predicate	data/traits/**/*.yaml	data/traits/environment/desiccation_tolerant.yaml | data/traits/environment/mesophilic.yaml | data/traits/environment/nacl_optimum_low.yaml | data/traits/environment/temperature_optimum_mid4.yaml | data/traits/metabolism/denitrification.yaml | data/traits/metabolism/dicarboxylate_four_hydroxybutyrate_cycle.yaml | data/traits/metabolism/iron_oxidation.yaml | data/traits/morphology/helical_shaped.yaml | data/traits/morphology/heterocyst.yaml | data/traits/morphology/lophotrichous.yaml | data/traits/morphology/spore_forming.yaml | data/traits/physiology/methanotrophic.yaml	15	negatively regulates	PREDICATE	RO:0002212	negatively regulates	CANONICAL_LABEL					EXACT_LEXICAL
causal_predicate	data/traits/**/*.yaml	data/traits/metabolism/acetogenesis.yaml | data/traits/metabolism/anaerobic_respiration.yaml | data/traits/metabolism/cable_bacteria_metabolism.yaml | data/traits/metabolism/disproportionation.yaml | data/traits/metabolism/homoacetogenesis.yaml | data/traits/metabolism/methanogenesis.yaml | data/traits/metabolism/substrate_level_phosphorylation.yaml | data/traits/upper/biological_process.yaml	8	occurs in	PREDICATE	biolink:occurs_in							NO_DIRECT_SOURCE
causal_predicate	data/traits/**/*.yaml	data/traits/metabolism/anaerobic_oxidation_of_methane.yaml | data/traits/metabolism/anoxygenic_photosynthesis.yaml | data/traits/metabolism/denitrification.yaml | data/traits/metabolism/disproportionation.yaml | data/traits/metabolism/dissimilatory_iron_reduction.yaml | data/traits/metabolism/dissimilatory_manganese_reduction.yaml | data/traits/metabolism/dissimilatory_nitrate_reduction_to_ammonium.yaml | data/traits/metabolism/dissimilatory_sulfate_reduction.yaml | data/traits/metabolism/oxygenic_photosynthesis.yaml | data/traits/physiology/carboxydotrophic.yaml | data/traits/physiology/chemolithotrophic.yaml | data/traits/physiology/hydrogenotrophic.yaml | data/traits/physiology/methanotrophic.yaml | data/traits/physiology/methylotrophic.yaml | data/traits/physiology/photoautotrophic.yaml	16	oxidized to	PREDICATE	METPO:2007405							TERM_NOT_FOUND
causal_predicate	data/traits/**/*.yaml	data/traits/metabolism/iron_oxidation.yaml | data/traits/metabolism/lignin_degradation.yaml | data/traits/metabolism/oxygenic_photosynthesis.yaml | data/traits/metabolism/sulfur_oxidation.yaml | data/traits/morphology/sulfur_globule.yaml | data/traits/physiology/carboxydotrophic.yaml | data/traits/physiology/chemoautolithotrophic.yaml | data/traits/physiology/chemolithotrophic.yaml | data/traits/physiology/hydrogenotrophic.yaml | data/traits/physiology/lithoheterotrophic.yaml | data/traits/physiology/methanotrophic.yaml | data/traits/physiology/methylotrophic.yaml | data/traits/physiology/photoautotrophic.yaml	22	oxidizes	PREDICATE	METPO:2007803							TERM_NOT_FOUND
causal_predicate	data/traits/**/*.yaml	data/traits/ecology/parasitism.yaml | data/traits/environment/radiotolerant.yaml | data/traits/genomics/codon_usage_bias.yaml | data/traits/metabolism/anoxygenic_photosynthesis.yaml | data/traits/metabolism/cable_bacteria_metabolism.yaml | data/traits/metabolism/cellulolysis.yaml | data/traits/metabolism/reductive_tca_cycle.yaml | data/traits/morphology/filament_shaped.yaml | data/traits/morphology/flagellated.yaml | data/traits/morphology/oval_shaped.yaml | data/traits/morphology/pink_pigmented.yaml | data/traits/morphology/twitching_motility.yaml | data/traits/physiology/photoheterotrophic.yaml | data/traits/physiology/phototrophic.yaml | data/traits/upper/biological_process.yaml	22	part of	PREDICATE	biolink:part_of							NO_DIRECT_SOURCE
causal_predicate	data/traits/**/*.yaml	data/traits/ecology/predatory_bacterium.yaml | data/traits/genomics/crispr_cas_system.yaml | data/traits/metabolism/acetogenesis.yaml | data/traits/metabolism/denitrification.yaml | data/traits/metabolism/disproportionation.yaml | data/traits/metabolism/dissimilatory_metal_reduction.yaml | data/traits/metabolism/dissimilatory_sulfate_reduction.yaml | data/traits/metabolism/ethanol_fermentation.yaml | data/traits/metabolism/fermentative_hydrogen_production.yaml | data/traits/metabolism/homoacetogenesis.yaml | data/traits/metabolism/lactic_acid_fermentation.yaml | data/traits/metabolism/lignin_degradation.yaml | data/traits/metabolism/mixed_acid_fermentation.yaml | data/traits/metabolism/propionic_acid_fermentation.yaml | data/traits/metabolism/syntrophy.yaml | data/traits/morphology/green_pigmented.yaml | data/traits/morphology/sulfur_globule.yaml | data/traits/morphology/swarming_motility.yaml | data/traits/physiology/antibiotic_resistance.yaml | data/traits/physiology/heterotrophic.yaml | data/traits/physiology/methanotrophic.yaml | data/traits/physiology/organoheterotrophic.yaml | data/traits/physiology/photolithoautotrophic.yaml | data/traits/physiology/quorum_sensing.yaml	31	participates in	PREDICATE	biolink:participates_in							NO_DIRECT_SOURCE
causal_predicate	data/traits/**/*.yaml	data/traits/ecology/plant_pathogen.yaml | data/traits/ecology/rhizosphere_association.yaml | data/traits/environment/ph_range_mid1.yaml | data/traits/environment/pressure_range.yaml | data/traits/environment/temperature_optimum_high.yaml | data/traits/environment/thermotolerant.yaml | data/traits/metabolism/mixed_acid_fermentation.yaml | data/traits/metabolism/xylan_degradation.yaml | data/traits/morphology/cell_width_large.yaml | data/traits/morphology/cell_width_medium.yaml | data/traits/morphology/green_pigmented.yaml | data/traits/morphology/heterocyst.yaml | data/traits/morphology/non_motile.yaml | data/traits/morphology/oval_shaped.yaml | data/traits/morphology/rod_shaped.yaml | data/traits/morphology/spore_shaped.yaml | data/traits/morphology/swarming_motility.yaml | data/traits/morphology/tailed_shaped.yaml | data/traits/morphology/white_pigmented.yaml | data/traits/physiology/methanotrophic.yaml | data/traits/physiology/oxidative_stress_response.yaml | data/traits/physiology/quorum_sensing.yaml | data/traits/physiology/stress_response.yaml	36	positively regulates	PREDICATE	RO:0002213	positively regulates	CANONICAL_LABEL					EXACT_LEXICAL
causal_predicate	data/traits/**/*.yaml	data/traits/morphology/flagellated.yaml | data/traits/morphology/gliding.yaml | data/traits/morphology/motile.yaml | data/traits/morphology/motility.yaml	5	powers	PREDICATE	METPO:2007900							TERM_NOT_FOUND
causal_predicate	data/traits/**/*.yaml	data/traits/ecology/predatory_bacterium.yaml	2	precedes	PREDICATE	biolink:precedes							NO_DIRECT_SOURCE
causal_predicate	data/traits/**/*.yaml	data/traits/environment/obligately_alkaphilic.yaml | data/traits/environment/psychrophilic.yaml | data/traits/environment/temperature_optimum_high.yaml | data/traits/environment/temperature_range_low.yaml | data/traits/genomics/prophage.yaml | data/traits/morphology/gas_vesicle.yaml | data/traits/morphology/non_motile.yaml | data/traits/morphology/non_spore_forming.yaml | data/traits/morphology/spirochete_shaped.yaml | data/traits/morphology/streptococcus_arrangement.yaml | data/traits/morphology/tetrad_arrangement.yaml	15	prevents	PREDICATE	RO:0002212	negatively regulates	NO_EXACT_LABEL_MATCH					SEMANTIC_NOT_LEXICAL
causal_predicate	data/traits/**/*.yaml	data/traits/environment/mercury_tolerant.yaml | data/traits/environment/microaerotolerant.yaml | data/traits/environment/ph_delta_mid1.yaml | data/traits/environment/ph_optimum_high.yaml | data/traits/environment/piezophilic.yaml | data/traits/metabolism/aerobic_respiration.yaml | data/traits/metabolism/anaerobic_respiration.yaml | data/traits/metabolism/biopolymer_degradation.yaml | data/traits/metabolism/carbon_fixation.yaml | data/traits/metabolism/cellulolysis.yaml | data/traits/metabolism/chitinolysis.yaml | data/traits/metabolism/dicarboxylate_four_hydroxybutyrate_cycle.yaml | data/traits/metabolism/disproportionation.yaml | data/traits/metabolism/dissimilatory_sulfate_reduction.yaml | data/traits/metabolism/ethanol_fermentation.yaml | data/traits/metabolism/fermentation.yaml | data/traits/metabolism/fermentative_hydrogen_production.yaml | data/traits/metabolism/homoacetogenesis.yaml | data/traits/metabolism/iron_oxidation.yaml | data/traits/metabolism/lactic_acid_fermentation.yaml | data/traits/metabolism/lignin_degradation.yaml | data/traits/metabolism/manganese_oxidation.yaml | data/traits/metabolism/metabolism.yaml | data/traits/metabolism/methanogenesis.yaml | data/traits/metabolism/mixed_acid_fermentation.yaml | data/traits/metabolism/oxidative_phosphorylation.yaml | data/traits/metabolism/propionic_acid_fermentation.yaml | data/traits/metabolism/proteolysis.yaml | data/traits/metabolism/reductive_tca_cycle.yaml | data/traits/metabolism/respiration.yaml | data/traits/metabolism/starch_degradation.yaml | data/traits/metabolism/substrate_level_phosphorylation.yaml | data/traits/metabolism/sulfur_oxidation.yaml | data/traits/metabolism/three_hydroxypropionate_four_hydroxybutyrate_cycle.yaml | data/traits/metabolism/wood_ljungdahl_pathway.yaml | data/traits/metabolism/xylan_degradation.yaml | data/traits/morphology/carotenoid_pigmentation.yaml | data/traits/morphology/diplococcus_shaped.yaml | data/traits/morphology/gram_variable.yaml | data/traits/morphology/pigmentation.yaml | data/traits/morphology/sulfur_globule.yaml | data/traits/physiology/bioluminescence.yaml | data/traits/physiology/chemoautotrophic.yaml | data/traits/physiology/methanotrophic.yaml | data/traits/physiology/methylotrophic.yaml | data/traits/physiology/phototrophic.yaml	82	produces	PREDICATE	METPO:2007800							TERM_NOT_FOUND
causal_predicate	data/traits/**/*.yaml	data/traits/morphology/capsule.yaml | data/traits/physiology/chemoorganoheterotrophic.yaml | data/traits/physiology/chemotrophic.yaml	3	produces	PREDICATE	biolink:produces							NO_DIRECT_SOURCE
causal_predicate	data/traits/**/*.yaml	data/traits/ecology/biofilm_formation.yaml | data/traits/ecology/commensalism.yaml | data/traits/ecology/free_living.yaml | data/traits/ecology/opportunistic_pathogen.yaml | data/traits/ecology/parasitism.yaml | data/traits/ecology/pathogenic_to_host.yaml | data/traits/ecology/symbiosis.yaml | data/traits/environment/desiccation_tolerant.yaml | data/traits/environment/facultative_oxygen_preference.yaml | data/traits/environment/halophily_preference.yaml | data/traits/environment/mesophilic.yaml | data/traits/environment/nacl_delta_mid2.yaml | data/traits/environment/nacl_optimum.yaml | data/traits/environment/ph_delta_very_low.yaml | data/traits/environment/ph_optimum.yaml | data/traits/environment/pressure_optimum.yaml | data/traits/environment/radiotolerant.yaml | data/traits/environment/temperature_optimum.yaml | data/traits/environment/zinc_tolerant.yaml | data/traits/genomics/genome_streamlining.yaml | data/traits/genomics/pangenome_openness.yaml | data/traits/morphology/amphitrichous.yaml | data/traits/morphology/cell_length_small.yaml | data/traits/morphology/cell_shape.yaml | data/traits/morphology/curved_shaped.yaml | data/traits/morphology/diplococcus_shaped.yaml | data/traits/morphology/dumbbell_shaped.yaml | data/traits/morphology/ellipsoidal.yaml | data/traits/morphology/filament_shaped.yaml | data/traits/morphology/helical_shaped.yaml | data/traits/morphology/magnetosome.yaml | data/traits/morphology/motile.yaml | data/traits/morphology/mycelial_growth.yaml | data/traits/morphology/polyphosphate_granule.yaml | data/traits/morphology/ring_shaped.yaml | data/traits/morphology/spiral_shaped.yaml | data/traits/morphology/star_shaped.yaml | data/traits/morphology/streptococcus_arrangement.yaml | data/traits/physiology/copiotrophic.yaml | data/traits/physiology/dormancy.yaml | data/traits/physiology/methanotrophic.yaml | data/traits/physiology/natural_competence.yaml | data/traits/physiology/persister_cell_formation.yaml | data/traits/physiology/photoorganoheterotrophic.yaml | data/traits/physiology/stress_response.yaml | data/traits/physiology/viable_but_nonculturable_state.yaml	61	promotes	PREDICATE	RO:0002213	positively regulates	NO_EXACT_LABEL_MATCH					SEMANTIC_NOT_LEXICAL
causal_predicate	data/traits/**/*.yaml	data/traits/metabolism/homoacetogenesis.yaml	1	provides electrons for	PREDICATE	METPO:2007402							TERM_NOT_FOUND
causal_predicate	data/traits/**/*.yaml	data/traits/physiology/photolithoautotrophic.yaml	1	provides electrons to	PREDICATE	METPO:2007403							TERM_NOT_FOUND
causal_predicate	data/traits/**/*.yaml	data/traits/environment/aerobic.yaml | data/traits/environment/arsenic_tolerant.yaml | data/traits/environment/microaerotolerant.yaml | data/traits/environment/obligately_aerobic.yaml | data/traits/metabolism/aerobic_respiration.yaml | data/traits/metabolism/anaerobic_respiration.yaml | data/traits/metabolism/dissimilatory_sulfate_reduction.yaml | data/traits/metabolism/electron_transfer.yaml | data/traits/metabolism/fermentation.yaml | data/traits/metabolism/oxidative_phosphorylation.yaml | data/traits/metabolism/oxygenic_photosynthesis.yaml | data/traits/metabolism/wood_ljungdahl_pathway.yaml | data/traits/physiology/oxidase_activity.yaml	20	reduces	PREDICATE	METPO:2007802							TERM_NOT_FOUND
causal_predicate	data/traits/**/*.yaml	data/traits/ecology/biofilm_formation.yaml | data/traits/environment/facultative_psychrophilic.yaml | data/traits/environment/facultatively_aerobic.yaml | data/traits/environment/facultatively_anaerobic.yaml | data/traits/environment/halophily_preference.yaml | data/traits/environment/hyperthermophilic.yaml | data/traits/environment/mesophilic.yaml | data/traits/environment/nacl_optimum.yaml | data/traits/environment/nacl_optimum_mid2.yaml | data/traits/environment/nacl_range.yaml | data/traits/environment/non_halophilic.yaml | data/traits/environment/obligately_alkaphilic.yaml | data/traits/environment/ph_growth_preference.yaml | data/traits/environment/ph_optimum.yaml | data/traits/environment/ph_optimum_high.yaml | data/traits/environment/ph_optimum_mid2.yaml | data/traits/environment/ph_phenotype_with_numerical_limits.yaml | data/traits/environment/piezotolerant.yaml | data/traits/environment/psychrophilic.yaml | data/traits/environment/psychrotolerant.yaml | data/traits/environment/stenohaline.yaml | data/traits/environment/temperature_optimum.yaml | data/traits/environment/temperature_preference.yaml | data/traits/environment/temperature_range_mid2.yaml | data/traits/environment/temperature_range_mid4.yaml | data/traits/genomics/codon_usage_bias.yaml | data/traits/genomics/genome_size.yaml | data/traits/metabolism/aerobic_respiration.yaml | data/traits/metabolism/oxidative_phosphorylation.yaml | data/traits/metabolism/respiration.yaml | data/traits/morphology/bacillus_shaped.yaml | data/traits/morphology/branched_shaped.yaml | data/traits/morphology/cell_length.yaml | data/traits/morphology/cell_length_very_small.yaml | data/traits/morphology/cell_shape.yaml | data/traits/morphology/cell_width.yaml | data/traits/morphology/cell_width_large.yaml | data/traits/morphology/cell_width_medium.yaml | data/traits/morphology/cell_width_very_small.yaml | data/traits/morphology/coccobacillus_shaped.yaml | data/traits/morphology/coccus_shaped.yaml | data/traits/morphology/crescent_shaped.yaml | data/traits/morphology/ellipsoidal.yaml | data/traits/morphology/filament_shaped.yaml | data/traits/morphology/flagellar_arrangement.yaml | data/traits/morphology/flagellated.yaml | data/traits/morphology/flask_shaped.yaml | data/traits/morphology/fusiform_shaped.yaml | data/traits/morphology/gram_stain.yaml | data/traits/morphology/gram_variable.yaml | data/traits/morphology/motile.yaml | data/traits/morphology/motility.yaml | data/traits/morphology/peritrichous.yaml | data/traits/morphology/rod_shaped.yaml | data/traits/morphology/sphere_shaped.yaml | data/traits/morphology/spiral_shaped.yaml | data/traits/morphology/sporulation.yaml | data/traits/morphology/star_shaped.yaml | data/traits/morphology/tailed_shaped.yaml | data/traits/physiology/autotrophic.yaml | data/traits/physiology/catalase_activity.yaml | data/traits/physiology/photolithoautotrophic.yaml	101	regulates	PREDICATE	RO:0002211	regulates	CANONICAL_LABEL					EXACT_LEXICAL
causal_predicate	data/traits/**/*.yaml	data/traits/physiology/carboxydotrophic.yaml	1	regulates production of	PREDICATE	RO:0002211	regulates	NO_EXACT_LABEL_MATCH					SEMANTIC_NOT_LEXICAL
causal_predicate	data/traits/**/*.yaml	data/traits/ecology/mutualism.yaml | data/traits/environment/acidophilic.yaml | data/traits/environment/alkaphilic.yaml | data/traits/environment/euryhaline.yaml | data/traits/environment/extreme_hyperthermophilic.yaml | data/traits/environment/extremely_halophilic.yaml | data/traits/environment/facultatively_acidophilic.yaml | data/traits/environment/facultatively_alkaphilic.yaml | data/traits/environment/halophilic.yaml | data/traits/environment/hyperthermophilic.yaml | data/traits/environment/mesophilic.yaml | data/traits/environment/moderately_halophilic.yaml | data/traits/environment/nacl_delta_high.yaml | data/traits/environment/nacl_optimum_high.yaml | data/traits/environment/obligately_acidophilic.yaml | data/traits/environment/ph_optimum_high.yaml | data/traits/environment/ph_optimum_low.yaml | data/traits/environment/piezophilic.yaml | data/traits/environment/psychrophilic.yaml | data/traits/environment/temperature_optimum_high.yaml | data/traits/environment/temperature_optimum_very_low.yaml | data/traits/environment/thermophilic.yaml | data/traits/environment/xerophilic.yaml | data/traits/genomics/crispr_cas_system.yaml | data/traits/genomics/gc_mid1.yaml | data/traits/genomics/genome_streamlining.yaml | data/traits/metabolism/dissimilatory_nitrate_reduction_to_ammonium.yaml | data/traits/morphology/cell_length_very_small.yaml | data/traits/physiology/copiotrophic.yaml | data/traits/physiology/nutrient_adaptation.yaml | data/traits/physiology/oligotrophic.yaml	35	selects for	PREDICATE	METPO:2007401							TERM_NOT_FOUND
causal_predicate	data/traits/**/*.yaml	data/traits/metabolism/disproportionation.yaml	1	serves as electron donor and acceptor	PREDICATE	METPO:2007603							TERM_NOT_FOUND
causal_predicate	data/traits/**/*.yaml	data/traits/upper/biological_process.yaml | data/traits/upper/phenotype.yaml	4	specializes	PREDICATE	rdfs:subClassOf							NO_DIRECT_SOURCE
causal_predicate	data/traits/**/*.yaml	data/traits/ecology/plant_pathogen.yaml	2	suppresses	PREDICATE	RO:0002212	negatively regulates	NO_EXACT_LABEL_MATCH					SEMANTIC_NOT_LEXICAL
causal_predicate	data/traits/**/*.yaml	data/traits/environment/aerobic.yaml | data/traits/metabolism/cable_bacteria_metabolism.yaml | data/traits/metabolism/dissimilatory_metal_reduction.yaml | data/traits/metabolism/electron_transfer.yaml | data/traits/metabolism/oxygenic_photosynthesis.yaml | data/traits/metabolism/respiration.yaml | data/traits/physiology/chemoorganotrophic.yaml | data/traits/physiology/chemotrophic.yaml | data/traits/physiology/lithoheterotrophic.yaml | data/traits/physiology/oxidase_activity.yaml	14	transfers electrons to	PREDICATE	METPO:2007403							TERM_NOT_FOUND
causal_predicate	data/traits/**/*.yaml	data/traits/metabolism/syntrophy.yaml	2	transfers electrons via	PREDICATE	METPO:2007600							TERM_NOT_FOUND
causal_predicate	data/traits/**/*.yaml	data/traits/morphology/gram_negative.yaml | data/traits/morphology/sphere_shaped.yaml	2	transports	PREDICATE	METPO:2007812							TERM_NOT_FOUND
causal_predicate	data/traits/**/*.yaml	data/traits/metabolism/lactic_acid_fermentation.yaml | data/traits/morphology/cream_pigmented.yaml	4	yields	PREDICATE	biolink:produces							NO_DIRECT_SOURCE
