curie	corpus_record	source_status	change_type	field	old_value	new_value	disposition
METPO:0000001	no	DEPRECATED	ADDED	entity		obsolete Temperature	NOT_SEEDED_DEPRECATED
METPO:0000002	no	DEPRECATED	ADDED	entity		obsolete Salinity	NOT_SEEDED_DEPRECATED
METPO:0000003	no	DEPRECATED	ADDED	entity		obsolete pH	NOT_SEEDED_DEPRECATED
METPO:0000004	no	DEPRECATED	ADDED	entity		obsolete Oxygen	NOT_SEEDED_DEPRECATED
METPO:0000005	no	DEPRECATED	ADDED	entity		obsolete Trophic type	NOT_SEEDED_DEPRECATED
METPO:0000006	no	DEPRECATED	ADDED	entity		obsolete Motility	NOT_SEEDED_DEPRECATED
METPO:0000007	no	DEPRECATED	ADDED	entity		obsolete Sporulation	NOT_SEEDED_DEPRECATED
METPO:0000008	no	DEPRECATED	ADDED	entity		obsolete Pressure	NOT_SEEDED_DEPRECATED
METPO:0000009	no	DEPRECATED	ADDED	entity		obsolete GC content	NOT_SEEDED_DEPRECATED
METPO:000001	no	DEPRECATED	ADDED	entity		obsolete Temperature	NOT_SEEDED_DEPRECATED
METPO:0000010	no	DEPRECATED	ADDED	entity		obsolete Cell Width	NOT_SEEDED_DEPRECATED
METPO:0000011	no	DEPRECATED	ADDED	entity		obsolete Cell Length	NOT_SEEDED_DEPRECATED
METPO:0000012	no	DEPRECATED	ADDED	entity		obsolete Temperature Optimum	NOT_SEEDED_DEPRECATED
METPO:0000013	no	DEPRECATED	ADDED	entity		obsolete Temperature Range	NOT_SEEDED_DEPRECATED
METPO:0000014	no	DEPRECATED	ADDED	entity		obsolete pH Optimum	NOT_SEEDED_DEPRECATED
METPO:0000015	no	DEPRECATED	ADDED	entity		obsolete pH Range	NOT_SEEDED_DEPRECATED
METPO:0000016	no	DEPRECATED	ADDED	entity		obsolete NaCl Optimum	NOT_SEEDED_DEPRECATED
METPO:0000017	no	DEPRECATED	ADDED	entity		obsolete NaCl Range	NOT_SEEDED_DEPRECATED
METPO:0000018	no	DEPRECATED	ADDED	entity		obsolete pH delta	NOT_SEEDED_DEPRECATED
METPO:0000019	no	DEPRECATED	ADDED	entity		obsolete NaCl delta	NOT_SEEDED_DEPRECATED
METPO:000002	no	DEPRECATED	ADDED	entity		obsolete Salinity	NOT_SEEDED_DEPRECATED
METPO:0000020	no	DEPRECATED	ADDED	entity		obsolete Temperature Delta	NOT_SEEDED_DEPRECATED
METPO:0000021	no	DEPRECATED	ADDED	entity		obsolete METPO Morphology	NOT_SEEDED_DEPRECATED
METPO:0000022	no	DEPRECATED	ADDED	entity		obsolete Psychrophile	NOT_SEEDED_DEPRECATED
METPO:0000023	no	DEPRECATED	ADDED	entity		obsolete Psychrotolerant	NOT_SEEDED_DEPRECATED
METPO:0000024	no	DEPRECATED	ADDED	entity		obsolete Mesophilie	NOT_SEEDED_DEPRECATED
METPO:0000025	no	DEPRECATED	ADDED	entity		obsolete Thermotolerant	NOT_SEEDED_DEPRECATED
METPO:0000026	no	DEPRECATED	ADDED	entity		obsolete Thermophile	NOT_SEEDED_DEPRECATED
METPO:0000027	no	DEPRECATED	ADDED	entity		obsolete Extreme thermophile	NOT_SEEDED_DEPRECATED
METPO:0000028	no	DEPRECATED	ADDED	entity		obsolete Hyperthermophile	NOT_SEEDED_DEPRECATED
METPO:0000029	no	DEPRECATED	ADDED	entity		obsolete Extreme hyperthermophile	NOT_SEEDED_DEPRECATED
METPO:000003	no	DEPRECATED	ADDED	entity		obsolete pH	NOT_SEEDED_DEPRECATED
METPO:0000030	no	DEPRECATED	ADDED	entity		obsolete Halophile	NOT_SEEDED_DEPRECATED
METPO:0000031	no	DEPRECATED	ADDED	entity		obsolete Non-halophile	NOT_SEEDED_DEPRECATED
METPO:0000032	no	DEPRECATED	ADDED	entity		obsolete Slight halophile	NOT_SEEDED_DEPRECATED
METPO:0000033	no	DEPRECATED	ADDED	entity		obsolete Moderate halophile	NOT_SEEDED_DEPRECATED
METPO:0000034	no	DEPRECATED	ADDED	entity		obsolete Extreme halophile	NOT_SEEDED_DEPRECATED
METPO:0000035	no	DEPRECATED	ADDED	entity		obsolete Halotolerant	NOT_SEEDED_DEPRECATED
METPO:0000036	no	DEPRECATED	ADDED	entity		obsolete Haloalkaliphile	NOT_SEEDED_DEPRECATED
METPO:0000037	no	DEPRECATED	ADDED	entity		obsolete Extreme Acidophile	NOT_SEEDED_DEPRECATED
METPO:0000038	no	DEPRECATED	ADDED	entity		obsolete Acidophile	NOT_SEEDED_DEPRECATED
METPO:0000039	no	DEPRECATED	ADDED	entity		obsolete Neutrophile	NOT_SEEDED_DEPRECATED
METPO:000004	no	DEPRECATED	ADDED	entity		obsolete Oxygen	NOT_SEEDED_DEPRECATED
METPO:0000040	no	DEPRECATED	ADDED	entity		obsolete Alkaliphile	NOT_SEEDED_DEPRECATED
METPO:0000041	no	DEPRECATED	ADDED	entity		obsolete Acid Tolerant	NOT_SEEDED_DEPRECATED
METPO:0000042	no	DEPRECATED	ADDED	entity		obsolete Alkali Tolerant	NOT_SEEDED_DEPRECATED
METPO:0000043	no	DEPRECATED	ADDED	entity		obsolete Extreme Alkaliphile	NOT_SEEDED_DEPRECATED
METPO:0000044	no	DEPRECATED	ADDED	entity		obsolete Facultative acidophile	NOT_SEEDED_DEPRECATED
METPO:0000045	no	DEPRECATED	ADDED	entity		obsolete Obligative acidophile	NOT_SEEDED_DEPRECATED
METPO:0000046	no	DEPRECATED	ADDED	entity		obsolete Aerobe	NOT_SEEDED_DEPRECATED
METPO:0000047	no	DEPRECATED	ADDED	entity		obsolete Anaerobe	NOT_SEEDED_DEPRECATED
METPO:0000048	no	DEPRECATED	ADDED	entity		obsolete Facultative anaerobe	NOT_SEEDED_DEPRECATED
METPO:0000049	no	DEPRECATED	ADDED	entity		obsolete Facultative aerobe	NOT_SEEDED_DEPRECATED
METPO:000005	no	DEPRECATED	ADDED	entity		obsolete Trophic type	NOT_SEEDED_DEPRECATED
METPO:0000050	no	DEPRECATED	ADDED	entity		obsolete Microaerophile	NOT_SEEDED_DEPRECATED
METPO:0000051	no	DEPRECATED	ADDED	entity		obsolete Aerotolerant	NOT_SEEDED_DEPRECATED
METPO:0000052	no	DEPRECATED	ADDED	entity		obsolete Microaerotolerant	NOT_SEEDED_DEPRECATED
METPO:0000053	no	DEPRECATED	ADDED	entity		obsolete Aerotolerant anaerobe	NOT_SEEDED_DEPRECATED
METPO:0000054	no	DEPRECATED	ADDED	entity		obsolete Obligate aerobe	NOT_SEEDED_DEPRECATED
METPO:0000055	no	DEPRECATED	ADDED	entity		obsolete Obligate anaerobe	NOT_SEEDED_DEPRECATED
METPO:0000056	no	DEPRECATED	ADDED	entity		obsolete Oxygenic phototroph	NOT_SEEDED_DEPRECATED
METPO:0000057	no	DEPRECATED	ADDED	entity		obsolete Anoxygenic phototroph	NOT_SEEDED_DEPRECATED
METPO:0000058	no	DEPRECATED	ADDED	entity		obsolete Autotroph	NOT_SEEDED_DEPRECATED
METPO:0000059	no	DEPRECATED	ADDED	entity		obsolete Photoautotroph	NOT_SEEDED_DEPRECATED
METPO:000006	no	DEPRECATED	ADDED	entity		obsolete Motility	NOT_SEEDED_DEPRECATED
METPO:0000060	no	DEPRECATED	ADDED	entity		obsolete Chemoautotroph	NOT_SEEDED_DEPRECATED
METPO:0000061	no	DEPRECATED	ADDED	entity		obsolete Heterotroph	NOT_SEEDED_DEPRECATED
METPO:0000062	no	DEPRECATED	ADDED	entity		obsolete Photoheterotroph	NOT_SEEDED_DEPRECATED
METPO:0000063	no	DEPRECATED	ADDED	entity		obsolete Chemoheterotroph	NOT_SEEDED_DEPRECATED
METPO:0000064	no	DEPRECATED	ADDED	entity		obsolete Lithotroph	NOT_SEEDED_DEPRECATED
METPO:0000065	no	DEPRECATED	ADDED	entity		obsolete Organotroph	NOT_SEEDED_DEPRECATED
METPO:0000066	no	DEPRECATED	ADDED	entity		obsolete Phototroph	NOT_SEEDED_DEPRECATED
METPO:0000067	no	DEPRECATED	ADDED	entity		obsolete Chemotroph	NOT_SEEDED_DEPRECATED
METPO:0000068	no	DEPRECATED	ADDED	entity		obsolete Oligotroph	NOT_SEEDED_DEPRECATED
METPO:0000069	no	DEPRECATED	ADDED	entity		obsolete Copiotroph	NOT_SEEDED_DEPRECATED
METPO:000007	no	DEPRECATED	ADDED	entity		obsolete Sporulation	NOT_SEEDED_DEPRECATED
METPO:0000070	no	DEPRECATED	ADDED	entity		obsolete Lithoautotroph	NOT_SEEDED_DEPRECATED
METPO:0000071	no	DEPRECATED	ADDED	entity		obsolete Mixotroph	NOT_SEEDED_DEPRECATED
METPO:0000072	no	DEPRECATED	ADDED	entity		obsolete Lithoheterotroph	NOT_SEEDED_DEPRECATED
METPO:0000073	no	DEPRECATED	ADDED	entity		obsolete Chemoorganoheterotroph	NOT_SEEDED_DEPRECATED
METPO:0000074	no	DEPRECATED	ADDED	entity		obsolete Chemolithoautotroph	NOT_SEEDED_DEPRECATED
METPO:0000075	no	DEPRECATED	ADDED	entity		obsolete Methylotroph	NOT_SEEDED_DEPRECATED
METPO:0000076	no	DEPRECATED	ADDED	entity		obsolete Methanotroph	NOT_SEEDED_DEPRECATED
METPO:0000077	no	DEPRECATED	ADDED	entity		obsolete Carboxydotroph	NOT_SEEDED_DEPRECATED
METPO:0000078	no	DEPRECATED	ADDED	entity		obsolete Hydrogenotroph	NOT_SEEDED_DEPRECATED
METPO:0000079	no	DEPRECATED	ADDED	entity		obsolete Hydrogen oxidizer	NOT_SEEDED_DEPRECATED
METPO:000008	no	DEPRECATED	ADDED	entity		obsolete Pressure	NOT_SEEDED_DEPRECATED
METPO:0000080	no	DEPRECATED	ADDED	entity		obsolete Hydrogen producer	NOT_SEEDED_DEPRECATED
METPO:0000081	no	DEPRECATED	ADDED	entity		obsolete Nitrogen fixer	NOT_SEEDED_DEPRECATED
METPO:0000082	no	DEPRECATED	ADDED	entity		obsolete Methanogen	NOT_SEEDED_DEPRECATED
METPO:0000083	no	DEPRECATED	ADDED	entity		obsolete Sulfate reducer	NOT_SEEDED_DEPRECATED
METPO:0000084	no	DEPRECATED	ADDED	entity		obsolete Sulfur oxidizer	NOT_SEEDED_DEPRECATED
METPO:0000085	no	DEPRECATED	ADDED	entity		obsolete Denitrifier	NOT_SEEDED_DEPRECATED
METPO:0000086	no	DEPRECATED	ADDED	entity		obsolete Capnophile	NOT_SEEDED_DEPRECATED
METPO:0000087	no	DEPRECATED	ADDED	entity		obsolete Motile	NOT_SEEDED_DEPRECATED
METPO:0000088	no	DEPRECATED	ADDED	entity		obsolete Non-motile	NOT_SEEDED_DEPRECATED
METPO:0000089	no	DEPRECATED	ADDED	entity		obsolete Flagellated	NOT_SEEDED_DEPRECATED
METPO:000009	no	DEPRECATED	ADDED	entity		obsolete GC content	NOT_SEEDED_DEPRECATED
METPO:0000090	no	DEPRECATED	ADDED	entity		obsolete Peritrichous	NOT_SEEDED_DEPRECATED
METPO:0000091	no	DEPRECATED	ADDED	entity		obsolete Lophotrichous	NOT_SEEDED_DEPRECATED
METPO:0000092	no	DEPRECATED	ADDED	entity		obsolete Monotrichous	NOT_SEEDED_DEPRECATED
METPO:0000093	no	DEPRECATED	ADDED	entity		obsolete Ciliated	NOT_SEEDED_DEPRECATED
METPO:0000094	no	DEPRECATED	ADDED	entity		obsolete Gliding	NOT_SEEDED_DEPRECATED
METPO:0000095	no	DEPRECATED	ADDED	entity		obsolete Twitching	NOT_SEEDED_DEPRECATED
METPO:0000096	no	DEPRECATED	ADDED	entity		obsolete Sliding	NOT_SEEDED_DEPRECATED
METPO:0000097	no	DEPRECATED	ADDED	entity		obsolete Swarming	NOT_SEEDED_DEPRECATED
METPO:0000098	no	DEPRECATED	ADDED	entity		obsolete Endospores	NOT_SEEDED_DEPRECATED
METPO:0000099	no	DEPRECATED	ADDED	entity		obsolete Exospores	NOT_SEEDED_DEPRECATED
METPO:000010	no	DEPRECATED	ADDED	entity		obsolete Cell Width	NOT_SEEDED_DEPRECATED
METPO:0000100	no	DEPRECATED	ADDED	entity		obsolete Myxospores	NOT_SEEDED_DEPRECATED
METPO:0000101	no	DEPRECATED	ADDED	entity		obsolete Arthrospores	NOT_SEEDED_DEPRECATED
METPO:0000102	no	DEPRECATED	ADDED	entity		obsolete Conidia	NOT_SEEDED_DEPRECATED
METPO:0000103	no	DEPRECATED	ADDED	entity		obsolete Sporangiospores	NOT_SEEDED_DEPRECATED
METPO:0000104	no	DEPRECATED	ADDED	entity		obsolete Zygospores	NOT_SEEDED_DEPRECATED
METPO:0000105	no	DEPRECATED	ADDED	entity		obsolete Akinetes	NOT_SEEDED_DEPRECATED
METPO:0000106	no	DEPRECATED	ADDED	entity		obsolete Chlamydospores	NOT_SEEDED_DEPRECATED
METPO:0000107	no	DEPRECATED	ADDED	entity		obsolete Sporocysts	NOT_SEEDED_DEPRECATED
METPO:0000108	no	DEPRECATED	ADDED	entity		obsolete Hypnospores	NOT_SEEDED_DEPRECATED
METPO:0000109	no	DEPRECATED	ADDED	entity		obsolete Gemmae	NOT_SEEDED_DEPRECATED
METPO:000011	no	DEPRECATED	ADDED	entity		obsolete Cell Length	NOT_SEEDED_DEPRECATED
METPO:0000110	no	DEPRECATED	ADDED	entity		obsolete Oospores	NOT_SEEDED_DEPRECATED
METPO:0000111	no	DEPRECATED	ADDED	entity		obsolete Azygospores	NOT_SEEDED_DEPRECATED
METPO:0000112	no	DEPRECATED	ADDED	entity		obsolete Cysts	NOT_SEEDED_DEPRECATED
METPO:0000113	no	DEPRECATED	ADDED	entity		obsolete Ascospores	NOT_SEEDED_DEPRECATED
METPO:0000114	no	DEPRECATED	ADDED	entity		obsolete Basidiospores	NOT_SEEDED_DEPRECATED
METPO:0000115	no	DEPRECATED	ADDED	entity		obsolete Aleuriospores	NOT_SEEDED_DEPRECATED
METPO:0000116	no	DEPRECATED	ADDED	entity		obsolete Stylospores	NOT_SEEDED_DEPRECATED
METPO:0000117	no	DEPRECATED	ADDED	entity		obsolete Sclerotia	NOT_SEEDED_DEPRECATED
METPO:0000118	no	DEPRECATED	ADDED	entity		obsolete Zoospores	NOT_SEEDED_DEPRECATED
METPO:0000119	no	DEPRECATED	ADDED	entity		obsolete Teliospores	NOT_SEEDED_DEPRECATED
METPO:000012	no	DEPRECATED	ADDED	entity		obsolete Temperature Optimum	NOT_SEEDED_DEPRECATED
METPO:0000120	no	DEPRECATED	ADDED	entity		obsolete Urediniospores	NOT_SEEDED_DEPRECATED
METPO:0000121	no	DEPRECATED	ADDED	entity		obsolete Pycnidiospores	NOT_SEEDED_DEPRECATED
METPO:0000122	no	DEPRECATED	ADDED	entity		obsolete Acriospores	NOT_SEEDED_DEPRECATED
METPO:0000123	no	DEPRECATED	ADDED	entity		obsolete Aplanospores	NOT_SEEDED_DEPRECATED
METPO:0000124	no	DEPRECATED	ADDED	entity		obsolete Statismospores	NOT_SEEDED_DEPRECATED
METPO:0000125	no	DEPRECATED	ADDED	entity		obsolete Barotolerant	NOT_SEEDED_DEPRECATED
METPO:0000126	no	DEPRECATED	ADDED	entity		obsolete Piezophile	NOT_SEEDED_DEPRECATED
METPO:0000127	no	DEPRECATED	ADDED	entity		obsolete Piezotolerant	NOT_SEEDED_DEPRECATED
METPO:0000128	no	DEPRECATED	ADDED	entity		obsolete Piezosensitive	NOT_SEEDED_DEPRECATED
METPO:0000129	no	DEPRECATED	ADDED	entity		obsolete Obligate barophile	NOT_SEEDED_DEPRECATED
METPO:000013	no	DEPRECATED	ADDED	entity		obsolete Temperature Range	NOT_SEEDED_DEPRECATED
METPO:0000130	no	DEPRECATED	ADDED	entity		obsolete Facultative barophile	NOT_SEEDED_DEPRECATED
METPO:0000131	no	DEPRECATED	ADDED	entity		obsolete Hyperbarophile	NOT_SEEDED_DEPRECATED
METPO:0000132	no	DEPRECATED	ADDED	entity		obsolete Hypobarophile	NOT_SEEDED_DEPRECATED
METPO:0000133	no	DEPRECATED	ADDED	entity		obsolete Atmospheric pressure-adapted	NOT_SEEDED_DEPRECATED
METPO:0000134	no	DEPRECATED	ADDED	entity		obsolete Moderate piezophile	NOT_SEEDED_DEPRECATED
METPO:0000135	no	DEPRECATED	ADDED	entity		obsolete Extreme piezophile	NOT_SEEDED_DEPRECATED
METPO:0000136	no	DEPRECATED	ADDED	entity		obsolete Stenopiezic	NOT_SEEDED_DEPRECATED
METPO:0000137	no	DEPRECATED	ADDED	entity		obsolete Eurypiezic	NOT_SEEDED_DEPRECATED
METPO:0000138	no	DEPRECATED	ADDED	entity		obsolete Pressure-sensitive	NOT_SEEDED_DEPRECATED
METPO:0000139	no	DEPRECATED	ADDED	entity		obsolete Pressure-resistant	NOT_SEEDED_DEPRECATED
METPO:000014	no	DEPRECATED	ADDED	entity		obsolete pH Optimum	NOT_SEEDED_DEPRECATED
METPO:0000140	no	DEPRECATED	ADDED	entity		obsolete Pressure-adapted	NOT_SEEDED_DEPRECATED
METPO:0000141	no	DEPRECATED	ADDED	entity		obsolete Piezo-acidophile	NOT_SEEDED_DEPRECATED
METPO:0000142	no	DEPRECATED	ADDED	entity		obsolete Piezo-alkaliphile	NOT_SEEDED_DEPRECATED
METPO:0000143	no	DEPRECATED	ADDED	entity		obsolete Piezo-halophile	NOT_SEEDED_DEPRECATED
METPO:0000144	no	DEPRECATED	ADDED	entity		obsolete Piezo-psychrophile	NOT_SEEDED_DEPRECATED
METPO:0000145	no	DEPRECATED	ADDED	entity		obsolete Piezo-thermophile	NOT_SEEDED_DEPRECATED
METPO:0000146	no	DEPRECATED	ADDED	entity		obsolete Piezo-lithoautotrophe	NOT_SEEDED_DEPRECATED
METPO:0000147	no	DEPRECATED	ADDED	entity		obsolete Piezo-chemoheterotroph	NOT_SEEDED_DEPRECATED
METPO:0000148	no	DEPRECATED	ADDED	entity		obsolete Piezo-oligotroph	NOT_SEEDED_DEPRECATED
METPO:0000149	no	DEPRECATED	ADDED	entity		obsolete Piezo-endolithic	NOT_SEEDED_DEPRECATED
METPO:000015	no	DEPRECATED	ADDED	entity		obsolete pH Range	NOT_SEEDED_DEPRECATED
METPO:0000150	no	DEPRECATED	ADDED	entity		obsolete Piezo-tolerant	NOT_SEEDED_DEPRECATED
METPO:0000151	no	DEPRECATED	ADDED	entity		obsolete GC low	NOT_SEEDED_DEPRECATED
METPO:0000152	no	DEPRECATED	ADDED	entity		obsolete GC mid1	NOT_SEEDED_DEPRECATED
METPO:0000153	no	DEPRECATED	ADDED	entity		obsolete GC mid2	NOT_SEEDED_DEPRECATED
METPO:0000154	no	DEPRECATED	ADDED	entity		obsolete GC high	NOT_SEEDED_DEPRECATED
METPO:0000155	no	DEPRECATED	ADDED	entity		obsolete Cell width very low	NOT_SEEDED_DEPRECATED
METPO:0000156	no	DEPRECATED	ADDED	entity		obsolete Cell width low	NOT_SEEDED_DEPRECATED
METPO:0000157	no	DEPRECATED	ADDED	entity		obsolete Cell width mid	NOT_SEEDED_DEPRECATED
METPO:0000158	no	DEPRECATED	ADDED	entity		obsolete Cell width high	NOT_SEEDED_DEPRECATED
METPO:0000159	no	DEPRECATED	ADDED	entity		obsolete Cell length very low	NOT_SEEDED_DEPRECATED
METPO:000016	no	DEPRECATED	ADDED	entity		obsolete NaCl Optimum	NOT_SEEDED_DEPRECATED
METPO:0000160	no	DEPRECATED	ADDED	entity		obsolete Cell length low	NOT_SEEDED_DEPRECATED
METPO:0000161	no	DEPRECATED	ADDED	entity		obsolete Cell length mid	NOT_SEEDED_DEPRECATED
METPO:0000162	no	DEPRECATED	ADDED	entity		obsolete Cell length high	NOT_SEEDED_DEPRECATED
METPO:0000163	no	DEPRECATED	ADDED	entity		obsolete Temperature Optimum very low	NOT_SEEDED_DEPRECATED
METPO:0000164	no	DEPRECATED	ADDED	entity		obsolete Temperature Optimum low	NOT_SEEDED_DEPRECATED
METPO:0000165	no	DEPRECATED	ADDED	entity		obsolete Temperature Optimum mid1	NOT_SEEDED_DEPRECATED
METPO:0000166	no	DEPRECATED	ADDED	entity		obsolete Temperature Optimum mid2	NOT_SEEDED_DEPRECATED
METPO:0000167	no	DEPRECATED	ADDED	entity		obsolete Temperature Optimum mid3	NOT_SEEDED_DEPRECATED
METPO:0000168	no	DEPRECATED	ADDED	entity		obsolete Temperature Optimum mid4	NOT_SEEDED_DEPRECATED
METPO:0000169	no	DEPRECATED	ADDED	entity		obsolete Temperature Optimum high	NOT_SEEDED_DEPRECATED
METPO:000017	no	DEPRECATED	ADDED	entity		obsolete NaCl Range	NOT_SEEDED_DEPRECATED
METPO:0000170	no	DEPRECATED	ADDED	entity		obsolete Temperature Range very low	NOT_SEEDED_DEPRECATED
METPO:0000171	no	DEPRECATED	ADDED	entity		obsolete Temperature Range low	NOT_SEEDED_DEPRECATED
METPO:0000172	no	DEPRECATED	ADDED	entity		obsolete Temperature Range mid1	NOT_SEEDED_DEPRECATED
METPO:0000173	no	DEPRECATED	ADDED	entity		obsolete Temperature Range mid2	NOT_SEEDED_DEPRECATED
METPO:0000174	no	DEPRECATED	ADDED	entity		obsolete Temperature Range mid3	NOT_SEEDED_DEPRECATED
METPO:0000175	no	DEPRECATED	ADDED	entity		obsolete Temperature Range mid4	NOT_SEEDED_DEPRECATED
METPO:0000176	no	DEPRECATED	ADDED	entity		obsolete Temperature Range high	NOT_SEEDED_DEPRECATED
METPO:0000177	no	DEPRECATED	ADDED	entity		obsolete pH Optimum low	NOT_SEEDED_DEPRECATED
METPO:0000178	no	DEPRECATED	ADDED	entity		obsolete pH Optimum mid1	NOT_SEEDED_DEPRECATED
METPO:0000179	no	DEPRECATED	ADDED	entity		obsolete pH Optimum mid2	NOT_SEEDED_DEPRECATED
METPO:000018	no	DEPRECATED	ADDED	entity		obsolete pH delta	NOT_SEEDED_DEPRECATED
METPO:0000180	no	DEPRECATED	ADDED	entity		obsolete pH Optimum high	NOT_SEEDED_DEPRECATED
METPO:0000181	no	DEPRECATED	ADDED	entity		obsolete pH Range very low	NOT_SEEDED_DEPRECATED
METPO:0000182	no	DEPRECATED	ADDED	entity		obsolete pH Range low	NOT_SEEDED_DEPRECATED
METPO:0000183	no	DEPRECATED	ADDED	entity		obsolete pH Range mid1	NOT_SEEDED_DEPRECATED
METPO:0000184	no	DEPRECATED	ADDED	entity		obsolete pH Range mid2	NOT_SEEDED_DEPRECATED
METPO:0000185	no	DEPRECATED	ADDED	entity		obsolete pH Range mid3	NOT_SEEDED_DEPRECATED
METPO:0000186	no	DEPRECATED	ADDED	entity		obsolete pH Range high	NOT_SEEDED_DEPRECATED
METPO:0000187	no	DEPRECATED	ADDED	entity		obsolete NaCl Optimum low	NOT_SEEDED_DEPRECATED
METPO:0000188	no	DEPRECATED	ADDED	entity		obsolete NaCl Optimum mid1	NOT_SEEDED_DEPRECATED
METPO:0000189	no	DEPRECATED	ADDED	entity		obsolete NaCl Optimum mid2	NOT_SEEDED_DEPRECATED
METPO:000019	no	DEPRECATED	ADDED	entity		obsolete NaCl delta	NOT_SEEDED_DEPRECATED
METPO:0000190	no	DEPRECATED	ADDED	entity		obsolete NaCl Optimum high	NOT_SEEDED_DEPRECATED
METPO:0000191	no	DEPRECATED	ADDED	entity		obsolete NaCl Range low	NOT_SEEDED_DEPRECATED
METPO:0000192	no	DEPRECATED	ADDED	entity		obsolete NaCl Range mid1	NOT_SEEDED_DEPRECATED
METPO:0000193	no	DEPRECATED	ADDED	entity		obsolete NaCl Range mid2	NOT_SEEDED_DEPRECATED
METPO:0000194	no	DEPRECATED	ADDED	entity		obsolete NaCl Range high	NOT_SEEDED_DEPRECATED
METPO:0000195	no	DEPRECATED	ADDED	entity		obsolete pH Delta very low	NOT_SEEDED_DEPRECATED
METPO:0000196	no	DEPRECATED	ADDED	entity		obsolete pH Delta low	NOT_SEEDED_DEPRECATED
METPO:0000197	no	DEPRECATED	ADDED	entity		obsolete pH Delta mid1	NOT_SEEDED_DEPRECATED
METPO:0000198	no	DEPRECATED	ADDED	entity		obsolete pH Delta mid2	NOT_SEEDED_DEPRECATED
METPO:0000199	no	DEPRECATED	ADDED	entity		obsolete pH Delta mid3	NOT_SEEDED_DEPRECATED
METPO:000020	no	DEPRECATED	ADDED	entity		obsolete Temperature Delta	NOT_SEEDED_DEPRECATED
METPO:0000200	no	DEPRECATED	ADDED	entity		obsolete pH Delta high	NOT_SEEDED_DEPRECATED
METPO:0000201	no	DEPRECATED	ADDED	entity		obsolete NaCl Delta low	NOT_SEEDED_DEPRECATED
METPO:0000202	no	DEPRECATED	ADDED	entity		obsolete NaCl Delta mid2	NOT_SEEDED_DEPRECATED
METPO:0000203	no	DEPRECATED	ADDED	entity		obsolete NaCl Delta mid2	NOT_SEEDED_DEPRECATED
METPO:0000204	no	DEPRECATED	ADDED	entity		obsolete NaCl Delta high	NOT_SEEDED_DEPRECATED
METPO:0000205	no	DEPRECATED	ADDED	entity		obsolete Temperature Delta very low	NOT_SEEDED_DEPRECATED
METPO:0000206	no	DEPRECATED	ADDED	entity		obsolete Temperature Delta low	NOT_SEEDED_DEPRECATED
METPO:0000207	no	DEPRECATED	ADDED	entity		obsolete Temperature Delta mid1	NOT_SEEDED_DEPRECATED
METPO:0000208	no	DEPRECATED	ADDED	entity		obsolete Temperature Delta mid2	NOT_SEEDED_DEPRECATED
METPO:0000209	no	DEPRECATED	ADDED	entity		obsolete Temperature Delta high	NOT_SEEDED_DEPRECATED
METPO:000021	no	DEPRECATED	ADDED	entity		obsolete Morphology	NOT_SEEDED_DEPRECATED
METPO:0000210	no	DEPRECATED	ADDED	entity		obsolete Bacillus	NOT_SEEDED_DEPRECATED
METPO:0000211	no	DEPRECATED	ADDED	entity		obsolete Branced	NOT_SEEDED_DEPRECATED
METPO:0000212	no	DEPRECATED	ADDED	entity		obsolete Coccobacillus	NOT_SEEDED_DEPRECATED
METPO:0000213	no	DEPRECATED	ADDED	entity		obsolete Coccus	NOT_SEEDED_DEPRECATED
METPO:0000214	no	DEPRECATED	ADDED	entity		obsolete Crescent	NOT_SEEDED_DEPRECATED
METPO:0000215	no	DEPRECATED	ADDED	entity		obsolete Curved	NOT_SEEDED_DEPRECATED
METPO:0000216	no	DEPRECATED	ADDED	entity		obsolete Curved Spiral	NOT_SEEDED_DEPRECATED
METPO:0000217	no	DEPRECATED	ADDED	entity		obsolete Diplococcus	NOT_SEEDED_DEPRECATED
METPO:0000218	no	DEPRECATED	ADDED	entity		obsolete Disc	NOT_SEEDED_DEPRECATED
METPO:0000219	no	DEPRECATED	ADDED	entity		obsolete Dumbbell	NOT_SEEDED_DEPRECATED
METPO:000022	no	DEPRECATED	ADDED	entity		obsolete Other	NOT_SEEDED_DEPRECATED
METPO:0000220	no	DEPRECATED	ADDED	entity		obsolete Ellipsoidal	NOT_SEEDED_DEPRECATED
METPO:0000221	no	DEPRECATED	ADDED	entity		obsolete Filament	NOT_SEEDED_DEPRECATED
METPO:0000222	no	DEPRECATED	ADDED	entity		obsolete Flask	NOT_SEEDED_DEPRECATED
METPO:0000223	no	DEPRECATED	ADDED	entity		obsolete Fusiform	NOT_SEEDED_DEPRECATED
METPO:0000224	no	DEPRECATED	ADDED	entity		obsolete Helical	NOT_SEEDED_DEPRECATED
METPO:0000225	no	DEPRECATED	ADDED	entity		obsolete Irregular	NOT_SEEDED_DEPRECATED
METPO:0000226	no	DEPRECATED	ADDED	entity		obsolete Oval	NOT_SEEDED_DEPRECATED
METPO:0000227	no	DEPRECATED	ADDED	entity		obsolete Ovoid	NOT_SEEDED_DEPRECATED
METPO:0000228	no	DEPRECATED	ADDED	entity		obsolete Pleomorphic	NOT_SEEDED_DEPRECATED
METPO:0000229	no	DEPRECATED	ADDED	entity		obsolete Ring	NOT_SEEDED_DEPRECATED
METPO:000023	no	DEPRECATED	ADDED	entity		obsolete Psychrophile	NOT_SEEDED_DEPRECATED
METPO:0000230	no	DEPRECATED	ADDED	entity		obsolete Rod	NOT_SEEDED_DEPRECATED
METPO:0000231	no	DEPRECATED	ADDED	entity		obsolete Sphere	NOT_SEEDED_DEPRECATED
METPO:0000232	no	DEPRECATED	ADDED	entity		obsolete Spindle	NOT_SEEDED_DEPRECATED
METPO:0000233	no	DEPRECATED	ADDED	entity		obsolete Spiral	NOT_SEEDED_DEPRECATED
METPO:0000234	no	DEPRECATED	ADDED	entity		obsolete Spirochete	NOT_SEEDED_DEPRECATED
METPO:0000235	no	DEPRECATED	ADDED	entity		obsolete Spore	NOT_SEEDED_DEPRECATED
METPO:0000236	no	DEPRECATED	ADDED	entity		obsolete Square	NOT_SEEDED_DEPRECATED
METPO:0000237	no	DEPRECATED	ADDED	entity		obsolete Star	NOT_SEEDED_DEPRECATED
METPO:0000238	no	DEPRECATED	ADDED	entity		obsolete Star - Dumbbell - Pleomorphic	NOT_SEEDED_DEPRECATED
METPO:0000239	no	DEPRECATED	ADDED	entity		obsolete Tailed	NOT_SEEDED_DEPRECATED
METPO:000024	no	DEPRECATED	ADDED	entity		obsolete Psychrotolerant	NOT_SEEDED_DEPRECATED
METPO:0000240	no	DEPRECATED	ADDED	entity		obsolete Triangular	NOT_SEEDED_DEPRECATED
METPO:0000241	no	DEPRECATED	ADDED	entity		obsolete Vibrio	NOT_SEEDED_DEPRECATED
METPO:0000242	no	DEPRECATED	ADDED	entity		obsolete Environmental Parameter	NOT_SEEDED_DEPRECATED
METPO:0000243	no	DEPRECATED	ADDED	entity		obsolete Growth Condition	NOT_SEEDED_DEPRECATED
METPO:0000244	no	DEPRECATED	ADDED	entity		obsolete Physiological Trait	NOT_SEEDED_DEPRECATED
METPO:0000245	no	DEPRECATED	ADDED	entity		obsolete Metabolic Classification	NOT_SEEDED_DEPRECATED
METPO:0000246	no	DEPRECATED	ADDED	entity		obsolete Cellular Characteristic	NOT_SEEDED_DEPRECATED
METPO:0000247	no	DEPRECATED	ADDED	entity		obsolete Taxonomic Feature	NOT_SEEDED_DEPRECATED
METPO:0000248	no	DEPRECATED	ADDED	entity		obsolete Microbial Adaptation	NOT_SEEDED_DEPRECATED
METPO:0000249	no	DEPRECATED	ADDED	entity		obsolete Growth Parameter	NOT_SEEDED_DEPRECATED
METPO:000025	no	DEPRECATED	ADDED	entity		obsolete Mesophilie	NOT_SEEDED_DEPRECATED
METPO:0000250	no	DEPRECATED	ADDED	entity		obsolete Structural Feature	NOT_SEEDED_DEPRECATED
METPO:0000251	no	DEPRECATED	ADDED	entity		obsolete Temperature Adaptation	NOT_SEEDED_DEPRECATED
METPO:0000252	no	DEPRECATED	ADDED	entity		obsolete Salinity Adaptation	NOT_SEEDED_DEPRECATED
METPO:0000253	no	DEPRECATED	ADDED	entity		obsolete pH Adaptation	NOT_SEEDED_DEPRECATED
METPO:0000254	no	DEPRECATED	ADDED	entity		obsolete Oxygen Requirement	NOT_SEEDED_DEPRECATED
METPO:0000255	no	DEPRECATED	ADDED	entity		obsolete Carbon Source Utilization	NOT_SEEDED_DEPRECATED
METPO:0000256	no	DEPRECATED	ADDED	entity		obsolete Energy Acquisition Mode	NOT_SEEDED_DEPRECATED
METPO:0000257	no	DEPRECATED	ADDED	entity		obsolete Electron Donor Type	NOT_SEEDED_DEPRECATED
METPO:0000258	no	DEPRECATED	ADDED	entity		obsolete Motility Mechanism	NOT_SEEDED_DEPRECATED
METPO:0000259	no	DEPRECATED	ADDED	entity		obsolete Motility Structure	NOT_SEEDED_DEPRECATED
METPO:000026	no	DEPRECATED	ADDED	entity		obsolete Thermotolerant	NOT_SEEDED_DEPRECATED
METPO:0000260	no	DEPRECATED	ADDED	entity		obsolete Bacterial Spore Type	NOT_SEEDED_DEPRECATED
METPO:0000261	no	DEPRECATED	ADDED	entity		obsolete Fungal Spore Type	NOT_SEEDED_DEPRECATED
METPO:0000262	no	DEPRECATED	ADDED	entity		obsolete Reproductive Structure	NOT_SEEDED_DEPRECATED
METPO:0000263	no	DEPRECATED	ADDED	entity		obsolete Dormancy Structure	NOT_SEEDED_DEPRECATED
METPO:0000264	no	DEPRECATED	ADDED	entity		obsolete Pressure Adaptation Type	NOT_SEEDED_DEPRECATED
METPO:0000265	no	DEPRECATED	ADDED	entity		obsolete Pressure Tolerance Range	NOT_SEEDED_DEPRECATED
METPO:0000266	no	DEPRECATED	ADDED	entity		obsolete Genomic Feature	NOT_SEEDED_DEPRECATED
METPO:0000267	no	DEPRECATED	ADDED	entity		obsolete Cell Dimension	NOT_SEEDED_DEPRECATED
METPO:0000268	no	DEPRECATED	ADDED	entity		obsolete Optimal Growth Parameter	NOT_SEEDED_DEPRECATED
METPO:0000269	no	DEPRECATED	ADDED	entity		obsolete Growth Range Parameter	NOT_SEEDED_DEPRECATED
METPO:000027	no	DEPRECATED	ADDED	entity		obsolete Thermophile	NOT_SEEDED_DEPRECATED
METPO:0000270	no	DEPRECATED	ADDED	entity		obsolete Growth Tolerance Metric	NOT_SEEDED_DEPRECATED
METPO:0000271	no	DEPRECATED	ADDED	entity		obsolete Cell Shape	NOT_SEEDED_DEPRECATED
METPO:0000272	no	DEPRECATED	ADDED	entity		obsolete Cell Arrangement	NOT_SEEDED_DEPRECATED
METPO:0000273	no	DEPRECATED	ADDED	entity		obsolete Colony Morphology	NOT_SEEDED_DEPRECATED
METPO:0000274	no	DEPRECATED	ADDED	entity		obsolete Physical Property	NOT_SEEDED_DEPRECATED
METPO:0000275	no	DEPRECATED	ADDED	entity		obsolete Environmental Context	NOT_SEEDED_DEPRECATED
METPO:0000276	no	DEPRECATED	ADDED	entity		obsolete Biological Property	NOT_SEEDED_DEPRECATED
METPO:0000277	no	DEPRECATED	ADDED	entity		obsolete Functional Classification	NOT_SEEDED_DEPRECATED
METPO:0000278	no	DEPRECATED	ADDED	entity		obsolete Classification Property	NOT_SEEDED_DEPRECATED
METPO:0000279	no	DEPRECATED	ADDED	entity		obsolete METPO Biological Process	NOT_SEEDED_DEPRECATED
METPO:000028	no	DEPRECATED	ADDED	entity		obsolete Extreme thermophile	NOT_SEEDED_DEPRECATED
METPO:0000280	no	DEPRECATED	ADDED	entity		obsolete Measurable Property	NOT_SEEDED_DEPRECATED
METPO:0000281	no	DEPRECATED	ADDED	entity		obsolete Gram-stain negative	NOT_SEEDED_DEPRECATED
METPO:0000282	no	DEPRECATED	ADDED	entity		obsolete Gram-stain positive	NOT_SEEDED_DEPRECATED
METPO:000029	no	DEPRECATED	ADDED	entity		obsolete Hyperthermophile	NOT_SEEDED_DEPRECATED
METPO:000030	no	DEPRECATED	ADDED	entity		obsolete Extreme hyperthermophile	NOT_SEEDED_DEPRECATED
METPO:000031	no	DEPRECATED	ADDED	entity		obsolete Halophile	NOT_SEEDED_DEPRECATED
METPO:000032	no	DEPRECATED	ADDED	entity		obsolete Non-halophile	NOT_SEEDED_DEPRECATED
METPO:000033	no	DEPRECATED	ADDED	entity		obsolete Slight halophile	NOT_SEEDED_DEPRECATED
METPO:000034	no	DEPRECATED	ADDED	entity		obsolete Moderate halophile	NOT_SEEDED_DEPRECATED
METPO:000035	no	DEPRECATED	ADDED	entity		obsolete Extreme halophile	NOT_SEEDED_DEPRECATED
METPO:000036	no	DEPRECATED	ADDED	entity		obsolete Halotolerant	NOT_SEEDED_DEPRECATED
METPO:000037	no	DEPRECATED	ADDED	entity		obsolete Haloalkaliphile	NOT_SEEDED_DEPRECATED
METPO:000038	no	DEPRECATED	ADDED	entity		obsolete Extreme Acidophile	NOT_SEEDED_DEPRECATED
METPO:000039	no	DEPRECATED	ADDED	entity		obsolete Acidophile	NOT_SEEDED_DEPRECATED
METPO:000040	no	DEPRECATED	ADDED	entity		obsolete Neutrophile	NOT_SEEDED_DEPRECATED
METPO:000041	no	DEPRECATED	ADDED	entity		obsolete Alkaliphile	NOT_SEEDED_DEPRECATED
METPO:000042	no	DEPRECATED	ADDED	entity		obsolete Acid Tolerant	NOT_SEEDED_DEPRECATED
METPO:000043	no	DEPRECATED	ADDED	entity		obsolete Alkali Tolerant	NOT_SEEDED_DEPRECATED
METPO:000044	no	DEPRECATED	ADDED	entity		obsolete Extreme Alkaliphile	NOT_SEEDED_DEPRECATED
METPO:000045	no	DEPRECATED	ADDED	entity		obsolete Facultative acidophile	NOT_SEEDED_DEPRECATED
METPO:000046	no	DEPRECATED	ADDED	entity		obsolete Obligative acidophile	NOT_SEEDED_DEPRECATED
METPO:000047	no	DEPRECATED	ADDED	entity		obsolete Aerobe	NOT_SEEDED_DEPRECATED
METPO:000048	no	DEPRECATED	ADDED	entity		obsolete Anaerobe	NOT_SEEDED_DEPRECATED
METPO:000049	no	DEPRECATED	ADDED	entity		obsolete Facultative anaerobe	NOT_SEEDED_DEPRECATED
METPO:000050	no	DEPRECATED	ADDED	entity		obsolete Facultative aerobe	NOT_SEEDED_DEPRECATED
METPO:000051	no	DEPRECATED	ADDED	entity		obsolete Microaerophile	NOT_SEEDED_DEPRECATED
METPO:000052	no	DEPRECATED	ADDED	entity		obsolete Aerotolerant	NOT_SEEDED_DEPRECATED
METPO:000053	no	DEPRECATED	ADDED	entity		obsolete Microaerotolerant	NOT_SEEDED_DEPRECATED
METPO:000054	no	DEPRECATED	ADDED	entity		obsolete Aerotolerant anaerobe	NOT_SEEDED_DEPRECATED
METPO:000055	no	DEPRECATED	ADDED	entity		obsolete Obligate aerobe	NOT_SEEDED_DEPRECATED
METPO:000056	no	DEPRECATED	ADDED	entity		obsolete Obligate anaerobe	NOT_SEEDED_DEPRECATED
METPO:000057	no	DEPRECATED	ADDED	entity		obsolete Oxygenic phototroph	NOT_SEEDED_DEPRECATED
METPO:000058	no	DEPRECATED	ADDED	entity		obsolete Anoxygenic phototroph	NOT_SEEDED_DEPRECATED
METPO:000059	no	DEPRECATED	ADDED	entity		obsolete Autotroph	NOT_SEEDED_DEPRECATED
METPO:000060	no	DEPRECATED	ADDED	entity		obsolete Photoautotroph	NOT_SEEDED_DEPRECATED
METPO:000061	no	DEPRECATED	ADDED	entity		obsolete Chemoautotroph	NOT_SEEDED_DEPRECATED
METPO:000062	no	DEPRECATED	ADDED	entity		obsolete Heterotroph	NOT_SEEDED_DEPRECATED
METPO:000063	no	DEPRECATED	ADDED	entity		obsolete Photoheterotroph	NOT_SEEDED_DEPRECATED
METPO:000064	no	DEPRECATED	ADDED	entity		obsolete Chemoheterotroph	NOT_SEEDED_DEPRECATED
METPO:000065	no	DEPRECATED	ADDED	entity		obsolete Lithotroph	NOT_SEEDED_DEPRECATED
METPO:000066	no	DEPRECATED	ADDED	entity		obsolete Organotroph	NOT_SEEDED_DEPRECATED
METPO:000067	no	DEPRECATED	ADDED	entity		obsolete Phototroph	NOT_SEEDED_DEPRECATED
METPO:000068	no	DEPRECATED	ADDED	entity		obsolete Chemotroph	NOT_SEEDED_DEPRECATED
METPO:000069	no	DEPRECATED	ADDED	entity		obsolete Oligotroph	NOT_SEEDED_DEPRECATED
METPO:000070	no	DEPRECATED	ADDED	entity		obsolete Copiotroph	NOT_SEEDED_DEPRECATED
METPO:000071	no	DEPRECATED	ADDED	entity		obsolete Lithoautotroph	NOT_SEEDED_DEPRECATED
METPO:000072	no	DEPRECATED	ADDED	entity		obsolete Mixotroph	NOT_SEEDED_DEPRECATED
METPO:000073	no	DEPRECATED	ADDED	entity		obsolete Lithoheterotroph	NOT_SEEDED_DEPRECATED
METPO:000074	no	DEPRECATED	ADDED	entity		obsolete Chemoorganoheterotroph	NOT_SEEDED_DEPRECATED
METPO:000075	no	DEPRECATED	ADDED	entity		obsolete Chemolithoautotroph	NOT_SEEDED_DEPRECATED
METPO:000076	no	DEPRECATED	ADDED	entity		obsolete Methylotroph	NOT_SEEDED_DEPRECATED
METPO:000077	no	DEPRECATED	ADDED	entity		obsolete Methanotroph	NOT_SEEDED_DEPRECATED
METPO:000078	no	DEPRECATED	ADDED	entity		obsolete Carboxydotroph	NOT_SEEDED_DEPRECATED
METPO:000079	no	DEPRECATED	ADDED	entity		obsolete Hydrogenotroph	NOT_SEEDED_DEPRECATED
METPO:000080	no	DEPRECATED	ADDED	entity		obsolete Hydrogen oxidizer	NOT_SEEDED_DEPRECATED
METPO:000081	no	DEPRECATED	ADDED	entity		obsolete Hydrogen producer	NOT_SEEDED_DEPRECATED
METPO:000082	no	DEPRECATED	ADDED	entity		obsolete Nitrogen fixer	NOT_SEEDED_DEPRECATED
METPO:000083	no	DEPRECATED	ADDED	entity		obsolete Methanogen	NOT_SEEDED_DEPRECATED
METPO:000084	no	DEPRECATED	ADDED	entity		obsolete Sulfate reducer	NOT_SEEDED_DEPRECATED
METPO:000085	no	DEPRECATED	ADDED	entity		obsolete Sulfur oxidizer	NOT_SEEDED_DEPRECATED
METPO:000086	no	DEPRECATED	ADDED	entity		obsolete Denitrifier	NOT_SEEDED_DEPRECATED
METPO:000087	no	DEPRECATED	ADDED	entity		obsolete Capnophile	NOT_SEEDED_DEPRECATED
METPO:000088	no	DEPRECATED	ADDED	entity		obsolete Motile	NOT_SEEDED_DEPRECATED
METPO:000089	no	DEPRECATED	ADDED	entity		obsolete Non-motile	NOT_SEEDED_DEPRECATED
METPO:000090	no	DEPRECATED	ADDED	entity		obsolete Flagellated	NOT_SEEDED_DEPRECATED
METPO:000091	no	DEPRECATED	ADDED	entity		obsolete Peritrichous	NOT_SEEDED_DEPRECATED
METPO:000092	no	DEPRECATED	ADDED	entity		obsolete Lophotrichous	NOT_SEEDED_DEPRECATED
METPO:000093	no	DEPRECATED	ADDED	entity		obsolete Monotrichous	NOT_SEEDED_DEPRECATED
METPO:000094	no	DEPRECATED	ADDED	entity		obsolete Ciliated	NOT_SEEDED_DEPRECATED
METPO:000095	no	DEPRECATED	ADDED	entity		obsolete Gliding	NOT_SEEDED_DEPRECATED
METPO:000096	no	DEPRECATED	ADDED	entity		obsolete Twitching	NOT_SEEDED_DEPRECATED
METPO:000097	no	DEPRECATED	ADDED	entity		obsolete Sliding	NOT_SEEDED_DEPRECATED
METPO:000098	no	DEPRECATED	ADDED	entity		obsolete Swarming	NOT_SEEDED_DEPRECATED
METPO:000099	no	DEPRECATED	ADDED	entity		obsolete Endospores	NOT_SEEDED_DEPRECATED
METPO:000100	no	DEPRECATED	ADDED	entity		obsolete Exospores	NOT_SEEDED_DEPRECATED
METPO:0001000	no	DEPRECATED	ADDED	entity		obsolete sensitivity to oxygen	NOT_SEEDED_DEPRECATED
METPO:0001001	no	DEPRECATED	ADDED	entity		obsolete sensitivity toward	NOT_SEEDED_DEPRECATED
METPO:0001002	no	DEPRECATED	ADDED	entity		obsolete 'organismal quality'	NOT_SEEDED_DEPRECATED
METPO:0001003	no	DEPRECATED	ADDED	entity		obsolete 'physicial object quality'	NOT_SEEDED_DEPRECATED
METPO:0001004	no	DEPRECATED	ADDED	entity		obsolete 'quality'	NOT_SEEDED_DEPRECATED
METPO:0001006	no	DEPRECATED	ADDED	entity		obsolete size	NOT_SEEDED_DEPRECATED
METPO:0001007	no	DEPRECATED	ADDED	entity		obsolete 1-D extent	NOT_SEEDED_DEPRECATED
METPO:0001008	no	DEPRECATED	ADDED	entity		obsolete width	NOT_SEEDED_DEPRECATED
METPO:0001009	no	DEPRECATED	ADDED	entity		obsolete length	NOT_SEEDED_DEPRECATED
METPO:000101	no	DEPRECATED	ADDED	entity		obsolete Myxospores	NOT_SEEDED_DEPRECATED
METPO:0001010	no	DEPRECATED	ADDED	entity		obsolete 'prokaryotic metabolically differentiated cell'	NOT_SEEDED_DEPRECATED
METPO:0001012	no	DEPRECATED	ADDED	entity		obsolete heterotrophy	NOT_SEEDED_DEPRECATED
METPO:0001013	no	DEPRECATED	ADDED	entity		obsolete structure	NOT_SEEDED_DEPRECATED
METPO:0001014	no	DEPRECATED	ADDED	entity		obsolete spore type	NOT_SEEDED_DEPRECATED
METPO:0001016	no	DEPRECATED	ADDED	entity		obsolete sensitivity toward pressure	NOT_SEEDED_DEPRECATED
METPO:0001017	no	DEPRECATED	ADDED	entity		obsolete sensitivity toward NaCl	NOT_SEEDED_DEPRECATED
METPO:0001018	no	DEPRECATED	ADDED	entity		obsolete sensitivity toward pH	NOT_SEEDED_DEPRECATED
METPO:0001019	no	DEPRECATED	ADDED	entity		obsolete sensitivity toward temperature	NOT_SEEDED_DEPRECATED
METPO:000102	no	DEPRECATED	ADDED	entity		obsolete Arthrospores	NOT_SEEDED_DEPRECATED
METPO:0001020	no	DEPRECATED	ADDED	entity		obsolete metabolic constraints	NOT_SEEDED_DEPRECATED
METPO:0001021	no	DEPRECATED	ADDED	entity		obsolete cell by chemical produced	NOT_SEEDED_DEPRECATED
METPO:000103	no	DEPRECATED	ADDED	entity		obsolete Conidia	NOT_SEEDED_DEPRECATED
METPO:000104	no	DEPRECATED	ADDED	entity		obsolete Sporangiospores	NOT_SEEDED_DEPRECATED
METPO:000105	no	DEPRECATED	ADDED	entity		obsolete Zygospores	NOT_SEEDED_DEPRECATED
METPO:000106	no	DEPRECATED	ADDED	entity		obsolete Akinetes	NOT_SEEDED_DEPRECATED
METPO:000107	no	DEPRECATED	ADDED	entity		obsolete Chlamydospores	NOT_SEEDED_DEPRECATED
METPO:000108	no	DEPRECATED	ADDED	entity		obsolete Sporocysts	NOT_SEEDED_DEPRECATED
METPO:000109	no	DEPRECATED	ADDED	entity		obsolete Hypnospores	NOT_SEEDED_DEPRECATED
METPO:000110	no	DEPRECATED	ADDED	entity		obsolete Gemmae	NOT_SEEDED_DEPRECATED
METPO:000111	no	DEPRECATED	ADDED	entity		obsolete Oospores	NOT_SEEDED_DEPRECATED
METPO:000112	no	DEPRECATED	ADDED	entity		obsolete Azygospores	NOT_SEEDED_DEPRECATED
METPO:000113	no	DEPRECATED	ADDED	entity		obsolete Cysts	NOT_SEEDED_DEPRECATED
METPO:000114	no	DEPRECATED	ADDED	entity		obsolete Ascospores	NOT_SEEDED_DEPRECATED
METPO:000115	no	DEPRECATED	ADDED	entity		obsolete Basidiospores	NOT_SEEDED_DEPRECATED
METPO:000116	no	DEPRECATED	ADDED	entity		obsolete Aleuriospores	NOT_SEEDED_DEPRECATED
METPO:000117	no	DEPRECATED	ADDED	entity		obsolete Stylospores	NOT_SEEDED_DEPRECATED
METPO:000118	no	DEPRECATED	ADDED	entity		obsolete Sclerotia	NOT_SEEDED_DEPRECATED
METPO:000119	no	DEPRECATED	ADDED	entity		obsolete Zoospores	NOT_SEEDED_DEPRECATED
METPO:000120	no	DEPRECATED	ADDED	entity		obsolete Teliospores	NOT_SEEDED_DEPRECATED
METPO:000121	no	DEPRECATED	ADDED	entity		obsolete Urediniospores	NOT_SEEDED_DEPRECATED
METPO:000122	no	DEPRECATED	ADDED	entity		obsolete Pycnidiospores	NOT_SEEDED_DEPRECATED
METPO:000123	no	DEPRECATED	ADDED	entity		obsolete Acriospores	NOT_SEEDED_DEPRECATED
METPO:000124	no	DEPRECATED	ADDED	entity		obsolete Aplanospores	NOT_SEEDED_DEPRECATED
METPO:000125	no	DEPRECATED	ADDED	entity		obsolete Statismospores	NOT_SEEDED_DEPRECATED
METPO:000126	no	DEPRECATED	ADDED	entity		obsolete Barotolerant	NOT_SEEDED_DEPRECATED
METPO:000127	no	DEPRECATED	ADDED	entity		obsolete Piezophile	NOT_SEEDED_DEPRECATED
METPO:000128	no	DEPRECATED	ADDED	entity		obsolete Piezotolerant	NOT_SEEDED_DEPRECATED
METPO:000129	no	DEPRECATED	ADDED	entity		obsolete Piezosensitive	NOT_SEEDED_DEPRECATED
METPO:000130	no	DEPRECATED	ADDED	entity		obsolete Obligate barophile	NOT_SEEDED_DEPRECATED
METPO:000131	no	DEPRECATED	ADDED	entity		obsolete Facultative barophile	NOT_SEEDED_DEPRECATED
METPO:000132	no	DEPRECATED	ADDED	entity		obsolete Hyperbarophile	NOT_SEEDED_DEPRECATED
METPO:000133	no	DEPRECATED	ADDED	entity		obsolete Hypobarophile	NOT_SEEDED_DEPRECATED
METPO:000134	no	DEPRECATED	ADDED	entity		obsolete Atmospheric pressure-adapted	NOT_SEEDED_DEPRECATED
METPO:000135	no	DEPRECATED	ADDED	entity		obsolete Moderate piezophile	NOT_SEEDED_DEPRECATED
METPO:000136	no	DEPRECATED	ADDED	entity		obsolete Extreme piezophile	NOT_SEEDED_DEPRECATED
METPO:000137	no	DEPRECATED	ADDED	entity		obsolete Stenopiezic	NOT_SEEDED_DEPRECATED
METPO:000138	no	DEPRECATED	ADDED	entity		obsolete Eurypiezic	NOT_SEEDED_DEPRECATED
METPO:000139	no	DEPRECATED	ADDED	entity		obsolete Pressure-sensitive	NOT_SEEDED_DEPRECATED
METPO:000140	no	DEPRECATED	ADDED	entity		obsolete Pressure-resistant	NOT_SEEDED_DEPRECATED
METPO:000141	no	DEPRECATED	ADDED	entity		obsolete Pressure-adapted	NOT_SEEDED_DEPRECATED
METPO:000142	no	DEPRECATED	ADDED	entity		obsolete Piezo-acidophile	NOT_SEEDED_DEPRECATED
METPO:000143	no	DEPRECATED	ADDED	entity		obsolete Piezo-alkaliphile	NOT_SEEDED_DEPRECATED
METPO:000144	no	DEPRECATED	ADDED	entity		obsolete Piezo-halophile	NOT_SEEDED_DEPRECATED
METPO:000145	no	DEPRECATED	ADDED	entity		obsolete Piezo-psychrophile	NOT_SEEDED_DEPRECATED
METPO:000146	no	DEPRECATED	ADDED	entity		obsolete Piezo-thermophile	NOT_SEEDED_DEPRECATED
METPO:000147	no	DEPRECATED	ADDED	entity		obsolete Piezo-lithoautotrophe	NOT_SEEDED_DEPRECATED
METPO:000148	no	DEPRECATED	ADDED	entity		obsolete Piezo-chemoheterotroph	NOT_SEEDED_DEPRECATED
METPO:000149	no	DEPRECATED	ADDED	entity		obsolete Piezo-oligotroph	NOT_SEEDED_DEPRECATED
METPO:000150	no	DEPRECATED	ADDED	entity		obsolete Piezo-endolithic	NOT_SEEDED_DEPRECATED
METPO:000151	no	DEPRECATED	ADDED	entity		obsolete Piezo-tolerant	NOT_SEEDED_DEPRECATED
METPO:000152	no	DEPRECATED	ADDED	entity		obsolete GC% low ( < 42.65)	NOT_SEEDED_DEPRECATED
METPO:000153	no	DEPRECATED	ADDED	entity		obsolete GC% mid1 (42.65 - 57)	NOT_SEEDED_DEPRECATED
METPO:000154	no	DEPRECATED	ADDED	entity		obsolete GC% mid2 (57 - 66.3)	NOT_SEEDED_DEPRECATED
METPO:000155	no	DEPRECATED	ADDED	entity		obsolete GC% high ( > 66.3)	NOT_SEEDED_DEPRECATED
METPO:000156	no	DEPRECATED	ADDED	entity		obsolete Cell width uM very low (< 0.5)	NOT_SEEDED_DEPRECATED
METPO:000157	no	DEPRECATED	ADDED	entity		obsolete Cell width uM low (0.5 - 0.65)	NOT_SEEDED_DEPRECATED
METPO:000158	no	DEPRECATED	ADDED	entity		obsolete Cell width uM mid (0.65 - 0.9)	NOT_SEEDED_DEPRECATED
METPO:000159	no	DEPRECATED	ADDED	entity		obsolete Cell width uM high (> 0.9)	NOT_SEEDED_DEPRECATED
METPO:000160	no	DEPRECATED	ADDED	entity		obsolete Cell length uM very low (<= 1.3)	NOT_SEEDED_DEPRECATED
METPO:000161	no	DEPRECATED	ADDED	entity		obsolete Cell length uM low (1.3 - 2)	NOT_SEEDED_DEPRECATED
METPO:000162	no	DEPRECATED	ADDED	entity		obsolete Cell length uM mid (2 - 3)	NOT_SEEDED_DEPRECATED
METPO:000163	no	DEPRECATED	ADDED	entity		obsolete Cell length uM high (> 3)	NOT_SEEDED_DEPRECATED
METPO:000164	no	DEPRECATED	ADDED	entity		obsolete Temperature Optimum C very low (<= 10)	NOT_SEEDED_DEPRECATED
METPO:000165	no	DEPRECATED	ADDED	entity		obsolete Temperature Optimum C low (10 - 22)	NOT_SEEDED_DEPRECATED
METPO:000166	no	DEPRECATED	ADDED	entity		obsolete Temperature Optimum C mid1 (22 - 27)	NOT_SEEDED_DEPRECATED
METPO:000167	no	DEPRECATED	ADDED	entity		obsolete Temperature Optimum C mid2 (27 - 30)	NOT_SEEDED_DEPRECATED
METPO:000168	no	DEPRECATED	ADDED	entity		obsolete Temperature Optimum C mid3 (30 - 34)	NOT_SEEDED_DEPRECATED
METPO:000169	no	DEPRECATED	ADDED	entity		obsolete Temperature Optimum C mid4 (34 - 40)	NOT_SEEDED_DEPRECATED
METPO:000170	no	DEPRECATED	ADDED	entity		obsolete Temperature Optimum C high (> 40)	NOT_SEEDED_DEPRECATED
METPO:000171	no	DEPRECATED	ADDED	entity		obsolete Temperature Range C very low (<= 10)	NOT_SEEDED_DEPRECATED
METPO:000172	no	DEPRECATED	ADDED	entity		obsolete Temperature Range C low (10 - 22)	NOT_SEEDED_DEPRECATED
METPO:000173	no	DEPRECATED	ADDED	entity		obsolete Temperature Range C mid1 (22 - 27)	NOT_SEEDED_DEPRECATED
METPO:000174	no	DEPRECATED	ADDED	entity		obsolete Temperature Range C mid2 (27 - 30)	NOT_SEEDED_DEPRECATED
METPO:000175	no	DEPRECATED	ADDED	entity		obsolete Temperature Range C mid3 (30 - 34)	NOT_SEEDED_DEPRECATED
METPO:000176	no	DEPRECATED	ADDED	entity		obsolete Temperature Range C mid4 (34 - 40)	NOT_SEEDED_DEPRECATED
METPO:000177	no	DEPRECATED	ADDED	entity		obsolete Temperature Range C high (> 40)	NOT_SEEDED_DEPRECATED
METPO:000178	no	DEPRECATED	ADDED	entity		obsolete pH Optimum low (0 - 6)	NOT_SEEDED_DEPRECATED
METPO:000179	no	DEPRECATED	ADDED	entity		obsolete pH Optimum mid1 (6 - 7)	NOT_SEEDED_DEPRECATED
METPO:000180	no	DEPRECATED	ADDED	entity		obsolete pH Optimum mid2 (7 - 8)	NOT_SEEDED_DEPRECATED
METPO:000181	no	DEPRECATED	ADDED	entity		obsolete pH Optimum high (8 - 14)	NOT_SEEDED_DEPRECATED
METPO:000182	no	DEPRECATED	ADDED	entity		obsolete pH Range very low (0 - 4)	NOT_SEEDED_DEPRECATED
METPO:000183	no	DEPRECATED	ADDED	entity		obsolete pH Range low (4 - 6)	NOT_SEEDED_DEPRECATED
METPO:000184	no	DEPRECATED	ADDED	entity		obsolete pH Range mid1 (6 - 7)	NOT_SEEDED_DEPRECATED
METPO:000185	no	DEPRECATED	ADDED	entity		obsolete pH Range mid2 (7 - 8)	NOT_SEEDED_DEPRECATED
METPO:000186	no	DEPRECATED	ADDED	entity		obsolete pH Range mid3 (8 - 10)	NOT_SEEDED_DEPRECATED
METPO:000187	no	DEPRECATED	ADDED	entity		obsolete pH Range high (10 - 14)	NOT_SEEDED_DEPRECATED
METPO:000188	no	DEPRECATED	ADDED	entity		obsolete % NaCl Optimum low (<= 1)	NOT_SEEDED_DEPRECATED
METPO:000189	no	DEPRECATED	ADDED	entity		obsolete % NaCl Optimum mid1 (1 - 3)	NOT_SEEDED_DEPRECATED
METPO:000190	no	DEPRECATED	ADDED	entity		obsolete % NaCl Optimum mid2 (3 - 8)	NOT_SEEDED_DEPRECATED
METPO:000191	no	DEPRECATED	ADDED	entity		obsolete % NaCl Optimum high (> 8)	NOT_SEEDED_DEPRECATED
METPO:000192	no	DEPRECATED	ADDED	entity		obsolete % NaCl Range low (<= 1)	NOT_SEEDED_DEPRECATED
METPO:000193	no	DEPRECATED	ADDED	entity		obsolete % NaCl Range mid1 (1 - 3)	NOT_SEEDED_DEPRECATED
METPO:000194	no	DEPRECATED	ADDED	entity		obsolete % NaCl Range mid2 (3 - 8)	NOT_SEEDED_DEPRECATED
METPO:000195	no	DEPRECATED	ADDED	entity		obsolete % NaCl Range high (> 8)	NOT_SEEDED_DEPRECATED
METPO:000196	no	DEPRECATED	ADDED	entity		obsolete pH delta very low (<= 1)	NOT_SEEDED_DEPRECATED
METPO:000197	no	DEPRECATED	ADDED	entity		obsolete pH delta low (1 - 2)	NOT_SEEDED_DEPRECATED
METPO:000198	no	DEPRECATED	ADDED	entity		obsolete pH delta mid1 (2 - 3)	NOT_SEEDED_DEPRECATED
METPO:000199	no	DEPRECATED	ADDED	entity		obsolete pH delta mid2 (3 - 4)	NOT_SEEDED_DEPRECATED
METPO:000200	no	DEPRECATED	ADDED	entity		obsolete pH delta mid3 (4 - 5)	NOT_SEEDED_DEPRECATED
METPO:000201	no	DEPRECATED	ADDED	entity		obsolete pH delta high (5 - 9)	NOT_SEEDED_DEPRECATED
METPO:000202	no	DEPRECATED	ADDED	entity		obsolete % NaCl delta low (<= 1)	NOT_SEEDED_DEPRECATED
METPO:000203	no	DEPRECATED	ADDED	entity		obsolete % NaCl delta mid2 (1 - 3)	NOT_SEEDED_DEPRECATED
METPO:000204	no	DEPRECATED	ADDED	entity		obsolete % NaCl delta mid2 (3 - 8)	NOT_SEEDED_DEPRECATED
METPO:000205	no	DEPRECATED	ADDED	entity		obsolete % NaCl delta high (>= 8)	NOT_SEEDED_DEPRECATED
METPO:000206	no	DEPRECATED	ADDED	entity		obsolete Temperature C delta very low (1 - 5)	NOT_SEEDED_DEPRECATED
METPO:000207	no	DEPRECATED	ADDED	entity		obsolete Temperature C delta low (5 - 10)	NOT_SEEDED_DEPRECATED
METPO:000208	no	DEPRECATED	ADDED	entity		obsolete Temperature C delta mid1 (10 - 20)	NOT_SEEDED_DEPRECATED
METPO:000209	no	DEPRECATED	ADDED	entity		obsolete Temperature C delta mid2 (20 - 30)	NOT_SEEDED_DEPRECATED
METPO:000210	no	DEPRECATED	ADDED	entity		obsolete Temperature C delta high (>= 30)	NOT_SEEDED_DEPRECATED
METPO:000211	no	DEPRECATED	ADDED	entity		obsolete bacillus	NOT_SEEDED_DEPRECATED
METPO:000212	no	DEPRECATED	ADDED	entity		obsolete branced	NOT_SEEDED_DEPRECATED
METPO:000213	no	DEPRECATED	ADDED	entity		obsolete coccobacillus	NOT_SEEDED_DEPRECATED
METPO:000214	no	DEPRECATED	ADDED	entity		obsolete coccus	NOT_SEEDED_DEPRECATED
METPO:000215	no	DEPRECATED	ADDED	entity		obsolete crescent	NOT_SEEDED_DEPRECATED
METPO:000216	no	DEPRECATED	ADDED	entity		obsolete curved	NOT_SEEDED_DEPRECATED
METPO:000217	no	DEPRECATED	ADDED	entity		obsolete curved spiral	NOT_SEEDED_DEPRECATED
METPO:000218	no	DEPRECATED	ADDED	entity		obsolete diplococcus	NOT_SEEDED_DEPRECATED
METPO:000219	no	DEPRECATED	ADDED	entity		obsolete disc	NOT_SEEDED_DEPRECATED
METPO:000220	no	DEPRECATED	ADDED	entity		obsolete dumbbell	NOT_SEEDED_DEPRECATED
METPO:000221	no	DEPRECATED	ADDED	entity		obsolete ellipsoidal	NOT_SEEDED_DEPRECATED
METPO:000222	no	DEPRECATED	ADDED	entity		obsolete filament	NOT_SEEDED_DEPRECATED
METPO:000223	no	DEPRECATED	ADDED	entity		obsolete flask	NOT_SEEDED_DEPRECATED
METPO:000224	no	DEPRECATED	ADDED	entity		obsolete fusiform	NOT_SEEDED_DEPRECATED
METPO:000225	no	DEPRECATED	ADDED	entity		obsolete helical	NOT_SEEDED_DEPRECATED
METPO:000226	no	DEPRECATED	ADDED	entity		obsolete irregular	NOT_SEEDED_DEPRECATED
METPO:000227	no	DEPRECATED	ADDED	entity		obsolete oval	NOT_SEEDED_DEPRECATED
METPO:000228	no	DEPRECATED	ADDED	entity		obsolete ovoid	NOT_SEEDED_DEPRECATED
METPO:000229	no	DEPRECATED	ADDED	entity		obsolete pleomorphic	NOT_SEEDED_DEPRECATED
METPO:000230	no	DEPRECATED	ADDED	entity		obsolete ring	NOT_SEEDED_DEPRECATED
METPO:000231	no	DEPRECATED	ADDED	entity		obsolete rod	NOT_SEEDED_DEPRECATED
METPO:000232	no	DEPRECATED	ADDED	entity		obsolete sphere	NOT_SEEDED_DEPRECATED
METPO:000233	no	DEPRECATED	ADDED	entity		obsolete spindle	NOT_SEEDED_DEPRECATED
METPO:000234	no	DEPRECATED	ADDED	entity		obsolete spiral	NOT_SEEDED_DEPRECATED
METPO:000235	no	DEPRECATED	ADDED	entity		obsolete spirochete	NOT_SEEDED_DEPRECATED
METPO:000236	no	DEPRECATED	ADDED	entity		obsolete spore	NOT_SEEDED_DEPRECATED
METPO:000237	no	DEPRECATED	ADDED	entity		obsolete square	NOT_SEEDED_DEPRECATED
METPO:000238	no	DEPRECATED	ADDED	entity		obsolete star	NOT_SEEDED_DEPRECATED
METPO:000239	no	DEPRECATED	ADDED	entity		obsolete star - dumbbell - pleomorphic	NOT_SEEDED_DEPRECATED
METPO:000240	no	DEPRECATED	ADDED	entity		obsolete tailed	NOT_SEEDED_DEPRECATED
METPO:000241	no	DEPRECATED	ADDED	entity		obsolete triangular	NOT_SEEDED_DEPRECATED
METPO:000242	no	DEPRECATED	ADDED	entity		obsolete vibrio	NOT_SEEDED_DEPRECATED
METPO:000243	no	DEPRECATED	ADDED	entity		obsolete Environmental Parameter	NOT_SEEDED_DEPRECATED
METPO:000244	no	DEPRECATED	ADDED	entity		obsolete Growth Condition	NOT_SEEDED_DEPRECATED
METPO:000245	no	DEPRECATED	ADDED	entity		obsolete Physiological Trait	NOT_SEEDED_DEPRECATED
METPO:000246	no	DEPRECATED	ADDED	entity		obsolete Metabolic Classification	NOT_SEEDED_DEPRECATED
METPO:000247	no	DEPRECATED	ADDED	entity		obsolete Cellular Characteristic	NOT_SEEDED_DEPRECATED
METPO:000248	no	DEPRECATED	ADDED	entity		obsolete Taxonomic Feature	NOT_SEEDED_DEPRECATED
METPO:000249	no	DEPRECATED	ADDED	entity		obsolete Microbial Adaptation	NOT_SEEDED_DEPRECATED
METPO:000250	no	DEPRECATED	ADDED	entity		obsolete Growth Parameter	NOT_SEEDED_DEPRECATED
METPO:000251	no	DEPRECATED	ADDED	entity		obsolete Structural Feature	NOT_SEEDED_DEPRECATED
METPO:000252	no	DEPRECATED	ADDED	entity		obsolete Temperature Adaptation	NOT_SEEDED_DEPRECATED
METPO:000253	no	DEPRECATED	ADDED	entity		obsolete Salinity Adaptation	NOT_SEEDED_DEPRECATED
METPO:000254	no	DEPRECATED	ADDED	entity		obsolete pH Adaptation	NOT_SEEDED_DEPRECATED
METPO:000255	no	DEPRECATED	ADDED	entity		obsolete Oxygen Requirement	NOT_SEEDED_DEPRECATED
METPO:000256	no	DEPRECATED	ADDED	entity		obsolete Carbon Source Utilization	NOT_SEEDED_DEPRECATED
METPO:000257	no	DEPRECATED	ADDED	entity		obsolete Energy Acquisition Mode	NOT_SEEDED_DEPRECATED
METPO:000258	no	DEPRECATED	ADDED	entity		obsolete Electron Donor Type	NOT_SEEDED_DEPRECATED
METPO:000259	no	DEPRECATED	ADDED	entity		obsolete Motility Mechanism	NOT_SEEDED_DEPRECATED
METPO:000260	no	DEPRECATED	ADDED	entity		obsolete Motility Structure	NOT_SEEDED_DEPRECATED
METPO:000261	no	DEPRECATED	ADDED	entity		obsolete Bacterial Spore Type	NOT_SEEDED_DEPRECATED
METPO:000262	no	DEPRECATED	ADDED	entity		obsolete Fungal Spore Type	NOT_SEEDED_DEPRECATED
METPO:000263	no	DEPRECATED	ADDED	entity		obsolete Reproductive Structure	NOT_SEEDED_DEPRECATED
METPO:000264	no	DEPRECATED	ADDED	entity		obsolete Dormancy Structure	NOT_SEEDED_DEPRECATED
METPO:000265	no	DEPRECATED	ADDED	entity		obsolete Pressure Adaptation Type	NOT_SEEDED_DEPRECATED
METPO:000266	no	DEPRECATED	ADDED	entity		obsolete Pressure Tolerance Range	NOT_SEEDED_DEPRECATED
METPO:000267	no	DEPRECATED	ADDED	entity		obsolete GenomicFeature	NOT_SEEDED_DEPRECATED
METPO:000268	no	DEPRECATED	ADDED	entity		obsolete Cell Dimension	NOT_SEEDED_DEPRECATED
METPO:000269	no	DEPRECATED	ADDED	entity		obsolete Optimal Growth Parameter	NOT_SEEDED_DEPRECATED
METPO:000270	no	DEPRECATED	ADDED	entity		obsolete Growth Range Parameter	NOT_SEEDED_DEPRECATED
METPO:000271	no	DEPRECATED	ADDED	entity		obsolete Growth Tolerance Metric	NOT_SEEDED_DEPRECATED
METPO:000272	no	DEPRECATED	ADDED	entity		obsolete Cell Shape	NOT_SEEDED_DEPRECATED
METPO:000273	no	DEPRECATED	ADDED	entity		obsolete Cell Arrangement	NOT_SEEDED_DEPRECATED
METPO:000274	no	DEPRECATED	ADDED	entity		obsolete Colony Morphology	NOT_SEEDED_DEPRECATED
METPO:1000001	no	DEPRECATED	ADDED	entity		obsolete acid-fast	NOT_SEEDED_DEPRECATED
METPO:1000002	no	DEPRECATED	ADDED	entity		obsolete acidophile	NOT_SEEDED_DEPRECATED
METPO:1000003	no	DEPRECATED	ADDED	entity		obsolete active transport	NOT_SEEDED_DEPRECATED
METPO:1000004	no	DEPRECATED	ADDED	entity		obsolete adaptation	NOT_SEEDED_DEPRECATED
METPO:1000005	no	DEPRECATED	ADDED	entity		obsolete adaptive trait	NOT_SEEDED_DEPRECATED
METPO:1000006	no	DEPRECATED	ADDED	entity		obsolete adhesin	NOT_SEEDED_DEPRECATED
METPO:1000007	no	DEPRECATED	ADDED	entity		obsolete adhesion structure	NOT_SEEDED_DEPRECATED
METPO:1000008	no	DEPRECATED	ADDED	entity		obsolete aerobe	NOT_SEEDED_DEPRECATED
METPO:1000009	no	DEPRECATED	ADDED	entity		obsolete aerobic respiration	NOT_SEEDED_DEPRECATED
METPO:1000010	no	DEPRECATED	ADDED	entity		obsolete aerotolerant	NOT_SEEDED_DEPRECATED
METPO:1000011	no	DEPRECATED	ADDED	entity		obsolete aggregate	NOT_SEEDED_DEPRECATED
METPO:1000012	no	DEPRECATED	ADDED	entity		obsolete akinete	NOT_SEEDED_DEPRECATED
METPO:1000013	no	DEPRECATED	ADDED	entity		obsolete alkaliphile	NOT_SEEDED_DEPRECATED
METPO:1000014	no	DEPRECATED	ADDED	entity		obsolete ammonification	NOT_SEEDED_DEPRECATED
METPO:1000015	no	DEPRECATED	ADDED	entity		obsolete amylolysis	NOT_SEEDED_DEPRECATED
METPO:1000016	no	DEPRECATED	ADDED	entity		obsolete anaerobe	NOT_SEEDED_DEPRECATED
METPO:1000017	no	DEPRECATED	ADDED	entity		obsolete anaerobic respiration	NOT_SEEDED_DEPRECATED
METPO:1000018	no	DEPRECATED	ADDED	entity		obsolete anoxygenic photosynthesis	NOT_SEEDED_DEPRECATED
METPO:1000019	no	DEPRECATED	ADDED	entity		obsolete antibiotic production	NOT_SEEDED_DEPRECATED
METPO:1000020	no	DEPRECATED	ADDED	entity		obsolete antibiotic resistance	NOT_SEEDED_DEPRECATED
METPO:1000021	no	DEPRECATED	ADDED	entity		obsolete antimicrobial resistance	NOT_SEEDED_DEPRECATED
METPO:1000022	no	DEPRECATED	ADDED	entity		obsolete appendage	NOT_SEEDED_DEPRECATED
METPO:1000023	no	DEPRECATED	ADDED	entity		obsolete arthrospore	NOT_SEEDED_DEPRECATED
METPO:1000024	no	DEPRECATED	ADDED	entity		obsolete ascospore	NOT_SEEDED_DEPRECATED
METPO:1000025	no	DEPRECATED	ADDED	entity		obsolete autotroph	NOT_SEEDED_DEPRECATED
METPO:1000026	no	DEPRECATED	ADDED	entity		obsolete autotrophic process	NOT_SEEDED_DEPRECATED
METPO:1000027	no	DEPRECATED	ADDED	entity		obsolete auxotroph	NOT_SEEDED_DEPRECATED
METPO:1000028	no	DEPRECATED	ADDED	entity		obsolete axial filament	NOT_SEEDED_DEPRECATED
METPO:1000029	no	DEPRECATED	ADDED	entity		obsolete bacillus	NOT_SEEDED_DEPRECATED
METPO:1000030	no	DEPRECATED	ADDED	entity		obsolete barophile	NOT_SEEDED_DEPRECATED
METPO:1000031	no	DEPRECATED	ADDED	entity		obsolete barotolerant	NOT_SEEDED_DEPRECATED
METPO:1000032	no	DEPRECATED	ADDED	entity		obsolete basidiospore	NOT_SEEDED_DEPRECATED
METPO:1000033	no	DEPRECATED	ADDED	entity		obsolete binary fission	NOT_SEEDED_DEPRECATED
METPO:1000034	no	DEPRECATED	ADDED	entity		obsolete biofilm	NOT_SEEDED_DEPRECATED
METPO:1000035	no	DEPRECATED	ADDED	entity		obsolete biofilm component	NOT_SEEDED_DEPRECATED
METPO:1000036	no	DEPRECATED	ADDED	entity		obsolete biofilm formation	NOT_SEEDED_DEPRECATED
METPO:1000037	no	DEPRECATED	ADDED	entity		obsolete biogeochemical cycling	NOT_SEEDED_DEPRECATED
METPO:1000038	no	DEPRECATED	ADDED	entity		obsolete bioluminescence	NOT_SEEDED_DEPRECATED
METPO:1000039	no	DEPRECATED	ADDED	entity		obsolete budding	NOT_SEEDED_DEPRECATED
METPO:1000040	no	DEPRECATED	ADDED	entity		obsolete buoyancy structure	NOT_SEEDED_DEPRECATED
METPO:1000041	no	DEPRECATED	ADDED	entity		obsolete capnophile	NOT_SEEDED_DEPRECATED
METPO:1000042	no	DEPRECATED	ADDED	entity		obsolete capsule	NOT_SEEDED_DEPRECATED
METPO:1000043	no	DEPRECATED	ADDED	entity		obsolete carbon fixation	NOT_SEEDED_DEPRECATED
METPO:1000044	no	DEPRECATED	ADDED	entity		obsolete carbon source	NOT_SEEDED_DEPRECATED
METPO:1000045	no	DEPRECATED	ADDED	entity		obsolete carboxydotroph	NOT_SEEDED_DEPRECATED
METPO:1000046	no	DEPRECATED	ADDED	entity		obsolete cell arrangement	NOT_SEEDED_DEPRECATED
METPO:1000047	no	DEPRECATED	ADDED	entity		obsolete cell envelope	NOT_SEEDED_DEPRECATED
METPO:1000048	no	DEPRECATED	ADDED	entity		obsolete cell length category	NOT_SEEDED_DEPRECATED
METPO:1000049	no	DEPRECATED	ADDED	entity		obsolete cell shape	NOT_SEEDED_DEPRECATED
METPO:1000050	no	DEPRECATED	ADDED	entity		obsolete cell size	NOT_SEEDED_DEPRECATED
METPO:1000051	no	DEPRECATED	ADDED	entity		obsolete cell wall characteristic	NOT_SEEDED_DEPRECATED
METPO:1000052	no	DEPRECATED	ADDED	entity		obsolete cell wall component	NOT_SEEDED_DEPRECATED
METPO:1000053	no	DEPRECATED	ADDED	entity		obsolete cell width category	NOT_SEEDED_DEPRECATED
METPO:1000054	no	DEPRECATED	ADDED	entity		obsolete cellular characteristic	NOT_SEEDED_DEPRECATED
METPO:1000055	no	DEPRECATED	ADDED	entity		obsolete cellular component	NOT_SEEDED_DEPRECATED
METPO:1000056	no	DEPRECATED	ADDED	entity		obsolete cellular process	NOT_SEEDED_DEPRECATED
METPO:1000057	no	DEPRECATED	ADDED	entity		obsolete cellular product	NOT_SEEDED_DEPRECATED
METPO:1000058	no	DEPRECATED	ADDED	entity		obsolete cellulolysis	NOT_SEEDED_DEPRECATED
METPO:1000061	no	DEPRECATED	ADDED	entity		obsolete chemoheterotroph	NOT_SEEDED_DEPRECATED
METPO:1000062	no	DEPRECATED	ADDED	entity		obsolete chemotaxis	NOT_SEEDED_DEPRECATED
METPO:1000063	no	DEPRECATED	ADDED	entity		obsolete chlamydospore	NOT_SEEDED_DEPRECATED
METPO:1000064	no	DEPRECATED	ADDED	entity		obsolete class	NOT_SEEDED_DEPRECATED
METPO:1000065	no	DEPRECATED	ADDED	entity		obsolete clinically relevant feature	NOT_SEEDED_DEPRECATED
METPO:1000066	no	DEPRECATED	ADDED	entity		obsolete coccus	NOT_SEEDED_DEPRECATED
METPO:1000067	no	DEPRECATED	ADDED	entity		obsolete cold shock protein	NOT_SEEDED_DEPRECATED
METPO:1000068	no	DEPRECATED	ADDED	entity		obsolete cold shock response	NOT_SEEDED_DEPRECATED
METPO:1000069	no	DEPRECATED	ADDED	entity		obsolete colonization	NOT_SEEDED_DEPRECATED
METPO:1000070	no	DEPRECATED	ADDED	entity		obsolete colony elevation	NOT_SEEDED_DEPRECATED
METPO:1000071	no	DEPRECATED	ADDED	entity		obsolete colony margin	NOT_SEEDED_DEPRECATED
METPO:1000072	no	DEPRECATED	ADDED	entity		obsolete colony morphology	NOT_SEEDED_DEPRECATED
METPO:1000073	no	DEPRECATED	ADDED	entity		obsolete colony texture	NOT_SEEDED_DEPRECATED
METPO:1000074	no	DEPRECATED	ADDED	entity		obsolete commensalism	NOT_SEEDED_DEPRECATED
METPO:1000075	no	DEPRECATED	ADDED	entity		obsolete community behavior	NOT_SEEDED_DEPRECATED
METPO:1000076	no	DEPRECATED	ADDED	entity		obsolete community structure	NOT_SEEDED_DEPRECATED
METPO:1000077	no	DEPRECATED	ADDED	entity		obsolete compatible solute	NOT_SEEDED_DEPRECATED
METPO:1000078	no	DEPRECATED	ADDED	entity		obsolete competence	NOT_SEEDED_DEPRECATED
METPO:1000079	no	DEPRECATED	ADDED	entity		obsolete component	NOT_SEEDED_DEPRECATED
METPO:1000080	no	DEPRECATED	ADDED	entity		obsolete conidium	NOT_SEEDED_DEPRECATED
METPO:1000081	no	DEPRECATED	ADDED	entity		obsolete conjugation	NOT_SEEDED_DEPRECATED
METPO:1000082	no	DEPRECATED	ADDED	entity		obsolete CRISPR	NOT_SEEDED_DEPRECATED
METPO:1000083	no	DEPRECATED	ADDED	entity		obsolete culturability	NOT_SEEDED_DEPRECATED
METPO:1000084	no	DEPRECATED	ADDED	entity		obsolete cyst	NOT_SEEDED_DEPRECATED
METPO:1000085	no	DEPRECATED	ADDED	entity		obsolete death phase	NOT_SEEDED_DEPRECATED
METPO:1000086	no	DEPRECATED	ADDED	entity		obsolete denitrification	NOT_SEEDED_DEPRECATED
METPO:1000087	no	DEPRECATED	ADDED	entity		obsolete developmental process	NOT_SEEDED_DEPRECATED
METPO:1000088	no	DEPRECATED	ADDED	entity		obsolete diagnostic enzyme	NOT_SEEDED_DEPRECATED
METPO:1000089	no	DEPRECATED	ADDED	entity		obsolete diagnostic feature	NOT_SEEDED_DEPRECATED
METPO:1000090	no	DEPRECATED	ADDED	entity		obsolete diazotroph	NOT_SEEDED_DEPRECATED
METPO:1000091	no	DEPRECATED	ADDED	entity		obsolete differentiation	NOT_SEEDED_DEPRECATED
METPO:1000092	no	DEPRECATED	ADDED	entity		obsolete dimorphism	NOT_SEEDED_DEPRECATED
METPO:1000093	no	DEPRECATED	ADDED	entity		obsolete disc-shaped cell	NOT_SEEDED_DEPRECATED
METPO:1000094	no	DEPRECATED	ADDED	entity		obsolete domain	NOT_SEEDED_DEPRECATED
METPO:1000095	no	DEPRECATED	ADDED	entity		obsolete dormancy	NOT_SEEDED_DEPRECATED
METPO:1000096	no	DEPRECATED	ADDED	entity		obsolete dormancy structure	NOT_SEEDED_DEPRECATED
METPO:1000097	no	DEPRECATED	ADDED	entity		obsolete dumbbell-shaped cell	NOT_SEEDED_DEPRECATED
METPO:1000098	no	DEPRECATED	ADDED	entity		obsolete ecological niche	NOT_SEEDED_DEPRECATED
METPO:1000099	no	DEPRECATED	ADDED	entity		obsolete ecological process	NOT_SEEDED_DEPRECATED
METPO:1000100	no	DEPRECATED	ADDED	entity		obsolete ecological trait	NOT_SEEDED_DEPRECATED
METPO:1000101	no	DEPRECATED	ADDED	entity		obsolete ectosymbiosis	NOT_SEEDED_DEPRECATED
METPO:1000102	no	DEPRECATED	ADDED	entity		obsolete electron acceptor	NOT_SEEDED_DEPRECATED
METPO:1000103	no	DEPRECATED	ADDED	entity		obsolete electron donor	NOT_SEEDED_DEPRECATED
METPO:1000104	no	DEPRECATED	ADDED	entity		obsolete endospore	NOT_SEEDED_DEPRECATED
METPO:1000105	no	DEPRECATED	ADDED	entity		obsolete endosymbiosis	NOT_SEEDED_DEPRECATED
METPO:1000106	no	DEPRECATED	ADDED	entity		obsolete energy metabolism process	NOT_SEEDED_DEPRECATED
METPO:1000107	no	DEPRECATED	ADDED	entity		obsolete enzyme activity	NOT_SEEDED_DEPRECATED
METPO:1000108	no	DEPRECATED	ADDED	entity		obsolete epigenetic modification	NOT_SEEDED_DEPRECATED
METPO:1000109	no	DEPRECATED	ADDED	entity		obsolete evolutionary process	NOT_SEEDED_DEPRECATED
METPO:1000110	no	DEPRECATED	ADDED	entity		obsolete exospore	NOT_SEEDED_DEPRECATED
METPO:1000111	no	DEPRECATED	ADDED	entity		obsolete exponential phase	NOT_SEEDED_DEPRECATED
METPO:1000112	no	DEPRECATED	ADDED	entity		obsolete extracellular	NOT_SEEDED_DEPRECATED
METPO:1000113	no	DEPRECATED	ADDED	entity		obsolete extracellular polysaccharide	NOT_SEEDED_DEPRECATED
METPO:1000114	no	DEPRECATED	ADDED	entity		obsolete extreme halophile	NOT_SEEDED_DEPRECATED
METPO:1000115	no	DEPRECATED	ADDED	entity		obsolete extremophile	NOT_SEEDED_DEPRECATED
METPO:1000116	no	DEPRECATED	ADDED	entity		obsolete facultative	NOT_SEEDED_DEPRECATED
METPO:1000117	no	DEPRECATED	ADDED	entity		obsolete facultative anaerobe	NOT_SEEDED_DEPRECATED
METPO:1000118	no	DEPRECATED	ADDED	entity		obsolete family	NOT_SEEDED_DEPRECATED
METPO:1000119	no	DEPRECATED	ADDED	entity		obsolete fastidious	NOT_SEEDED_DEPRECATED
METPO:1000120	no	DEPRECATED	ADDED	entity		obsolete fermentation	NOT_SEEDED_DEPRECATED
METPO:1000121	no	DEPRECATED	ADDED	entity		obsolete filamentous	NOT_SEEDED_DEPRECATED
METPO:1000122	no	DEPRECATED	ADDED	entity		obsolete fimbriae	NOT_SEEDED_DEPRECATED
METPO:1000123	no	DEPRECATED	ADDED	entity		obsolete flagellum	NOT_SEEDED_DEPRECATED
METPO:1000124	no	DEPRECATED	ADDED	entity		obsolete flask-shaped cell	NOT_SEEDED_DEPRECATED
METPO:1000125	no	DEPRECATED	ADDED	entity		obsolete fungal spore	NOT_SEEDED_DEPRECATED
METPO:1000126	no	DEPRECATED	ADDED	entity		obsolete gas vesicle	NOT_SEEDED_DEPRECATED
METPO:1000128	no	DEPRECATED	ADDED	entity		obsolete high GC content	NOT_SEEDED_DEPRECATED
METPO:1000129	no	DEPRECATED	ADDED	entity		obsolete low GC content	NOT_SEEDED_DEPRECATED
METPO:1000130	no	DEPRECATED	ADDED	entity		obsolete lower-mid GC content	NOT_SEEDED_DEPRECATED
METPO:1000131	no	DEPRECATED	ADDED	entity		obsolete upper-mid GC content	NOT_SEEDED_DEPRECATED
METPO:1000132	no	DEPRECATED	ADDED	entity		obsolete generation time	NOT_SEEDED_DEPRECATED
METPO:1000133	no	DEPRECATED	ADDED	entity		obsolete genetic element	NOT_SEEDED_DEPRECATED
METPO:1000134	no	DEPRECATED	ADDED	entity		obsolete genetic exchange	NOT_SEEDED_DEPRECATED
METPO:1000135	no	DEPRECATED	ADDED	entity		obsolete genetic process	NOT_SEEDED_DEPRECATED
METPO:1000136	no	DEPRECATED	ADDED	entity		obsolete genome size	NOT_SEEDED_DEPRECATED
METPO:1000137	no	DEPRECATED	ADDED	entity		obsolete genomic element	NOT_SEEDED_DEPRECATED
METPO:1000138	no	DEPRECATED	ADDED	entity		obsolete genomic island	NOT_SEEDED_DEPRECATED
METPO:1000139	no	DEPRECATED	ADDED	entity		obsolete genomic trait	NOT_SEEDED_DEPRECATED
METPO:1000140	no	DEPRECATED	ADDED	entity		obsolete genus	NOT_SEEDED_DEPRECATED
METPO:1000141	no	DEPRECATED	ADDED	entity		obsolete gliding motility	NOT_SEEDED_DEPRECATED
METPO:1000142	no	DEPRECATED	ADDED	entity		obsolete global regulator	NOT_SEEDED_DEPRECATED
METPO:1000143	no	DEPRECATED	ADDED	entity		obsolete Gram-negative	NOT_SEEDED_DEPRECATED
METPO:1000144	no	DEPRECATED	ADDED	entity		obsolete Gram-positive	NOT_SEEDED_DEPRECATED
METPO:1000145	no	DEPRECATED	ADDED	entity		obsolete Gram stain	NOT_SEEDED_DEPRECATED
METPO:1000146	no	DEPRECATED	ADDED	entity		obsolete growth characteristic	NOT_SEEDED_DEPRECATED
METPO:1000147	no	DEPRECATED	ADDED	entity		obsolete growth conditions constraints	NOT_SEEDED_DEPRECATED
METPO:1000148	no	DEPRECATED	ADDED	entity		obsolete growth pattern	NOT_SEEDED_DEPRECATED
METPO:1000149	no	DEPRECATED	ADDED	entity		obsolete growth rate	NOT_SEEDED_DEPRECATED
METPO:1000150	no	DEPRECATED	ADDED	entity		obsolete habitat	NOT_SEEDED_DEPRECATED
METPO:1000151	no	DEPRECATED	ADDED	entity		obsolete halophile	NOT_SEEDED_DEPRECATED
METPO:1000152	no	DEPRECATED	ADDED	entity		obsolete halotolerant	NOT_SEEDED_DEPRECATED
METPO:1000153	no	DEPRECATED	ADDED	entity		obsolete heat shock protein	NOT_SEEDED_DEPRECATED
METPO:1000154	no	DEPRECATED	ADDED	entity		obsolete heat shock response	NOT_SEEDED_DEPRECATED
METPO:1000155	no	DEPRECATED	ADDED	entity		obsolete hemolysis	NOT_SEEDED_DEPRECATED
METPO:1000156	no	DEPRECATED	ADDED	entity		obsolete heterocyst	NOT_SEEDED_DEPRECATED
METPO:1000157	no	DEPRECATED	ADDED	entity		obsolete heterotroph	NOT_SEEDED_DEPRECATED
METPO:1000158	no	DEPRECATED	ADDED	entity		obsolete holdfast	NOT_SEEDED_DEPRECATED
METPO:1000159	no	DEPRECATED	ADDED	entity		obsolete horizontal gene transfer	NOT_SEEDED_DEPRECATED
METPO:1000160	no	DEPRECATED	ADDED	entity		obsolete hydrolase	NOT_SEEDED_DEPRECATED
METPO:1000161	no	DEPRECATED	ADDED	entity		obsolete hyperthermophile	NOT_SEEDED_DEPRECATED
METPO:1000162	no	DEPRECATED	ADDED	entity		obsolete inclusion body	NOT_SEEDED_DEPRECATED
METPO:1000163	no	DEPRECATED	ADDED	entity		obsolete infection	NOT_SEEDED_DEPRECATED
METPO:1000164	no	DEPRECATED	ADDED	entity		obsolete interaction	NOT_SEEDED_DEPRECATED
METPO:1000165	no	DEPRECATED	ADDED	entity		obsolete interaction with a phage	NOT_SEEDED_DEPRECATED
METPO:1000166	no	DEPRECATED	ADDED	entity		obsolete interaction with an environment	NOT_SEEDED_DEPRECATED
METPO:1000167	no	DEPRECATED	ADDED	entity		obsolete interaction with host	NOT_SEEDED_DEPRECATED
METPO:1000168	no	DEPRECATED	ADDED	entity		obsolete interaction within a community	NOT_SEEDED_DEPRECATED
METPO:1000169	no	DEPRECATED	ADDED	entity		obsolete intracellular	NOT_SEEDED_DEPRECATED
METPO:1000170	no	DEPRECATED	ADDED	entity		obsolete invasion	NOT_SEEDED_DEPRECATED
METPO:1000171	no	DEPRECATED	ADDED	entity		obsolete laboratory characteristic	NOT_SEEDED_DEPRECATED
METPO:1000172	no	DEPRECATED	ADDED	entity		obsolete lag phase	NOT_SEEDED_DEPRECATED
METPO:1000173	no	DEPRECATED	ADDED	entity		obsolete life cycle	NOT_SEEDED_DEPRECATED
METPO:1000174	no	DEPRECATED	ADDED	entity		obsolete life cycle phase	NOT_SEEDED_DEPRECATED
METPO:1000175	no	DEPRECATED	ADDED	entity		obsolete lipolysis	NOT_SEEDED_DEPRECATED
METPO:1000176	no	DEPRECATED	ADDED	entity		obsolete lipopolysaccharide	NOT_SEEDED_DEPRECATED
METPO:1000177	no	DEPRECATED	ADDED	entity		obsolete localization	NOT_SEEDED_DEPRECATED
METPO:1000178	no	DEPRECATED	ADDED	entity		obsolete lysogeny	NOT_SEEDED_DEPRECATED
METPO:1000179	no	DEPRECATED	ADDED	entity		obsolete macroscopic trait	NOT_SEEDED_DEPRECATED
METPO:1000180	no	DEPRECATED	ADDED	entity		obsolete magnetotaxis	NOT_SEEDED_DEPRECATED
METPO:1000181	no	DEPRECATED	ADDED	entity		obsolete mesophile	NOT_SEEDED_DEPRECATED
METPO:1000182	no	DEPRECATED	ADDED	entity		obsolete metabolic partner	NOT_SEEDED_DEPRECATED
METPO:1000183	no	DEPRECATED	ADDED	entity		obsolete metabolic trait	NOT_SEEDED_DEPRECATED
METPO:1000184	no	DEPRECATED	ADDED	entity		obsolete methanogenesis	NOT_SEEDED_DEPRECATED
METPO:1000185	no	DEPRECATED	ADDED	entity		obsolete methylation	NOT_SEEDED_DEPRECATED
METPO:1000187	no	DEPRECATED	ADDED	entity		obsolete process	NOT_SEEDED_DEPRECATED
METPO:1000189	no	DEPRECATED	ADDED	entity		obsolete system	NOT_SEEDED_DEPRECATED
METPO:1000190	no	DEPRECATED	ADDED	entity		obsolete microaerophile	NOT_SEEDED_DEPRECATED
METPO:1000191	no	DEPRECATED	ADDED	entity		obsolete mobile genetic element	NOT_SEEDED_DEPRECATED
METPO:1000192	no	DEPRECATED	ADDED	entity		obsolete moderate halophile	NOT_SEEDED_DEPRECATED
METPO:1000193	no	DEPRECATED	ADDED	entity		obsolete morphological trait	NOT_SEEDED_DEPRECATED
METPO:1000194	no	DEPRECATED	ADDED	entity		obsolete motility process	NOT_SEEDED_DEPRECATED
METPO:1000195	no	DEPRECATED	ADDED	entity		obsolete motility structure	NOT_SEEDED_DEPRECATED
METPO:1000196	no	DEPRECATED	ADDED	entity		obsolete mutualism	NOT_SEEDED_DEPRECATED
METPO:1000197	no	DEPRECATED	ADDED	entity		obsolete mycolic acid	NOT_SEEDED_DEPRECATED
METPO:1000198	no	DEPRECATED	ADDED	entity		obsolete mycorrhization	NOT_SEEDED_DEPRECATED
METPO:1000199	no	DEPRECATED	ADDED	entity		obsolete neutrophile	NOT_SEEDED_DEPRECATED
METPO:1000200	no	DEPRECATED	ADDED	entity		obsolete nitrification	NOT_SEEDED_DEPRECATED
METPO:1000201	no	DEPRECATED	ADDED	entity		obsolete nitrogen fixation	NOT_SEEDED_DEPRECATED
METPO:1000202	no	DEPRECATED	ADDED	entity		obsolete nodulation	NOT_SEEDED_DEPRECATED
METPO:1000203	no	DEPRECATED	ADDED	entity		obsolete nucleoid	NOT_SEEDED_DEPRECATED
METPO:1000204	no	DEPRECATED	ADDED	entity		obsolete nutrient utilization	NOT_SEEDED_DEPRECATED
METPO:1000205	no	DEPRECATED	ADDED	entity		obsolete obligate	NOT_SEEDED_DEPRECATED
METPO:1000206	no	DEPRECATED	ADDED	entity		obsolete obligate aerobe	NOT_SEEDED_DEPRECATED
METPO:1000207	no	DEPRECATED	ADDED	entity		obsolete obligate anaerobe	NOT_SEEDED_DEPRECATED
METPO:1000208	no	DEPRECATED	ADDED	entity		obsolete oospore	NOT_SEEDED_DEPRECATED
METPO:1000209	no	DEPRECATED	ADDED	entity		obsolete order	NOT_SEEDED_DEPRECATED
METPO:1000210	no	DEPRECATED	ADDED	entity		obsolete microbe characterized by growth conditions	NOT_SEEDED_DEPRECATED
METPO:1000211	no	DEPRECATED	ADDED	entity		obsolete microbe characterized by nutritional requirement	NOT_SEEDED_DEPRECATED
METPO:1000212	no	DEPRECATED	ADDED	entity		obsolete microbe characterized by product produced	NOT_SEEDED_DEPRECATED
METPO:1000213	no	DEPRECATED	ADDED	entity		obsolete microbe characterized by relation to oxygen	NOT_SEEDED_DEPRECATED
METPO:1000214	no	DEPRECATED	ADDED	entity		obsolete microbe characterized by relation to ph	NOT_SEEDED_DEPRECATED
METPO:1000215	no	DEPRECATED	ADDED	entity		obsolete microbe characterized by relation to pressure	NOT_SEEDED_DEPRECATED
METPO:1000216	no	DEPRECATED	ADDED	entity		obsolete microbe characterized by relation to salt concentration	NOT_SEEDED_DEPRECATED
METPO:1000217	no	DEPRECATED	ADDED	entity		obsolete microbe characterized by relation to temperature	NOT_SEEDED_DEPRECATED
METPO:1000218	no	DEPRECATED	ADDED	entity		obsolete microbe characterized by shape	NOT_SEEDED_DEPRECATED
METPO:1000219	no	DEPRECATED	ADDED	entity		obsolete microbe characterized by trophic type	NOT_SEEDED_DEPRECATED
METPO:1000220	no	DEPRECATED	ADDED	entity		obsolete osmophile	NOT_SEEDED_DEPRECATED
METPO:1000221	no	DEPRECATED	ADDED	entity		obsolete osmoregulation	NOT_SEEDED_DEPRECATED
METPO:1000222	no	DEPRECATED	ADDED	entity		obsolete oxidative stress response	NOT_SEEDED_DEPRECATED
METPO:1000223	no	DEPRECATED	ADDED	entity		obsolete oxidoreductase	NOT_SEEDED_DEPRECATED
METPO:1000224	no	DEPRECATED	ADDED	entity		obsolete oxygen requirement	NOT_SEEDED_DEPRECATED
METPO:1000225	no	DEPRECATED	ADDED	entity		obsolete oxygenic photosynthesis	NOT_SEEDED_DEPRECATED
METPO:1000226	no	DEPRECATED	ADDED	entity		obsolete pan-genome	NOT_SEEDED_DEPRECATED
METPO:1000227	no	DEPRECATED	ADDED	entity		obsolete parasitism	NOT_SEEDED_DEPRECATED
METPO:1000228	no	DEPRECATED	ADDED	entity		obsolete passive transport	NOT_SEEDED_DEPRECATED
METPO:1000229	no	DEPRECATED	ADDED	entity		obsolete pathogenicity	NOT_SEEDED_DEPRECATED
METPO:1000230	no	DEPRECATED	ADDED	entity		obsolete pathogenicity island	NOT_SEEDED_DEPRECATED
METPO:1000231	no	DEPRECATED	ADDED	entity		obsolete peptidoglycan	NOT_SEEDED_DEPRECATED
METPO:1000233	no	DEPRECATED	ADDED	entity		obsolete pH optimum (growth range)	NOT_SEEDED_DEPRECATED
METPO:1000234	no	DEPRECATED	ADDED	entity		obsolete pH preference	NOT_SEEDED_DEPRECATED
METPO:1000235	no	DEPRECATED	ADDED	entity		obsolete pH range (growth tolerance)	NOT_SEEDED_DEPRECATED
METPO:1000236	no	DEPRECATED	ADDED	entity		obsolete pH tolerance	NOT_SEEDED_DEPRECATED
METPO:1000237	no	DEPRECATED	ADDED	entity		obsolete phage defense	NOT_SEEDED_DEPRECATED
METPO:1000238	no	DEPRECATED	ADDED	entity		obsolete photoautotroph	NOT_SEEDED_DEPRECATED
METPO:1000239	no	DEPRECATED	ADDED	entity		obsolete photoheterotroph	NOT_SEEDED_DEPRECATED
METPO:1000240	no	DEPRECATED	ADDED	entity		obsolete photosynthesis	NOT_SEEDED_DEPRECATED
METPO:1000241	no	DEPRECATED	ADDED	entity		obsolete phototaxis	NOT_SEEDED_DEPRECATED
METPO:1000242	no	DEPRECATED	ADDED	entity		obsolete phylum	NOT_SEEDED_DEPRECATED
METPO:1000243	no	DEPRECATED	ADDED	entity		obsolete physiological process	NOT_SEEDED_DEPRECATED
METPO:1000244	no	DEPRECATED	ADDED	entity		obsolete physiological state	NOT_SEEDED_DEPRECATED
METPO:1000245	no	DEPRECATED	ADDED	entity		obsolete physiological trait	NOT_SEEDED_DEPRECATED
METPO:1000246	no	DEPRECATED	ADDED	entity		obsolete piezophile	NOT_SEEDED_DEPRECATED
METPO:1000247	no	DEPRECATED	ADDED	entity		obsolete pigment	NOT_SEEDED_DEPRECATED
METPO:1000248	no	DEPRECATED	ADDED	entity		obsolete pigmentation	NOT_SEEDED_DEPRECATED
METPO:1000249	no	DEPRECATED	ADDED	entity		obsolete pilus	NOT_SEEDED_DEPRECATED
METPO:1000250	no	DEPRECATED	ADDED	entity		obsolete plant growth promotion	NOT_SEEDED_DEPRECATED
METPO:1000251	no	DEPRECATED	ADDED	entity		obsolete plasmid	NOT_SEEDED_DEPRECATED
METPO:1000252	no	DEPRECATED	ADDED	entity		obsolete pleomorphism	NOT_SEEDED_DEPRECATED
METPO:1000253	no	DEPRECATED	ADDED	entity		obsolete process	NOT_SEEDED_DEPRECATED
METPO:1000254	no	DEPRECATED	ADDED	entity		obsolete prophage	NOT_SEEDED_DEPRECATED
METPO:1000255	no	DEPRECATED	ADDED	entity		obsolete prostheca	NOT_SEEDED_DEPRECATED
METPO:1000256	no	DEPRECATED	ADDED	entity		obsolete protein synthesis	NOT_SEEDED_DEPRECATED
METPO:1000257	no	DEPRECATED	ADDED	entity		obsolete proteolysis	NOT_SEEDED_DEPRECATED
METPO:1000258	no	DEPRECATED	ADDED	entity		obsolete prototroph	NOT_SEEDED_DEPRECATED
METPO:1000259	no	DEPRECATED	ADDED	entity		obsolete psychrophile	NOT_SEEDED_DEPRECATED
METPO:1000260	no	DEPRECATED	ADDED	entity		obsolete qualifier	NOT_SEEDED_DEPRECATED
METPO:1000261	no	DEPRECATED	ADDED	entity		obsolete quorum sensing	NOT_SEEDED_DEPRECATED
METPO:1000262	no	DEPRECATED	ADDED	entity		obsolete regulation	NOT_SEEDED_DEPRECATED
METPO:1000263	no	DEPRECATED	ADDED	entity		obsolete regulatory mechanism	NOT_SEEDED_DEPRECATED
METPO:1000264	no	DEPRECATED	ADDED	entity		obsolete reproductive process	NOT_SEEDED_DEPRECATED
METPO:1000265	no	DEPRECATED	ADDED	entity		obsolete reproductive structure	NOT_SEEDED_DEPRECATED
METPO:1000266	no	DEPRECATED	ADDED	entity		obsolete resistance mechanism	NOT_SEEDED_DEPRECATED
METPO:1000267	no	DEPRECATED	ADDED	entity		obsolete respiration	NOT_SEEDED_DEPRECATED
METPO:1000268	no	DEPRECATED	ADDED	entity		obsolete restriction-modification system	NOT_SEEDED_DEPRECATED
METPO:1000269	no	DEPRECATED	ADDED	entity		obsolete ribosome	NOT_SEEDED_DEPRECATED
METPO:1000270	no	DEPRECATED	ADDED	entity		obsolete S-layer	NOT_SEEDED_DEPRECATED
METPO:1000271	no	DEPRECATED	ADDED	entity		obsolete salinity delta	NOT_SEEDED_DEPRECATED
METPO:1000272	no	DEPRECATED	ADDED	entity		obsolete salinity preference	NOT_SEEDED_DEPRECATED
METPO:1000273	no	DEPRECATED	ADDED	entity		obsolete secondary metabolite	NOT_SEEDED_DEPRECATED
METPO:1000274	no	DEPRECATED	ADDED	entity		obsolete secretion	NOT_SEEDED_DEPRECATED
METPO:1000275	no	DEPRECATED	ADDED	entity		obsolete secretion system	NOT_SEEDED_DEPRECATED
METPO:1000276	no	DEPRECATED	ADDED	entity		obsolete sheathed	NOT_SEEDED_DEPRECATED
METPO:1000277	no	DEPRECATED	ADDED	entity		obsolete siderophore	NOT_SEEDED_DEPRECATED
METPO:1000278	no	DEPRECATED	ADDED	entity		obsolete sigma factor	NOT_SEEDED_DEPRECATED
METPO:1000279	no	DEPRECATED	ADDED	entity		obsolete signaling	NOT_SEEDED_DEPRECATED
METPO:1000280	no	DEPRECATED	ADDED	entity		obsolete slime layer	NOT_SEEDED_DEPRECATED
METPO:1000281	no	DEPRECATED	ADDED	entity		obsolete specialized cell	NOT_SEEDED_DEPRECATED
METPO:1000282	no	DEPRECATED	ADDED	entity		obsolete species	NOT_SEEDED_DEPRECATED
METPO:1000283	no	DEPRECATED	ADDED	entity		obsolete spirillum	NOT_SEEDED_DEPRECATED
METPO:1000284	no	DEPRECATED	ADDED	entity		obsolete spirochete	NOT_SEEDED_DEPRECATED
METPO:1000285	no	DEPRECATED	ADDED	entity		obsolete sporangiospore	NOT_SEEDED_DEPRECATED
METPO:1000286	no	DEPRECATED	ADDED	entity		obsolete sporulation	NOT_SEEDED_DEPRECATED
METPO:1000287	no	DEPRECATED	ADDED	entity		obsolete square cell	NOT_SEEDED_DEPRECATED
METPO:1000288	no	DEPRECATED	ADDED	entity		obsolete stalk	NOT_SEEDED_DEPRECATED
METPO:1000289	no	DEPRECATED	ADDED	entity		obsolete star-shaped cell	NOT_SEEDED_DEPRECATED
METPO:1000290	no	DEPRECATED	ADDED	entity		obsolete stationary phase	NOT_SEEDED_DEPRECATED
METPO:1000291	no	DEPRECATED	ADDED	entity		obsolete storage structure	NOT_SEEDED_DEPRECATED
METPO:1000292	no	DEPRECATED	ADDED	entity		obsolete strain	NOT_SEEDED_DEPRECATED
METPO:1000293	no	DEPRECATED	ADDED	entity		obsolete stress response	NOT_SEEDED_DEPRECATED
METPO:1000294	no	DEPRECATED	ADDED	entity		obsolete structure	NOT_SEEDED_DEPRECATED
METPO:1000295	no	DEPRECATED	ADDED	entity		obsolete sulfate reducer	NOT_SEEDED_DEPRECATED
METPO:1000296	no	DEPRECATED	ADDED	entity		obsolete swarming	NOT_SEEDED_DEPRECATED
METPO:1000297	no	DEPRECATED	ADDED	entity		obsolete symbiosis	NOT_SEEDED_DEPRECATED
METPO:1000298	no	DEPRECATED	ADDED	entity		obsolete symbiotic process	NOT_SEEDED_DEPRECATED
METPO:1000299	no	DEPRECATED	ADDED	entity		obsolete syntrophy	NOT_SEEDED_DEPRECATED
METPO:1000300	no	DEPRECATED	ADDED	entity		obsolete taxonomic identifier	NOT_SEEDED_DEPRECATED
METPO:1000301	no	DEPRECATED	ADDED	entity		obsolete taxonomic rank	NOT_SEEDED_DEPRECATED
METPO:1000302	no	DEPRECATED	ADDED	entity		obsolete teichoic acid	NOT_SEEDED_DEPRECATED
METPO:1000305	no	DEPRECATED	ADDED	entity		obsolete temperature preference	NOT_SEEDED_DEPRECATED
METPO:1000307	no	DEPRECATED	ADDED	entity		obsolete thermal tolerance	NOT_SEEDED_DEPRECATED
METPO:1000308	no	DEPRECATED	ADDED	entity		obsolete thermophile	NOT_SEEDED_DEPRECATED
METPO:1000309	no	DEPRECATED	ADDED	entity		obsolete toxin	NOT_SEEDED_DEPRECATED
METPO:1000310	no	DEPRECATED	ADDED	entity		obsolete transcription factor	NOT_SEEDED_DEPRECATED
METPO:1000311	no	DEPRECATED	ADDED	entity		obsolete transduction	NOT_SEEDED_DEPRECATED
METPO:1000312	no	DEPRECATED	ADDED	entity		obsolete transferase	NOT_SEEDED_DEPRECATED
METPO:1000313	no	DEPRECATED	ADDED	entity		obsolete transformation	NOT_SEEDED_DEPRECATED
METPO:1000314	no	DEPRECATED	ADDED	entity		obsolete transport system	NOT_SEEDED_DEPRECATED
METPO:1000315	no	DEPRECATED	ADDED	entity		obsolete transposon	NOT_SEEDED_DEPRECATED
METPO:1000316	no	DEPRECATED	ADDED	entity		obsolete triangular cell	NOT_SEEDED_DEPRECATED
METPO:1000317	no	DEPRECATED	ADDED	entity		obsolete trichome	NOT_SEEDED_DEPRECATED
METPO:1000318	no	DEPRECATED	ADDED	entity		obsolete twitching motility	NOT_SEEDED_DEPRECATED
METPO:1000319	no	DEPRECATED	ADDED	entity		obsolete two-component system	NOT_SEEDED_DEPRECATED
METPO:1000320	no	DEPRECATED	ADDED	entity		obsolete viable but non-culturable	NOT_SEEDED_DEPRECATED
METPO:1000321	no	DEPRECATED	ADDED	entity		obsolete vibrio	NOT_SEEDED_DEPRECATED
METPO:1000322	no	DEPRECATED	ADDED	entity		obsolete virulence	NOT_SEEDED_DEPRECATED
METPO:1000323	no	DEPRECATED	ADDED	entity		obsolete virulence factor	NOT_SEEDED_DEPRECATED
METPO:1000324	no	DEPRECATED	ADDED	entity		obsolete virulence process	NOT_SEEDED_DEPRECATED
METPO:1000325	no	DEPRECATED	ADDED	entity		obsolete xylanolysis	NOT_SEEDED_DEPRECATED
METPO:1000326	no	DEPRECATED	ADDED	entity		obsolete zoospore	NOT_SEEDED_DEPRECATED
METPO:1000327	no	DEPRECATED	ADDED	entity		obsolete zygospore	NOT_SEEDED_DEPRECATED
METPO:1000328	no	DEPRECATED	ADDED	entity		obsolete pressure	NOT_SEEDED_DEPRECATED
METPO:1000329	no	DEPRECATED	ADDED	entity		obsolete temperature optimum (metabolic activity)	NOT_SEEDED_DEPRECATED
METPO:1000330	no	DEPRECATED	ADDED	entity		obsolete temperature range (metabolic viability)	NOT_SEEDED_DEPRECATED
METPO:1000336	no	DEPRECATED	ADDED	entity		obsolete psychrotolerant	NOT_SEEDED_DEPRECATED
METPO:1000337	no	DEPRECATED	ADDED	entity		obsolete thermotolerant	NOT_SEEDED_DEPRECATED
METPO:1000338	no	DEPRECATED	ADDED	entity		obsolete extreme thermophile	NOT_SEEDED_DEPRECATED
METPO:1000339	no	DEPRECATED	ADDED	entity		obsolete extreme hyperthermophile	NOT_SEEDED_DEPRECATED
METPO:1000340	no	DEPRECATED	ADDED	entity		obsolete non-halophile	NOT_SEEDED_DEPRECATED
METPO:1000341	no	DEPRECATED	ADDED	entity		obsolete slight halophile	NOT_SEEDED_DEPRECATED
METPO:1000342	no	DEPRECATED	ADDED	entity		obsolete haloalkaliphile	NOT_SEEDED_DEPRECATED
METPO:1000343	no	DEPRECATED	ADDED	entity		obsolete extreme acidophile	NOT_SEEDED_DEPRECATED
METPO:1000344	no	DEPRECATED	ADDED	entity		obsolete acid tolerant	NOT_SEEDED_DEPRECATED
METPO:1000345	no	DEPRECATED	ADDED	entity		obsolete alkali tolerant	NOT_SEEDED_DEPRECATED
METPO:1000346	no	DEPRECATED	ADDED	entity		obsolete extreme alkaliphile	NOT_SEEDED_DEPRECATED
METPO:1000347	no	DEPRECATED	ADDED	entity		obsolete facultative acidophile	NOT_SEEDED_DEPRECATED
METPO:1000348	no	DEPRECATED	ADDED	entity		obsolete obligative acidophile	NOT_SEEDED_DEPRECATED
METPO:1000349	no	DEPRECATED	ADDED	entity		obsolete facultative aerobe	NOT_SEEDED_DEPRECATED
METPO:1000350	no	DEPRECATED	ADDED	entity		obsolete microaerophile	NOT_SEEDED_DEPRECATED
METPO:1000351	no	DEPRECATED	ADDED	entity		obsolete microaerotolerant	NOT_SEEDED_DEPRECATED
METPO:1000352	no	DEPRECATED	ADDED	entity		obsolete aerotolerant anaerobe	NOT_SEEDED_DEPRECATED
METPO:1000353	no	DEPRECATED	ADDED	entity		obsolete obligate aerobe	NOT_SEEDED_DEPRECATED
METPO:1000354	no	DEPRECATED	ADDED	entity		obsolete obligate anaerobe	NOT_SEEDED_DEPRECATED
METPO:1000355	no	DEPRECATED	ADDED	entity		obsolete oxygenic phototroph	NOT_SEEDED_DEPRECATED
METPO:1000356	no	DEPRECATED	ADDED	entity		obsolete anoxygenic phototroph	NOT_SEEDED_DEPRECATED
METPO:1000357	no	DEPRECATED	ADDED	entity		obsolete chemoautotroph	NOT_SEEDED_DEPRECATED
METPO:1000358	no	DEPRECATED	ADDED	entity		obsolete chemoheterotroph	NOT_SEEDED_DEPRECATED
METPO:1000359	no	DEPRECATED	ADDED	entity		obsolete lithotroph	NOT_SEEDED_DEPRECATED
METPO:1000360	no	DEPRECATED	ADDED	entity		obsolete organotroph	NOT_SEEDED_DEPRECATED
METPO:1000361	no	DEPRECATED	ADDED	entity		obsolete phototroph	NOT_SEEDED_DEPRECATED
METPO:1000362	no	DEPRECATED	ADDED	entity		obsolete chemotroph	NOT_SEEDED_DEPRECATED
METPO:1000363	no	DEPRECATED	ADDED	entity		obsolete oligotroph	NOT_SEEDED_DEPRECATED
METPO:1000364	no	DEPRECATED	ADDED	entity		obsolete copiotroph	NOT_SEEDED_DEPRECATED
METPO:1000365	no	DEPRECATED	ADDED	entity		obsolete lithoautotroph	NOT_SEEDED_DEPRECATED
METPO:1000366	no	DEPRECATED	ADDED	entity		obsolete mixotroph	NOT_SEEDED_DEPRECATED
METPO:1000367	no	DEPRECATED	ADDED	entity		obsolete lithoheterotroph	NOT_SEEDED_DEPRECATED
METPO:1000368	no	DEPRECATED	ADDED	entity		obsolete chemoorganoheterotroph	NOT_SEEDED_DEPRECATED
METPO:1000369	no	DEPRECATED	ADDED	entity		obsolete chemolithoautotroph	NOT_SEEDED_DEPRECATED
METPO:1000370	no	DEPRECATED	ADDED	entity		obsolete methylotroph	NOT_SEEDED_DEPRECATED
METPO:1000371	no	DEPRECATED	ADDED	entity		obsolete methanotroph	NOT_SEEDED_DEPRECATED
METPO:1000372	no	DEPRECATED	ADDED	entity		obsolete hydrogenotroph	NOT_SEEDED_DEPRECATED
METPO:1000373	no	DEPRECATED	ADDED	entity		obsolete hydrogen oxidizer	NOT_SEEDED_DEPRECATED
METPO:1000374	no	DEPRECATED	ADDED	entity		obsolete hydrogen producer	NOT_SEEDED_DEPRECATED
METPO:1000375	no	DEPRECATED	ADDED	entity		obsolete nitrogen fixer	NOT_SEEDED_DEPRECATED
METPO:1000376	no	DEPRECATED	ADDED	entity		obsolete methanogen	NOT_SEEDED_DEPRECATED
METPO:1000377	no	DEPRECATED	ADDED	entity		obsolete sulfur oxidizer	NOT_SEEDED_DEPRECATED
METPO:1000378	no	DEPRECATED	ADDED	entity		obsolete denitrifier	NOT_SEEDED_DEPRECATED
METPO:1000379	no	DEPRECATED	ADDED	entity		obsolete motile	NOT_SEEDED_DEPRECATED
METPO:1000380	no	DEPRECATED	ADDED	entity		obsolete non-motile	NOT_SEEDED_DEPRECATED
METPO:1000381	no	DEPRECATED	ADDED	entity		obsolete flagellated	NOT_SEEDED_DEPRECATED
METPO:1000382	no	DEPRECATED	ADDED	entity		obsolete peritrichous	NOT_SEEDED_DEPRECATED
METPO:1000383	no	DEPRECATED	ADDED	entity		obsolete lophotrichous	NOT_SEEDED_DEPRECATED
METPO:1000384	no	DEPRECATED	ADDED	entity		obsolete monotrichous	NOT_SEEDED_DEPRECATED
METPO:1000385	no	DEPRECATED	ADDED	entity		obsolete ciliated	NOT_SEEDED_DEPRECATED
METPO:1000386	no	DEPRECATED	ADDED	entity		obsolete gliding	NOT_SEEDED_DEPRECATED
METPO:1000387	no	DEPRECATED	ADDED	entity		obsolete twitching	NOT_SEEDED_DEPRECATED
METPO:1000388	no	DEPRECATED	ADDED	entity		obsolete sliding	NOT_SEEDED_DEPRECATED
METPO:1000389	no	DEPRECATED	ADDED	entity		obsolete myxospores	NOT_SEEDED_DEPRECATED
METPO:1000390	no	DEPRECATED	ADDED	entity		obsolete conidia	NOT_SEEDED_DEPRECATED
METPO:1000391	no	DEPRECATED	ADDED	entity		obsolete chlamydospores	NOT_SEEDED_DEPRECATED
METPO:1000392	no	DEPRECATED	ADDED	entity		obsolete sporocysts	NOT_SEEDED_DEPRECATED
METPO:1000393	no	DEPRECATED	ADDED	entity		obsolete hypnospores	NOT_SEEDED_DEPRECATED
METPO:1000394	no	DEPRECATED	ADDED	entity		obsolete gemmae	NOT_SEEDED_DEPRECATED
METPO:1000395	no	DEPRECATED	ADDED	entity		obsolete azygospores	NOT_SEEDED_DEPRECATED
METPO:1000396	no	DEPRECATED	ADDED	entity		obsolete aleuriospores	NOT_SEEDED_DEPRECATED
METPO:1000397	no	DEPRECATED	ADDED	entity		obsolete stylospores	NOT_SEEDED_DEPRECATED
METPO:1000398	no	DEPRECATED	ADDED	entity		obsolete sclerotia	NOT_SEEDED_DEPRECATED
METPO:1000399	no	DEPRECATED	ADDED	entity		obsolete teliospores	NOT_SEEDED_DEPRECATED
METPO:1000400	no	DEPRECATED	ADDED	entity		obsolete urediniospores	NOT_SEEDED_DEPRECATED
METPO:1000401	no	DEPRECATED	ADDED	entity		obsolete pycnidiospores	NOT_SEEDED_DEPRECATED
METPO:1000402	no	DEPRECATED	ADDED	entity		obsolete acriospores	NOT_SEEDED_DEPRECATED
METPO:1000403	no	DEPRECATED	ADDED	entity		obsolete aplanospores	NOT_SEEDED_DEPRECATED
METPO:1000404	no	DEPRECATED	ADDED	entity		obsolete statismospores	NOT_SEEDED_DEPRECATED
METPO:1000405	no	DEPRECATED	ADDED	entity		obsolete piezotolerant	NOT_SEEDED_DEPRECATED
METPO:1000406	no	DEPRECATED	ADDED	entity		obsolete piezosensitive	NOT_SEEDED_DEPRECATED
METPO:1000407	no	DEPRECATED	ADDED	entity		obsolete obligate barophile	NOT_SEEDED_DEPRECATED
METPO:1000408	no	DEPRECATED	ADDED	entity		obsolete facultative barophile	NOT_SEEDED_DEPRECATED
METPO:1000409	no	DEPRECATED	ADDED	entity		obsolete hyperbarophile	NOT_SEEDED_DEPRECATED
METPO:1000410	no	DEPRECATED	ADDED	entity		obsolete hypobarophile	NOT_SEEDED_DEPRECATED
METPO:1000411	no	DEPRECATED	ADDED	entity		obsolete atmospheric pressure-adapted	NOT_SEEDED_DEPRECATED
METPO:1000412	no	DEPRECATED	ADDED	entity		obsolete moderate piezophile	NOT_SEEDED_DEPRECATED
METPO:1000413	no	DEPRECATED	ADDED	entity		obsolete extreme piezophile	NOT_SEEDED_DEPRECATED
METPO:1000414	no	DEPRECATED	ADDED	entity		obsolete stenopiezic	NOT_SEEDED_DEPRECATED
METPO:1000415	no	DEPRECATED	ADDED	entity		obsolete eurypiezic	NOT_SEEDED_DEPRECATED
METPO:1000416	no	DEPRECATED	ADDED	entity		obsolete pressure-sensitive	NOT_SEEDED_DEPRECATED
METPO:1000417	no	DEPRECATED	ADDED	entity		obsolete pressure-resistant	NOT_SEEDED_DEPRECATED
METPO:1000418	no	DEPRECATED	ADDED	entity		obsolete pressure-adapted	NOT_SEEDED_DEPRECATED
METPO:1000419	no	DEPRECATED	ADDED	entity		obsolete piezo-acidophile	NOT_SEEDED_DEPRECATED
METPO:1000420	no	DEPRECATED	ADDED	entity		obsolete piezo-alkaliphile	NOT_SEEDED_DEPRECATED
METPO:1000421	no	DEPRECATED	ADDED	entity		obsolete piezo-halophile	NOT_SEEDED_DEPRECATED
METPO:1000422	no	DEPRECATED	ADDED	entity		obsolete piezo-psychrophile	NOT_SEEDED_DEPRECATED
METPO:1000423	no	DEPRECATED	ADDED	entity		obsolete piezo-thermophile	NOT_SEEDED_DEPRECATED
METPO:1000424	no	DEPRECATED	ADDED	entity		obsolete piezo-lithoautotrophe	NOT_SEEDED_DEPRECATED
METPO:1000425	no	DEPRECATED	ADDED	entity		obsolete piezo-chemoheterotroph	NOT_SEEDED_DEPRECATED
METPO:1000426	no	DEPRECATED	ADDED	entity		obsolete piezo-oligotroph	NOT_SEEDED_DEPRECATED
METPO:1000427	no	DEPRECATED	ADDED	entity		obsolete piezo-endolithic	NOT_SEEDED_DEPRECATED
METPO:1000428	no	DEPRECATED	ADDED	entity		obsolete piezo-tolerant	NOT_SEEDED_DEPRECATED
METPO:1000433	no	DEPRECATED	ADDED	entity		obsolete cell width very low	NOT_SEEDED_DEPRECATED
METPO:1000434	no	DEPRECATED	ADDED	entity		obsolete cell width low	NOT_SEEDED_DEPRECATED
METPO:1000435	no	DEPRECATED	ADDED	entity		obsolete cell width mid	NOT_SEEDED_DEPRECATED
METPO:1000436	no	DEPRECATED	ADDED	entity		obsolete cell width high	NOT_SEEDED_DEPRECATED
METPO:1000437	no	DEPRECATED	ADDED	entity		obsolete cell length very low	NOT_SEEDED_DEPRECATED
METPO:1000438	no	DEPRECATED	ADDED	entity		obsolete cell length low	NOT_SEEDED_DEPRECATED
METPO:1000439	no	DEPRECATED	ADDED	entity		obsolete cell length mid	NOT_SEEDED_DEPRECATED
METPO:1000440	no	DEPRECATED	ADDED	entity		obsolete cell length high	NOT_SEEDED_DEPRECATED
METPO:1000488	no	DEPRECATED	ADDED	entity		obsolete branched	NOT_SEEDED_DEPRECATED
METPO:1000489	no	DEPRECATED	ADDED	entity		obsolete coccobacillus	NOT_SEEDED_DEPRECATED
METPO:1000490	no	DEPRECATED	ADDED	entity		obsolete crescent	NOT_SEEDED_DEPRECATED
METPO:1000491	no	DEPRECATED	ADDED	entity		obsolete curved	NOT_SEEDED_DEPRECATED
METPO:1000492	no	DEPRECATED	ADDED	entity		obsolete curved spiral	NOT_SEEDED_DEPRECATED
METPO:1000493	no	DEPRECATED	ADDED	entity		obsolete diplococcus	NOT_SEEDED_DEPRECATED
METPO:1000494	no	DEPRECATED	ADDED	entity		obsolete ellipsoidal	NOT_SEEDED_DEPRECATED
METPO:1000495	no	DEPRECATED	ADDED	entity		obsolete filament	NOT_SEEDED_DEPRECATED
METPO:1000496	no	DEPRECATED	ADDED	entity		obsolete fusiform	NOT_SEEDED_DEPRECATED
METPO:1000497	no	DEPRECATED	ADDED	entity		obsolete helical	NOT_SEEDED_DEPRECATED
METPO:1000498	no	DEPRECATED	ADDED	entity		obsolete irregular	NOT_SEEDED_DEPRECATED
METPO:1000499	no	DEPRECATED	ADDED	entity		obsolete oval	NOT_SEEDED_DEPRECATED
METPO:1000500	no	DEPRECATED	ADDED	entity		obsolete ovoid	NOT_SEEDED_DEPRECATED
METPO:1000501	no	DEPRECATED	ADDED	entity		obsolete pleomorphic	NOT_SEEDED_DEPRECATED
METPO:1000502	no	DEPRECATED	ADDED	entity		obsolete ring	NOT_SEEDED_DEPRECATED
METPO:1000503	no	DEPRECATED	ADDED	entity		obsolete rod	NOT_SEEDED_DEPRECATED
METPO:1000504	no	DEPRECATED	ADDED	entity		obsolete sphere	NOT_SEEDED_DEPRECATED
METPO:1000505	no	DEPRECATED	ADDED	entity		obsolete spindle	NOT_SEEDED_DEPRECATED
METPO:1000506	no	DEPRECATED	ADDED	entity		obsolete spiral	NOT_SEEDED_DEPRECATED
METPO:1000507	no	DEPRECATED	ADDED	entity		obsolete star - dumbbell - pleomorphic	NOT_SEEDED_DEPRECATED
METPO:1000508	no	DEPRECATED	ADDED	entity		obsolete tailed	NOT_SEEDED_DEPRECATED
METPO:1000509	no	DEPRECATED	ADDED	entity		obsolete temperature adaptation	NOT_SEEDED_DEPRECATED
METPO:1000510	no	DEPRECATED	ADDED	entity		obsolete salinity adaptation	NOT_SEEDED_DEPRECATED
METPO:1000511	no	DEPRECATED	ADDED	entity		obsolete pH adaptation	NOT_SEEDED_DEPRECATED
METPO:1000512	no	DEPRECATED	ADDED	entity		obsolete bacterial spore	NOT_SEEDED_DEPRECATED
METPO:1000513	no	DEPRECATED	ADDED	entity		obsolete pressure adaptation type	NOT_SEEDED_DEPRECATED
METPO:1000514	no	DEPRECATED	ADDED	entity		obsolete pressure tolerance range	NOT_SEEDED_DEPRECATED
METPO:1000515	no	DEPRECATED	ADDED	entity		obsolete sensitivity to oxygen	NOT_SEEDED_DEPRECATED
METPO:1000516	no	DEPRECATED	ADDED	entity		obsolete sensitivity toward	NOT_SEEDED_DEPRECATED
METPO:1000517	no	DEPRECATED	ADDED	entity		obsolete size	NOT_SEEDED_DEPRECATED
METPO:1000518	no	DEPRECATED	ADDED	entity		obsolete 1-D extent	NOT_SEEDED_DEPRECATED
METPO:1000519	no	DEPRECATED	ADDED	entity		obsolete width	NOT_SEEDED_DEPRECATED
METPO:1000520	no	DEPRECATED	ADDED	entity		obsolete length	NOT_SEEDED_DEPRECATED
METPO:1000521	no	DEPRECATED	ADDED	entity		obsolete sensitivity toward pressure	NOT_SEEDED_DEPRECATED
METPO:1000522	no	DEPRECATED	ADDED	entity		obsolete sensitivity toward nacl	NOT_SEEDED_DEPRECATED
METPO:1000523	no	DEPRECATED	ADDED	entity		obsolete sensitivity toward ph	NOT_SEEDED_DEPRECATED
METPO:1000524	no	DEPRECATED	ADDED	entity		obsolete sensitivity toward temperature	NOT_SEEDED_DEPRECATED
METPO:1000528	no	DEPRECATED	ADDED	entity		obsolete structured susceptibility detail	NOT_SEEDED_DEPRECATED
METPO:1000529	no	DEPRECATED	ADDED	entity		obsolete facultative psychrophile	NOT_SEEDED_DEPRECATED
METPO:1000643	no	DEPRECATED	ADDED	entity		obsolete denitrifying	NOT_SEEDED_DEPRECATED
METPO:1000645	no	DEPRECATED	ADDED	entity		obsolete hydrogen-oxidizing	NOT_SEEDED_DEPRECATED
METPO:1000653	no	DEPRECATED	ADDED	entity		obsolete nitrogen-fixing	NOT_SEEDED_DEPRECATED
METPO:1000661	no	DEPRECATED	ADDED	entity		obsolete sulfate-reducing	NOT_SEEDED_DEPRECATED
METPO:1000662	no	DEPRECATED	ADDED	entity		obsolete sulfur-oxidizing	NOT_SEEDED_DEPRECATED
METPO:1000807	no	DEPRECATED	ADDED	entity		obsolete Nitrogen compound respiration	NOT_SEEDED_DEPRECATED
METPO:1000808	no	DEPRECATED	ADDED	entity		obsolete Nitrate reduction	NOT_SEEDED_DEPRECATED
METPO:1000809	no	DEPRECATED	ADDED	entity		obsolete Denitrification	NOT_SEEDED_DEPRECATED
METPO:1000810	no	DEPRECATED	ADDED	entity		obsolete Dissimilatory nitrate reduction to ammonium	NOT_SEEDED_DEPRECATED
METPO:1000811	no	DEPRECATED	ADDED	entity		obsolete Nitrite reduction	NOT_SEEDED_DEPRECATED
METPO:1000812	no	DEPRECATED	ADDED	entity		obsolete Anaerobic ammonium oxidation	NOT_SEEDED_DEPRECATED
METPO:1000813	no	DEPRECATED	ADDED	entity		obsolete Nitric oxide reduction	NOT_SEEDED_DEPRECATED
METPO:1000814	no	DEPRECATED	ADDED	entity		obsolete Nitrous oxide reduction	NOT_SEEDED_DEPRECATED
METPO:1000815	no	DEPRECATED	ADDED	entity		obsolete Sulfur and sulfoxide compound respiration	NOT_SEEDED_DEPRECATED
METPO:1000816	no	DEPRECATED	ADDED	entity		obsolete Sulfate reduction	NOT_SEEDED_DEPRECATED
METPO:1000817	no	DEPRECATED	ADDED	entity		obsolete Sulfur reduction	NOT_SEEDED_DEPRECATED
METPO:1000818	no	DEPRECATED	ADDED	entity		obsolete Sulfite reduction	NOT_SEEDED_DEPRECATED
METPO:1000819	no	DEPRECATED	ADDED	entity		obsolete Thiosulfate reduction	NOT_SEEDED_DEPRECATED
METPO:1000820	no	DEPRECATED	ADDED	entity		obsolete Sulfoxide respiration	NOT_SEEDED_DEPRECATED
METPO:1000821	no	DEPRECATED	ADDED	entity		obsolete Dimethyl sulfoxide respiration	NOT_SEEDED_DEPRECATED
METPO:1000822	no	DEPRECATED	ADDED	entity		obsolete Methionine sulfoxide respiration	NOT_SEEDED_DEPRECATED
METPO:1000823	no	DEPRECATED	ADDED	entity		obsolete Sulfide oxidation	NOT_SEEDED_DEPRECATED
METPO:1000824	no	DEPRECATED	ADDED	entity		obsolete Thiosulfate oxidation	NOT_SEEDED_DEPRECATED
METPO:1000825	no	DEPRECATED	ADDED	entity		obsolete Sulfite oxidation	NOT_SEEDED_DEPRECATED
METPO:1000826	no	DEPRECATED	ADDED	entity		obsolete Tetrathionate reduction	NOT_SEEDED_DEPRECATED
METPO:1000827	no	DEPRECATED	ADDED	entity		obsolete Polysulfide reduction	NOT_SEEDED_DEPRECATED
METPO:1000828	no	DEPRECATED	ADDED	entity		obsolete Metal and metalloid respiration	NOT_SEEDED_DEPRECATED
METPO:1000829	no	DEPRECATED	ADDED	entity		obsolete Iron reduction	NOT_SEEDED_DEPRECATED
METPO:1000830	no	DEPRECATED	ADDED	entity		obsolete Iron oxidation	NOT_SEEDED_DEPRECATED
METPO:1000831	no	DEPRECATED	ADDED	entity		obsolete Nitrate-dependent Fe(II) oxidation	NOT_SEEDED_DEPRECATED
METPO:1000832	no	DEPRECATED	ADDED	entity		obsolete Manganese reduction	NOT_SEEDED_DEPRECATED
METPO:1000833	no	DEPRECATED	ADDED	entity		obsolete Manganese oxidation	NOT_SEEDED_DEPRECATED
METPO:1000834	no	DEPRECATED	ADDED	entity		obsolete Uranium reduction	NOT_SEEDED_DEPRECATED
METPO:1000835	no	DEPRECATED	ADDED	entity		obsolete Vanadium reduction	NOT_SEEDED_DEPRECATED
METPO:1000836	no	DEPRECATED	ADDED	entity		obsolete Chromium reduction	NOT_SEEDED_DEPRECATED
METPO:1000837	no	DEPRECATED	ADDED	entity		obsolete Technetium reduction	NOT_SEEDED_DEPRECATED
METPO:1000838	no	DEPRECATED	ADDED	entity		obsolete Cobalt reduction	NOT_SEEDED_DEPRECATED
METPO:1000839	no	DEPRECATED	ADDED	entity		obsolete Arsenate reduction	NOT_SEEDED_DEPRECATED
METPO:1000840	no	DEPRECATED	ADDED	entity		obsolete Arsenite oxidation	NOT_SEEDED_DEPRECATED
METPO:1000841	no	DEPRECATED	ADDED	entity		obsolete Selenate reduction	NOT_SEEDED_DEPRECATED
METPO:1000842	no	DEPRECATED	ADDED	entity		obsolete Selenite reduction	NOT_SEEDED_DEPRECATED
METPO:1000843	no	DEPRECATED	ADDED	entity		obsolete Carbon and organic compound respiration	NOT_SEEDED_DEPRECATED
METPO:1000847	no	DEPRECATED	ADDED	entity		obsolete Fumarate respiration	NOT_SEEDED_DEPRECATED
METPO:1000848	no	DEPRECATED	ADDED	entity		obsolete Trimethylamine N-oxide respiration	NOT_SEEDED_DEPRECATED
METPO:1000849	no	DEPRECATED	ADDED	entity		obsolete Humus respiration	NOT_SEEDED_DEPRECATED
METPO:1000850	no	DEPRECATED	ADDED	entity		obsolete Halogenated compound respiration	NOT_SEEDED_DEPRECATED
METPO:1000851	no	DEPRECATED	ADDED	entity		obsolete Organohalide respiration	NOT_SEEDED_DEPRECATED
METPO:1000852	no	DEPRECATED	ADDED	entity		obsolete (Per)chlorate respiration	NOT_SEEDED_DEPRECATED
METPO:1000853	no	DEPRECATED	ADDED	entity		obsolete Perchlorate respiration	NOT_SEEDED_DEPRECATED
METPO:1000854	no	DEPRECATED	ADDED	entity		obsolete Chlorate respiration	NOT_SEEDED_DEPRECATED
METPO:1000855	no	DEPRECATED	ADDED	entity		obsolete Bromate reduction	NOT_SEEDED_DEPRECATED
METPO:1000856	no	DEPRECATED	ADDED	entity		obsolete Iodate reduction	NOT_SEEDED_DEPRECATED
METPO:1000857	no	DEPRECATED	ADDED	entity		obsolete Nitrite-dependent methane oxidation	NOT_SEEDED_DEPRECATED
METPO:1000858	no	DEPRECATED	ADDED	entity		obsolete Nitrate-dependent methane oxidation	NOT_SEEDED_DEPRECATED
METPO:1000859	no	DEPRECATED	ADDED	entity		obsolete Hydrogen oxidation	NOT_SEEDED_DEPRECATED
METPO:1000860	no	DEPRECATED	ADDED	entity		obsolete Sulfur oxidation	NOT_SEEDED_DEPRECATED
METPO:1000861	no	DEPRECATED	ADDED	entity		obsolete Nitrification	NOT_SEEDED_DEPRECATED
METPO:1000862	no	DEPRECATED	ADDED	entity		obsolete Complete ammonia oxidation	NOT_SEEDED_DEPRECATED
METPO:1000863	no	DEPRECATED	ADDED	entity		obsolete Carbon monoxide oxidation	NOT_SEEDED_DEPRECATED
METPO:1000864	no	DEPRECATED	ADDED	entity		obsolete Hydrogenotrophic methanogenesis	NOT_SEEDED_DEPRECATED
METPO:1000865	no	DEPRECATED	ADDED	entity		obsolete Acetoclastic methanogenesis	NOT_SEEDED_DEPRECATED
METPO:1000866	no	DEPRECATED	ADDED	entity		obsolete Methylotrophic methanogenesis	NOT_SEEDED_DEPRECATED
METPO:1000867	no	DEPRECATED	ADDED	entity		obsolete Anaerobic methane oxidation	NOT_SEEDED_DEPRECATED
METPO:1000868	no	DEPRECATED	ADDED	entity		obsolete Lanthanide reduction	NOT_SEEDED_DEPRECATED
METPO:1000869	no	DEPRECATED	ADDED	entity		obsolete Lanthanide oxidation	NOT_SEEDED_DEPRECATED
METPO:1001005	no	DEPRECATED	ADDED	entity		obsolete culture temperature observation	NOT_SEEDED_DEPRECATED
METPO:1001006	no	DEPRECATED	ADDED	entity		obsolete culture NaCl observation	NOT_SEEDED_DEPRECATED
METPO:1001011	no	DEPRECATED	ADDED	entity		obsolete culture pH observation	NOT_SEEDED_DEPRECATED
METPO:1002000	no	DEPRECATED	ADDED	entity		obsolete Sulfate-dependent methane oxidation	NOT_SEEDED_DEPRECATED
METPO:1002001	no	DEPRECATED	ADDED	entity		obsolete Fe(III)-dependent methane oxidation	NOT_SEEDED_DEPRECATED
METPO:1002002	no	DEPRECATED	ADDED	entity		obsolete Mn(IV)-dependent methane oxidation	NOT_SEEDED_DEPRECATED
METPO:1002007	no	DEPRECATED	ADDED	entity		obsolete Sulfur disproportionation	NOT_SEEDED_DEPRECATED
METPO:1002008	no	DEPRECATED	ADDED	entity		obsolete Nitrogen fixation	NOT_SEEDED_DEPRECATED
METPO:1002009	no	DEPRECATED	ADDED	entity		obsolete Nitrate-reducing	NOT_SEEDED_DEPRECATED
METPO:1002010	no	DEPRECATED	ADDED	entity		obsolete Anaerobic ammonium-oxidizing	NOT_SEEDED_DEPRECATED
METPO:1002011	no	DEPRECATED	ADDED	entity		obsolete Nitrous oxide-reducing	NOT_SEEDED_DEPRECATED
METPO:1002012	no	DEPRECATED	ADDED	entity		obsolete Sulfate-reducing	NOT_SEEDED_DEPRECATED
METPO:1002013	no	DEPRECATED	ADDED	entity		obsolete Sulfur-reducing	NOT_SEEDED_DEPRECATED
METPO:1002014	no	DEPRECATED	ADDED	entity		obsolete Sulfite-reducing	NOT_SEEDED_DEPRECATED
METPO:1002015	no	DEPRECATED	ADDED	entity		obsolete Thiosulfate-reducing	NOT_SEEDED_DEPRECATED
METPO:1002016	no	DEPRECATED	ADDED	entity		obsolete Sulfur-disproportionating	NOT_SEEDED_DEPRECATED
METPO:1002017	no	DEPRECATED	ADDED	entity		obsolete Sulfide-oxidizing	NOT_SEEDED_DEPRECATED
METPO:1002018	no	DEPRECATED	ADDED	entity		obsolete Thiosulfate-oxidizing	NOT_SEEDED_DEPRECATED
METPO:1002019	no	DEPRECATED	ADDED	entity		obsolete Sulfite-oxidizing	NOT_SEEDED_DEPRECATED
METPO:1002020	no	DEPRECATED	ADDED	entity		obsolete Iron-reducing	NOT_SEEDED_DEPRECATED
METPO:1002021	no	DEPRECATED	ADDED	entity		obsolete Iron-oxidizing	NOT_SEEDED_DEPRECATED
METPO:1002022	no	DEPRECATED	ADDED	entity		obsolete Nitrate-dependent Fe(II)-oxidizing	NOT_SEEDED_DEPRECATED
METPO:1002023	no	DEPRECATED	ADDED	entity		obsolete Manganese-reducing	NOT_SEEDED_DEPRECATED
METPO:1002024	no	DEPRECATED	ADDED	entity		obsolete Manganese-oxidizing	NOT_SEEDED_DEPRECATED
METPO:1002025	no	DEPRECATED	ADDED	entity		obsolete Uranium-reducing	NOT_SEEDED_DEPRECATED
METPO:1002026	no	DEPRECATED	ADDED	entity		obsolete Arsenate-reducing	NOT_SEEDED_DEPRECATED
METPO:1002027	no	DEPRECATED	ADDED	entity		obsolete Selenate-reducing	NOT_SEEDED_DEPRECATED
METPO:1002028	no	DEPRECATED	ADDED	entity		obsolete Selenite-reducing	NOT_SEEDED_DEPRECATED
METPO:1002029	no	DEPRECATED	ADDED	entity		obsolete Perchlorate-reducing	NOT_SEEDED_DEPRECATED
METPO:1002030	no	DEPRECATED	ADDED	entity		obsolete Chlorate-reducing	NOT_SEEDED_DEPRECATED
METPO:1002031	no	DEPRECATED	ADDED	entity		obsolete Bromate-reducing	NOT_SEEDED_DEPRECATED
METPO:1002032	no	DEPRECATED	ADDED	entity		obsolete Iodate-reducing	NOT_SEEDED_DEPRECATED
METPO:1002033	no	DEPRECATED	ADDED	entity		obsolete Hydrogen-oxidizing	NOT_SEEDED_DEPRECATED
METPO:1002034	no	DEPRECATED	ADDED	entity		obsolete Sulfur-oxidizing	NOT_SEEDED_DEPRECATED
METPO:1002035	no	DEPRECATED	ADDED	entity		obsolete Ammonia oxidation	NOT_SEEDED_DEPRECATED
METPO:1002036	no	DEPRECATED	ADDED	entity		obsolete Nitrite oxidation	NOT_SEEDED_DEPRECATED
METPO:1002037	no	DEPRECATED	ADDED	entity		obsolete Complete ammonia-oxidizing	NOT_SEEDED_DEPRECATED
METPO:1002038	no	DEPRECATED	ADDED	entity		obsolete Methane oxidation	NOT_SEEDED_DEPRECATED
METPO:1002039	no	DEPRECATED	ADDED	entity		obsolete Carbon monoxide-oxidizing	NOT_SEEDED_DEPRECATED
METPO:1002040	no	DEPRECATED	ADDED	entity		obsolete Nitrogen-fixing	NOT_SEEDED_DEPRECATED
METPO:1004005	no	ACTIVE	ADDED	entity		growth medium	OUT_OF_SCOPE_NON_TRAIT_ENTITY
METPO:1005001	no	ACTIVE	ADDED	entity		nitrification	NO_CORPUS_DEMAND_NO_PRIMARY
METPO:1005010	no	ACTIVE	ADDED	entity		indole test	NO_CORPUS_DEMAND_NO_PRIMARY
METPO:1005011	no	ACTIVE	ADDED	entity		indole test positive	NO_CORPUS_DEMAND_NO_PRIMARY
METPO:1005012	no	ACTIVE	ADDED	entity		indole test negative	NO_CORPUS_DEMAND_NO_PRIMARY
METPO:1005013	no	ACTIVE	ADDED	entity		methyl red test	NO_CORPUS_DEMAND_NO_PRIMARY
METPO:1005014	no	ACTIVE	ADDED	entity		methyl red test positive	NO_CORPUS_DEMAND_NO_PRIMARY
METPO:1005015	no	ACTIVE	ADDED	entity		methyl red test negative	NO_CORPUS_DEMAND_NO_PRIMARY
METPO:1005016	no	ACTIVE	ADDED	entity		Voges-Proskauer test	NO_CORPUS_DEMAND_NO_PRIMARY
METPO:1005017	no	ACTIVE	ADDED	entity		Voges-Proskauer test positive	NO_CORPUS_DEMAND_NO_PRIMARY
METPO:1005018	no	ACTIVE	ADDED	entity		Voges-Proskauer test negative	NO_CORPUS_DEMAND_NO_PRIMARY
METPO:1005021	no	ACTIVE	ADDED	entity		capnophilic	NO_CORPUS_DEMAND_NO_PRIMARY
METPO:1005025	no	ACTIVE	ADDED	entity		hemolysis	NO_CORPUS_DEMAND_NO_PRIMARY
METPO:1005026	no	ACTIVE	ADDED	entity		hemolytic	NO_CORPUS_DEMAND_NO_PRIMARY
METPO:1005027	no	ACTIVE	ADDED	entity		non-hemolytic	NO_CORPUS_DEMAND_NO_PRIMARY
METPO:1005031	no	ACTIVE	ADDED	entity		peritrichous flagellation	DUPLICATE_NO_NEW_PRIMARY
METPO:1005032	no	ACTIVE	ADDED	entity		polar flagellation	NO_CORPUS_DEMAND_NO_PRIMARY
METPO:1005033	no	ACTIVE	ADDED	entity		amphitrichous flagellation	DUPLICATE_NO_NEW_PRIMARY
METPO:1005034	no	ACTIVE	ADDED	entity		lophotrichous flagellation	DUPLICATE_NO_NEW_PRIMARY
METPO:1005035	no	ACTIVE	ADDED	entity		monotrichous flagellation	DUPLICATE_NO_NEW_PRIMARY
METPO:1005036	no	ACTIVE	ADDED	entity		lateral flagellation	NO_CORPUS_DEMAND_NO_PRIMARY
METPO:1005037	no	ACTIVE	ADDED	entity		subpolar flagellation	NO_CORPUS_DEMAND_NO_PRIMARY
METPO:1005038	no	ACTIVE	ADDED	entity		denitrification	DUPLICATE_NO_NEW_PRIMARY
METPO:1005039	no	ACTIVE	ADDED	entity		nitrogen fixation	DUPLICATE_NO_NEW_PRIMARY
METPO:1005040	no	ACTIVE	ADDED	entity		generalist	NO_CORPUS_DEMAND_NO_PRIMARY
METPO:1007005	no	ACTIVE	ADDED	entity		flagellar arrangement	DUPLICATE_NO_NEW_PRIMARY
METPO:1007006	no	ACTIVE	ADDED	entity		polytrichous flagellation	NO_CORPUS_DEMAND_NO_PRIMARY
METPO:1007062	no	ACTIVE	ADDED	entity		colony morphology	NO_CORPUS_DEMAND_NO_PRIMARY
METPO:1007063	no	ACTIVE	ADDED	entity		colony shape	NO_CORPUS_DEMAND_NO_PRIMARY
METPO:1007064	no	ACTIVE	ADDED	entity		circular colony	NO_CORPUS_DEMAND_NO_PRIMARY
METPO:1007065	no	ACTIVE	ADDED	entity		irregular colony	NO_CORPUS_DEMAND_NO_PRIMARY
METPO:1007066	no	ACTIVE	ADDED	entity		filamentous colony	NO_CORPUS_DEMAND_NO_PRIMARY
METPO:1007067	no	ACTIVE	ADDED	entity		punctiform colony	NO_CORPUS_DEMAND_NO_PRIMARY
METPO:1007068	no	ACTIVE	ADDED	entity		rhizoid colony	NO_CORPUS_DEMAND_NO_PRIMARY
METPO:1007069	no	ACTIVE	ADDED	entity		fried-egg-shaped colony	NO_CORPUS_DEMAND_NO_PRIMARY
METPO:1007070	no	ACTIVE	ADDED	entity		pressure tolerance	DUPLICATE_NO_NEW_PRIMARY
METPO:1007071	no	ACTIVE	ADDED	entity		barophile phenotype	DUPLICATE_NO_NEW_PRIMARY
METPO:1007072	no	ACTIVE	ADDED	entity		radiation tolerance	DUPLICATE_NO_NEW_PRIMARY
METPO:1007073	no	ACTIVE	ADDED	entity		osmotic tolerance	NO_CORPUS_DEMAND_NO_PRIMARY
METPO:1007074	no	ACTIVE	ADDED	entity		metal tolerance	DUPLICATE_NO_NEW_PRIMARY
METPO:1007076	no	ACTIVE	ADDED	entity		capsule presence	DUPLICATE_NO_NEW_PRIMARY
METPO:1007077	no	ACTIVE	ADDED	entity		biofilm formation capability	DUPLICATE_NO_NEW_PRIMARY
METPO:1007080	no	ACTIVE	ADDED	entity		catalase test	NO_CORPUS_DEMAND_NO_PRIMARY
METPO:1007081	no	ACTIVE	ADDED	entity		oxidase test	NO_CORPUS_DEMAND_NO_PRIMARY
METPO:1007082	no	ACTIVE	ADDED	entity		urease test	NO_CORPUS_DEMAND_NO_PRIMARY
METPO:1007083	no	ACTIVE	ADDED	entity		catalase positive	DUPLICATE_NO_NEW_PRIMARY
METPO:1007084	no	ACTIVE	ADDED	entity		catalase negative	NO_CORPUS_DEMAND_NO_PRIMARY
METPO:1007085	no	ACTIVE	ADDED	entity		oxidase positive	DUPLICATE_NO_NEW_PRIMARY
METPO:1007086	no	ACTIVE	ADDED	entity		oxidase negative	NO_CORPUS_DEMAND_NO_PRIMARY
METPO:1007087	no	ACTIVE	ADDED	entity		urease positive	DUPLICATE_NO_NEW_PRIMARY
METPO:1007088	no	ACTIVE	ADDED	entity		urease negative	NO_CORPUS_DEMAND_NO_PRIMARY
METPO:1007089	no	ACTIVE	ADDED	entity		coagulase activity	NO_CORPUS_DEMAND_NO_PRIMARY
METPO:1007090	no	ACTIVE	ADDED	entity		coagulase positive	NO_CORPUS_DEMAND_NO_PRIMARY
METPO:1007091	no	ACTIVE	ADDED	entity		coagulase negative	NO_CORPUS_DEMAND_NO_PRIMARY
METPO:1007092	no	ACTIVE	ADDED	entity		xerophilic phenotype	DUPLICATE_NO_NEW_PRIMARY
METPO:1007093	no	ACTIVE	ADDED	entity		epibiont phenotype	NO_CORPUS_DEMAND_NO_PRIMARY
METPO:2000000	no	DEPRECATED	ADDED	entity		obsolete has susceptibility profile	NOT_SEEDED_DEPRECATED
METPO:2000057	no	DEPRECATED	ADDED	entity		obsolete has culture temperature observation	NOT_SEEDED_DEPRECATED
METPO:2000064	no	ACTIVE	ADDED	entity		tolerates	SUPPORTING_FIELD_VOCABULARY
METPO:2000065	no	ACTIVE	ADDED	entity		does not tolerate	SUPPORTING_FIELD_VOCABULARY
METPO:2000067	no	ACTIVE	ADDED	entity		isolated from host with quality	SUPPORTING_FIELD_VOCABULARY
METPO:2000068	no	ACTIVE	ADDED	entity		isolated from environment with quality	SUPPORTING_FIELD_VOCABULARY
METPO:2000201	no	DEPRECATED	ADDED	entity		obsolete lyses	NOT_SEEDED_DEPRECATED
METPO:2000203	no	DEPRECATED	ADDED	entity		obsolete fixes	NOT_SEEDED_DEPRECATED
METPO:2000204	no	DEPRECATED	ADDED	entity		obsolete catabolizes	NOT_SEEDED_DEPRECATED
METPO:2000205	no	DEPRECATED	ADDED	entity		obsolete mineralizes	NOT_SEEDED_DEPRECATED
METPO:2000206	no	DEPRECATED	ADDED	entity		obsolete conjugates	NOT_SEEDED_DEPRECATED
METPO:2000213	no	DEPRECATED	ADDED	entity		obsolete binds	NOT_SEEDED_DEPRECATED
METPO:2000214	no	DEPRECATED	ADDED	entity		obsolete chelates	NOT_SEEDED_DEPRECATED
METPO:2000215	no	DEPRECATED	ADDED	entity		obsolete precipitates	NOT_SEEDED_DEPRECATED
METPO:2000216	no	DEPRECATED	ADDED	entity		obsolete solubilizes	NOT_SEEDED_DEPRECATED
METPO:2000217	no	DEPRECATED	ADDED	entity		obsolete volatilizes	NOT_SEEDED_DEPRECATED
METPO:2000218	no	DEPRECATED	ADDED	entity		obsolete crystallizes	NOT_SEEDED_DEPRECATED
METPO:2000219	no	DEPRECATED	ADDED	entity		obsolete adsorbs	NOT_SEEDED_DEPRECATED
METPO:2000221	no	DEPRECATED	ADDED	entity		obsolete does not lyse	NOT_SEEDED_DEPRECATED
METPO:2000223	no	DEPRECATED	ADDED	entity		obsolete does not fix	NOT_SEEDED_DEPRECATED
METPO:2000224	no	DEPRECATED	ADDED	entity		obsolete does not catabolize	NOT_SEEDED_DEPRECATED
METPO:2000225	no	DEPRECATED	ADDED	entity		obsolete does not mineralize	NOT_SEEDED_DEPRECATED
METPO:2000226	no	DEPRECATED	ADDED	entity		obsolete does not conjugate	NOT_SEEDED_DEPRECATED
METPO:2000233	no	DEPRECATED	ADDED	entity		obsolete does not bind	NOT_SEEDED_DEPRECATED
METPO:2000234	no	DEPRECATED	ADDED	entity		obsolete does not chelate	NOT_SEEDED_DEPRECATED
METPO:2000235	no	DEPRECATED	ADDED	entity		obsolete does not precipitate	NOT_SEEDED_DEPRECATED
METPO:2000236	no	DEPRECATED	ADDED	entity		obsolete does not solubilize	NOT_SEEDED_DEPRECATED
METPO:2000237	no	DEPRECATED	ADDED	entity		obsolete does not volatilize	NOT_SEEDED_DEPRECATED
METPO:2000238	no	DEPRECATED	ADDED	entity		obsolete does not crystallize	NOT_SEEDED_DEPRECATED
METPO:2000505	no	DEPRECATED	ADDED	entity		obsolete has culture pH observation	NOT_SEEDED_DEPRECATED
METPO:2000517	no	ACTIVE	ADDED	entity		grows in	SUPPORTING_FIELD_VOCABULARY
METPO:2000518	no	ACTIVE	ADDED	entity		does not grow in	SUPPORTING_FIELD_VOCABULARY
METPO:2000601	no	ACTIVE	ADDED	entity		denitrifies	SUPPORTING_FIELD_VOCABULARY
METPO:2000602	no	ACTIVE	ADDED	entity		does not denitrify	SUPPORTING_FIELD_VOCABULARY
METPO:2000603	no	ACTIVE	ADDED	entity		ammonifies	SUPPORTING_FIELD_VOCABULARY
METPO:2000604	no	ACTIVE	ADDED	entity		does not ammonify	SUPPORTING_FIELD_VOCABULARY
METPO:2000605	no	ACTIVE	ADDED	entity		oxidizes in darkness	SUPPORTING_FIELD_VOCABULARY
METPO:2000606	no	ACTIVE	ADDED	entity		does not oxidize in darkness	SUPPORTING_FIELD_VOCABULARY
METPO:2000701	no	ACTIVE	ADDED	entity		has growth temperature value	SUPPORTING_FIELD_VOCABULARY
METPO:2000702	no	ACTIVE	ADDED	entity		has minimum temperature value	SUPPORTING_FIELD_VOCABULARY
METPO:2000703	no	ACTIVE	ADDED	entity		has maximum temperature value	SUPPORTING_FIELD_VOCABULARY
METPO:2000704	no	ACTIVE	ADDED	entity		has growth pH value	SUPPORTING_FIELD_VOCABULARY
METPO:2000705	no	ACTIVE	ADDED	entity		has minimum pH value	SUPPORTING_FIELD_VOCABULARY
METPO:2000706	no	ACTIVE	ADDED	entity		has maximum pH value	SUPPORTING_FIELD_VOCABULARY
METPO:2000707	no	ACTIVE	ADDED	entity		has growth salinity value	SUPPORTING_FIELD_VOCABULARY
METPO:2000708	no	ACTIVE	ADDED	entity		has minimum salinity value	SUPPORTING_FIELD_VOCABULARY
METPO:2000709	no	ACTIVE	ADDED	entity		has maximum salinity value	SUPPORTING_FIELD_VOCABULARY
METPO:2000711	no	ACTIVE	ADDED	entity		has genome size value	SUPPORTING_FIELD_VOCABULARY
METPO:2000712	no	ACTIVE	ADDED	entity		has estimated genome size value	SUPPORTING_FIELD_VOCABULARY
METPO:2000713	no	ACTIVE	ADDED	entity		has gene count value	SUPPORTING_FIELD_VOCABULARY
METPO:2000714	no	ACTIVE	ADDED	entity		has estimated gene count value	SUPPORTING_FIELD_VOCABULARY
METPO:2000715	no	ACTIVE	ADDED	entity		has GC percentage value	SUPPORTING_FIELD_VOCABULARY
METPO:2000716	no	ACTIVE	ADDED	entity		has coding density value	SUPPORTING_FIELD_VOCABULARY
METPO:2000721	no	ACTIVE	ADDED	entity		has cell length value	SUPPORTING_FIELD_VOCABULARY
METPO:2000722	no	ACTIVE	ADDED	entity		has cell width value	SUPPORTING_FIELD_VOCABULARY
METPO:2000723	no	ACTIVE	ADDED	entity		has minimum cell length value	SUPPORTING_FIELD_VOCABULARY
METPO:2000724	no	ACTIVE	ADDED	entity		has maximum cell length value	SUPPORTING_FIELD_VOCABULARY
METPO:2000725	no	ACTIVE	ADDED	entity		has minimum cell width value	SUPPORTING_FIELD_VOCABULARY
METPO:2000726	no	ACTIVE	ADDED	entity		has maximum cell width value	SUPPORTING_FIELD_VOCABULARY
METPO:2000730	no	ACTIVE	ADDED	entity		has ecology metric value	SUPPORTING_FIELD_VOCABULARY
METPO:2000731	no	ACTIVE	ADDED	entity		has generalism score value	SUPPORTING_FIELD_VOCABULARY
METPO:2000732	no	ACTIVE	ADDED	entity		has habitat count value	SUPPORTING_FIELD_VOCABULARY
METPO:2000733	no	ACTIVE	ADDED	entity		has pangenome openness value	SUPPORTING_FIELD_VOCABULARY
METPO:2000734	no	ACTIVE	ADDED	entity		has nucleotide diversity value	SUPPORTING_FIELD_VOCABULARY
METPO:9999999	no	DEPRECATED	ADDED	entity		obsolete obsolete	NOT_SEEDED_DEPRECATED
METPO:1000127	yes	ACTIVE	CHANGED	synonyms	[]	"[[""GC percentage"", ""RELATED_SYNONYM""]]"	RETAIN_CURATED_LOCAL_SYNONYMS
METPO:1000429	yes	ACTIVE	CHANGED	synonyms	"[[""GC_42.65_57.0"", ""RELATED_SYNONYM""]]"	"[[""GC_<=42.65"", ""RELATED_SYNONYM""]]"	RETAIN_CURATED_LOCAL_SYNONYMS
METPO:1000430	yes	ACTIVE	CHANGED	synonyms	"[[""GC_>66.3"", ""RELATED_SYNONYM""]]"	"[[""GC_42.65_57.0"", ""RELATED_SYNONYM""]]"	RETAIN_CURATED_LOCAL_SYNONYMS
METPO:1000432	yes	ACTIVE	CHANGED	synonyms	"[[""GC_<=42.65"", ""RELATED_SYNONYM""]]"	"[[""GC_>66.3"", ""RELATED_SYNONYM""]]"	RETAIN_CURATED_LOCAL_SYNONYMS
METPO:1000443	yes	ACTIVE	CHANGED	synonyms	"[[""Mesophilie"", ""EXACT_SYNONYM""], [""TO_22_to_27"", ""RELATED_SYNONYM""]]"	"[[""TO_22_to_27"", ""RELATED_SYNONYM""], [""mesophilic"", ""EXACT_SYNONYM""]]"	RETAIN_CURATED_LOCAL_SYNONYMS
METPO:1000444	yes	ACTIVE	CHANGED	synonyms	"[[""Mesophilie"", ""EXACT_SYNONYM""], [""TO_27_to_30"", ""RELATED_SYNONYM""]]"	"[[""TO_27_to_30"", ""RELATED_SYNONYM""], [""mesophilic"", ""EXACT_SYNONYM""]]"	RETAIN_CURATED_LOCAL_SYNONYMS
METPO:1000445	yes	ACTIVE	CHANGED	synonyms	"[[""Mesophilie"", ""EXACT_SYNONYM""], [""TO_30_to_34"", ""RELATED_SYNONYM""]]"	"[[""TO_30_to_34"", ""RELATED_SYNONYM""], [""mesophilic"", ""EXACT_SYNONYM""]]"	RETAIN_CURATED_LOCAL_SYNONYMS
METPO:1000446	yes	ACTIVE	CHANGED	synonyms	"[[""Mesophilie"", ""EXACT_SYNONYM""], [""TO_34_to_40"", ""RELATED_SYNONYM""]]"	"[[""TO_34_to_40"", ""RELATED_SYNONYM""], [""mesophilic"", ""EXACT_SYNONYM""]]"	RETAIN_CURATED_LOCAL_SYNONYMS
METPO:1000450	yes	ACTIVE	CHANGED	synonyms	"[[""Mesophilie"", ""EXACT_SYNONYM""], [""TR_22_to_27"", ""RELATED_SYNONYM""]]"	"[[""TR_22_to_27"", ""RELATED_SYNONYM""], [""mesophilic"", ""EXACT_SYNONYM""]]"	RETAIN_CURATED_LOCAL_SYNONYMS
METPO:1000451	yes	ACTIVE	CHANGED	synonyms	"[[""Mesophilie"", ""EXACT_SYNONYM""], [""TR_27_to_30"", ""RELATED_SYNONYM""]]"	"[[""TR_27_to_30"", ""RELATED_SYNONYM""], [""mesophilic"", ""EXACT_SYNONYM""]]"	RETAIN_CURATED_LOCAL_SYNONYMS
METPO:1000452	yes	ACTIVE	CHANGED	synonyms	"[[""Mesophilie"", ""EXACT_SYNONYM""], [""TR_30_to_34"", ""RELATED_SYNONYM""]]"	"[[""TR_30_to_34"", ""RELATED_SYNONYM""], [""mesophilic"", ""EXACT_SYNONYM""]]"	RETAIN_CURATED_LOCAL_SYNONYMS
METPO:1000453	yes	ACTIVE	CHANGED	synonyms	"[[""Mesophilie"", ""EXACT_SYNONYM""], [""TR_34_to_40"", ""RELATED_SYNONYM""]]"	"[[""TR_34_to_40"", ""RELATED_SYNONYM""], [""mesophilic"", ""EXACT_SYNONYM""]]"	RETAIN_CURATED_LOCAL_SYNONYMS
METPO:1000601	yes	ACTIVE	CHANGED	synonyms	"[[""Physiology and metabolism.oxygen tolerance.oxygen tolerance"", ""RELATED_SYNONYM""], [""metabolism"", ""RELATED_SYNONYM""]]"	"[[""Physiology and metabolism.oxygen tolerance.oxygen tolerance"", ""RELATED_SYNONYM""], [""metabolism"", ""RELATED_SYNONYM""], [""oxygen preference"", ""RELATED_SYNONYM""]]"	RETAIN_CURATED_LOCAL_SYNONYMS
METPO:1000602	yes	ACTIVE	CHANGED	definition	"""An oxygen preference in which growth occurs in the presence of molecular oxygen (O₂), typically using O₂ as the terminal electron acceptor."""	"""An oxygen preference in which growth occurs in the presence of molecular oxygen (O2), typically using O2 as the terminal electron acceptor."""	RETAIN_LOCAL_TYPOGRAPHY_OR_GRAMMAR
METPO:1000603	yes	ACTIVE	CHANGED	definition	"""An oxygen preference in which growth occurs in the absence of molecular oxygen (O₂)."""	"""An oxygen preference in which growth occurs in the absence of molecular oxygen (O2)."""	RETAIN_LOCAL_TYPOGRAPHY_OR_GRAMMAR
METPO:1000604	yes	ACTIVE	CHANGED	definition	"""An oxygen preference that requires molecular oxygen (O₂) at concentrations lower than atmospheric."""	"""An oxygen preference that requires molecular oxygen (O2) at concentrations lower than atmospheric."""	RETAIN_LOCAL_TYPOGRAPHY_OR_GRAMMAR
METPO:1000605	yes	ACTIVE	CHANGED	definition	"""An oxygen preference in which growth can occur with or without molecular oxygen (O₂)."""	"""An oxygen preference in which growth can occur with or without molecular oxygen (O2)."""	RETAIN_LOCAL_TYPOGRAPHY_OR_GRAMMAR
METPO:1000606	yes	ACTIVE	CHANGED	definition	"""An oxygen preference that requires molecular oxygen (O₂) for growth."""	"""An aerobic phenotype that requires molecular oxygen (O2) for growth."""	RETAIN_CURATED_LOCAL_DEFINITION
METPO:1000606	yes	ACTIVE	CHANGED	parents	"[""METPO:1000601""]"	"[""METPO:1000602""]"	RETAIN_CURATED_LOCAL_HIERARCHY
METPO:1000607	yes	ACTIVE	CHANGED	definition	"""An oxygen preference in which molecular oxygen (O₂) inhibits or prevents growth."""	"""An anaerobic phenotype in which molecular oxygen (O2) inhibits or prevents growth."""	RETAIN_CURATED_LOCAL_DEFINITION
METPO:1000607	yes	ACTIVE	CHANGED	parents	"[""METPO:1000601""]"	"[""METPO:1000603""]"	RETAIN_CURATED_LOCAL_HIERARCHY
METPO:1000609	yes	ACTIVE	CHANGED	definition	"""An oxygen preference that does not use O₂ for growth but tolerates its presence."""	"""An oxygen preference that does not use O2 for growth but tolerates its presence."""	RETAIN_LOCAL_TYPOGRAPHY_OR_GRAMMAR
METPO:1000610	yes	ACTIVE	CHANGED	definition	"""An oxygen preference that tolerates low levels of molecular oxygen (O₂) without requiring it."""	"""An oxygen preference that tolerates low levels of molecular oxygen (O2) without requiring it."""	RETAIN_LOCAL_TYPOGRAPHY_OR_GRAMMAR
METPO:1000611	yes	ACTIVE	CHANGED	synonyms	"[[""strictly anaerobic"", ""RELATED_SYNONYM""]]"	"[[""obligate anaerobic"", ""RELATED_SYNONYM""], [""strictly anaerobic"", ""RELATED_SYNONYM""]]"	RETAIN_CURATED_LOCAL_SYNONYMS
METPO:1000613	yes	ACTIVE	CHANGED	synonyms	"[[""Physiology and metabolism.culture temp.temperature"", ""RELATED_SYNONYM""], [""range_tmp"", ""RELATED_SYNONYM""]]"	"[[""Physiology and metabolism.culture temp.temperature"", ""RELATED_SYNONYM""], [""range_tmp"", ""RELATED_SYNONYM""], [""temperature preference"", ""RELATED_SYNONYM""]]"	RETAIN_CURATED_LOCAL_SYNONYMS
METPO:1000614	yes	ACTIVE	CHANGED	definition	"""A temperature preference in which growth is favored at low temperatures, typically near or below ~15 °C."""	"""A temperature preference in which growth is favored at low temperatures, typically near or below ~15 C."""	RETAIN_LOCAL_TYPOGRAPHY_OR_GRAMMAR
METPO:1000615	yes	ACTIVE	CHANGED	definition	"""A temperature preference in which growth is favored at intermediate temperatures, typically ~20–45 °C."""	"""A temperature preference in which growth is favored at intermediate temperatures, typically ~20-45 C."""	RETAIN_LOCAL_TYPOGRAPHY_OR_GRAMMAR
METPO:1000616	yes	ACTIVE	CHANGED	definition	"""A temperature preference in which growth is favored at elevated temperatures, typically ≥45 °C."""	"""A temperature preference in which growth is favored at elevated temperatures, typically >=45 C."""	RETAIN_LOCAL_TYPOGRAPHY_OR_GRAMMAR
METPO:1000617	yes	ACTIVE	CHANGED	definition	"""A temperature preference in which growth is favored at very high temperatures, typically ≥80 °C."""	"""A temperature preference in which growth is favored at very high temperatures, typically >=80 C."""	RETAIN_LOCAL_TYPOGRAPHY_OR_GRAMMAR
METPO:1000623	yes	ACTIVE	CHANGED	definition	"""A halophily preference where growth and proliferation requires high levels of sodium chloride, usually above or about 0.2 M."""	"""A halophilic phenotype in which an organism requires high levels of sodium chloride, usually above or about 0.2 M."""	RETAIN_CURATED_LOCAL_DEFINITION
METPO:1000623	yes	ACTIVE	CHANGED	parents	"[""METPO:1000629""]"	"[""METPO:1000620""]"	RETAIN_CURATED_LOCAL_HIERARCHY
METPO:1000625	yes	ACTIVE	CHANGED	definition	"""A halophily preference in which an organism requires low to moderate salt concentrations (0.3 to 0.8 M NaCl) for optimal growth."""	"""A halophilic phenotype in which an organism requires low to moderate salt concentrations (0.3 to 0.8 M NaCl) for optimal growth."""	RETAIN_CURATED_LOCAL_DEFINITION
METPO:1000625	yes	ACTIVE	CHANGED	parents	"[""METPO:1000629""]"	"[""METPO:1000620""]"	RETAIN_CURATED_LOCAL_HIERARCHY
METPO:1000628	yes	ACTIVE	CHANGED	definition	"""A halophily preference in which an organism requires very high salt concentrations (typically 15-30% NaCl or higher) for optimal growth and cannot grow at salt concentrations below approximately 12%."""	"""A halophilic phenotype in which an organism requires very high salt concentrations (typically 15-30% NaCl or higher) for optimal growth and cannot grow at salt concentrations below approximately 12%."""	RETAIN_CURATED_LOCAL_DEFINITION
METPO:1000628	yes	ACTIVE	CHANGED	parents	"[""METPO:1000629""]"	"[""METPO:1000620""]"	RETAIN_CURATED_LOCAL_HIERARCHY
METPO:1000629	yes	ACTIVE	CHANGED	synonyms	"[[""Physiology and metabolism.halophily.halophily level"", ""RELATED_SYNONYM""], [""range_salinity"", ""RELATED_SYNONYM""]]"	"[[""Physiology and metabolism.halophily.halophily level"", ""RELATED_SYNONYM""], [""range_salinity"", ""RELATED_SYNONYM""], [""salinity preference"", ""RELATED_SYNONYM""]]"	RETAIN_CURATED_LOCAL_SYNONYMS
METPO:1000666	yes	ACTIVE	CHANGED	synonyms	"[[""Morphology.cell morphology.cell shape"", ""RELATED_SYNONYM""], [""cell_shape"", ""RELATED_SYNONYM""]]"	"[[""Morphology.cell morphology.cell shape"", ""RELATED_SYNONYM""], [""cell shape"", ""RELATED_SYNONYM""], [""cell_shape"", ""RELATED_SYNONYM""]]"	RETAIN_CURATED_LOCAL_SYNONYMS
METPO:1000698	yes	ACTIVE	CHANGED	synonyms	"[[""G_positive"", ""RELATED_SYNONYM""], [""positive"", ""RELATED_SYNONYM""]]"	"[[""G_positive"", ""RELATED_SYNONYM""], [""gram positive"", ""RELATED_SYNONYM""], [""positive"", ""RELATED_SYNONYM""]]"	RETAIN_CURATED_LOCAL_SYNONYMS
METPO:1000699	yes	ACTIVE	CHANGED	synonyms	"[[""G_negative"", ""RELATED_SYNONYM""], [""negative"", ""RELATED_SYNONYM""]]"	"[[""G_negative"", ""RELATED_SYNONYM""], [""gram negative"", ""RELATED_SYNONYM""], [""negative"", ""RELATED_SYNONYM""]]"	RETAIN_CURATED_LOCAL_SYNONYMS
METPO:1000701	yes	ACTIVE	CHANGED	synonyms	"[[""Morphology.cell morphology.motility"", ""RELATED_SYNONYM""], [""motility"", ""RELATED_SYNONYM""]]"	"[[""Morphology.cell morphology.motility"", ""RELATED_SYNONYM""], [""motility"", ""RELATED_SYNONYM""], [""presence of motility"", ""RELATED_SYNONYM""]]"	RETAIN_CURATED_LOCAL_SYNONYMS
METPO:1000705	yes	ACTIVE	CHANGED	definition	"""A motility where the flagellum filament of an organism is located in the periplasm and does not extend past the cell envelope."""	"""A motile in which the flagellum filament of an organism is located in the periplasm and does not extend past the cell envelope."""	RETAIN_LOCAL_TYPOGRAPHY_OR_GRAMMAR
METPO:1000720	yes	ACTIVE	CHANGED	definition	"""A temperature preference characterized by the ability to grow at low temperatures (typically below 20Â°C) while maintaining optimal growth at moderate temperatures."""	"""A temperature preference characterized by the ability to grow at low temperatures (typically below 20C) while maintaining optimal growth at moderate temperatures."""	RETAIN_LOCAL_TYPOGRAPHY_OR_GRAMMAR
METPO:1000721	yes	ACTIVE	CHANGED	definition	"""A temperature preference that grows optimally at temperatures above 90°C."""	"""A hyperthermophilic phenotype in which an organism grows optimally at temperatures above 90 C."""	RETAIN_CURATED_LOCAL_DEFINITION
METPO:1000721	yes	ACTIVE	CHANGED	parents	"[""METPO:1000613""]"	"[""METPO:1000617""]"	RETAIN_CURATED_LOCAL_HIERARCHY
METPO:1000800	yes	ACTIVE	CHANGED	synonyms	"[[""pathways"", ""RELATED_SYNONYM""]]"	"[[""pathways"", ""RELATED_SYNONYM""], [""respiration"", ""RELATED_SYNONYM""]]"	RETAIN_CURATED_LOCAL_SYNONYMS
METPO:1000802	yes	ACTIVE	CHANGED	synonyms	"[[""Anoxic respiration"", ""RELATED_SYNONYM""], [""Dissimilatory respiration (non-O₂)"", ""RELATED_SYNONYM""]]"	"[[""Anoxic respiration"", ""RELATED_SYNONYM""], [""Dissimilatory respiration (non-O2)"", ""RELATED_SYNONYM""]]"	RETAIN_CURATED_LOCAL_SYNONYMS
METPO:1000881	yes	ACTIVE	CHANGED	synonyms	[]	"[[""cell length"", ""RELATED_SYNONYM""]]"	RETAIN_CURATED_LOCAL_SYNONYMS
METPO:1000882	yes	ACTIVE	CHANGED	synonyms	[]	"[[""cell width"", ""RELATED_SYNONYM""]]"	RETAIN_CURATED_LOCAL_SYNONYMS
METPO:1001000	yes	DEPRECATED	CHANGED	label	"""observation"""	"""obsolete observation"""	NEEDS_HUMAN_LOCAL_REVIEWED_OVERRIDE
METPO:1001000	yes	DEPRECATED	CHANGED	deprecated	false	true	NEEDS_HUMAN_LOCAL_REVIEWED_OVERRIDE
METPO:1001001	yes	DEPRECATED	CHANGED	label	"""optimum temperature observation"""	"""obsolete optimum temperature observation"""	PRESERVED_HISTORICAL_DEPRECATED_RECORD
METPO:1001001	yes	DEPRECATED	CHANGED	definition	"""An observation that identifies the temperature at which a microorganism exhibits maximum growth rate or metabolic activity."""	null	PRESERVED_HISTORICAL_DEPRECATED_RECORD
METPO:1001001	yes	DEPRECATED	CHANGED	parents	"[""METPO:1001000""]"	[]	PRESERVED_HISTORICAL_DEPRECATED_RECORD
METPO:1001001	yes	DEPRECATED	CHANGED	created_by	"""Luke Wang"""	null	PRESERVED_HISTORICAL_DEPRECATED_RECORD
METPO:1001001	yes	DEPRECATED	CHANGED	deprecated	false	true	PRESERVED_HISTORICAL_DEPRECATED_RECORD
METPO:1001002	yes	DEPRECATED	CHANGED	label	"""growth temperature observation"""	"""obsolete growth temperature observation"""	PRESERVED_HISTORICAL_DEPRECATED_RECORD
METPO:1001002	yes	DEPRECATED	CHANGED	parents	"[""METPO:1001000""]"	[]	PRESERVED_HISTORICAL_DEPRECATED_RECORD
METPO:1001002	yes	DEPRECATED	CHANGED	deprecated	false	true	PRESERVED_HISTORICAL_DEPRECATED_RECORD
METPO:1001003	yes	DEPRECATED	CHANGED	label	"""temperature range observation"""	"""obsolete temperature range observation"""	PRESERVED_HISTORICAL_DEPRECATED_RECORD
METPO:1001003	yes	DEPRECATED	CHANGED	parents	"[""METPO:1001000""]"	[]	PRESERVED_HISTORICAL_DEPRECATED_RECORD
METPO:1001003	yes	DEPRECATED	CHANGED	deprecated	false	true	PRESERVED_HISTORICAL_DEPRECATED_RECORD
METPO:1001004	yes	DEPRECATED	CHANGED	label	"""temperature delta observation"""	"""obsolete temperature delta observation"""	PRESERVED_HISTORICAL_DEPRECATED_RECORD
METPO:1001004	yes	DEPRECATED	CHANGED	parents	"[""METPO:1001000""]"	[]	PRESERVED_HISTORICAL_DEPRECATED_RECORD
METPO:1001004	yes	DEPRECATED	CHANGED	deprecated	false	true	PRESERVED_HISTORICAL_DEPRECATED_RECORD
METPO:1001007	yes	DEPRECATED	CHANGED	label	"""growth NaCl observation"""	"""obsolete growth NaCl observation"""	PRESERVED_HISTORICAL_DEPRECATED_RECORD
METPO:1001007	yes	DEPRECATED	CHANGED	parents	"[""METPO:1001000""]"	[]	PRESERVED_HISTORICAL_DEPRECATED_RECORD
METPO:1001007	yes	DEPRECATED	CHANGED	deprecated	false	true	PRESERVED_HISTORICAL_DEPRECATED_RECORD
METPO:1001008	yes	DEPRECATED	CHANGED	label	"""NaCl delta observation"""	"""obsolete NaCl delta observation"""	PRESERVED_HISTORICAL_DEPRECATED_RECORD
METPO:1001008	yes	DEPRECATED	CHANGED	parents	"[""METPO:1001000""]"	[]	PRESERVED_HISTORICAL_DEPRECATED_RECORD
METPO:1001008	yes	DEPRECATED	CHANGED	deprecated	false	true	PRESERVED_HISTORICAL_DEPRECATED_RECORD
METPO:1001009	yes	DEPRECATED	CHANGED	label	"""NaCl range observation"""	"""obsolete NaCl range observation"""	PRESERVED_HISTORICAL_DEPRECATED_RECORD
METPO:1001009	yes	DEPRECATED	CHANGED	parents	"[""METPO:1001000""]"	[]	PRESERVED_HISTORICAL_DEPRECATED_RECORD
METPO:1001009	yes	DEPRECATED	CHANGED	deprecated	false	true	PRESERVED_HISTORICAL_DEPRECATED_RECORD
METPO:1001010	yes	DEPRECATED	CHANGED	label	"""optimum NaCl observation"""	"""obsolete optimum NaCl observation"""	PRESERVED_HISTORICAL_DEPRECATED_RECORD
METPO:1001010	yes	DEPRECATED	CHANGED	parents	"[""METPO:1001000""]"	[]	PRESERVED_HISTORICAL_DEPRECATED_RECORD
METPO:1001010	yes	DEPRECATED	CHANGED	deprecated	false	true	PRESERVED_HISTORICAL_DEPRECATED_RECORD
METPO:1001012	yes	DEPRECATED	CHANGED	label	"""growth pH observation"""	"""obsolete growth pH observation"""	PRESERVED_HISTORICAL_DEPRECATED_RECORD
METPO:1001012	yes	DEPRECATED	CHANGED	parents	"[""METPO:1001000""]"	[]	PRESERVED_HISTORICAL_DEPRECATED_RECORD
METPO:1001012	yes	DEPRECATED	CHANGED	deprecated	false	true	PRESERVED_HISTORICAL_DEPRECATED_RECORD
METPO:1001013	yes	DEPRECATED	CHANGED	label	"""optimum pH observation"""	"""obsolete optimum pH observation"""	PRESERVED_HISTORICAL_DEPRECATED_RECORD
METPO:1001013	yes	DEPRECATED	CHANGED	parents	"[""METPO:1001000""]"	[]	PRESERVED_HISTORICAL_DEPRECATED_RECORD
METPO:1001013	yes	DEPRECATED	CHANGED	deprecated	false	true	PRESERVED_HISTORICAL_DEPRECATED_RECORD
METPO:1001014	yes	DEPRECATED	CHANGED	label	"""pH delta observation"""	"""obsolete pH delta observation"""	PRESERVED_HISTORICAL_DEPRECATED_RECORD
METPO:1001014	yes	DEPRECATED	CHANGED	parents	"[""METPO:1001000""]"	[]	PRESERVED_HISTORICAL_DEPRECATED_RECORD
METPO:1001014	yes	DEPRECATED	CHANGED	deprecated	false	true	PRESERVED_HISTORICAL_DEPRECATED_RECORD
METPO:1001015	yes	DEPRECATED	CHANGED	label	"""pH range observation"""	"""obsolete pH range observation"""	PRESERVED_HISTORICAL_DEPRECATED_RECORD
METPO:1001015	yes	DEPRECATED	CHANGED	parents	"[""METPO:1001000""]"	[]	PRESERVED_HISTORICAL_DEPRECATED_RECORD
METPO:1001015	yes	DEPRECATED	CHANGED	deprecated	false	true	PRESERVED_HISTORICAL_DEPRECATED_RECORD
METPO:1001016	yes	DEPRECATED	CHANGED	label	"""optimum oxygen observation"""	"""obsolete optimum oxygen observation"""	PRESERVED_HISTORICAL_DEPRECATED_RECORD
METPO:1001016	yes	DEPRECATED	CHANGED	parents	"[""METPO:1001000""]"	[]	PRESERVED_HISTORICAL_DEPRECATED_RECORD
METPO:1001016	yes	DEPRECATED	CHANGED	deprecated	false	true	PRESERVED_HISTORICAL_DEPRECATED_RECORD
METPO:1001017	yes	DEPRECATED	CHANGED	label	"""growth oxygen observation"""	"""obsolete growth oxygen observation"""	PRESERVED_HISTORICAL_DEPRECATED_RECORD
METPO:1001017	yes	DEPRECATED	CHANGED	parents	"[""METPO:1001000""]"	[]	PRESERVED_HISTORICAL_DEPRECATED_RECORD
METPO:1001017	yes	DEPRECATED	CHANGED	deprecated	false	true	PRESERVED_HISTORICAL_DEPRECATED_RECORD
METPO:1001018	yes	DEPRECATED	CHANGED	label	"""oxygen range observation"""	"""obsolete oxygen range observation"""	PRESERVED_HISTORICAL_DEPRECATED_RECORD
METPO:1001018	yes	DEPRECATED	CHANGED	parents	"[""METPO:1001000""]"	[]	PRESERVED_HISTORICAL_DEPRECATED_RECORD
METPO:1001018	yes	DEPRECATED	CHANGED	deprecated	false	true	PRESERVED_HISTORICAL_DEPRECATED_RECORD
METPO:1001019	yes	DEPRECATED	CHANGED	label	"""oxygen delta observation"""	"""obsolete oxygen delta observation"""	PRESERVED_HISTORICAL_DEPRECATED_RECORD
METPO:1001019	yes	DEPRECATED	CHANGED	parents	"[""METPO:1001000""]"	[]	PRESERVED_HISTORICAL_DEPRECATED_RECORD
METPO:1001019	yes	DEPRECATED	CHANGED	deprecated	false	true	PRESERVED_HISTORICAL_DEPRECATED_RECORD
METPO:1001020	yes	DEPRECATED	CHANGED	label	"""oxygen observation"""	"""obsolete oxygen observation"""	PRESERVED_HISTORICAL_DEPRECATED_RECORD
METPO:1001020	yes	DEPRECATED	CHANGED	parents	"[""METPO:1001000""]"	[]	PRESERVED_HISTORICAL_DEPRECATED_RECORD
METPO:1001020	yes	DEPRECATED	CHANGED	deprecated	false	true	PRESERVED_HISTORICAL_DEPRECATED_RECORD
METPO:1001021	yes	DEPRECATED	CHANGED	label	"""temperature observation"""	"""obsolete temperature observation"""	PRESERVED_HISTORICAL_DEPRECATED_RECORD
METPO:1001021	yes	DEPRECATED	CHANGED	parents	"[""METPO:1001000""]"	[]	PRESERVED_HISTORICAL_DEPRECATED_RECORD
METPO:1001021	yes	DEPRECATED	CHANGED	deprecated	false	true	PRESERVED_HISTORICAL_DEPRECATED_RECORD
METPO:1001022	yes	DEPRECATED	CHANGED	label	"""NaCl observation"""	"""obsolete NaCl observation"""	PRESERVED_HISTORICAL_DEPRECATED_RECORD
METPO:1001022	yes	DEPRECATED	CHANGED	parents	"[""METPO:1001000""]"	[]	PRESERVED_HISTORICAL_DEPRECATED_RECORD
METPO:1001022	yes	DEPRECATED	CHANGED	deprecated	false	true	PRESERVED_HISTORICAL_DEPRECATED_RECORD
METPO:1001023	yes	DEPRECATED	CHANGED	label	"""pH observation"""	"""obsolete pH observation"""	PRESERVED_HISTORICAL_DEPRECATED_RECORD
METPO:1001023	yes	DEPRECATED	CHANGED	parents	"[""METPO:1001000""]"	[]	PRESERVED_HISTORICAL_DEPRECATED_RECORD
METPO:1001023	yes	DEPRECATED	CHANGED	deprecated	false	true	PRESERVED_HISTORICAL_DEPRECATED_RECORD
METPO:1001101	yes	ACTIVE	CHANGED	synonyms	"[[""Safety information.risk assessment.biosafety level"", ""RELATED_SYNONYM""]]"	"[[""Safety information.risk assessment.biosafety level"", ""RELATED_SYNONYM""], [""biosafety level"", ""RELATED_SYNONYM""]]"	RETAIN_CURATED_LOCAL_SYNONYMS
METPO:1002005	yes	ACTIVE	CHANGED	definition	"""A respiration that generates energy through the oxidation of organic compounds without using an external electron acceptor, using organic molecules as both electron donors and final electron acceptors."""	"""A metabolism in which energy is generated through the oxidation of organic compounds without using an external electron acceptor, using organic molecules as both electron donors and final electron acceptors."""	RETAIN_CURATED_LOCAL_DEFINITION
METPO:1002005	yes	ACTIVE	CHANGED	parents	"[""METPO:1000800""]"	"[""METPO:1000060""]"	RETAIN_CURATED_LOCAL_HIERARCHY
METPO:1003000	yes	ACTIVE	CHANGED	synonyms	[]	"[[""pH growth"", ""RELATED_SYNONYM""]]"	RETAIN_CURATED_LOCAL_SYNONYMS
METPO:1003002	yes	ACTIVE	CHANGED	label	"""alkaphilic"""	"""alkaliphilic"""	MIGRATED_TARGET_RECORD
METPO:1003003	yes	ACTIVE	CHANGED	synonyms	"[[""acidophil"", ""EXACT_SYNONYM""], [""acidophile"", ""EXACT_SYNONYM""]]"	"[[""acidophil"", ""EXACT_SYNONYM""], [""acidophile"", ""EXACT_SYNONYM""], [""acidophilic"", ""RELATED_SYNONYM""]]"	RETAIN_CURATED_LOCAL_SYNONYMS
METPO:1003004	yes	ACTIVE	CHANGED	label	"""obligately alkaphilic"""	"""obligately alkaliphilic"""	MIGRATED_TARGET_RECORD
METPO:1003004	yes	ACTIVE	CHANGED	definition	"""A pH growth preference in which an organism requires alkaline conditions (typically pH above 8.5) for growth and cannot grow at neutral or acidic pH."""	"""An alkaliphilic phenotype in which an organism requires alkaline conditions (typically pH above 8.5) for growth and cannot grow at neutral or acidic pH."""	MIGRATED_TARGET_RECORD
METPO:1003004	yes	ACTIVE	CHANGED	parents	"[""METPO:1003000""]"	"[""METPO:1003002""]"	MIGRATED_TARGET_RECORD
METPO:1003005	yes	ACTIVE	CHANGED	label	"""facultatively alkaphilic"""	"""facultatively alkaliphilic"""	MIGRATED_TARGET_RECORD
METPO:1003006	yes	ACTIVE	CHANGED	definition	"""A pH growth preference characterized by the requirement for acidic environments (pH below 5.5) for growth, with inability to grow at neutral or alkaline pH values."""	"""An acidophilic phenotype in which an organism requires acidic environments (pH below 5.5) for growth, with inability to grow at neutral or alkaline pH values."""	RETAIN_CURATED_LOCAL_DEFINITION
METPO:1003006	yes	ACTIVE	CHANGED	parents	"[""METPO:1003000""]"	"[""METPO:1003003""]"	RETAIN_CURATED_LOCAL_HIERARCHY
METPO:1003021	yes	ACTIVE	CHANGED	synonyms	[]	"[[""cell color"", ""RELATED_SYNONYM""]]"	RETAIN_CURATED_LOCAL_SYNONYMS
METPO:1003030	yes	ACTIVE	CHANGED	synonyms	"[[""Pigment_yellow"", ""RELATED_SYNONYM""]]"	"[[""Pigment_yellow"", ""RELATED_SYNONYM""], [""cell color: yellow pigment"", ""RELATED_SYNONYM""]]"	RETAIN_CURATED_LOCAL_SYNONYMS
METPO:2000015	yes	ACTIVE	CHANGED	synonyms	"[[""other"", ""RELATED_SYNONYM""]]"	"[[""other"", ""RELATED_SYNONYM""], [""utilizes"", ""RELATED_SYNONYM""]]"	RETAIN_CURATED_LOCAL_SYNONYMS
METPO:2000041	yes	ACTIVE	CHANGED	synonyms	"[[""other"", ""RELATED_SYNONYM""]]"	"[[""other"", ""RELATED_SYNONYM""], [""utilizes"", ""RELATED_SYNONYM""]]"	RETAIN_CURATED_LOCAL_SYNONYMS
METPO:2000052	yes	DEPRECATED	CHANGED	label	"""has temperature observation"""	"""obsolete has temperature observation"""	PRESERVED_HISTORICAL_DEPRECATED_RECORD
METPO:2000052	yes	DEPRECATED	CHANGED	definition	"""Relates a microbe to a temperature observation."""	null	PRESERVED_HISTORICAL_DEPRECATED_RECORD
METPO:2000052	yes	DEPRECATED	CHANGED	parents	"[""METPO:2000511""]"	[]	PRESERVED_HISTORICAL_DEPRECATED_RECORD
METPO:2000052	yes	DEPRECATED	CHANGED	domain	"""https://w3id.org/metpo/1000525"""	null	PRESERVED_HISTORICAL_DEPRECATED_RECORD
METPO:2000052	yes	DEPRECATED	CHANGED	range_	"""https://w3id.org/metpo/1001021"""	null	PRESERVED_HISTORICAL_DEPRECATED_RECORD
METPO:2000052	yes	DEPRECATED	CHANGED	deprecated	false	true	PRESERVED_HISTORICAL_DEPRECATED_RECORD
METPO:2000053	yes	DEPRECATED	CHANGED	label	"""has optimum temperature observation"""	"""obsolete has optimum temperature observation"""	PRESERVED_HISTORICAL_DEPRECATED_RECORD
METPO:2000053	yes	DEPRECATED	CHANGED	definition	"""Relates a microbe to an optimum temperature observation."""	null	PRESERVED_HISTORICAL_DEPRECATED_RECORD
METPO:2000053	yes	DEPRECATED	CHANGED	parents	"[""METPO:2000052""]"	[]	PRESERVED_HISTORICAL_DEPRECATED_RECORD
METPO:2000053	yes	DEPRECATED	CHANGED	domain	"""https://w3id.org/metpo/1000525"""	null	PRESERVED_HISTORICAL_DEPRECATED_RECORD
METPO:2000053	yes	DEPRECATED	CHANGED	range_	"""https://w3id.org/metpo/1001001"""	null	PRESERVED_HISTORICAL_DEPRECATED_RECORD
METPO:2000053	yes	DEPRECATED	CHANGED	deprecated	false	true	PRESERVED_HISTORICAL_DEPRECATED_RECORD
METPO:2000054	yes	DEPRECATED	CHANGED	label	"""has growth temperature observation"""	"""obsolete has growth temperature observation"""	PRESERVED_HISTORICAL_DEPRECATED_RECORD
METPO:2000054	yes	DEPRECATED	CHANGED	definition	"""Relates a microbe to a growth temperature observation."""	null	PRESERVED_HISTORICAL_DEPRECATED_RECORD
METPO:2000054	yes	DEPRECATED	CHANGED	parents	"[""METPO:2000052""]"	[]	PRESERVED_HISTORICAL_DEPRECATED_RECORD
METPO:2000054	yes	DEPRECATED	CHANGED	domain	"""https://w3id.org/metpo/1000525"""	null	PRESERVED_HISTORICAL_DEPRECATED_RECORD
METPO:2000054	yes	DEPRECATED	CHANGED	range_	"""https://w3id.org/metpo/1001002"""	null	PRESERVED_HISTORICAL_DEPRECATED_RECORD
METPO:2000054	yes	DEPRECATED	CHANGED	deprecated	false	true	PRESERVED_HISTORICAL_DEPRECATED_RECORD
METPO:2000055	yes	DEPRECATED	CHANGED	label	"""has range temperature observation"""	"""obsolete has range temperature observation"""	PRESERVED_HISTORICAL_DEPRECATED_RECORD
METPO:2000055	yes	DEPRECATED	CHANGED	definition	"""Relates a microbe to a growth temperature range observation."""	null	PRESERVED_HISTORICAL_DEPRECATED_RECORD
METPO:2000055	yes	DEPRECATED	CHANGED	parents	"[""METPO:2000052""]"	[]	PRESERVED_HISTORICAL_DEPRECATED_RECORD
METPO:2000055	yes	DEPRECATED	CHANGED	domain	"""https://w3id.org/metpo/1000525"""	null	PRESERVED_HISTORICAL_DEPRECATED_RECORD
METPO:2000055	yes	DEPRECATED	CHANGED	range_	"""https://w3id.org/metpo/1001003"""	null	PRESERVED_HISTORICAL_DEPRECATED_RECORD
METPO:2000055	yes	DEPRECATED	CHANGED	deprecated	false	true	PRESERVED_HISTORICAL_DEPRECATED_RECORD
METPO:2000056	yes	DEPRECATED	CHANGED	label	"""has temperature delta observation"""	"""obsolete has temperature delta observation"""	PRESERVED_HISTORICAL_DEPRECATED_RECORD
METPO:2000056	yes	DEPRECATED	CHANGED	definition	"""Relates a microbe to a temperature tolerance breadth (delta) observation."""	null	PRESERVED_HISTORICAL_DEPRECATED_RECORD
METPO:2000056	yes	DEPRECATED	CHANGED	parents	"[""METPO:2000052""]"	[]	PRESERVED_HISTORICAL_DEPRECATED_RECORD
METPO:2000056	yes	DEPRECATED	CHANGED	domain	"""https://w3id.org/metpo/1000525"""	null	PRESERVED_HISTORICAL_DEPRECATED_RECORD
METPO:2000056	yes	DEPRECATED	CHANGED	range_	"""https://w3id.org/metpo/1001004"""	null	PRESERVED_HISTORICAL_DEPRECATED_RECORD
METPO:2000056	yes	DEPRECATED	CHANGED	deprecated	false	true	PRESERVED_HISTORICAL_DEPRECATED_RECORD
METPO:2000058	yes	DEPRECATED	CHANGED	label	"""has observed spot value"""	"""obsolete has observed spot value"""	PRESERVED_HISTORICAL_DEPRECATED_RECORD
METPO:2000058	yes	DEPRECATED	CHANGED	definition	"""A reported temperature value (°C) for this observation."""	null	PRESERVED_HISTORICAL_DEPRECATED_RECORD
METPO:2000058	yes	DEPRECATED	CHANGED	parents	"[""METPO:2000063""]"	[]	PRESERVED_HISTORICAL_DEPRECATED_RECORD
METPO:2000058	yes	DEPRECATED	CHANGED	domain	"""https://w3id.org/metpo/1001000"""	null	PRESERVED_HISTORICAL_DEPRECATED_RECORD
METPO:2000058	yes	DEPRECATED	CHANGED	range_	"""http://www.w3.org/2001/XMLSchema#decimal"""	null	PRESERVED_HISTORICAL_DEPRECATED_RECORD
METPO:2000058	yes	DEPRECATED	CHANGED	deprecated	false	true	PRESERVED_HISTORICAL_DEPRECATED_RECORD
METPO:2000059	yes	DEPRECATED	CHANGED	label	"""has minimum observed value"""	"""obsolete has minimum observed value"""	PRESERVED_HISTORICAL_DEPRECATED_RECORD
METPO:2000059	yes	DEPRECATED	CHANGED	definition	"""The minimum temperature (°C) associated with this observation."""	null	PRESERVED_HISTORICAL_DEPRECATED_RECORD
METPO:2000059	yes	DEPRECATED	CHANGED	parents	"[""METPO:2000063""]"	[]	PRESERVED_HISTORICAL_DEPRECATED_RECORD
METPO:2000059	yes	DEPRECATED	CHANGED	domain	"""https://w3id.org/metpo/1001000"""	null	PRESERVED_HISTORICAL_DEPRECATED_RECORD
METPO:2000059	yes	DEPRECATED	CHANGED	range_	"""http://www.w3.org/2001/XMLSchema#decimal"""	null	PRESERVED_HISTORICAL_DEPRECATED_RECORD
METPO:2000059	yes	DEPRECATED	CHANGED	deprecated	false	true	PRESERVED_HISTORICAL_DEPRECATED_RECORD
METPO:2000060	yes	DEPRECATED	CHANGED	label	"""has maximum observed value"""	"""obsolete has maximum observed value"""	PRESERVED_HISTORICAL_DEPRECATED_RECORD
METPO:2000060	yes	DEPRECATED	CHANGED	definition	"""The maximum temperature (°C) associated with this observation."""	null	PRESERVED_HISTORICAL_DEPRECATED_RECORD
METPO:2000060	yes	DEPRECATED	CHANGED	parents	"[""METPO:2000063""]"	[]	PRESERVED_HISTORICAL_DEPRECATED_RECORD
METPO:2000060	yes	DEPRECATED	CHANGED	domain	"""https://w3id.org/metpo/1001000"""	null	PRESERVED_HISTORICAL_DEPRECATED_RECORD
METPO:2000060	yes	DEPRECATED	CHANGED	range_	"""http://www.w3.org/2001/XMLSchema#decimal"""	null	PRESERVED_HISTORICAL_DEPRECATED_RECORD
METPO:2000060	yes	DEPRECATED	CHANGED	deprecated	false	true	PRESERVED_HISTORICAL_DEPRECATED_RECORD
METPO:2000061	yes	DEPRECATED	CHANGED	label	"""has value comments"""	"""obsolete has value comments"""	PRESERVED_HISTORICAL_DEPRECATED_RECORD
METPO:2000061	yes	DEPRECATED	CHANGED	definition	"""Free-text comments associated with this observation."""	null	PRESERVED_HISTORICAL_DEPRECATED_RECORD
METPO:2000061	yes	DEPRECATED	CHANGED	parents	"[""METPO:2000063""]"	[]	PRESERVED_HISTORICAL_DEPRECATED_RECORD
METPO:2000061	yes	DEPRECATED	CHANGED	domain	"""https://w3id.org/metpo/1001000"""	null	PRESERVED_HISTORICAL_DEPRECATED_RECORD
METPO:2000061	yes	DEPRECATED	CHANGED	range_	"""http://www.w3.org/2001/XMLSchema#string"""	null	PRESERVED_HISTORICAL_DEPRECATED_RECORD
METPO:2000061	yes	DEPRECATED	CHANGED	deprecated	false	true	PRESERVED_HISTORICAL_DEPRECATED_RECORD
METPO:2000062	yes	DEPRECATED	CHANGED	label	"""is negative data"""	"""obsolete is negative data"""	PRESERVED_HISTORICAL_DEPRECATED_RECORD
METPO:2000062	yes	DEPRECATED	CHANGED	definition	"""True if this observation indicates no growth at the reported temperature (negative result)."""	null	PRESERVED_HISTORICAL_DEPRECATED_RECORD
METPO:2000062	yes	DEPRECATED	CHANGED	parents	"[""METPO:2000063""]"	[]	PRESERVED_HISTORICAL_DEPRECATED_RECORD
METPO:2000062	yes	DEPRECATED	CHANGED	domain	"""https://w3id.org/metpo/1001000"""	null	PRESERVED_HISTORICAL_DEPRECATED_RECORD
METPO:2000062	yes	DEPRECATED	CHANGED	range_	"""http://www.w3.org/2001/XMLSchema#boolean"""	null	PRESERVED_HISTORICAL_DEPRECATED_RECORD
METPO:2000062	yes	DEPRECATED	CHANGED	deprecated	false	true	PRESERVED_HISTORICAL_DEPRECATED_RECORD
METPO:2000063	yes	DEPRECATED	CHANGED	label	"""observation data property"""	"""obsolete observation data property"""	PRESERVED_HISTORICAL_DEPRECATED_RECORD
METPO:2000063	yes	DEPRECATED	CHANGED	deprecated	false	true	PRESERVED_HISTORICAL_DEPRECATED_RECORD
METPO:2000239	yes	DEPRECATED	CHANGED	label	"""has pH observation"""	"""obsolete has pH observation"""	PRESERVED_HISTORICAL_DEPRECATED_RECORD
METPO:2000239	yes	DEPRECATED	CHANGED	definition	"""Relates a microbe to a pH observation."""	null	PRESERVED_HISTORICAL_DEPRECATED_RECORD
METPO:2000239	yes	DEPRECATED	CHANGED	parents	"[""METPO:2000511""]"	[]	PRESERVED_HISTORICAL_DEPRECATED_RECORD
METPO:2000239	yes	DEPRECATED	CHANGED	domain	"""https://w3id.org/metpo/1000525"""	null	PRESERVED_HISTORICAL_DEPRECATED_RECORD
METPO:2000239	yes	DEPRECATED	CHANGED	range_	"""https://w3id.org/metpo/1001023"""	null	PRESERVED_HISTORICAL_DEPRECATED_RECORD
METPO:2000239	yes	DEPRECATED	CHANGED	deprecated	false	true	PRESERVED_HISTORICAL_DEPRECATED_RECORD
METPO:2000501	yes	DEPRECATED	CHANGED	label	"""has optimum pH observation"""	"""obsolete has optimum pH observation"""	PRESERVED_HISTORICAL_DEPRECATED_RECORD
METPO:2000501	yes	DEPRECATED	CHANGED	definition	"""Relates a microbe to an optimum pH observation."""	null	PRESERVED_HISTORICAL_DEPRECATED_RECORD
METPO:2000501	yes	DEPRECATED	CHANGED	parents	"[""METPO:2000239""]"	[]	PRESERVED_HISTORICAL_DEPRECATED_RECORD
METPO:2000501	yes	DEPRECATED	CHANGED	domain	"""https://w3id.org/metpo/1000525"""	null	PRESERVED_HISTORICAL_DEPRECATED_RECORD
METPO:2000501	yes	DEPRECATED	CHANGED	range_	"""https://w3id.org/metpo/1001013"""	null	PRESERVED_HISTORICAL_DEPRECATED_RECORD
METPO:2000501	yes	DEPRECATED	CHANGED	deprecated	false	true	PRESERVED_HISTORICAL_DEPRECATED_RECORD
METPO:2000502	yes	DEPRECATED	CHANGED	label	"""has growth pH observation"""	"""obsolete has growth pH observation"""	PRESERVED_HISTORICAL_DEPRECATED_RECORD
METPO:2000502	yes	DEPRECATED	CHANGED	definition	"""Relates a microbe to a growth pH observation."""	null	PRESERVED_HISTORICAL_DEPRECATED_RECORD
METPO:2000502	yes	DEPRECATED	CHANGED	parents	"[""METPO:2000239""]"	[]	PRESERVED_HISTORICAL_DEPRECATED_RECORD
METPO:2000502	yes	DEPRECATED	CHANGED	domain	"""https://w3id.org/metpo/1000525"""	null	PRESERVED_HISTORICAL_DEPRECATED_RECORD
METPO:2000502	yes	DEPRECATED	CHANGED	range_	"""https://w3id.org/metpo/1001012"""	null	PRESERVED_HISTORICAL_DEPRECATED_RECORD
METPO:2000502	yes	DEPRECATED	CHANGED	deprecated	false	true	PRESERVED_HISTORICAL_DEPRECATED_RECORD
METPO:2000503	yes	DEPRECATED	CHANGED	label	"""has range pH observation"""	"""obsolete has range pH observation"""	PRESERVED_HISTORICAL_DEPRECATED_RECORD
METPO:2000503	yes	DEPRECATED	CHANGED	definition	"""Relates a microbe to a growth pH range observation."""	null	PRESERVED_HISTORICAL_DEPRECATED_RECORD
METPO:2000503	yes	DEPRECATED	CHANGED	parents	"[""METPO:2000239""]"	[]	PRESERVED_HISTORICAL_DEPRECATED_RECORD
METPO:2000503	yes	DEPRECATED	CHANGED	domain	"""https://w3id.org/metpo/1000525"""	null	PRESERVED_HISTORICAL_DEPRECATED_RECORD
METPO:2000503	yes	DEPRECATED	CHANGED	range_	"""https://w3id.org/metpo/1001015"""	null	PRESERVED_HISTORICAL_DEPRECATED_RECORD
METPO:2000503	yes	DEPRECATED	CHANGED	deprecated	false	true	PRESERVED_HISTORICAL_DEPRECATED_RECORD
METPO:2000504	yes	DEPRECATED	CHANGED	label	"""has pH delta observation"""	"""obsolete has pH delta observation"""	PRESERVED_HISTORICAL_DEPRECATED_RECORD
METPO:2000504	yes	DEPRECATED	CHANGED	definition	"""Relates a microbe to a pH tolerance breadth (delta) observation."""	null	PRESERVED_HISTORICAL_DEPRECATED_RECORD
METPO:2000504	yes	DEPRECATED	CHANGED	parents	"[""METPO:2000239""]"	[]	PRESERVED_HISTORICAL_DEPRECATED_RECORD
METPO:2000504	yes	DEPRECATED	CHANGED	domain	"""https://w3id.org/metpo/1000525"""	null	PRESERVED_HISTORICAL_DEPRECATED_RECORD
METPO:2000504	yes	DEPRECATED	CHANGED	range_	"""https://w3id.org/metpo/1001014"""	null	PRESERVED_HISTORICAL_DEPRECATED_RECORD
METPO:2000504	yes	DEPRECATED	CHANGED	deprecated	false	true	PRESERVED_HISTORICAL_DEPRECATED_RECORD
METPO:2000506	yes	DEPRECATED	CHANGED	label	"""has NaCl observation"""	"""obsolete has NaCl observation"""	PRESERVED_HISTORICAL_DEPRECATED_RECORD
METPO:2000506	yes	DEPRECATED	CHANGED	definition	"""Relates a microbe to a NaCl observation."""	null	PRESERVED_HISTORICAL_DEPRECATED_RECORD
METPO:2000506	yes	DEPRECATED	CHANGED	parents	"[""METPO:2000511""]"	[]	PRESERVED_HISTORICAL_DEPRECATED_RECORD
METPO:2000506	yes	DEPRECATED	CHANGED	domain	"""https://w3id.org/metpo/1000525"""	null	PRESERVED_HISTORICAL_DEPRECATED_RECORD
METPO:2000506	yes	DEPRECATED	CHANGED	range_	"""https://w3id.org/metpo/1001022"""	null	PRESERVED_HISTORICAL_DEPRECATED_RECORD
METPO:2000506	yes	DEPRECATED	CHANGED	deprecated	false	true	PRESERVED_HISTORICAL_DEPRECATED_RECORD
METPO:2000507	yes	DEPRECATED	CHANGED	label	"""has optimum NaCl observation"""	"""obsolete has optimum NaCl observation"""	PRESERVED_HISTORICAL_DEPRECATED_RECORD
METPO:2000507	yes	DEPRECATED	CHANGED	definition	"""Relates a microbe to an optimum NaCl observation."""	null	PRESERVED_HISTORICAL_DEPRECATED_RECORD
METPO:2000507	yes	DEPRECATED	CHANGED	parents	"[""METPO:2000506""]"	[]	PRESERVED_HISTORICAL_DEPRECATED_RECORD
METPO:2000507	yes	DEPRECATED	CHANGED	domain	"""https://w3id.org/metpo/1000525"""	null	PRESERVED_HISTORICAL_DEPRECATED_RECORD
METPO:2000507	yes	DEPRECATED	CHANGED	range_	"""https://w3id.org/metpo/1001010"""	null	PRESERVED_HISTORICAL_DEPRECATED_RECORD
METPO:2000507	yes	DEPRECATED	CHANGED	deprecated	false	true	PRESERVED_HISTORICAL_DEPRECATED_RECORD
METPO:2000508	yes	DEPRECATED	CHANGED	label	"""has growth NaCl observation"""	"""obsolete has growth NaCl observation"""	PRESERVED_HISTORICAL_DEPRECATED_RECORD
METPO:2000508	yes	DEPRECATED	CHANGED	definition	"""Relates a microbe to a growth NaCl observation."""	null	PRESERVED_HISTORICAL_DEPRECATED_RECORD
METPO:2000508	yes	DEPRECATED	CHANGED	parents	"[""METPO:2000506""]"	[]	PRESERVED_HISTORICAL_DEPRECATED_RECORD
METPO:2000508	yes	DEPRECATED	CHANGED	domain	"""https://w3id.org/metpo/1000525"""	null	PRESERVED_HISTORICAL_DEPRECATED_RECORD
METPO:2000508	yes	DEPRECATED	CHANGED	range_	"""https://w3id.org/metpo/1001007"""	null	PRESERVED_HISTORICAL_DEPRECATED_RECORD
METPO:2000508	yes	DEPRECATED	CHANGED	deprecated	false	true	PRESERVED_HISTORICAL_DEPRECATED_RECORD
METPO:2000509	yes	DEPRECATED	CHANGED	label	"""has range NaCl observation"""	"""obsolete has range NaCl observation"""	PRESERVED_HISTORICAL_DEPRECATED_RECORD
METPO:2000509	yes	DEPRECATED	CHANGED	definition	"""Relates a microbe to a growth NaCl range observation."""	null	PRESERVED_HISTORICAL_DEPRECATED_RECORD
METPO:2000509	yes	DEPRECATED	CHANGED	parents	"[""METPO:2000506""]"	[]	PRESERVED_HISTORICAL_DEPRECATED_RECORD
METPO:2000509	yes	DEPRECATED	CHANGED	domain	"""https://w3id.org/metpo/1000525"""	null	PRESERVED_HISTORICAL_DEPRECATED_RECORD
METPO:2000509	yes	DEPRECATED	CHANGED	range_	"""https://w3id.org/metpo/1001009"""	null	PRESERVED_HISTORICAL_DEPRECATED_RECORD
METPO:2000509	yes	DEPRECATED	CHANGED	deprecated	false	true	PRESERVED_HISTORICAL_DEPRECATED_RECORD
METPO:2000510	yes	DEPRECATED	CHANGED	label	"""has NaCl delta observation"""	"""obsolete has NaCl delta observation"""	PRESERVED_HISTORICAL_DEPRECATED_RECORD
METPO:2000510	yes	DEPRECATED	CHANGED	definition	"""Relates a microbe to a NaCl tolerance breadth (delta) observation."""	null	PRESERVED_HISTORICAL_DEPRECATED_RECORD
METPO:2000510	yes	DEPRECATED	CHANGED	parents	"[""METPO:2000506""]"	[]	PRESERVED_HISTORICAL_DEPRECATED_RECORD
METPO:2000510	yes	DEPRECATED	CHANGED	domain	"""https://w3id.org/metpo/1000525"""	null	PRESERVED_HISTORICAL_DEPRECATED_RECORD
METPO:2000510	yes	DEPRECATED	CHANGED	range_	"""https://w3id.org/metpo/1001008"""	null	PRESERVED_HISTORICAL_DEPRECATED_RECORD
METPO:2000510	yes	DEPRECATED	CHANGED	deprecated	false	true	PRESERVED_HISTORICAL_DEPRECATED_RECORD
METPO:2000511	yes	DEPRECATED	CHANGED	label	"""has observation"""	"""obsolete has observation"""	PRESERVED_HISTORICAL_DEPRECATED_RECORD
METPO:2000511	yes	DEPRECATED	CHANGED	domain	"""https://w3id.org/metpo/1000525"""	null	PRESERVED_HISTORICAL_DEPRECATED_RECORD
METPO:2000511	yes	DEPRECATED	CHANGED	range_	"""https://w3id.org/metpo/1001000"""	null	PRESERVED_HISTORICAL_DEPRECATED_RECORD
METPO:2000511	yes	DEPRECATED	CHANGED	deprecated	false	true	PRESERVED_HISTORICAL_DEPRECATED_RECORD
METPO:2000512	yes	DEPRECATED	CHANGED	label	"""has oxygen observation"""	"""obsolete has oxygen observation"""	PRESERVED_HISTORICAL_DEPRECATED_RECORD
METPO:2000512	yes	DEPRECATED	CHANGED	definition	"""Relates a microbe to an oxygen observation."""	null	PRESERVED_HISTORICAL_DEPRECATED_RECORD
METPO:2000512	yes	DEPRECATED	CHANGED	parents	"[""METPO:2000511""]"	[]	PRESERVED_HISTORICAL_DEPRECATED_RECORD
METPO:2000512	yes	DEPRECATED	CHANGED	domain	"""https://w3id.org/metpo/1000525"""	null	PRESERVED_HISTORICAL_DEPRECATED_RECORD
METPO:2000512	yes	DEPRECATED	CHANGED	range_	"""https://w3id.org/metpo/1001020"""	null	PRESERVED_HISTORICAL_DEPRECATED_RECORD
METPO:2000512	yes	DEPRECATED	CHANGED	deprecated	false	true	PRESERVED_HISTORICAL_DEPRECATED_RECORD
METPO:2000513	yes	DEPRECATED	CHANGED	label	"""has optimum oxygen observation"""	"""obsolete has optimum oxygen observation"""	PRESERVED_HISTORICAL_DEPRECATED_RECORD
METPO:2000513	yes	DEPRECATED	CHANGED	definition	"""Relates a microbe to an optimum oxygen observation."""	null	PRESERVED_HISTORICAL_DEPRECATED_RECORD
METPO:2000513	yes	DEPRECATED	CHANGED	parents	"[""METPO:2000512""]"	[]	PRESERVED_HISTORICAL_DEPRECATED_RECORD
METPO:2000513	yes	DEPRECATED	CHANGED	domain	"""https://w3id.org/metpo/1000525"""	null	PRESERVED_HISTORICAL_DEPRECATED_RECORD
METPO:2000513	yes	DEPRECATED	CHANGED	range_	"""https://w3id.org/metpo/1001016"""	null	PRESERVED_HISTORICAL_DEPRECATED_RECORD
METPO:2000513	yes	DEPRECATED	CHANGED	deprecated	false	true	PRESERVED_HISTORICAL_DEPRECATED_RECORD
METPO:2000514	yes	DEPRECATED	CHANGED	label	"""has growth oxygen observation"""	"""obsolete has growth oxygen observation"""	PRESERVED_HISTORICAL_DEPRECATED_RECORD
METPO:2000514	yes	DEPRECATED	CHANGED	definition	"""Relates a microbe to a growth oxygen observation."""	null	PRESERVED_HISTORICAL_DEPRECATED_RECORD
METPO:2000514	yes	DEPRECATED	CHANGED	parents	"[""METPO:2000512""]"	[]	PRESERVED_HISTORICAL_DEPRECATED_RECORD
METPO:2000514	yes	DEPRECATED	CHANGED	domain	"""https://w3id.org/metpo/1000525"""	null	PRESERVED_HISTORICAL_DEPRECATED_RECORD
METPO:2000514	yes	DEPRECATED	CHANGED	range_	"""https://w3id.org/metpo/1001017"""	null	PRESERVED_HISTORICAL_DEPRECATED_RECORD
METPO:2000514	yes	DEPRECATED	CHANGED	deprecated	false	true	PRESERVED_HISTORICAL_DEPRECATED_RECORD
METPO:2000515	yes	DEPRECATED	CHANGED	label	"""has range oxygen observation"""	"""obsolete has range oxygen observation"""	PRESERVED_HISTORICAL_DEPRECATED_RECORD
METPO:2000515	yes	DEPRECATED	CHANGED	definition	"""Relates a microbe to a growth oxygen range observation."""	null	PRESERVED_HISTORICAL_DEPRECATED_RECORD
METPO:2000515	yes	DEPRECATED	CHANGED	parents	"[""METPO:2000512""]"	[]	PRESERVED_HISTORICAL_DEPRECATED_RECORD
METPO:2000515	yes	DEPRECATED	CHANGED	domain	"""https://w3id.org/metpo/1000525"""	null	PRESERVED_HISTORICAL_DEPRECATED_RECORD
METPO:2000515	yes	DEPRECATED	CHANGED	range_	"""https://w3id.org/metpo/1001018"""	null	PRESERVED_HISTORICAL_DEPRECATED_RECORD
METPO:2000515	yes	DEPRECATED	CHANGED	deprecated	false	true	PRESERVED_HISTORICAL_DEPRECATED_RECORD
METPO:2000516	yes	DEPRECATED	CHANGED	label	"""has oxygen delta observation"""	"""obsolete has oxygen delta observation"""	PRESERVED_HISTORICAL_DEPRECATED_RECORD
METPO:2000516	yes	DEPRECATED	CHANGED	definition	"""Relates a microbe to a oxygen tolerance breadth (delta) observation."""	null	PRESERVED_HISTORICAL_DEPRECATED_RECORD
METPO:2000516	yes	DEPRECATED	CHANGED	parents	"[""METPO:2000512""]"	[]	PRESERVED_HISTORICAL_DEPRECATED_RECORD
METPO:2000516	yes	DEPRECATED	CHANGED	domain	"""https://w3id.org/metpo/1000525"""	null	PRESERVED_HISTORICAL_DEPRECATED_RECORD
METPO:2000516	yes	DEPRECATED	CHANGED	range_	"""https://w3id.org/metpo/1001019"""	null	PRESERVED_HISTORICAL_DEPRECATED_RECORD
METPO:2000516	yes	DEPRECATED	CHANGED	deprecated	false	true	PRESERVED_HISTORICAL_DEPRECATED_RECORD
