file	graph_id	defect	severity	detail
data/traits/ecology/biofilm_formation.yaml	biofilm_eps_matrix_community	ENABLES_RANGE_ON_TRAIT	WARN	biofilm_formation_process--RO:0002327-->biofilm_formation_trait object_type=TRAIT — enables range is 'biological process or activity'; a disposition cannot satisfy it
data/traits/ecology/biosafety_level_1.yaml	biosafety_level_1_minimal_hazard	MICROBE_DOMAIN_ON_NONORGANISM	WARN	low_pathogen_hazard--METPO:2000202-->bsl1_trait subject_type=BIOLOGICAL_PROCESS predicate='produces' — subject entails ⊑ microbe (METPO:1000525) via METPO:2000001
data/traits/ecology/biosafety_level_2.yaml	biosafety_level_2_moderate_hazard	MICROBE_DOMAIN_ON_NONORGANISM	WARN	moderate_pathogen_hazard--METPO:2000202-->bsl2_trait subject_type=BIOLOGICAL_PROCESS predicate='produces' — subject entails ⊑ microbe (METPO:1000525) via METPO:2000001
data/traits/ecology/biosafety_level_3.yaml	biosafety_level_3_serious_hazard	MICROBE_DOMAIN_ON_NONORGANISM	WARN	serious_pathogen_hazard--METPO:2000202-->bsl3_trait subject_type=BIOLOGICAL_PROCESS predicate='produces' — subject entails ⊑ microbe (METPO:1000525) via METPO:2000001
data/traits/ecology/biosafety_level_4.yaml	biosafety_level_4_extreme_hazard	MICROBE_DOMAIN_ON_NONORGANISM	WARN	extreme_pathogen_hazard--METPO:2000202-->bsl4_trait subject_type=BIOLOGICAL_PROCESS predicate='produces' — subject entails ⊑ microbe (METPO:1000525) via METPO:2000001
data/traits/ecology/commensalism.yaml	commensalism_neutral_host	ENABLES_RANGE_ON_TRAIT	WARN	host_colonization--RO:0002327-->commensalism_trait object_type=TRAIT — enables range is 'biological process or activity'; a disposition cannot satisfy it
data/traits/ecology/commensalism.yaml	commensalism_neutral_host	MICROBE_DOMAIN_ON_NONORGANISM	WARN	eps_production--METPO:2000202-->biofilm_matrix subject_type=BIOLOGICAL_PROCESS predicate='produces' — subject entails ⊑ microbe (METPO:1000525) via METPO:2000001
data/traits/ecology/endosymbiosis.yaml	endosymbiosis_intracellular_genome_reduction	ENABLES_RANGE_ON_TRAIT	WARN	intracellular_localization--RO:0002327-->endosymbiosis_trait object_type=TRAIT — enables range is 'biological process or activity'; a disposition cannot satisfy it
data/traits/ecology/free_living.yaml	free_living_environmental_habitat	ENABLES_RANGE_ON_TRAIT	WARN	environmental_habitat--RO:0002327-->free_living_trait object_type=TRAIT — enables range is 'biological process or activity'; a disposition cannot satisfy it
data/traits/ecology/gut_associated.yaml	gut_associated_microbiota_metabolism	ENABLES_RANGE_ON_TRAIT	WARN	gastrointestinal_habitat--RO:0002327-->gut_associated_trait object_type=TRAIT — enables range is 'biological process or activity'; a disposition cannot satisfy it
data/traits/ecology/gut_associated.yaml	gut_associated_microbiota_metabolism	MICROBE_DOMAIN_ON_NONORGANISM	WARN	peristalsis--METPO:2000017-->duodenal_retention subject_type=ENVIRONMENTAL_FACTOR predicate='reduces' — subject entails ⊑ microbe (METPO:1000525) via METPO:2000001
data/traits/ecology/host_associated.yaml	host_associated_microbiome	ENABLES_RANGE_ON_TRAIT	WARN	host_colonization--RO:0002327-->host_associated_trait object_type=TRAIT — enables range is 'biological process or activity'; a disposition cannot satisfy it
data/traits/ecology/mutualism.yaml	mutualism_reciprocal_benefit	ENABLES_RANGE_ON_TRAIT	WARN	reciprocal_benefit--RO:0002327-->mutualism_trait object_type=TRAIT — enables range is 'biological process or activity'; a disposition cannot satisfy it
data/traits/ecology/mutualism.yaml	mutualism_reciprocal_benefit	ENABLES_RANGE_ON_TRAIT	WARN	host_beneficial_microbial_traits--RO:0002327-->mutualism_trait object_type=TRAIT — enables range is 'biological process or activity'; a disposition cannot satisfy it
data/traits/ecology/mutualism.yaml	mutualism_reciprocal_benefit	ENABLES_RANGE_ON_TRAIT	WARN	micronutrient_exchange--RO:0002327-->mutualism_trait object_type=TRAIT — enables range is 'biological process or activity'; a disposition cannot satisfy it
data/traits/ecology/nitrogen_fixing_symbiosis.yaml	rhizobia_legume_n2_fixation	ENABLES_RANGE_ON_TRAIT	WARN	symbiotic_signalling--RO:0002327-->n2_fix_symbiosis_trait object_type=TRAIT — enables range is 'biological process or activity'; a disposition cannot satisfy it
data/traits/ecology/opportunistic_pathogen.yaml	opportunistic_pathogen_context_dependent_virulence	ENABLES_RANGE_ON_TRAIT	WARN	opportunistic_infection--RO:0002327-->opportunistic_pathogen_trait object_type=TRAIT — enables range is 'biological process or activity'; a disposition cannot satisfy it
data/traits/ecology/parasitism.yaml	parasitism_host_fitness_cost	ENABLES_RANGE_ON_TRAIT	WARN	host_fitness_cost--RO:0002327-->parasitism_trait object_type=TRAIT — enables range is 'biological process or activity'; a disposition cannot satisfy it
data/traits/ecology/plant_pathogen.yaml	plant_pathogen_t3ss_effector_program	MICROBE_DOMAIN_ON_NONORGANISM	WARN	cwd_enzymes--METPO:2000007-->plant_cell_wall subject_type=GENE_OR_PROTEIN predicate='degrades' — subject entails ⊑ microbe (METPO:1000525) via METPO:2000001
data/traits/ecology/rhizosphere_association.yaml	rhizosphere_root_exudate	ENABLES_RANGE_ON_TRAIT	WARN	rhizosphere_habitat--RO:0002327-->rhizosphere_trait object_type=TRAIT — enables range is 'biological process or activity'; a disposition cannot satisfy it
data/traits/ecology/saprotrophy.yaml	saprotrophy_decomposition_cycling	MICROBE_DOMAIN_ON_NONORGANISM	WARN	cazymes--METPO:2000013-->hemicellulose subject_type=GENE_OR_PROTEIN predicate='hydrolyzes' — subject entails ⊑ microbe (METPO:1000525) via METPO:2000001
data/traits/ecology/soil_dwelling.yaml	soil_dwelling_biogeochemistry	ENABLES_RANGE_ON_TRAIT	WARN	soil_habitat--RO:0002327-->soil_dwelling_trait object_type=TRAIT — enables range is 'biological process or activity'; a disposition cannot satisfy it
data/traits/ecology/symbiosis.yaml	symbiosis_host_interaction	ENABLES_RANGE_ON_TRAIT	WARN	symbiotic_interaction--RO:0002327-->symbiosis_trait object_type=TRAIT — enables range is 'biological process or activity'; a disposition cannot satisfy it
data/traits/environment/acidophilic.yaml	acidophilic_ph_homeostasis	ENABLES_RANGE_ON_TRAIT	WARN	cytoplasmic_ph_homeostasis--RO:0002327-->acidophilic_trait object_type=TRAIT — enables range is 'biological process or activity'; a disposition cannot satisfy it
data/traits/environment/acidotolerant.yaml	acidotolerant_acid_stress_homeostasis	ENABLES_RANGE_ON_TRAIT	WARN	cytoplasmic_ph_homeostasis--RO:0002327-->acidotolerant_trait object_type=TRAIT — enables range is 'biological process or activity'; a disposition cannot satisfy it
data/traits/environment/acidotolerant.yaml	acidotolerant_acid_stress_homeostasis	MICROBE_DOMAIN_ON_NONORGANISM	WARN	membrane_lipid_remodeling--METPO:2000017-->inward_proton_leakage subject_type=BIOLOGICAL_PROCESS predicate='reduces' — subject entails ⊑ microbe (METPO:1000525) via METPO:2000001
data/traits/environment/aerobic.yaml	aerobic_trait_mechanism	MICROBE_DOMAIN_ON_NONORGANISM	WARN	terminal_oxidases--METPO:2000017-->molecular_oxygen subject_type=GENE_OR_PROTEIN predicate='reduces' — subject entails ⊑ microbe (METPO:1000525) via METPO:2000001
data/traits/environment/alkalotolerant.yaml	alkalotolerant_alkaline_stress_homeostasis	ENABLES_RANGE_ON_TRAIT	WARN	cytoplasmic_ph_homeostasis--RO:0002327-->alkalotolerant_trait object_type=TRAIT — enables range is 'biological process or activity'; a disposition cannot satisfy it
data/traits/environment/alkaphilic.yaml	alkaliphilic_na_cycle_homeostasis	MICROBE_DOMAIN_ON_NONORGANISM	WARN	sodium_proton_antiporter--METPO:2000208-->proton subject_type=GENE_OR_PROTEIN predicate='imports' — subject entails ⊑ microbe (METPO:1000525) via METPO:2000001
data/traits/environment/alkaphilic.yaml	alkaliphilic_na_cycle_homeostasis	ENABLES_RANGE_ON_TRAIT	WARN	cytoplasmic_ph_homeostasis--RO:0002327-->alkaphilic_trait object_type=TRAIT — enables range is 'biological process or activity'; a disposition cannot satisfy it
data/traits/environment/anaerobic.yaml	anaerobic_trait_oxygen_exclusion	ENABLES_RANGE_ON_TRAIT	WARN	anoxic_condition--RO:0002327-->anaerobic_trait object_type=TRAIT — enables range is 'biological process or activity'; a disposition cannot satisfy it
data/traits/environment/anaerobic.yaml	anaerobic_trait_oxygen_exclusion	ENABLES_RANGE_ON_TRAIT	WARN	anaerobic_respiration--RO:0002327-->anaerobic_trait object_type=TRAIT — enables range is 'biological process or activity'; a disposition cannot satisfy it
data/traits/environment/arsenic_tolerant.yaml	arsenic_tolerance_ars_efflux	MICROBE_DOMAIN_ON_NONORGANISM	WARN	arsenate_reduction--METPO:2000202-->arsenite subject_type=BIOLOGICAL_PROCESS predicate='produces' — subject entails ⊑ microbe (METPO:1000525) via METPO:2000001
data/traits/environment/arsenic_tolerant.yaml	arsenic_tolerance_ars_efflux	MICROBE_DOMAIN_ON_NONORGANISM	WARN	arsC_reductase--METPO:2000017-->arsenate subject_type=GENE_OR_PROTEIN predicate='reduces' — subject entails ⊑ microbe (METPO:1000525) via METPO:2000001
data/traits/environment/cobalt_tolerant.yaml	cobalt_tolerance_czc_cnr_efflux	MICROBE_DOMAIN_ON_NONORGANISM	WARN	czcCBA_complex--METPO:2000209-->cobalt_ion subject_type=GENE_OR_PROTEIN predicate='exports' — subject entails ⊑ microbe (METPO:1000525) via METPO:2000001
data/traits/environment/cobalt_tolerant.yaml	cobalt_tolerance_czc_cnr_efflux	MICROBE_DOMAIN_ON_NONORGANISM	WARN	dmeF_exporter--METPO:2000209-->cobalt_ion subject_type=GENE_OR_PROTEIN predicate='exports' — subject entails ⊑ microbe (METPO:1000525) via METPO:2000001
data/traits/environment/delta_phenotype_with_numerical_limits.yaml	delta_phenotype_breadth_descriptor	ENABLES_RANGE_ON_TRAIT	WARN	membrane_fluidity--RO:0002327-->delta_phenotype_trait object_type=TRAIT — enables range is 'biological process or activity'; a disposition cannot satisfy it
data/traits/environment/desiccation_tolerant.yaml	desiccation_anhydrobiosis_repair	ENABLES_RANGE_ON_TRAIT	WARN	anhydrobiosis_state--RO:0002327-->desiccation_tolerant_trait object_type=TRAIT — enables range is 'biological process or activity'; a disposition cannot satisfy it
data/traits/environment/desiccation_tolerant.yaml	desiccation_anhydrobiosis_repair	ENABLES_RANGE_ON_TRAIT	WARN	dsb_repair--RO:0002327-->desiccation_tolerant_trait object_type=TRAIT — enables range is 'biological process or activity'; a disposition cannot satisfy it
data/traits/environment/euryhaline.yaml	euryhaline_wide_salinity_tolerance	MICROBE_DOMAIN_ON_NONORGANISM	WARN	compatible_solute_transport--METPO:2000208-->compatible_solutes subject_type=MOLECULAR_FUNCTION predicate='imports' — subject entails ⊑ microbe (METPO:1000525) via METPO:2000001
data/traits/environment/euryhaline.yaml	euryhaline_wide_salinity_tolerance	MICROBE_DOMAIN_ON_NONORGANISM	WARN	glycine_betaine_biosynthesis--METPO:2000202-->glycine_betaine subject_type=BIOLOGICAL_PROCESS predicate='produces' — subject entails ⊑ microbe (METPO:1000525) via METPO:2000001
data/traits/environment/euryhaline.yaml	euryhaline_wide_salinity_tolerance	MICROBE_DOMAIN_ON_NONORGANISM	WARN	ectoine_biosynthesis--METPO:2000202-->ectoine subject_type=BIOLOGICAL_PROCESS predicate='produces' — subject entails ⊑ microbe (METPO:1000525) via METPO:2000001
data/traits/environment/euryhaline.yaml	euryhaline_wide_salinity_tolerance	MICROBE_DOMAIN_ON_NONORGANISM	WARN	na_h_antiporter--METPO:2000209-->cytoplasmic_sodium subject_type=GENE_OR_PROTEIN predicate='exports' — subject entails ⊑ microbe (METPO:1000525) via METPO:2000001
data/traits/environment/extreme_hyperthermophilic.yaml	extreme_hyperthermophilic_archaeal_adaptation	ENABLES_RANGE_ON_TRAIT	WARN	hyperthermophile_bioenergetics--RO:0002327-->extreme_hyperthermophilic_trait object_type=TRAIT — enables range is 'biological process or activity'; a disposition cannot satisfy it
data/traits/environment/extremely_halophilic.yaml	extreme_halophile_salt_in_acidic_proteome	ENABLES_RANGE_ON_TRAIT	WARN	salt_in_strategy--RO:0002327-->extremely_halophilic_trait object_type=TRAIT — enables range is 'biological process or activity'; a disposition cannot satisfy it
data/traits/environment/extremely_halophilic.yaml	extreme_halophile_salt_in_acidic_proteome	ENABLES_RANGE_ON_TRAIT	WARN	acidic_halophilic_proteins--RO:0002327-->extremely_halophilic_trait object_type=TRAIT — enables range is 'biological process or activity'; a disposition cannot satisfy it
data/traits/environment/facultatively_acidophilic.yaml	facultatively_acidophilic_ph_homeostasis	ENABLES_RANGE_ON_TRAIT	WARN	cytoplasmic_ph_homeostasis--RO:0002327-->facultatively_acidophilic_trait object_type=TRAIT — enables range is 'biological process or activity'; a disposition cannot satisfy it
data/traits/environment/facultatively_acidophilic.yaml	facultatively_acidophilic_ph_homeostasis	MICROBE_DOMAIN_ON_NONORGANISM	WARN	hopanoid_biosynthesis--METPO:2000017-->membrane_proton_permeability subject_type=BIOLOGICAL_PROCESS predicate='reduces' — subject entails ⊑ microbe (METPO:1000525) via METPO:2000001
data/traits/environment/facultatively_alkaphilic.yaml	facultatively_alkaphilic_sodium_cycle_homeostasis	ENABLES_RANGE_ON_TRAIT	WARN	alkaline_external_ph--RO:0002327-->facultatively_alkaphilic_trait object_type=TRAIT — enables range is 'biological process or activity'; a disposition cannot satisfy it
data/traits/environment/facultatively_alkaphilic.yaml	facultatively_alkaphilic_sodium_cycle_homeostasis	MICROBE_DOMAIN_ON_NONORGANISM	WARN	sodium_proton_antiporter--METPO:2000209-->sodium_ion subject_type=GENE_OR_PROTEIN predicate='exports' — subject entails ⊑ microbe (METPO:1000525) via METPO:2000001
data/traits/environment/facultatively_alkaphilic.yaml	facultatively_alkaphilic_sodium_cycle_homeostasis	MICROBE_DOMAIN_ON_NONORGANISM	WARN	sodium_proton_antiporter--METPO:2000210-->proton subject_type=GENE_OR_PROTEIN predicate='accumulates' — subject entails ⊑ microbe (METPO:1000525) via METPO:2000001
data/traits/environment/facultatively_alkaphilic.yaml	facultatively_alkaphilic_sodium_cycle_homeostasis	ENABLES_RANGE_ON_TRAIT	WARN	cytoplasmic_ph_homeostasis--RO:0002327-->facultatively_alkaphilic_trait object_type=TRAIT — enables range is 'biological process or activity'; a disposition cannot satisfy it
data/traits/environment/haloalkaliphilic.yaml	haloalkaliphilic_salt_alkaline_adaptation	ENABLES_RANGE_ON_TRAIT	WARN	alkaline_ph_homeostasis--RO:0002327-->haloalkaliphilic_trait object_type=TRAIT — enables range is 'biological process or activity'; a disposition cannot satisfy it
data/traits/environment/halophilic.yaml	halophilic_osmoadaptation	MICROBE_DOMAIN_ON_NONORGANISM	WARN	k_uniport--METPO:2000208-->potassium_ion subject_type=GENE_OR_PROTEIN predicate='imports' — subject entails ⊑ microbe (METPO:1000525) via METPO:2000001
data/traits/environment/halophily_preference.yaml	halophily_preference_osmoadaptation	MICROBE_DOMAIN_ON_NONORGANISM	WARN	compatible_solute_transport--METPO:2000208-->compatible_solutes subject_type=MOLECULAR_FUNCTION predicate='imports' — subject entails ⊑ microbe (METPO:1000525) via METPO:2000001
data/traits/environment/halophily_preference.yaml	halophily_preference_osmoadaptation	MICROBE_DOMAIN_ON_NONORGANISM	WARN	na_h_antiporter--METPO:2000209-->sodium_ion subject_type=GENE_OR_PROTEIN predicate='exports' — subject entails ⊑ microbe (METPO:1000525) via METPO:2000001
data/traits/environment/halotolerant.yaml	halotolerant_salt_stress_response	MICROBE_DOMAIN_ON_NONORGANISM	WARN	compatible_solute_transport--METPO:2000208-->compatible_solutes subject_type=MOLECULAR_FUNCTION predicate='imports' — subject entails ⊑ microbe (METPO:1000525) via METPO:2000001
data/traits/environment/halotolerant.yaml	halotolerant_salt_stress_response	ENABLES_RANGE_ON_TRAIT	WARN	stress_protection--RO:0002327-->halotolerant_trait object_type=TRAIT — enables range is 'biological process or activity'; a disposition cannot satisfy it
data/traits/environment/halotolerant.yaml	halotolerant_salt_stress_response	MICROBE_DOMAIN_ON_NONORGANISM	WARN	ectoine_biosynthesis--METPO:2000202-->compatible_solutes subject_type=BIOLOGICAL_PROCESS predicate='produces' — subject entails ⊑ microbe (METPO:1000525) via METPO:2000001
data/traits/environment/halotolerant.yaml	halotolerant_salt_stress_response	MICROBE_DOMAIN_ON_NONORGANISM	WARN	glycine_betaine_biosynthesis--METPO:2000202-->compatible_solutes subject_type=BIOLOGICAL_PROCESS predicate='produces' — subject entails ⊑ microbe (METPO:1000525) via METPO:2000001
data/traits/environment/hyperthermophilic.yaml	hyperthermophilic_thermostability	ENABLES_RANGE_ON_TRAIT	WARN	thermostable_enzymes--RO:0002327-->hyperthermophilic_trait object_type=TRAIT — enables range is 'biological process or activity'; a disposition cannot satisfy it
data/traits/environment/hyperthermophilic.yaml	hyperthermophilic_thermostability	ENABLES_RANGE_ON_TRAIT	WARN	membrane_lipid_composition--RO:0002327-->hyperthermophilic_trait object_type=TRAIT — enables range is 'biological process or activity'; a disposition cannot satisfy it
data/traits/environment/ionizing_radiation_tolerant.yaml	ionizing_radiation_tolerance_dsb_repair	ENABLES_RANGE_ON_TRAIT	WARN	dsb_repair--RO:0002327-->ionizing_tolerant_trait object_type=TRAIT — enables range is 'biological process or activity'; a disposition cannot satisfy it
data/traits/environment/ionizing_radiation_tolerant.yaml	ionizing_radiation_tolerance_dsb_repair	ENABLES_RANGE_ON_TRAIT	WARN	mn_antioxidant_protection--RO:0002327-->ionizing_tolerant_trait object_type=TRAIT — enables range is 'biological process or activity'; a disposition cannot satisfy it
data/traits/environment/mercury_tolerant.yaml	mercury_tolerance_mer_reduction	MICROBE_DOMAIN_ON_NONORGANISM	WARN	mer_operon--METPO:2000202-->mercury_zero subject_type=GENE_OR_PROTEIN predicate='produces' — subject entails ⊑ microbe (METPO:1000525) via METPO:2000001
data/traits/environment/mercury_tolerant.yaml	mercury_tolerance_mer_reduction	MICROBE_DOMAIN_ON_NONORGANISM	WARN	merb_lyase--METPO:2000202-->mercury_ii_ion subject_type=GENE_OR_PROTEIN predicate='produces' — subject entails ⊑ microbe (METPO:1000525) via METPO:2000001
data/traits/environment/metal_tolerant.yaml	metal_tolerance_efflux_detoxification	ENABLES_RANGE_ON_TRAIT	WARN	metal_ion_export--RO:0002327-->metal_tolerant_trait object_type=TRAIT — enables range is 'biological process or activity'; a disposition cannot satisfy it
data/traits/environment/microaerophilic.yaml	microaerophile_low_oxygen_respiration	ENABLES_RANGE_ON_TRAIT	WARN	microoxic_environment--RO:0002327-->microaerophilic_trait object_type=TRAIT — enables range is 'biological process or activity'; a disposition cannot satisfy it
data/traits/environment/microaerotolerant.yaml	microaerotolerant_low_oxygen_defense	MICROBE_DOMAIN_ON_NONORGANISM	WARN	superoxide_reductase--METPO:2000017-->superoxide subject_type=GENE_OR_PROTEIN predicate='reduces' — subject entails ⊑ microbe (METPO:1000525) via METPO:2000001
data/traits/environment/microaerotolerant.yaml	microaerotolerant_low_oxygen_defense	MICROBE_DOMAIN_ON_NONORGANISM	WARN	superoxide_reductase--METPO:2000202-->hydrogen_peroxide subject_type=GENE_OR_PROTEIN predicate='produces' — subject entails ⊑ microbe (METPO:1000525) via METPO:2000001
data/traits/environment/microaerotolerant.yaml	microaerotolerant_low_oxygen_defense	MICROBE_DOMAIN_ON_NONORGANISM	WARN	rubrerythrin_peroxidase--METPO:2000017-->hydrogen_peroxide subject_type=GENE_OR_PROTEIN predicate='reduces' — subject entails ⊑ microbe (METPO:1000525) via METPO:2000001
data/traits/environment/moderately_halophilic.yaml	moderate_halophile_compatible_solutes	ENABLES_RANGE_ON_TRAIT	WARN	ectoine--RO:0002327-->moderately_halophilic_trait object_type=TRAIT — enables range is 'biological process or activity'; a disposition cannot satisfy it
data/traits/environment/moderately_halophilic.yaml	moderate_halophile_compatible_solutes	MICROBE_DOMAIN_ON_NONORGANISM	WARN	bcct_transporters--METPO:2000208-->glycine_betaine subject_type=GENE_OR_PROTEIN predicate='imports' — subject entails ⊑ microbe (METPO:1000525) via METPO:2000001
data/traits/environment/moderately_halophilic.yaml	moderate_halophile_compatible_solutes	MICROBE_DOMAIN_ON_NONORGANISM	WARN	teaabc_transporter--METPO:2000208-->hydroxyectoine subject_type=GENE_OR_PROTEIN predicate='imports' — subject entails ⊑ microbe (METPO:1000525) via METPO:2000001
data/traits/environment/moderately_halophilic.yaml	moderate_halophile_compatible_solutes	MICROBE_DOMAIN_ON_NONORGANISM	WARN	teaabc_transporter--METPO:2000208-->ectoine subject_type=GENE_OR_PROTEIN predicate='imports' — subject entails ⊑ microbe (METPO:1000525) via METPO:2000001
data/traits/environment/nacl_delta.yaml	nacl_delta_euryhaline_breadth	MICROBE_DOMAIN_ON_NONORGANISM	WARN	euryhaline_physiology--METPO:2000202-->tolerance_breadth subject_type=BIOLOGICAL_PROCESS predicate='produces' — subject entails ⊑ microbe (METPO:1000525) via METPO:2000001
data/traits/environment/nacl_delta_high.yaml	nacl_delta_high_extreme_euryhaline	MICROBE_DOMAIN_ON_NONORGANISM	WARN	maximal_osmoadaptive_flexibility--METPO:2000202-->nacl_delta_high_trait subject_type=BIOLOGICAL_PROCESS predicate='produces' — subject entails ⊑ microbe (METPO:1000525) via METPO:2000001
data/traits/environment/nacl_delta_low.yaml	nacl_delta_low_stenohaline	MICROBE_DOMAIN_ON_NONORGANISM	WARN	limited_osmoadaptive_flexibility--METPO:2000202-->nacl_delta_low_trait subject_type=BIOLOGICAL_PROCESS predicate='produces' — subject entails ⊑ microbe (METPO:1000525) via METPO:2000001
data/traits/environment/nacl_delta_mid1.yaml	nacl_delta_mid1_modest_breadth	MICROBE_DOMAIN_ON_NONORGANISM	WARN	modest_osmoadaptive_flexibility--METPO:2000202-->nacl_delta_mid1_trait subject_type=BIOLOGICAL_PROCESS predicate='produces' — subject entails ⊑ microbe (METPO:1000525) via METPO:2000001
data/traits/environment/nacl_delta_mid1.yaml	nacl_delta_mid1_modest_breadth	MICROBE_DOMAIN_ON_NONORGANISM	WARN	ectoine_biosynthesis--METPO:2000202-->ectoine subject_type=PATHWAY predicate='produces' — subject entails ⊑ microbe (METPO:1000525) via METPO:2000001
data/traits/environment/nacl_delta_mid2.yaml	nacl_delta_mid2_broad_breadth	MICROBE_DOMAIN_ON_NONORGANISM	WARN	robust_osmoadaptive_flexibility--METPO:2000202-->nacl_delta_mid2_trait subject_type=BIOLOGICAL_PROCESS predicate='produces' — subject entails ⊑ microbe (METPO:1000525) via METPO:2000001
data/traits/environment/nacl_optimum_high.yaml	nacl_optimum_high_extreme_halophile	MICROBE_DOMAIN_ON_NONORGANISM	WARN	salt_in_strategy--METPO:2000202-->nacl_optimum_high_trait subject_type=BIOLOGICAL_PROCESS predicate='produces' — subject entails ⊑ microbe (METPO:1000525) via METPO:2000001
data/traits/environment/nacl_optimum_low.yaml	nacl_optimum_low_non_halophile_setpoint	MICROBE_DOMAIN_ON_NONORGANISM	WARN	minimal_osmoadaptive_load--METPO:2000202-->nacl_optimum_low_trait subject_type=BIOLOGICAL_PROCESS predicate='produces' — subject entails ⊑ microbe (METPO:1000525) via METPO:2000001
data/traits/environment/nacl_optimum_mid1.yaml	nacl_optimum_mid1_slight_halophile	MICROBE_DOMAIN_ON_NONORGANISM	WARN	modest_osmoadaptation--METPO:2000202-->nacl_optimum_mid1_trait subject_type=BIOLOGICAL_PROCESS predicate='produces' — subject entails ⊑ microbe (METPO:1000525) via METPO:2000001
data/traits/environment/nacl_optimum_mid2.yaml	nacl_optimum_mid2_moderate_halophile	MICROBE_DOMAIN_ON_NONORGANISM	WARN	pronounced_compatible_solutes--METPO:2000202-->nacl_optimum_mid2_trait subject_type=BIOLOGICAL_PROCESS predicate='produces' — subject entails ⊑ microbe (METPO:1000525) via METPO:2000001
data/traits/environment/nacl_optimum_mid2.yaml	nacl_optimum_mid2_moderate_halophile	MICROBE_DOMAIN_ON_NONORGANISM	WARN	ectoine_biosynthesis_module--METPO:2000202-->ectoine subject_type=PATHWAY predicate='produces' — subject entails ⊑ microbe (METPO:1000525) via METPO:2000001
data/traits/environment/nacl_range.yaml	nacl_range_tolerance_breadth	MICROBE_DOMAIN_ON_NONORGANISM	WARN	c_di_amp--METPO:2000017-->high_salt_tolerance subject_type=CHEMICAL predicate='reduces' — subject entails ⊑ microbe (METPO:1000525) via METPO:2000001
data/traits/environment/nacl_range_high.yaml	nacl_range_high_extreme_halophile	MICROBE_DOMAIN_ON_NONORGANISM	WARN	salt_in_physiology--METPO:2000202-->nacl_range_high_trait subject_type=BIOLOGICAL_PROCESS predicate='produces' — subject entails ⊑ microbe (METPO:1000525) via METPO:2000001
data/traits/environment/nacl_range_low.yaml	nacl_range_low_non_halophile	MICROBE_DOMAIN_ON_NONORGANISM	WARN	limited_high_salt_tolerance--METPO:2000202-->nacl_range_low_trait subject_type=BIOLOGICAL_PROCESS predicate='produces' — subject entails ⊑ microbe (METPO:1000525) via METPO:2000001
data/traits/environment/nacl_range_mid1.yaml	nacl_range_mid1_slight_halophile	MICROBE_DOMAIN_ON_NONORGANISM	WARN	modest_osmoadaptive_tolerance--METPO:2000202-->nacl_range_mid1_trait subject_type=BIOLOGICAL_PROCESS predicate='produces' — subject entails ⊑ microbe (METPO:1000525) via METPO:2000001
data/traits/environment/nacl_range_mid2.yaml	nacl_range_mid2_moderate_halophile	MICROBE_DOMAIN_ON_NONORGANISM	WARN	robust_osmoadaptive_tolerance--METPO:2000202-->nacl_range_mid2_trait subject_type=BIOLOGICAL_PROCESS predicate='produces' — subject entails ⊑ microbe (METPO:1000525) via METPO:2000001
data/traits/environment/neutrophilic.yaml	neutrophilic_neutral_ph_homeostasis	ENABLES_RANGE_ON_TRAIT	WARN	near_neutral_external_ph--RO:0002327-->neutrophilic_trait object_type=TRAIT — enables range is 'biological process or activity'; a disposition cannot satisfy it
data/traits/environment/neutrophilic.yaml	neutrophilic_neutral_ph_homeostasis	ENABLES_RANGE_ON_TRAIT	WARN	cytoplasmic_ph_homeostasis--RO:0002327-->neutrophilic_trait object_type=TRAIT — enables range is 'biological process or activity'; a disposition cannot satisfy it
data/traits/environment/non_halophilic.yaml	non_halophilic_salt_stress_response	ENABLES_RANGE_ON_TRAIT	WARN	low_to_moderate_salinity--RO:0002327-->non_halophilic_trait object_type=TRAIT — enables range is 'biological process or activity'; a disposition cannot satisfy it
data/traits/environment/non_halophilic.yaml	non_halophilic_salt_stress_response	MICROBE_DOMAIN_ON_NONORGANISM	WARN	compatible_solute_uptake--METPO:2000208-->proline subject_type=GENE_OR_PROTEIN predicate='imports' — subject entails ⊑ microbe (METPO:1000525) via METPO:2000001
data/traits/environment/obligately_acidophilic.yaml	obligately_acidophilic_ph_homeostasis	ENABLES_RANGE_ON_TRAIT	WARN	cytoplasmic_ph_homeostasis--RO:0002327-->obligately_acidophilic_trait object_type=TRAIT — enables range is 'biological process or activity'; a disposition cannot satisfy it
data/traits/environment/obligately_acidophilic.yaml	obligately_acidophilic_ph_homeostasis	MICROBE_DOMAIN_ON_NONORGANISM	WARN	na_h_antiporter--METPO:2000209-->proton subject_type=GENE_OR_PROTEIN predicate='exports' — subject entails ⊑ microbe (METPO:1000525) via METPO:2000001
data/traits/environment/obligately_aerobic.yaml	obligate_aerobe_oxygen_respiration	MICROBE_DOMAIN_ON_NONORGANISM	WARN	terminal_oxidases--METPO:2000017-->molecular_oxygen subject_type=GENE_OR_PROTEIN predicate='reduces' — subject entails ⊑ microbe (METPO:1000525) via METPO:2000001
data/traits/environment/obligately_alkaphilic.yaml	obligately_alkaphilic_sodium_cycle_homeostasis	MICROBE_DOMAIN_ON_NONORGANISM	WARN	sodium_proton_antiporter--METPO:2000209-->sodium_ion subject_type=GENE_OR_PROTEIN predicate='exports' — subject entails ⊑ microbe (METPO:1000525) via METPO:2000001
data/traits/environment/obligately_alkaphilic.yaml	obligately_alkaphilic_sodium_cycle_homeostasis	MICROBE_DOMAIN_ON_NONORGANISM	WARN	sodium_proton_antiporter--METPO:2000210-->proton subject_type=GENE_OR_PROTEIN predicate='accumulates' — subject entails ⊑ microbe (METPO:1000525) via METPO:2000001
data/traits/environment/obligately_alkaphilic.yaml	obligately_alkaphilic_sodium_cycle_homeostasis	ENABLES_RANGE_ON_TRAIT	WARN	cytoplasmic_ph_homeostasis--RO:0002327-->obligately_alkaphilic_trait object_type=TRAIT — enables range is 'biological process or activity'; a disposition cannot satisfy it
data/traits/environment/obligately_piezophilic.yaml	obligate_piezophily_high_pressure_requirement	ENABLES_RANGE_ON_TRAIT	WARN	pressure_dependent_machinery--RO:0002327-->obligate_piezophilic_trait object_type=TRAIT — enables range is 'biological process or activity'; a disposition cannot satisfy it
data/traits/environment/oxygen_preference.yaml	oxygen_preference_o2_availability_axis	ENABLES_RANGE_ON_TRAIT	WARN	oxygen_terminal_electron_acceptor--RO:0002327-->aerobic_phenotype object_type=TRAIT — enables range is 'biological process or activity'; a disposition cannot satisfy it
data/traits/environment/oxygen_preference.yaml	oxygen_preference_o2_availability_axis	MICROBE_DOMAIN_ON_NONORGANISM	WARN	catalase--METPO:2000007-->hydrogen_peroxide subject_type=GENE_OR_PROTEIN predicate='degrades' — subject entails ⊑ microbe (METPO:1000525) via METPO:2000001
data/traits/environment/ph_delta.yaml	ph_delta_homeostasis_flexibility	ENABLES_RANGE_ON_TRAIT	WARN	ph_homeostasis--RO:0002327-->ph_delta_trait object_type=TRAIT — enables range is 'biological process or activity'; a disposition cannot satisfy it
data/traits/environment/ph_delta_high.yaml	ph_delta_high_euryphilic_breadth	MICROBE_DOMAIN_ON_NONORGANISM	WARN	maximal_ph_homeostasis--METPO:2000202-->ph_delta_high_trait subject_type=BIOLOGICAL_PROCESS predicate='produces' — subject entails ⊑ microbe (METPO:1000525) via METPO:2000001
data/traits/environment/ph_delta_high.yaml	ph_delta_high_euryphilic_breadth	MICROBE_DOMAIN_ON_NONORGANISM	WARN	membrane_lipid_porin_changes--METPO:2000017-->inward_proton_leakage subject_type=BIOLOGICAL_PROCESS predicate='reduces' — subject entails ⊑ microbe (METPO:1000525) via METPO:2000001
data/traits/environment/ph_delta_low.yaml	ph_delta_low_limited_breadth	MICROBE_DOMAIN_ON_NONORGANISM	WARN	limited_ph_homeostasis--METPO:2000202-->ph_delta_low_trait subject_type=BIOLOGICAL_PROCESS predicate='produces' — subject entails ⊑ microbe (METPO:1000525) via METPO:2000001
data/traits/environment/ph_delta_mid1.yaml	ph_delta_mid1_moderate_breadth	MICROBE_DOMAIN_ON_NONORGANISM	WARN	moderate_ph_homeostasis--METPO:2000202-->ph_delta_mid1_trait subject_type=BIOLOGICAL_PROCESS predicate='produces' — subject entails ⊑ microbe (METPO:1000525) via METPO:2000001
data/traits/environment/ph_delta_mid1.yaml	ph_delta_mid1_moderate_breadth	MICROBE_DOMAIN_ON_NONORGANISM	WARN	ybas_glutaminase--METPO:2000202-->ammonia subject_type=GENE_OR_PROTEIN predicate='produces' — subject entails ⊑ microbe (METPO:1000525) via METPO:2000001
data/traits/environment/ph_delta_mid2.yaml	ph_delta_mid2_broad_breadth	MICROBE_DOMAIN_ON_NONORGANISM	WARN	broad_ph_homeostasis--METPO:2000202-->ph_delta_mid2_trait subject_type=BIOLOGICAL_PROCESS predicate='produces' — subject entails ⊑ microbe (METPO:1000525) via METPO:2000001
data/traits/environment/ph_delta_mid3.yaml	ph_delta_mid3_wide_breadth	MICROBE_DOMAIN_ON_NONORGANISM	WARN	wide_ph_homeostasis--METPO:2000202-->ph_delta_mid3_trait subject_type=BIOLOGICAL_PROCESS predicate='produces' — subject entails ⊑ microbe (METPO:1000525) via METPO:2000001
data/traits/environment/ph_delta_mid3.yaml	ph_delta_mid3_wide_breadth	MICROBE_DOMAIN_ON_NONORGANISM	WARN	membrane_lipid_remodeling--METPO:2000017-->proton_permeability subject_type=BIOLOGICAL_PROCESS predicate='reduces' — subject entails ⊑ microbe (METPO:1000525) via METPO:2000001
data/traits/environment/ph_delta_very_low.yaml	ph_delta_very_low_stenotopic	MICROBE_DOMAIN_ON_NONORGANISM	WARN	very_limited_ph_homeostasis--METPO:2000202-->ph_delta_very_low_trait subject_type=BIOLOGICAL_PROCESS predicate='produces' — subject entails ⊑ microbe (METPO:1000525) via METPO:2000001
data/traits/environment/ph_growth_preference.yaml	ph_growth_preference_homeostasis	ENABLES_RANGE_ON_TRAIT	WARN	cytoplasmic_ph_homeostasis--RO:0002327-->ph_growth_preference_trait object_type=TRAIT — enables range is 'biological process or activity'; a disposition cannot satisfy it
data/traits/environment/ph_optimum_high.yaml	ph_optimum_high_alkaliphile_setpoint	MICROBE_DOMAIN_ON_NONORGANISM	WARN	alkaliphile_homeostasis--METPO:2000202-->ph_optimum_high_trait subject_type=BIOLOGICAL_PROCESS predicate='produces' — subject entails ⊑ microbe (METPO:1000525) via METPO:2000001
data/traits/environment/ph_optimum_high.yaml	ph_optimum_high_alkaliphile_setpoint	MICROBE_DOMAIN_ON_NONORGANISM	WARN	terminal_oxidases--METPO:2000202-->proton_motive_force subject_type=GENE_OR_PROTEIN predicate='produces' — subject entails ⊑ microbe (METPO:1000525) via METPO:2000001
data/traits/environment/ph_optimum_low.yaml	ph_optimum_low_acidophile_setpoint	MICROBE_DOMAIN_ON_NONORGANISM	WARN	acidophile_proton_exclusion--METPO:2000202-->ph_optimum_low_trait subject_type=BIOLOGICAL_PROCESS predicate='produces' — subject entails ⊑ microbe (METPO:1000525) via METPO:2000001
data/traits/environment/ph_optimum_mid1.yaml	ph_optimum_mid1_neutrophile_setpoint	MICROBE_DOMAIN_ON_NONORGANISM	WARN	minimal_ph_homeostasis_load--METPO:2000202-->ph_optimum_mid1_trait subject_type=BIOLOGICAL_PROCESS predicate='produces' — subject entails ⊑ microbe (METPO:1000525) via METPO:2000001
data/traits/environment/ph_optimum_mid1.yaml	ph_optimum_mid1_neutrophile_setpoint	MICROBE_DOMAIN_ON_NONORGANISM	WARN	f0f1_atpase--METPO:2000209-->proton subject_type=GENE_OR_PROTEIN predicate='exports' — subject entails ⊑ microbe (METPO:1000525) via METPO:2000001
data/traits/environment/ph_optimum_mid2.yaml	ph_optimum_mid2_alkaline_tolerant_setpoint	MICROBE_DOMAIN_ON_NONORGANISM	WARN	modest_alkaline_homeostasis--METPO:2000202-->ph_optimum_mid2_trait subject_type=BIOLOGICAL_PROCESS predicate='produces' — subject entails ⊑ microbe (METPO:1000525) via METPO:2000001
data/traits/environment/ph_range_high.yaml	ph_range_high_extreme_alkaliphile	ENABLES_RANGE_ON_TRAIT	WARN	extreme_alkaliphile_antiport--RO:0002327-->ph_range_high_trait object_type=TRAIT — enables range is 'biological process or activity'; a disposition cannot satisfy it
data/traits/environment/ph_range_high.yaml	ph_range_high_extreme_alkaliphile	ENABLES_RANGE_ON_TRAIT	WARN	mrp_antiporter_complex--RO:0002327-->ph_range_high_trait object_type=TRAIT — enables range is 'biological process or activity'; a disposition cannot satisfy it
data/traits/environment/ph_range_high.yaml	ph_range_high_extreme_alkaliphile	ENABLES_RANGE_ON_TRAIT	WARN	alkaline_ph_homeostasis--RO:0002327-->ph_range_high_trait object_type=TRAIT — enables range is 'biological process or activity'; a disposition cannot satisfy it
data/traits/environment/ph_range_low.yaml	ph_range_low_acidophile_range	ENABLES_RANGE_ON_TRAIT	WARN	acidophile_homeostasis--RO:0002327-->ph_range_low_trait object_type=TRAIT — enables range is 'biological process or activity'; a disposition cannot satisfy it
data/traits/environment/ph_range_low.yaml	ph_range_low_acidophile_range	MICROBE_DOMAIN_ON_NONORGANISM	WARN	h_atpase--METPO:2000209-->cytoplasmic_protons subject_type=GENE_OR_PROTEIN predicate='exports' — subject entails ⊑ microbe (METPO:1000525) via METPO:2000001
data/traits/environment/ph_range_mid1.yaml	ph_range_mid1_neutrophile_range	ENABLES_RANGE_ON_TRAIT	WARN	baseline_ph_homeostasis--RO:0002327-->ph_range_mid1_trait object_type=TRAIT — enables range is 'biological process or activity'; a disposition cannot satisfy it
data/traits/environment/ph_range_mid1.yaml	ph_range_mid1_neutrophile_range	ENABLES_RANGE_ON_TRAIT	WARN	cytoplasmic_ph_homeostasis--RO:0002327-->ph_range_mid1_trait object_type=TRAIT — enables range is 'biological process or activity'; a disposition cannot satisfy it
data/traits/environment/ph_range_mid2.yaml	ph_range_mid2_mild_alkaline_tolerance	ENABLES_RANGE_ON_TRAIT	WARN	modest_alkaline_tolerance--RO:0002327-->ph_range_mid2_trait object_type=TRAIT — enables range is 'biological process or activity'; a disposition cannot satisfy it
data/traits/environment/ph_range_mid3.yaml	ph_range_mid3_alkaliphile_range	ENABLES_RANGE_ON_TRAIT	WARN	alkaliphile_homeostasis--RO:0002327-->ph_range_mid3_trait object_type=TRAIT — enables range is 'biological process or activity'; a disposition cannot satisfy it
data/traits/environment/ph_range_very_low.yaml	ph_range_very_low_extreme_acidophile	ENABLES_RANGE_ON_TRAIT	WARN	extreme_acidophile_envelope--RO:0002327-->ph_range_very_low_trait object_type=TRAIT — enables range is 'biological process or activity'; a disposition cannot satisfy it
data/traits/environment/ph_range_very_low.yaml	ph_range_very_low_extreme_acidophile	MICROBE_DOMAIN_ON_NONORGANISM	WARN	reversed_membrane_potential--METPO:2000017-->proton_influx subject_type=STATE predicate='reduces' — subject entails ⊑ microbe (METPO:1000525) via METPO:2000001
data/traits/environment/piezophilic.yaml	piezophilic_hhp_membrane_adaptation	ENABLES_RANGE_ON_TRAIT	WARN	membrane_adaptation--RO:0002327-->piezophilic_trait object_type=TRAIT — enables range is 'biological process or activity'; a disposition cannot satisfy it
data/traits/environment/piezotolerant.yaml	piezotolerance_pressure_range	ENABLES_RANGE_ON_TRAIT	WARN	membrane_adaptation--RO:0002327-->piezotolerant_trait object_type=TRAIT — enables range is 'biological process or activity'; a disposition cannot satisfy it
data/traits/environment/pressure_optimum.yaml	pressure_optimum_balanced_adaptation	ENABLES_RANGE_ON_TRAIT	WARN	membrane_unsaturated_fatty_acids--RO:0002327-->pressure_optimum_trait object_type=TRAIT — enables range is 'biological process or activity'; a disposition cannot satisfy it
data/traits/environment/psychrophilic.yaml	psychrophilic_cold_adaptation	ENABLES_RANGE_ON_TRAIT	WARN	cold_adapted_enzymes--RO:0002327-->psychrophilic_trait object_type=TRAIT — enables range is 'biological process or activity'; a disposition cannot satisfy it
data/traits/environment/psychrotolerant.yaml	psychrotolerant_facultative_cold_adaptation	ENABLES_RANGE_ON_TRAIT	WARN	cold_shock_response--RO:0002327-->psychrotolerant_trait object_type=TRAIT — enables range is 'biological process or activity'; a disposition cannot satisfy it
data/traits/environment/radiotolerant.yaml	radiotolerance_repair_antioxidant	ENABLES_RANGE_ON_TRAIT	WARN	dna_damage_repair--RO:0002327-->radiotolerant_trait object_type=TRAIT — enables range is 'biological process or activity'; a disposition cannot satisfy it
data/traits/environment/radiotolerant.yaml	radiotolerance_repair_antioxidant	ENABLES_RANGE_ON_TRAIT	WARN	mn_antioxidant_protection--RO:0002327-->radiotolerant_trait object_type=TRAIT — enables range is 'biological process or activity'; a disposition cannot satisfy it
data/traits/environment/salinity_phenotype_with_numerical_limits.yaml	salinity_phenotype_numerical_axis	MICROBE_DOMAIN_ON_NONORGANISM	WARN	proline_biosynthesis_pathway--METPO:2000202-->l_proline subject_type=PATHWAY predicate='produces' — subject entails ⊑ microbe (METPO:1000525) via METPO:2000001
data/traits/environment/slightly_halophilic.yaml	slight_halophile_low_salt_osmoadaptation	ENABLES_RANGE_ON_TRAIT	WARN	low_moderate_nacl--RO:0002327-->slightly_halophilic_trait object_type=TRAIT — enables range is 'biological process or activity'; a disposition cannot satisfy it
data/traits/environment/slightly_halophilic.yaml	slight_halophile_low_salt_osmoadaptation	MICROBE_DOMAIN_ON_NONORGANISM	WARN	osmoprotectant_transport--METPO:2000210-->compatible_solutes subject_type=MOLECULAR_FUNCTION predicate='accumulates' — subject entails ⊑ microbe (METPO:1000525) via METPO:2000001
data/traits/environment/slightly_halophilic.yaml	slight_halophile_low_salt_osmoadaptation	MICROBE_DOMAIN_ON_NONORGANISM	WARN	ectoine_biosynthesis--METPO:2000202-->ectoine subject_type=BIOLOGICAL_PROCESS predicate='produces' — subject entails ⊑ microbe (METPO:1000525) via METPO:2000001
data/traits/environment/strictly_anaerobic.yaml	strict_anaerobe_oxygen_sensitivity	ENABLES_RANGE_ON_TRAIT	WARN	anoxic_condition--RO:0002327-->strictly_anaerobic_trait object_type=TRAIT — enables range is 'biological process or activity'; a disposition cannot satisfy it
data/traits/environment/temperature_delta_high.yaml	temperature_delta_high_eurythermal	MICROBE_DOMAIN_ON_NONORGANISM	WARN	maximal_thermal_adaptation--METPO:2000202-->temperature_delta_high_trait subject_type=BIOLOGICAL_PROCESS predicate='produces' — subject entails ⊑ microbe (METPO:1000525) via METPO:2000001
data/traits/environment/temperature_delta_low.yaml	temperature_delta_low_limited_breadth	MICROBE_DOMAIN_ON_NONORGANISM	WARN	limited_thermal_adaptation--METPO:2000202-->temperature_delta_low_trait subject_type=BIOLOGICAL_PROCESS predicate='produces' — subject entails ⊑ microbe (METPO:1000525) via METPO:2000001
data/traits/environment/temperature_delta_mid1.yaml	temperature_delta_mid1_moderate_breadth	MICROBE_DOMAIN_ON_NONORGANISM	WARN	moderate_thermal_adaptation--METPO:2000202-->temperature_delta_mid1_trait subject_type=BIOLOGICAL_PROCESS predicate='produces' — subject entails ⊑ microbe (METPO:1000525) via METPO:2000001
data/traits/environment/temperature_delta_mid2.yaml	temperature_delta_mid2_broad_breadth	MICROBE_DOMAIN_ON_NONORGANISM	WARN	broad_thermal_adaptation--METPO:2000202-->temperature_delta_mid2_trait subject_type=BIOLOGICAL_PROCESS predicate='produces' — subject entails ⊑ microbe (METPO:1000525) via METPO:2000001
data/traits/environment/temperature_delta_mid2.yaml	temperature_delta_mid2_broad_breadth	MICROBE_DOMAIN_ON_NONORGANISM	WARN	otsab_operon--METPO:2000202-->trehalose subject_type=PATHWAY predicate='produces' — subject entails ⊑ microbe (METPO:1000525) via METPO:2000001
data/traits/environment/temperature_delta_very_low.yaml	temperature_delta_very_low_stenothermal	MICROBE_DOMAIN_ON_NONORGANISM	WARN	very_limited_thermal_adaptation--METPO:2000202-->temperature_delta_very_low_trait subject_type=BIOLOGICAL_PROCESS predicate='produces' — subject entails ⊑ microbe (METPO:1000525) via METPO:2000001
data/traits/environment/temperature_optimum_high.yaml	temperature_optimum_high_thermophile_setpoint	MICROBE_DOMAIN_ON_NONORGANISM	WARN	thermophile_thermostability--METPO:2000202-->temperature_optimum_high_trait subject_type=BIOLOGICAL_PROCESS predicate='produces' — subject entails ⊑ microbe (METPO:1000525) via METPO:2000001
data/traits/environment/temperature_optimum_high.yaml	temperature_optimum_high_thermophile_setpoint	MICROBE_DOMAIN_ON_NONORGANISM	WARN	positive_dna_supercoiling--METPO:2000017-->dna_melting_high_temperature subject_type=BIOLOGICAL_PROCESS predicate='reduces' — subject entails ⊑ microbe (METPO:1000525) via METPO:2000001
data/traits/environment/temperature_optimum_low.yaml	temperature_optimum_low_psychrotolerant_setpoint	MICROBE_DOMAIN_ON_NONORGANISM	WARN	psychrotolerant_adaptation--METPO:2000202-->temperature_optimum_low_trait subject_type=BIOLOGICAL_PROCESS predicate='produces' — subject entails ⊑ microbe (METPO:1000525) via METPO:2000001
data/traits/environment/temperature_optimum_mid1.yaml	temperature_optimum_mid1_lower_mesophile	MICROBE_DOMAIN_ON_NONORGANISM	WARN	mesophile_adaptation--METPO:2000202-->temperature_optimum_mid1_trait subject_type=BIOLOGICAL_PROCESS predicate='produces' — subject entails ⊑ microbe (METPO:1000525) via METPO:2000001
data/traits/environment/temperature_optimum_mid2.yaml	temperature_optimum_mid2_mesophile	MICROBE_DOMAIN_ON_NONORGANISM	WARN	baseline_mesophile_adaptation--METPO:2000202-->temperature_optimum_mid2_trait subject_type=BIOLOGICAL_PROCESS predicate='produces' — subject entails ⊑ microbe (METPO:1000525) via METPO:2000001
data/traits/environment/temperature_optimum_mid3.yaml	temperature_optimum_mid3_upper_mesophile	MICROBE_DOMAIN_ON_NONORGANISM	WARN	upper_mesophile_adaptation--METPO:2000202-->temperature_optimum_mid3_trait subject_type=BIOLOGICAL_PROCESS predicate='produces' — subject entails ⊑ microbe (METPO:1000525) via METPO:2000001
data/traits/environment/temperature_optimum_mid4.yaml	temperature_optimum_mid4_warm_mesophile	MICROBE_DOMAIN_ON_NONORGANISM	WARN	warm_mesophile_adaptation--METPO:2000202-->temperature_optimum_mid4_trait subject_type=BIOLOGICAL_PROCESS predicate='produces' — subject entails ⊑ microbe (METPO:1000525) via METPO:2000001
data/traits/environment/temperature_optimum_very_low.yaml	temperature_optimum_very_low_psychrophile_setpoint	MICROBE_DOMAIN_ON_NONORGANISM	WARN	psychrophile_machinery--METPO:2000202-->temperature_optimum_very_low_trait subject_type=BIOLOGICAL_PROCESS predicate='produces' — subject entails ⊑ microbe (METPO:1000525) via METPO:2000001
data/traits/environment/temperature_range_high.yaml	temperature_range_high_thermophile	ENABLES_RANGE_ON_TRAIT	WARN	thermophile_thermostability--RO:0002327-->temperature_range_high_trait object_type=TRAIT — enables range is 'biological process or activity'; a disposition cannot satisfy it
data/traits/environment/temperature_range_high.yaml	temperature_range_high_thermophile	ENABLES_RANGE_ON_TRAIT	WARN	reverse_gyrase--RO:0002327-->temperature_range_high_trait object_type=TRAIT — enables range is 'biological process or activity'; a disposition cannot satisfy it
data/traits/environment/temperature_range_high.yaml	temperature_range_high_thermophile	ENABLES_RANGE_ON_TRAIT	WARN	proteostasis_high_temp--RO:0002327-->temperature_range_high_trait object_type=TRAIT — enables range is 'biological process or activity'; a disposition cannot satisfy it
data/traits/environment/temperature_range_low.yaml	temperature_range_low_psychrotolerant	ENABLES_RANGE_ON_TRAIT	WARN	psychrotolerant_adaptation--RO:0002327-->temperature_range_low_trait object_type=TRAIT — enables range is 'biological process or activity'; a disposition cannot satisfy it
data/traits/environment/temperature_range_mid1.yaml	temperature_range_mid1_lower_mesophile	ENABLES_RANGE_ON_TRAIT	WARN	lower_mesophile_adaptation--RO:0002327-->temperature_range_mid1_trait object_type=TRAIT — enables range is 'biological process or activity'; a disposition cannot satisfy it
data/traits/environment/temperature_range_mid2.yaml	temperature_range_mid2_baseline_mesophile	ENABLES_RANGE_ON_TRAIT	WARN	baseline_mesophile_adaptation--RO:0002327-->temperature_range_mid2_trait object_type=TRAIT — enables range is 'biological process or activity'; a disposition cannot satisfy it
data/traits/environment/temperature_range_mid2.yaml	temperature_range_mid2_baseline_mesophile	ENABLES_RANGE_ON_TRAIT	WARN	membrane_fluidity--RO:0002327-->temperature_range_mid2_trait object_type=TRAIT — enables range is 'biological process or activity'; a disposition cannot satisfy it
data/traits/environment/temperature_range_mid3.yaml	temperature_range_mid3_upper_mesophile	ENABLES_RANGE_ON_TRAIT	WARN	upper_mesophile_adaptation--RO:0002327-->temperature_range_mid3_trait object_type=TRAIT — enables range is 'biological process or activity'; a disposition cannot satisfy it
data/traits/environment/temperature_range_mid4.yaml	temperature_range_mid4_warm_mesophile	ENABLES_RANGE_ON_TRAIT	WARN	warm_mesophile_adaptation--RO:0002327-->temperature_range_mid4_trait object_type=TRAIT — enables range is 'biological process or activity'; a disposition cannot satisfy it
data/traits/environment/temperature_range_very_low.yaml	temperature_range_very_low_psychrophile	ENABLES_RANGE_ON_TRAIT	WARN	psychrophile_machinery--RO:0002327-->temperature_range_very_low_trait object_type=TRAIT — enables range is 'biological process or activity'; a disposition cannot satisfy it
data/traits/environment/thermophilic.yaml	thermophilic_heat_adaptation	ENABLES_RANGE_ON_TRAIT	WARN	thermostable_proteins--RO:0002327-->thermophilic_trait object_type=TRAIT — enables range is 'biological process or activity'; a disposition cannot satisfy it
data/traits/environment/thermophilic.yaml	thermophilic_heat_adaptation	ENABLES_RANGE_ON_TRAIT	WARN	energy_transducing_enzymes--RO:0002327-->thermophilic_trait object_type=TRAIT — enables range is 'biological process or activity'; a disposition cannot satisfy it
data/traits/environment/thermotolerant.yaml	thermotolerant_facultative_heat_adaptation	ENABLES_RANGE_ON_TRAIT	WARN	limited_thermostability--RO:0002327-->thermotolerant_trait object_type=TRAIT — enables range is 'biological process or activity'; a disposition cannot satisfy it
data/traits/environment/uv_radiation_tolerant.yaml	uv_tolerance_excision_repair	ENABLES_RANGE_ON_TRAIT	WARN	nucleotide_excision_repair--RO:0002327-->uv_tolerant_trait object_type=TRAIT — enables range is 'biological process or activity'; a disposition cannot satisfy it
data/traits/environment/uv_radiation_tolerant.yaml	uv_tolerance_excision_repair	ENABLES_RANGE_ON_TRAIT	WARN	photoreactivation--RO:0002327-->uv_tolerant_trait object_type=TRAIT — enables range is 'biological process or activity'; a disposition cannot satisfy it
data/traits/environment/zinc_tolerant.yaml	zinc_tolerance_czc_efflux	MICROBE_DOMAIN_ON_NONORGANISM	WARN	znta_atpase--METPO:2000209-->zinc_ion subject_type=GENE_OR_PROTEIN predicate='exports' — subject entails ⊑ microbe (METPO:1000525) via METPO:2000001
data/traits/environment/zinc_tolerant.yaml	zinc_tolerance_czc_efflux	MICROBE_DOMAIN_ON_NONORGANISM	WARN	czccba_complex--METPO:2000209-->zinc_ion subject_type=GENE_OR_PROTEIN predicate='exports' — subject entails ⊑ microbe (METPO:1000525) via METPO:2000001
data/traits/genomics/crispr_cas_system.yaml	crispr_adaptive_immunity	ENABLES_RANGE_ON_TRAIT	WARN	cas_proteins--RO:0002327-->crispr_trait object_type=TRAIT — enables range is 'biological process or activity'; a disposition cannot satisfy it
data/traits/genomics/crispr_cas_system.yaml	crispr_adaptive_immunity	MICROBE_DOMAIN_ON_NONORGANISM	WARN	crispr_array_transcription--METPO:2000202-->crrna subject_type=BIOLOGICAL_PROCESS predicate='produces' — subject entails ⊑ microbe (METPO:1000525) via METPO:2000001
data/traits/genomics/gc_high.yaml	gc_high_low_gc_bin	MICROBE_DOMAIN_ON_NONORGANISM	WARN	at_mutation_bias--METPO:2000202-->gc_high_trait subject_type=BIOLOGICAL_PROCESS predicate='produces' — subject entails ⊑ microbe (METPO:1000525) via METPO:2000001
data/traits/genomics/gc_low.yaml	gc_low_mid_low_gc_bin	MICROBE_DOMAIN_ON_NONORGANISM	WARN	moderate_mutation_bias--METPO:2000202-->gc_low_trait subject_type=BIOLOGICAL_PROCESS predicate='produces' — subject entails ⊑ microbe (METPO:1000525) via METPO:2000001
data/traits/genomics/gc_mid1.yaml	gc_mid1_high_gc_bin	MICROBE_DOMAIN_ON_NONORGANISM	WARN	strong_gbgc--METPO:2000202-->gc_mid1_trait subject_type=BIOLOGICAL_PROCESS predicate='produces' — subject entails ⊑ microbe (METPO:1000525) via METPO:2000001
data/traits/genomics/gc_mid2.yaml	gc_mid2_mid_high_gc_bin	MICROBE_DOMAIN_ON_NONORGANISM	WARN	moderate_gbgc--METPO:2000202-->gc_mid2_trait subject_type=BIOLOGICAL_PROCESS predicate='produces' — subject entails ⊑ microbe (METPO:1000525) via METPO:2000001
data/traits/genomics/plasmid_carriage.yaml	plasmid_conjugation_hgt	MICROBE_DOMAIN_ON_NONORGANISM	WARN	compensatory_mutation--METPO:2000017-->fitness_cost subject_type=BIOLOGICAL_PROCESS predicate='reduces' — subject entails ⊑ microbe (METPO:1000525) via METPO:2000001
data/traits/metabolism/acetogenesis.yaml	acetogenesis_wood_ljungdahl	MICROBE_DOMAIN_ON_NONORGANISM	WARN	wood_ljungdahl_pathway--METPO:2000202-->acetyl_coa subject_type=PATHWAY predicate='produces' — subject entails ⊑ microbe (METPO:1000525) via METPO:2000001
data/traits/metabolism/acetogenesis.yaml	acetogenesis_wood_ljungdahl	MICROBE_DOMAIN_ON_NONORGANISM	WARN	acetyl_phosphate--METPO:2000202-->atp subject_type=CHEMICAL predicate='produces' — subject entails ⊑ microbe (METPO:1000525) via METPO:2000001
data/traits/metabolism/aerobic_respiration.yaml	aerobic_respiration_terminal_oxidase	MICROBE_DOMAIN_ON_NONORGANISM	WARN	cytochrome_c_oxidase--METPO:2000017-->molecular_oxygen subject_type=GENE_OR_PROTEIN predicate='reduces' — subject entails ⊑ microbe (METPO:1000525) via METPO:2000001
data/traits/metabolism/aerobic_respiration.yaml	aerobic_respiration_terminal_oxidase	MICROBE_DOMAIN_ON_NONORGANISM	WARN	atp_synthase--METPO:2000202-->atp subject_type=GENE_OR_PROTEIN predicate='produces' — subject entails ⊑ microbe (METPO:1000525) via METPO:2000001
data/traits/metabolism/anaerobic_oxidation_of_methane.yaml	aom_anme_sulfate_consortium	ENABLES_RANGE_ON_TRAIT	WARN	diet--RO:0002327-->aom_trait object_type=TRAIT — enables range is 'biological process or activity'; a disposition cannot satisfy it
data/traits/metabolism/anaerobic_respiration.yaml	anaerobic_respiration_denitrification	MICROBE_DOMAIN_ON_NONORGANISM	WARN	nitrate_reductase--METPO:2000202-->nitrite subject_type=GENE_OR_PROTEIN predicate='produces' — subject entails ⊑ microbe (METPO:1000525) via METPO:2000001
data/traits/metabolism/anaerobic_respiration.yaml	anaerobic_respiration_denitrification	MICROBE_DOMAIN_ON_NONORGANISM	WARN	nitrous_oxide_reductase--METPO:2000017-->nitrous_oxide subject_type=GENE_OR_PROTEIN predicate='reduces' — subject entails ⊑ microbe (METPO:1000525) via METPO:2000001
data/traits/metabolism/anaerobic_respiration.yaml	anaerobic_respiration_denitrification	MICROBE_DOMAIN_ON_NONORGANISM	WARN	nitrous_oxide_reductase--METPO:2000202-->dinitrogen subject_type=GENE_OR_PROTEIN predicate='produces' — subject entails ⊑ microbe (METPO:1000525) via METPO:2000001
data/traits/metabolism/anoxygenic_photosynthesis.yaml	anoxygenic_photosynthesis_sulfide_donor	ENABLES_RANGE_ON_TRAIT	WARN	photosynthetic_etc--RO:0002327-->anoxygenic_photosynthesis_trait object_type=TRAIT — enables range is 'biological process or activity'; a disposition cannot satisfy it
data/traits/metabolism/anoxygenic_photosynthesis.yaml	anoxygenic_photosynthesis_sulfide_donor	ENABLES_RANGE_ON_TRAIT	WARN	type_i_reaction_center--RO:0002327-->anoxygenic_photosynthesis_trait object_type=TRAIT — enables range is 'biological process or activity'; a disposition cannot satisfy it
data/traits/metabolism/biopolymer_degradation.yaml	biopolymer_degradation_extracellular_hydrolysis	ENABLES_RANGE_ON_TRAIT	WARN	extracellular_enzymes--RO:0002327-->biopolymer_degradation_trait object_type=TRAIT — enables range is 'biological process or activity'; a disposition cannot satisfy it
data/traits/metabolism/biopolymer_degradation.yaml	biopolymer_degradation_extracellular_hydrolysis	MICROBE_DOMAIN_ON_NONORGANISM	WARN	biopolymer_degradation_trait--METPO:2000202-->assimilable_units subject_type=TRAIT predicate='produces' — subject entails ⊑ microbe (METPO:1000525) via METPO:2000001
data/traits/metabolism/biopolymer_degradation.yaml	biopolymer_degradation_extracellular_hydrolysis	MICROBE_DOMAIN_ON_NONORGANISM	WARN	susc_transporter--METPO:2000208-->oligosaccharides subject_type=GENE_OR_PROTEIN predicate='imports' — subject entails ⊑ microbe (METPO:1000525) via METPO:2000001
data/traits/metabolism/cable_bacteria_metabolism.yaml	cable_bacteria_long_distance_electron_transport	MICROBE_DOMAIN_ON_NONORGANISM	WARN	electrogenic_sulfur_oxidation--METPO:2000202-->sulfate subject_type=BIOLOGICAL_PROCESS predicate='produces' — subject entails ⊑ microbe (METPO:1000525) via METPO:2000001
data/traits/metabolism/calvin_benson_bassham_cycle.yaml	cbb_rubisco_co2_fixation	ENABLES_RANGE_ON_TRAIT	WARN	cbb_pathway--RO:0002327-->cbb_trait object_type=TRAIT — enables range is 'biological process or activity'; a disposition cannot satisfy it
data/traits/metabolism/carbon_fixation.yaml	carbon_fixation_co2_assimilation	ENABLES_RANGE_ON_TRAIT	WARN	carbon_fixation_process--RO:0002327-->carbon_fixation_trait object_type=TRAIT — enables range is 'biological process or activity'; a disposition cannot satisfy it
data/traits/metabolism/carbon_fixation.yaml	carbon_fixation_co2_assimilation	MICROBE_DOMAIN_ON_NONORGANISM	WARN	carbonic_anhydrase--METPO:2000202-->bicarbonate subject_type=GENE_OR_PROTEIN predicate='produces' — subject entails ⊑ microbe (METPO:1000525) via METPO:2000001
data/traits/metabolism/cellulolysis.yaml	cellulolysis_cellulase_systems	ENABLES_RANGE_ON_TRAIT	WARN	cellulase--RO:0002327-->cellulolysis_trait object_type=TRAIT — enables range is 'biological process or activity'; a disposition cannot satisfy it
data/traits/metabolism/cellulolysis.yaml	cellulolysis_cellulase_systems	MICROBE_DOMAIN_ON_NONORGANISM	WARN	cellulolysis_trait--METPO:2000202-->glucose subject_type=TRAIT predicate='produces' — subject entails ⊑ microbe (METPO:1000525) via METPO:2000001
data/traits/metabolism/cellulolysis.yaml	cellulolysis_cellulase_systems	MICROBE_DOMAIN_ON_NONORGANISM	WARN	endoglucanase--METPO:2000007-->cellulose subject_type=GENE_OR_PROTEIN predicate='degrades' — subject entails ⊑ microbe (METPO:1000525) via METPO:2000001
data/traits/metabolism/cellulolysis.yaml	cellulolysis_cellulase_systems	MICROBE_DOMAIN_ON_NONORGANISM	WARN	cellobiohydrolase--METPO:2000007-->cellulose subject_type=GENE_OR_PROTEIN predicate='degrades' — subject entails ⊑ microbe (METPO:1000525) via METPO:2000001
data/traits/metabolism/cellulolysis.yaml	cellulolysis_cellulase_systems	MICROBE_DOMAIN_ON_NONORGANISM	WARN	beta_glucosidase--METPO:2000013-->cellobiose subject_type=GENE_OR_PROTEIN predicate='hydrolyzes' — subject entails ⊑ microbe (METPO:1000525) via METPO:2000001
data/traits/metabolism/cellulolysis.yaml	cellulolysis_cellulase_systems	MICROBE_DOMAIN_ON_NONORGANISM	WARN	beta_glucosidase--METPO:2000202-->glucose subject_type=GENE_OR_PROTEIN predicate='produces' — subject entails ⊑ microbe (METPO:1000525) via METPO:2000001
data/traits/metabolism/cellulolysis.yaml	cellulolysis_cellulase_systems	MICROBE_DOMAIN_ON_NONORGANISM	WARN	cellulose--METPO:2000013-->cellobiose subject_type=CHEMICAL predicate='is hydrolyzed to' — subject entails ⊑ microbe (METPO:1000525) via METPO:2000001
data/traits/metabolism/cellulolysis.yaml	cellulolysis_cellulase_systems	MICROBE_DOMAIN_ON_NONORGANISM	WARN	cellobiohydrolase--METPO:2000202-->cellobiose subject_type=GENE_OR_PROTEIN predicate='produces' — subject entails ⊑ microbe (METPO:1000525) via METPO:2000001
data/traits/metabolism/cellulolysis.yaml	cellulolysis_cellulase_systems	ENABLES_RANGE_ON_TRAIT	WARN	cellulosome--RO:0002327-->cellulolysis_trait object_type=TRAIT — enables range is 'biological process or activity'; a disposition cannot satisfy it
data/traits/metabolism/chitinolysis.yaml	chitinolysis_chitinase	ENABLES_RANGE_ON_TRAIT	WARN	chitinase--RO:0002327-->chitinolysis_trait object_type=TRAIT — enables range is 'biological process or activity'; a disposition cannot satisfy it
data/traits/metabolism/chitinolysis.yaml	chitinolysis_chitinase	MICROBE_DOMAIN_ON_NONORGANISM	WARN	chitinolysis_trait--METPO:2000202-->n_acetylglucosamine subject_type=TRAIT predicate='produces' — subject entails ⊑ microbe (METPO:1000525) via METPO:2000001
data/traits/metabolism/dicarboxylate_four_hydroxybutyrate_cycle.yaml	dc_four_hb_anaerobic_archaeal_co2_fixation	MICROBE_DOMAIN_ON_NONORGANISM	WARN	pyruvate_synthase--METPO:2000202-->pyruvate subject_type=GENE_OR_PROTEIN predicate='produces' — subject entails ⊑ microbe (METPO:1000525) via METPO:2000001
data/traits/metabolism/dicarboxylate_four_hydroxybutyrate_cycle.yaml	dc_four_hb_anaerobic_archaeal_co2_fixation	MICROBE_DOMAIN_ON_NONORGANISM	WARN	pep_carboxylase--METPO:2000202-->oxaloacetate subject_type=GENE_OR_PROTEIN predicate='produces' — subject entails ⊑ microbe (METPO:1000525) via METPO:2000001
data/traits/metabolism/dicarboxylate_four_hydroxybutyrate_cycle.yaml	dc_four_hb_anaerobic_archaeal_co2_fixation	MICROBE_DOMAIN_ON_NONORGANISM	WARN	four_hydroxybutyryl_coa_dehydratase--METPO:2000202-->crotonyl_coa subject_type=GENE_OR_PROTEIN predicate='produces' — subject entails ⊑ microbe (METPO:1000525) via METPO:2000001
data/traits/metabolism/disproportionation.yaml	sulfur_disproportionation_redox_split	MICROBE_DOMAIN_ON_NONORGANISM	WARN	thiosulfate--METPO:2000202-->sulfate subject_type=CHEMICAL predicate='produces' — subject entails ⊑ microbe (METPO:1000525) via METPO:2000001
data/traits/metabolism/disproportionation.yaml	sulfur_disproportionation_redox_split	MICROBE_DOMAIN_ON_NONORGANISM	WARN	thiosulfate--METPO:2000202-->sulfide subject_type=CHEMICAL predicate='produces' — subject entails ⊑ microbe (METPO:1000525) via METPO:2000001
data/traits/metabolism/disproportionation.yaml	sulfur_disproportionation_redox_split	MICROBE_DOMAIN_ON_NONORGANISM	WARN	tsda_thiosulfate_dehydrogenase--METPO:2000202-->tetrathionate subject_type=GENE_OR_PROTEIN predicate='produces' — subject entails ⊑ microbe (METPO:1000525) via METPO:2000001
data/traits/metabolism/disproportionation.yaml	sulfur_disproportionation_redox_split	MICROBE_DOMAIN_ON_NONORGANISM	WARN	teth_tetrathionate_hydrolase--METPO:2000200-->tetrathionate subject_type=GENE_OR_PROTEIN predicate='disproportionates' — subject entails ⊑ microbe (METPO:1000525) via METPO:2000001
data/traits/metabolism/disproportionation.yaml	sulfur_disproportionation_redox_split	MICROBE_DOMAIN_ON_NONORGANISM	WARN	sor_sulfur_oxygenase_reductase--METPO:2000200-->elemental_sulfur subject_type=GENE_OR_PROTEIN predicate='disproportionates' — subject entails ⊑ microbe (METPO:1000525) via METPO:2000001
data/traits/metabolism/disproportionation.yaml	sulfur_disproportionation_redox_split	MICROBE_DOMAIN_ON_NONORGANISM	WARN	sor_sulfur_oxygenase_reductase--METPO:2000202-->sulfite subject_type=GENE_OR_PROTEIN predicate='produces' — subject entails ⊑ microbe (METPO:1000525) via METPO:2000001
data/traits/metabolism/dissimilatory_iron_reduction.yaml	dir_ferric_iron_respiration	ENABLES_RANGE_ON_TRAIT	WARN	ferric_iron--RO:0002327-->dir_trait object_type=TRAIT — enables range is 'biological process or activity'; a disposition cannot satisfy it
data/traits/metabolism/dissimilatory_iron_reduction.yaml	dir_ferric_iron_respiration	ENABLES_RANGE_ON_TRAIT	WARN	solid_fe3_mineral--RO:0002327-->dir_trait object_type=TRAIT — enables range is 'biological process or activity'; a disposition cannot satisfy it
data/traits/metabolism/dissimilatory_iron_reduction.yaml	dir_ferric_iron_respiration	ENABLES_RANGE_ON_TRAIT	WARN	dissolved_fe3_om_complex--RO:0002327-->dir_trait object_type=TRAIT — enables range is 'biological process or activity'; a disposition cannot satisfy it
data/traits/metabolism/dissimilatory_manganese_reduction.yaml	dmr_mn_oxide_respiration	ENABLES_RANGE_ON_TRAIT	WARN	mn_iv_oxide--RO:0002327-->dmr_trait object_type=TRAIT — enables range is 'biological process or activity'; a disposition cannot satisfy it
data/traits/metabolism/dissimilatory_manganese_reduction.yaml	dmr_mn_oxide_respiration	ENABLES_RANGE_ON_TRAIT	WARN	anoxia--RO:0002327-->dmr_trait object_type=TRAIT — enables range is 'biological process or activity'; a disposition cannot satisfy it
data/traits/metabolism/dissimilatory_metal_reduction.yaml	metal_reduction_anaerobic_respiration	ENABLES_RANGE_ON_TRAIT	WARN	metal_terminal_acceptor--RO:0002327-->metal_reduction_trait object_type=TRAIT — enables range is 'biological process or activity'; a disposition cannot satisfy it
data/traits/metabolism/dissimilatory_sulfate_reduction.yaml	sulfate_reduction_to_sulfide	MICROBE_DOMAIN_ON_NONORGANISM	WARN	sat_enzyme--METPO:2000202-->aps subject_type=GENE_OR_PROTEIN predicate='produces' — subject entails ⊑ microbe (METPO:1000525) via METPO:2000001
data/traits/metabolism/dissimilatory_sulfate_reduction.yaml	sulfate_reduction_to_sulfide	MICROBE_DOMAIN_ON_NONORGANISM	WARN	aprab_complex--METPO:2000017-->aps subject_type=GENE_OR_PROTEIN predicate='reduces' — subject entails ⊑ microbe (METPO:1000525) via METPO:2000001
data/traits/metabolism/dissimilatory_sulfate_reduction.yaml	sulfate_reduction_to_sulfide	MICROBE_DOMAIN_ON_NONORGANISM	WARN	aprab_complex--METPO:2000202-->sulfite subject_type=GENE_OR_PROTEIN predicate='produces' — subject entails ⊑ microbe (METPO:1000525) via METPO:2000001
data/traits/metabolism/dissimilatory_sulfate_reduction.yaml	sulfate_reduction_to_sulfide	MICROBE_DOMAIN_ON_NONORGANISM	WARN	dsrab_dsrc--METPO:2000202-->dsrc_trisulfide subject_type=GENE_OR_PROTEIN predicate='produces' — subject entails ⊑ microbe (METPO:1000525) via METPO:2000001
data/traits/metabolism/dissimilatory_sulfate_reduction.yaml	sulfate_reduction_to_sulfide	MICROBE_DOMAIN_ON_NONORGANISM	WARN	dsrmkjop_complex--METPO:2000017-->dsrc_trisulfide subject_type=GENE_OR_PROTEIN predicate='reduces' — subject entails ⊑ microbe (METPO:1000525) via METPO:2000001
data/traits/metabolism/dissimilatory_sulfate_reduction.yaml	sulfate_reduction_to_sulfide	MICROBE_DOMAIN_ON_NONORGANISM	WARN	dsrmkjop_complex--METPO:2000202-->sulfide subject_type=GENE_OR_PROTEIN predicate='produces' — subject entails ⊑ microbe (METPO:1000525) via METPO:2000001
data/traits/metabolism/electron_transfer.yaml	electron_transfer_redox_carriers	MICROBE_DOMAIN_ON_NONORGANISM	WARN	complex_i--METPO:2000017-->ubiquinone subject_type=GENE_OR_PROTEIN predicate='reduces' — subject entails ⊑ microbe (METPO:1000525) via METPO:2000001
data/traits/metabolism/electron_transfer.yaml	electron_transfer_redox_carriers	MICROBE_DOMAIN_ON_NONORGANISM	WARN	terminal_oxidase--METPO:2000017-->oxygen subject_type=GENE_OR_PROTEIN predicate='reduces' — subject entails ⊑ microbe (METPO:1000525) via METPO:2000001
data/traits/metabolism/ethanol_fermentation.yaml	ethanol_fermentation_pyruvate_to_ethanol	MICROBE_DOMAIN_ON_NONORGANISM	WARN	ethanol_fermentation_trait--METPO:2000202-->ethanol subject_type=TRAIT predicate='produces' — subject entails ⊑ microbe (METPO:1000525) via METPO:2000001
data/traits/metabolism/ethanol_fermentation.yaml	ethanol_fermentation_pyruvate_to_ethanol	MICROBE_DOMAIN_ON_NONORGANISM	WARN	pyruvate_decarboxylase--METPO:2000202-->acetaldehyde subject_type=GENE_OR_PROTEIN predicate='produces' — subject entails ⊑ microbe (METPO:1000525) via METPO:2000001
data/traits/metabolism/ethanol_fermentation.yaml	ethanol_fermentation_pyruvate_to_ethanol	MICROBE_DOMAIN_ON_NONORGANISM	WARN	pyruvate_decarboxylase--METPO:2000202-->carbon_dioxide subject_type=GENE_OR_PROTEIN predicate='produces' — subject entails ⊑ microbe (METPO:1000525) via METPO:2000001
data/traits/metabolism/ethanol_fermentation.yaml	ethanol_fermentation_pyruvate_to_ethanol	MICROBE_DOMAIN_ON_NONORGANISM	WARN	alcohol_dehydrogenase--METPO:2000202-->ethanol subject_type=GENE_OR_PROTEIN predicate='produces' — subject entails ⊑ microbe (METPO:1000525) via METPO:2000001
data/traits/metabolism/ethanol_fermentation.yaml	ethanol_fermentation_pyruvate_to_ethanol	MICROBE_DOMAIN_ON_NONORGANISM	WARN	alcohol_dehydrogenase--METPO:2000202-->nad_plus subject_type=GENE_OR_PROTEIN predicate='produces' — subject entails ⊑ microbe (METPO:1000525) via METPO:2000001
data/traits/metabolism/fermentation.yaml	fermentation_redox_energy	MICROBE_DOMAIN_ON_NONORGANISM	WARN	substrate_level_phosphorylation--METPO:2000202-->atp subject_type=BIOLOGICAL_PROCESS predicate='produces' — subject entails ⊑ microbe (METPO:1000525) via METPO:2000001
data/traits/metabolism/fermentation.yaml	fermentation_redox_energy	MICROBE_DOMAIN_ON_NONORGANISM	WARN	pfor--METPO:2000202-->reduced_ferredoxin subject_type=GENE_OR_PROTEIN predicate='produces' — subject entails ⊑ microbe (METPO:1000525) via METPO:2000001
data/traits/metabolism/fermentation.yaml	fermentation_redox_energy	MICROBE_DOMAIN_ON_NONORGANISM	WARN	flavin_based_electron_bifurcation--METPO:2000017-->reduced_ferredoxin subject_type=BIOLOGICAL_PROCESS predicate='reduces' — subject entails ⊑ microbe (METPO:1000525) via METPO:2000001
data/traits/metabolism/fermentation.yaml	fermentation_redox_energy	MICROBE_DOMAIN_ON_NONORGANISM	WARN	atp_synthase--METPO:2000202-->atp subject_type=GENE_OR_PROTEIN predicate='produces' — subject entails ⊑ microbe (METPO:1000525) via METPO:2000001
data/traits/metabolism/fermentative_hydrogen_production.yaml	fermentative_h2_production	MICROBE_DOMAIN_ON_NONORGANISM	WARN	fermentative_h2_trait--METPO:2000202-->molecular_hydrogen subject_type=TRAIT predicate='produces' — subject entails ⊑ microbe (METPO:1000525) via METPO:2000001
data/traits/metabolism/fermentative_hydrogen_production.yaml	fermentative_h2_production	MICROBE_DOMAIN_ON_NONORGANISM	WARN	fefe_hydrogenase--METPO:2000202-->molecular_hydrogen subject_type=GENE_OR_PROTEIN predicate='produces' — subject entails ⊑ microbe (METPO:1000525) via METPO:2000001
data/traits/metabolism/homoacetogenesis.yaml	homoacetogenesis_wood_ljungdahl_acetate	MICROBE_DOMAIN_ON_NONORGANISM	WARN	wood_ljungdahl_pathway--METPO:2000202-->acetyl_coa subject_type=PATHWAY predicate='produces' — subject entails ⊑ microbe (METPO:1000525) via METPO:2000001
data/traits/metabolism/homoacetogenesis.yaml	homoacetogenesis_wood_ljungdahl_acetate	MICROBE_DOMAIN_ON_NONORGANISM	WARN	homoacetogenesis_trait--METPO:2000202-->acetate subject_type=TRAIT predicate='produces' — subject entails ⊑ microbe (METPO:1000525) via METPO:2000001
data/traits/metabolism/homoacetogenesis.yaml	homoacetogenesis_wood_ljungdahl_acetate	MICROBE_DOMAIN_ON_NONORGANISM	WARN	acs_codh_complex--METPO:2000202-->acetyl_coa subject_type=GENE_OR_PROTEIN predicate='produces' — subject entails ⊑ microbe (METPO:1000525) via METPO:2000001
data/traits/metabolism/homoacetogenesis.yaml	homoacetogenesis_wood_ljungdahl_acetate	MICROBE_DOMAIN_ON_NONORGANISM	WARN	atp_synthase--METPO:2000202-->atp subject_type=GENE_OR_PROTEIN predicate='produces' — subject entails ⊑ microbe (METPO:1000525) via METPO:2000001
data/traits/metabolism/iron_oxidation.yaml	iron_oxidation_ferrous_to_ferric	MICROBE_DOMAIN_ON_NONORGANISM	WARN	iron_oxidation_trait--METPO:2000016-->ferrous_iron subject_type=TRAIT predicate='oxidizes' — subject entails ⊑ microbe (METPO:1000525) via METPO:2000001
data/traits/metabolism/iron_oxidation.yaml	iron_oxidation_ferrous_to_ferric	MICROBE_DOMAIN_ON_NONORGANISM	WARN	iron_oxidation_trait--METPO:2000202-->ferric_iron subject_type=TRAIT predicate='produces' — subject entails ⊑ microbe (METPO:1000525) via METPO:2000001
data/traits/metabolism/iron_oxidation.yaml	iron_oxidation_ferrous_to_ferric	MICROBE_DOMAIN_ON_NONORGANISM	WARN	cyc2--METPO:2000016-->ferrous_iron subject_type=GENE_OR_PROTEIN predicate='oxidizes' — subject entails ⊑ microbe (METPO:1000525) via METPO:2000001
data/traits/metabolism/lactic_acid_fermentation.yaml	lactic_acid_fermentation_lactate	MICROBE_DOMAIN_ON_NONORGANISM	WARN	lactic_acid_fermentation_trait--METPO:2000202-->lactate subject_type=TRAIT predicate='produces' — subject entails ⊑ microbe (METPO:1000525) via METPO:2000001
data/traits/metabolism/lactic_acid_fermentation.yaml	lactic_acid_fermentation_lactate	MICROBE_DOMAIN_ON_NONORGANISM	WARN	glycolysis_emp--METPO:2000202-->pyruvate subject_type=PATHWAY predicate='produces' — subject entails ⊑ microbe (METPO:1000525) via METPO:2000001
data/traits/metabolism/lactic_acid_fermentation.yaml	lactic_acid_fermentation_lactate	MICROBE_DOMAIN_ON_NONORGANISM	WARN	lactate_dehydrogenase--METPO:2000202-->lactate subject_type=GENE_OR_PROTEIN predicate='produces' — subject entails ⊑ microbe (METPO:1000525) via METPO:2000001
data/traits/metabolism/lignin_degradation.yaml	lignin_degradation_peroxidase_laccase	ENABLES_RANGE_ON_TRAIT	WARN	oxidative_enzymes--RO:0002327-->lignin_degradation_trait object_type=TRAIT — enables range is 'biological process or activity'; a disposition cannot satisfy it
data/traits/metabolism/lignin_degradation.yaml	lignin_degradation_peroxidase_laccase	MICROBE_DOMAIN_ON_NONORGANISM	WARN	lignin_degradation_trait--METPO:2000202-->aromatic_monomers subject_type=TRAIT predicate='produces' — subject entails ⊑ microbe (METPO:1000525) via METPO:2000001
data/traits/metabolism/lignin_degradation.yaml	lignin_degradation_peroxidase_laccase	MICROBE_DOMAIN_ON_NONORGANISM	WARN	manganese_peroxidase--METPO:2000016-->mn2_ion subject_type=GENE_OR_PROTEIN predicate='oxidizes' — subject entails ⊑ microbe (METPO:1000525) via METPO:2000001
data/traits/metabolism/manganese_oxidation.yaml	manganese_oxidation_multicopper_oxidase	ENABLES_RANGE_ON_TRAIT	WARN	multicopper_oxidase--RO:0002327-->manganese_oxidation_trait object_type=TRAIT — enables range is 'biological process or activity'; a disposition cannot satisfy it
data/traits/metabolism/manganese_oxidation.yaml	manganese_oxidation_multicopper_oxidase	MICROBE_DOMAIN_ON_NONORGANISM	WARN	manganese_oxidation_trait--METPO:2000202-->mn_oxides subject_type=TRAIT predicate='produces' — subject entails ⊑ microbe (METPO:1000525) via METPO:2000001
data/traits/metabolism/manganese_oxidation.yaml	manganese_oxidation_multicopper_oxidase	ENABLES_RANGE_ON_TRAIT	WARN	molecular_oxygen--RO:0002327-->manganese_oxidation_trait object_type=TRAIT — enables range is 'biological process or activity'; a disposition cannot satisfy it
data/traits/metabolism/manganese_oxidation.yaml	manganese_oxidation_multicopper_oxidase	MICROBE_DOMAIN_ON_NONORGANISM	WARN	manganese_oxidation_trait--METPO:2000202-->mn_iii_oh_mn_iii_intermediate subject_type=TRAIT predicate='produces' — subject entails ⊑ microbe (METPO:1000525) via METPO:2000001
data/traits/metabolism/metabolism.yaml	metabolism_substrate_to_growth	MICROBE_DOMAIN_ON_NONORGANISM	WARN	catabolism--METPO:2000202-->atp_and_reducing_power subject_type=BIOLOGICAL_PROCESS predicate='produces' — subject entails ⊑ microbe (METPO:1000525) via METPO:2000001
data/traits/metabolism/metabolism.yaml	metabolism_substrate_to_growth	MICROBE_DOMAIN_ON_NONORGANISM	WARN	atp_synthase--METPO:2000202-->atp_production subject_type=GENE_OR_PROTEIN predicate='produces' — subject entails ⊑ microbe (METPO:1000525) via METPO:2000001
data/traits/metabolism/methanogenesis.yaml	methanogenesis_c1_reduction	MICROBE_DOMAIN_ON_NONORGANISM	WARN	methanogenesis_trait--METPO:2000202-->methane subject_type=TRAIT predicate='produces' — subject entails ⊑ microbe (METPO:1000525) via METPO:2000001
data/traits/metabolism/mixed_acid_fermentation.yaml	mixed_acid_fermentation_enterobacterial	MICROBE_DOMAIN_ON_NONORGANISM	WARN	mixed_acid_fermentation_trait--METPO:2000202-->mixed_acid_products subject_type=TRAIT predicate='produces' — subject entails ⊑ microbe (METPO:1000525) via METPO:2000001
data/traits/metabolism/mixed_acid_fermentation.yaml	mixed_acid_fermentation_enterobacterial	MICROBE_DOMAIN_ON_NONORGANISM	WARN	pyruvate_formate_lyase--METPO:2000202-->formate subject_type=GENE_OR_PROTEIN predicate='produces' — subject entails ⊑ microbe (METPO:1000525) via METPO:2000001
data/traits/metabolism/mixed_acid_fermentation.yaml	mixed_acid_fermentation_enterobacterial	MICROBE_DOMAIN_ON_NONORGANISM	WARN	fhl_complex--METPO:2000202-->hydrogen subject_type=GENE_OR_PROTEIN predicate='produces' — subject entails ⊑ microbe (METPO:1000525) via METPO:2000001
data/traits/metabolism/mixed_acid_fermentation.yaml	mixed_acid_fermentation_enterobacterial	MICROBE_DOMAIN_ON_NONORGANISM	WARN	fhl_complex--METPO:2000202-->co2 subject_type=GENE_OR_PROTEIN predicate='produces' — subject entails ⊑ microbe (METPO:1000525) via METPO:2000001
data/traits/metabolism/mixed_acid_fermentation.yaml	mixed_acid_fermentation_enterobacterial	MICROBE_DOMAIN_ON_NONORGANISM	WARN	pyruvate_formate_lyase--METPO:2000202-->acetyl_coa subject_type=GENE_OR_PROTEIN predicate='produces' — subject entails ⊑ microbe (METPO:1000525) via METPO:2000001
data/traits/metabolism/nitrogen_fixation.yaml	nitrogen_fixation_nitrogenase	MICROBE_DOMAIN_ON_NONORGANISM	WARN	nitrogen_fixation_process--METPO:2000202-->ammonia subject_type=BIOLOGICAL_PROCESS predicate='produces' — subject entails ⊑ microbe (METPO:1000525) via METPO:2000001
data/traits/metabolism/oxidative_phosphorylation.yaml	oxidative_phosphorylation_chemiosmotic_coupling	MICROBE_DOMAIN_ON_NONORGANISM	WARN	atp_synthase--METPO:2000202-->atp subject_type=GENE_OR_PROTEIN predicate='produces' — subject entails ⊑ microbe (METPO:1000525) via METPO:2000001
data/traits/metabolism/oxidative_phosphorylation.yaml	oxidative_phosphorylation_chemiosmotic_coupling	MICROBE_DOMAIN_ON_NONORGANISM	WARN	complex_i--METPO:2000017-->quinone_pool subject_type=GENE_OR_PROTEIN predicate='reduces' — subject entails ⊑ microbe (METPO:1000525) via METPO:2000001
data/traits/metabolism/oxidative_phosphorylation.yaml	oxidative_phosphorylation_chemiosmotic_coupling	MICROBE_DOMAIN_ON_NONORGANISM	WARN	terminal_oxidase--METPO:2000017-->oxygen subject_type=GENE_OR_PROTEIN predicate='reduces' — subject entails ⊑ microbe (METPO:1000525) via METPO:2000001
data/traits/metabolism/oxygenic_photosynthesis.yaml	oxygenic_photosynthesis_water_splitting	ENABLES_RANGE_ON_TRAIT	WARN	photosynthetic_etc--RO:0002327-->oxygenic_photosynthesis_trait object_type=TRAIT — enables range is 'biological process or activity'; a disposition cannot satisfy it
data/traits/metabolism/oxygenic_photosynthesis.yaml	oxygenic_photosynthesis_water_splitting	MICROBE_DOMAIN_ON_NONORGANISM	WARN	photosystem_ii--METPO:2000016-->water subject_type=GENE_OR_PROTEIN predicate='oxidizes' — subject entails ⊑ microbe (METPO:1000525) via METPO:2000001
data/traits/metabolism/oxygenic_photosynthesis.yaml	oxygenic_photosynthesis_water_splitting	MICROBE_DOMAIN_ON_NONORGANISM	WARN	photosystem_ii--METPO:2000017-->plastoquinone_pool subject_type=GENE_OR_PROTEIN predicate='reduces' — subject entails ⊑ microbe (METPO:1000525) via METPO:2000001
data/traits/metabolism/oxygenic_photosynthesis.yaml	oxygenic_photosynthesis_water_splitting	MICROBE_DOMAIN_ON_NONORGANISM	WARN	photosystem_i--METPO:2000017-->ferredoxin subject_type=GENE_OR_PROTEIN predicate='reduces' — subject entails ⊑ microbe (METPO:1000525) via METPO:2000001
data/traits/metabolism/oxygenic_photosynthesis.yaml	oxygenic_photosynthesis_water_splitting	MICROBE_DOMAIN_ON_NONORGANISM	WARN	fnr--METPO:2000017-->nadph subject_type=GENE_OR_PROTEIN predicate='reduces' — subject entails ⊑ microbe (METPO:1000525) via METPO:2000001
data/traits/metabolism/photosynthesis.yaml	photosynthesis_chlorophyll_reaction_center	ENABLES_RANGE_ON_TRAIT	WARN	photosynthesis_process--RO:0002327-->photosynthesis_trait object_type=TRAIT — enables range is 'biological process or activity'; a disposition cannot satisfy it
data/traits/metabolism/photosynthesis.yaml	photosynthesis_chlorophyll_reaction_center	MICROBE_DOMAIN_ON_NONORGANISM	WARN	photosynthesis_process--METPO:2000202-->reducing_power subject_type=BIOLOGICAL_PROCESS predicate='produces' — subject entails ⊑ microbe (METPO:1000525) via METPO:2000001
data/traits/metabolism/phototrophy.yaml	phototrophy_light_energy_capture	MICROBE_DOMAIN_ON_NONORGANISM	WARN	photosynthetic_electron_transport--METPO:2000202-->nadph subject_type=BIOLOGICAL_PROCESS predicate='produces' — subject entails ⊑ microbe (METPO:1000525) via METPO:2000001
data/traits/metabolism/phototrophy.yaml	phototrophy_light_energy_capture	MICROBE_DOMAIN_ON_NONORGANISM	WARN	photosynthetic_electron_transport--METPO:2000202-->atp subject_type=BIOLOGICAL_PROCESS predicate='produces' — subject entails ⊑ microbe (METPO:1000525) via METPO:2000001
data/traits/metabolism/propionic_acid_fermentation.yaml	propionic_acid_fermentation_propionate	MICROBE_DOMAIN_ON_NONORGANISM	WARN	propionic_acid_fermentation_trait--METPO:2000202-->propionate subject_type=TRAIT predicate='produces' — subject entails ⊑ microbe (METPO:1000525) via METPO:2000001
data/traits/metabolism/proteolysis.yaml	proteolysis_extracellular_protease	ENABLES_RANGE_ON_TRAIT	WARN	extracellular_protease--RO:0002327-->proteolysis_trait object_type=TRAIT — enables range is 'biological process or activity'; a disposition cannot satisfy it
data/traits/metabolism/proteolysis.yaml	proteolysis_extracellular_protease	MICROBE_DOMAIN_ON_NONORGANISM	WARN	proteolysis_trait--METPO:2000202-->amino_acids subject_type=TRAIT predicate='produces' — subject entails ⊑ microbe (METPO:1000525) via METPO:2000001
data/traits/metabolism/proteolysis.yaml	proteolysis_extracellular_protease	MICROBE_DOMAIN_ON_NONORGANISM	WARN	proteolysis_trait--METPO:2000202-->peptides subject_type=TRAIT predicate='produces' — subject entails ⊑ microbe (METPO:1000525) via METPO:2000001
data/traits/metabolism/proteolysis.yaml	proteolysis_extracellular_protease	MICROBE_DOMAIN_ON_NONORGANISM	WARN	peptide_transport_systems--METPO:2000208-->peptides subject_type=GENE_OR_PROTEIN predicate='imports' — subject entails ⊑ microbe (METPO:1000525) via METPO:2000001
data/traits/metabolism/proteolysis.yaml	proteolysis_extracellular_protease	MICROBE_DOMAIN_ON_NONORGANISM	WARN	intracellular_peptidases--METPO:2000013-->peptides subject_type=GENE_OR_PROTEIN predicate='hydrolyzes' — subject entails ⊑ microbe (METPO:1000525) via METPO:2000001
data/traits/metabolism/proteolysis.yaml	proteolysis_extracellular_protease	MICROBE_DOMAIN_ON_NONORGANISM	WARN	intracellular_peptidases--METPO:2000202-->amino_acids subject_type=GENE_OR_PROTEIN predicate='produces' — subject entails ⊑ microbe (METPO:1000525) via METPO:2000001
data/traits/metabolism/proteorhodopsin_phototrophy.yaml	proteorhodopsin_light_driven_proton_pump	ENABLES_RANGE_ON_TRAIT	WARN	proteorhodopsin--RO:0002327-->proteorhodopsin_trait object_type=TRAIT — enables range is 'biological process or activity'; a disposition cannot satisfy it
data/traits/metabolism/proteorhodopsin_phototrophy.yaml	proteorhodopsin_light_driven_proton_pump	MICROBE_DOMAIN_ON_NONORGANISM	WARN	proteorhodopsin_trait--METPO:2000222-->nadph subject_type=TRAIT predicate='does not produce' — subject entails ⊑ microbe (METPO:1000525) via METPO:2000001
data/traits/metabolism/reductive_tca_cycle.yaml	rtca_reverse_tricarboxylic_acid_co2_fixation	MICROBE_DOMAIN_ON_NONORGANISM	WARN	rtca_trait--METPO:2000202-->citrate subject_type=TRAIT predicate='produces' — subject entails ⊑ microbe (METPO:1000525) via METPO:2000001
data/traits/metabolism/reductive_tca_cycle.yaml	rtca_reverse_tricarboxylic_acid_co2_fixation	ENABLES_RANGE_ON_TRAIT	WARN	atp_citrate_lyase--RO:0002327-->rtca_trait object_type=TRAIT — enables range is 'biological process or activity'; a disposition cannot satisfy it
data/traits/metabolism/respiration.yaml	respiration_electron_acceptor_energy_conservation	MICROBE_DOMAIN_ON_NONORGANISM	WARN	atp_synthase--METPO:2000202-->atp subject_type=GENE_OR_PROTEIN predicate='produces' — subject entails ⊑ microbe (METPO:1000525) via METPO:2000001
data/traits/metabolism/starch_degradation.yaml	starch_degradation_amylase	ENABLES_RANGE_ON_TRAIT	WARN	amylase--RO:0002327-->starch_degradation_trait object_type=TRAIT — enables range is 'biological process or activity'; a disposition cannot satisfy it
data/traits/metabolism/starch_degradation.yaml	starch_degradation_amylase	MICROBE_DOMAIN_ON_NONORGANISM	WARN	starch_degradation_trait--METPO:2000202-->glucose subject_type=TRAIT predicate='produces' — subject entails ⊑ microbe (METPO:1000525) via METPO:2000001
data/traits/metabolism/starch_degradation.yaml	starch_degradation_amylase	MICROBE_DOMAIN_ON_NONORGANISM	WARN	amylase--METPO:2000013-->maltooligosaccharides subject_type=GENE_OR_PROTEIN predicate='hydrolyzes' — subject entails ⊑ microbe (METPO:1000525) via METPO:2000001
data/traits/metabolism/starch_degradation.yaml	starch_degradation_amylase	MICROBE_DOMAIN_ON_NONORGANISM	WARN	alpha_glucosidase--METPO:2000007-->maltooligosaccharides subject_type=GENE_OR_PROTEIN predicate='degrades' — subject entails ⊑ microbe (METPO:1000525) via METPO:2000001
data/traits/metabolism/starch_degradation.yaml	starch_degradation_amylase	MICROBE_DOMAIN_ON_NONORGANISM	WARN	alpha_glucosidase--METPO:2000202-->glucose subject_type=GENE_OR_PROTEIN predicate='produces' — subject entails ⊑ microbe (METPO:1000525) via METPO:2000001
data/traits/metabolism/substrate_level_phosphorylation.yaml	substrate_level_phosphorylation_direct_atp	MICROBE_DOMAIN_ON_NONORGANISM	WARN	kinase_reaction--METPO:2000202-->atp subject_type=MOLECULAR_FUNCTION predicate='produces' — subject entails ⊑ microbe (METPO:1000525) via METPO:2000001
data/traits/metabolism/substrate_level_phosphorylation.yaml	substrate_level_phosphorylation_direct_atp	MICROBE_DOMAIN_ON_NONORGANISM	WARN	acetate_kinase--METPO:2000202-->acetate subject_type=GENE_OR_PROTEIN predicate='produces' — subject entails ⊑ microbe (METPO:1000525) via METPO:2000001
data/traits/metabolism/substrate_level_phosphorylation.yaml	substrate_level_phosphorylation_direct_atp	MICROBE_DOMAIN_ON_NONORGANISM	WARN	acetate_kinase--METPO:2000202-->atp subject_type=GENE_OR_PROTEIN predicate='produces' — subject entails ⊑ microbe (METPO:1000525) via METPO:2000001
data/traits/metabolism/sulfur_oxidation.yaml	sulfur_oxidation_sox	ENABLES_RANGE_ON_TRAIT	WARN	sox_system--RO:0002327-->sulfur_oxidation_trait object_type=TRAIT — enables range is 'biological process or activity'; a disposition cannot satisfy it
data/traits/metabolism/sulfur_oxidation.yaml	sulfur_oxidation_sox	MICROBE_DOMAIN_ON_NONORGANISM	WARN	sulfur_oxidation_trait--METPO:2000016-->hydrogen_sulfide subject_type=TRAIT predicate='oxidizes' — subject entails ⊑ microbe (METPO:1000525) via METPO:2000001
data/traits/metabolism/sulfur_oxidation.yaml	sulfur_oxidation_sox	MICROBE_DOMAIN_ON_NONORGANISM	WARN	sulfur_oxidation_trait--METPO:2000202-->sulfate subject_type=TRAIT predicate='produces' — subject entails ⊑ microbe (METPO:1000525) via METPO:2000001
data/traits/metabolism/sulfur_oxidation.yaml	sulfur_oxidation_sox	MICROBE_DOMAIN_ON_NONORGANISM	WARN	sqr_enzyme--METPO:2000016-->hydrogen_sulfide subject_type=GENE_OR_PROTEIN predicate='oxidizes' — subject entails ⊑ microbe (METPO:1000525) via METPO:2000001
data/traits/metabolism/sulfur_oxidation.yaml	sulfur_oxidation_sox	MICROBE_DOMAIN_ON_NONORGANISM	WARN	sqr_enzyme--METPO:2000202-->sulfane_sulfur subject_type=GENE_OR_PROTEIN predicate='produces' — subject entails ⊑ microbe (METPO:1000525) via METPO:2000001
data/traits/metabolism/sulfur_oxidation.yaml	sulfur_oxidation_sox	MICROBE_DOMAIN_ON_NONORGANISM	WARN	pdo_enzyme--METPO:2000016-->glutathione_persulfide subject_type=GENE_OR_PROTEIN predicate='oxidizes' — subject entails ⊑ microbe (METPO:1000525) via METPO:2000001
data/traits/metabolism/sulfur_oxidation.yaml	sulfur_oxidation_sox	MICROBE_DOMAIN_ON_NONORGANISM	WARN	pdo_enzyme--METPO:2000202-->sulfite subject_type=GENE_OR_PROTEIN predicate='produces' — subject entails ⊑ microbe (METPO:1000525) via METPO:2000001
data/traits/metabolism/sulfur_oxidation.yaml	sulfur_oxidation_sox	MICROBE_DOMAIN_ON_NONORGANISM	WARN	sox_system--METPO:2000016-->thiosulfate subject_type=GENE_OR_PROTEIN predicate='oxidizes' — subject entails ⊑ microbe (METPO:1000525) via METPO:2000001
data/traits/metabolism/sulfur_oxidation.yaml	sulfur_oxidation_sox	MICROBE_DOMAIN_ON_NONORGANISM	WARN	tsda_enzyme--METPO:2000016-->thiosulfate subject_type=GENE_OR_PROTEIN predicate='oxidizes' — subject entails ⊑ microbe (METPO:1000525) via METPO:2000001
data/traits/metabolism/sulfur_oxidation.yaml	sulfur_oxidation_sox	MICROBE_DOMAIN_ON_NONORGANISM	WARN	tsda_enzyme--METPO:2000202-->tetrathionate subject_type=GENE_OR_PROTEIN predicate='produces' — subject entails ⊑ microbe (METPO:1000525) via METPO:2000001
data/traits/metabolism/sulfur_oxidation.yaml	sulfur_oxidation_sox	MICROBE_DOMAIN_ON_NONORGANISM	WARN	teth_enzyme--METPO:2000016-->tetrathionate subject_type=GENE_OR_PROTEIN predicate='oxidizes' — subject entails ⊑ microbe (METPO:1000525) via METPO:2000001
data/traits/metabolism/three_hydroxypropionate_four_hydroxybutyrate_cycle.yaml	three_hp_four_hb_sulfolobales	MICROBE_DOMAIN_ON_NONORGANISM	WARN	three_hp_four_hb_trait--METPO:2000202-->acetyl_coa subject_type=TRAIT predicate='produces' — subject entails ⊑ microbe (METPO:1000525) via METPO:2000001
data/traits/metabolism/three_hydroxypropionate_four_hydroxybutyrate_cycle.yaml	three_hp_four_hb_sulfolobales	MICROBE_DOMAIN_ON_NONORGANISM	WARN	four_hydroxybutyryl_coa_dehydratase--METPO:2000202-->crotonyl_coa subject_type=GENE_OR_PROTEIN predicate='produces' — subject entails ⊑ microbe (METPO:1000525) via METPO:2000001
data/traits/metabolism/wood_ljungdahl_pathway.yaml	wood_ljungdahl_reductive_acetyl_coa	ENABLES_RANGE_ON_TRAIT	WARN	wood_ljungdahl_pathway--RO:0002327-->wood_ljungdahl_trait object_type=TRAIT — enables range is 'biological process or activity'; a disposition cannot satisfy it
data/traits/metabolism/wood_ljungdahl_pathway.yaml	wood_ljungdahl_reductive_acetyl_coa	MICROBE_DOMAIN_ON_NONORGANISM	WARN	formate_dehydrogenase--METPO:2000017-->carbon_dioxide subject_type=GENE_OR_PROTEIN predicate='reduces' — subject entails ⊑ microbe (METPO:1000525) via METPO:2000001
data/traits/metabolism/wood_ljungdahl_pathway.yaml	wood_ljungdahl_reductive_acetyl_coa	MICROBE_DOMAIN_ON_NONORGANISM	WARN	formate_dehydrogenase--METPO:2000202-->formate subject_type=GENE_OR_PROTEIN predicate='produces' — subject entails ⊑ microbe (METPO:1000525) via METPO:2000001
data/traits/metabolism/wood_ljungdahl_pathway.yaml	wood_ljungdahl_reductive_acetyl_coa	MICROBE_DOMAIN_ON_NONORGANISM	WARN	acetyl_coa_synthase--METPO:2000202-->acetyl_coa subject_type=GENE_OR_PROTEIN predicate='produces' — subject entails ⊑ microbe (METPO:1000525) via METPO:2000001
data/traits/metabolism/xylan_degradation.yaml	xylan_degradation_xylanase	ENABLES_RANGE_ON_TRAIT	WARN	xylanase--RO:0002327-->xylan_degradation_trait object_type=TRAIT — enables range is 'biological process or activity'; a disposition cannot satisfy it
data/traits/metabolism/xylan_degradation.yaml	xylan_degradation_xylanase	MICROBE_DOMAIN_ON_NONORGANISM	WARN	xylan_degradation_trait--METPO:2000202-->xylose subject_type=TRAIT predicate='produces' — subject entails ⊑ microbe (METPO:1000525) via METPO:2000001
data/traits/metabolism/xylan_degradation.yaml	xylan_degradation_xylanase	MICROBE_DOMAIN_ON_NONORGANISM	WARN	glucuronoyl_esterase--METPO:2000202-->aldouronic_acids subject_type=GENE_OR_PROTEIN predicate='produces' — subject entails ⊑ microbe (METPO:1000525) via METPO:2000001
data/traits/morphology/bacillus_shaped.yaml	bacillus_shaped_rod_elongation	MICROBE_DOMAIN_ON_NONORGANISM	WARN	peptidoglycan_synthesis--METPO:2000202-->lateral_cell_wall_elongation subject_type=BIOLOGICAL_PROCESS predicate='produces' — subject entails ⊑ microbe (METPO:1000525) via METPO:2000001
data/traits/morphology/black_pigmented.yaml	black_pigmented_melanin_polymer	MICROBE_DOMAIN_ON_NONORGANISM	WARN	melanin_biosynthesis--METPO:2000202-->black_brown_melanin subject_type=BIOLOGICAL_PROCESS predicate='produces' — subject entails ⊑ microbe (METPO:1000525) via METPO:2000001
data/traits/morphology/brown_pigmented.yaml	brown_pigmented_pyomelanin_pathway	MICROBE_DOMAIN_ON_NONORGANISM	WARN	tyrosine_catabolism--METPO:2000202-->homogentisic_acid subject_type=BIOLOGICAL_PROCESS predicate='produces' — subject entails ⊑ microbe (METPO:1000525) via METPO:2000001
data/traits/morphology/brown_pigmented.yaml	brown_pigmented_pyomelanin_pathway	MICROBE_DOMAIN_ON_NONORGANISM	WARN	tyrosine_catabolism--METPO:2000202-->four_hydroxyphenylpyruvate subject_type=BIOLOGICAL_PROCESS predicate='produces' — subject entails ⊑ microbe (METPO:1000525) via METPO:2000001
data/traits/morphology/capsule.yaml	capsule_polysaccharide_protection	ENABLES_RANGE_ON_TRAIT	WARN	capsule_assembly--RO:0002327-->capsule_trait object_type=TRAIT — enables range is 'biological process or activity'; a disposition cannot satisfy it
data/traits/morphology/capsule.yaml	capsule_polysaccharide_protection	MICROBE_DOMAIN_ON_NONORGANISM	WARN	wza_export_protein--METPO:2000209-->capsular_polysaccharide subject_type=GENE_OR_PROTEIN predicate='exports' — subject entails ⊑ microbe (METPO:1000525) via METPO:2000001
data/traits/morphology/capsule.yaml	capsule_polysaccharide_protection	MICROBE_DOMAIN_ON_NONORGANISM	WARN	kpsmt_abc_transporter--METPO:2000209-->capsular_polysaccharide subject_type=GENE_OR_PROTEIN predicate='exports' — subject entails ⊑ microbe (METPO:1000525) via METPO:2000001
data/traits/morphology/carotenoid_pigmentation.yaml	carotenoid_pigmentation_crt_pathway	MICROBE_DOMAIN_ON_NONORGANISM	WARN	carotenoid_biosynthesis--METPO:2000202-->conjugated_carotenoids subject_type=BIOLOGICAL_PROCESS predicate='produces' — subject entails ⊑ microbe (METPO:1000525) via METPO:2000001
data/traits/morphology/carotenoid_pigmentation.yaml	carotenoid_pigmentation_crt_pathway	MICROBE_DOMAIN_ON_NONORGANISM	WARN	phytoene_desaturase--METPO:2000202-->lycopene subject_type=GENE_OR_PROTEIN predicate='produces' — subject entails ⊑ microbe (METPO:1000525) via METPO:2000001
data/traits/morphology/cell_length_medium.yaml	cell_length_medium_growth_rate	MICROBE_DOMAIN_ON_NONORGANISM	WARN	growth_rate_size_law--METPO:2000202-->cell_length_medium_trait subject_type=BIOLOGICAL_PROCESS predicate='produces' — subject entails ⊑ microbe (METPO:1000525) via METPO:2000001
data/traits/morphology/cell_length_small.yaml	cell_length_small_size_setpoint	MICROBE_DOMAIN_ON_NONORGANISM	WARN	adder_principle--METPO:2000202-->cell_length_small_trait subject_type=BIOLOGICAL_PROCESS predicate='produces' — subject entails ⊑ microbe (METPO:1000525) via METPO:2000001
data/traits/morphology/cell_length_very_small.yaml	cell_length_very_small_streamlining	MICROBE_DOMAIN_ON_NONORGANISM	WARN	streamlining_selection--METPO:2000202-->cell_length_very_small_trait subject_type=BIOLOGICAL_PROCESS predicate='produces' — subject entails ⊑ microbe (METPO:1000525) via METPO:2000001
data/traits/morphology/cell_width_large.yaml	cell_width_large_setpoint_increase	MICROBE_DOMAIN_ON_NONORGANISM	WARN	rod_complex_pg--METPO:2000202-->cell_width_large_trait subject_type=BIOLOGICAL_PROCESS predicate='produces' — subject entails ⊑ microbe (METPO:1000525) via METPO:2000001
data/traits/morphology/cell_width_medium.yaml	cell_width_medium_typical_rod	MICROBE_DOMAIN_ON_NONORGANISM	WARN	rod_complex_pg--METPO:2000202-->cell_width_medium_trait subject_type=BIOLOGICAL_PROCESS predicate='produces' — subject entails ⊑ microbe (METPO:1000525) via METPO:2000001
data/traits/morphology/cell_width_medium.yaml	cell_width_medium_typical_rod	MICROBE_DOMAIN_ON_NONORGANISM	WARN	pg_polymerization_crosslinking--METPO:2000202-->rod_complex_pg subject_type=BIOLOGICAL_PROCESS predicate='produces' — subject entails ⊑ microbe (METPO:1000525) via METPO:2000001
data/traits/morphology/cell_width_small.yaml	cell_width_small_mreb_setpoint	MICROBE_DOMAIN_ON_NONORGANISM	WARN	rod_complex_pg--METPO:2000202-->cell_width_small_trait subject_type=BIOLOGICAL_PROCESS predicate='produces' — subject entails ⊑ microbe (METPO:1000525) via METPO:2000001
data/traits/morphology/cell_width_small.yaml	cell_width_small_mreb_setpoint	MICROBE_DOMAIN_ON_NONORGANISM	WARN	rod_diameter_control--METPO:2000202-->cell_width_small_trait subject_type=CAPACITY predicate='produces' — subject entails ⊑ microbe (METPO:1000525) via METPO:2000001
data/traits/morphology/cell_width_very_small.yaml	cell_width_very_small_streamlining	MICROBE_DOMAIN_ON_NONORGANISM	WARN	streamlining_selection--METPO:2000202-->cell_width_very_small_trait subject_type=BIOLOGICAL_PROCESS predicate='produces' — subject entails ⊑ microbe (METPO:1000525) via METPO:2000001
data/traits/morphology/coccobacillus_shaped.yaml	coccobacillus_shaped_short_rod_morphogenesis	MICROBE_DOMAIN_ON_NONORGANISM	WARN	short_rod_geometry--METPO:2000202-->coccobacillus_shaped_trait subject_type=BIOLOGICAL_PROCESS predicate='produces' — subject entails ⊑ microbe (METPO:1000525) via METPO:2000001
data/traits/morphology/coccus_shaped.yaml	coccus_shaped_septal_growth	MICROBE_DOMAIN_ON_NONORGANISM	WARN	peripheral_peptidoglycan_synthesis--METPO:2000202-->ovoid_shape subject_type=BIOLOGICAL_PROCESS predicate='produces' — subject entails ⊑ microbe (METPO:1000525) via METPO:2000001
data/traits/morphology/cream_pigmented.yaml	cream_pigmented_low_carotenoid_density	MICROBE_DOMAIN_ON_NONORGANISM	WARN	low_carotenoid_biosynthesis--METPO:2000202-->low_pigment_accumulation subject_type=BIOLOGICAL_PROCESS predicate='produces' — subject entails ⊑ microbe (METPO:1000525) via METPO:2000001
data/traits/morphology/crescent_shaped.yaml	crescent_shaped_crescentin_curvature	MICROBE_DOMAIN_ON_NONORGANISM	WARN	crescent_cell_curvature--METPO:2000202-->crescent_shaped_trait subject_type=BIOLOGICAL_PROCESS predicate='produces' — subject entails ⊑ microbe (METPO:1000525) via METPO:2000001
data/traits/morphology/crescent_shaped.yaml	crescent_shaped_crescentin_curvature	MICROBE_DOMAIN_ON_NONORGANISM	WARN	differential_pg_insertion--METPO:2000202-->crescent_shaped_trait subject_type=BIOLOGICAL_PROCESS predicate='produces' — subject entails ⊑ microbe (METPO:1000525) via METPO:2000001
data/traits/morphology/curved_shaped.yaml	curved_shaped_scaffolded_curvature	MICROBE_DOMAIN_ON_NONORGANISM	WARN	cell_body_curvature--METPO:2000202-->curved_shaped_trait subject_type=BIOLOGICAL_PROCESS predicate='produces' — subject entails ⊑ microbe (METPO:1000525) via METPO:2000001
data/traits/morphology/diplococcus_shaped.yaml	diplococcus_shaped_septal_separation	MICROBE_DOMAIN_ON_NONORGANISM	WARN	lytr_lcp_enzyme--METPO:2000202-->wall_teichoic_acid subject_type=GENE_OR_PROTEIN predicate='produces' — subject entails ⊑ microbe (METPO:1000525) via METPO:2000001
data/traits/morphology/dumbbell_shaped.yaml	dumbbell_shaped_snapping_division	MICROBE_DOMAIN_ON_NONORGANISM	WARN	midcell_constriction--METPO:2000202-->dumbbell_intermediate subject_type=BIOLOGICAL_PROCESS predicate='produces' — subject entails ⊑ microbe (METPO:1000525) via METPO:2000001
data/traits/morphology/dumbbell_shaped.yaml	dumbbell_shaped_snapping_division	MICROBE_DOMAIN_ON_NONORGANISM	WARN	mechanical_snapping_separation--METPO:2000202-->v_shaped_daughters subject_type=BIOLOGICAL_PROCESS predicate='produces' — subject entails ⊑ microbe (METPO:1000525) via METPO:2000001
data/traits/morphology/flagellated.yaml	flagellated_flagellar_motor	ENABLES_RANGE_ON_TRAIT	WARN	flagellar_filament--RO:0002327-->flagellated_trait object_type=TRAIT — enables range is 'biological process or activity'; a disposition cannot satisfy it
data/traits/morphology/flagellated.yaml	flagellated_flagellar_motor	MICROBE_DOMAIN_ON_NONORGANISM	WARN	ft3ss_export_system--METPO:2000209-->flagellar_structural_subunits subject_type=GENE_OR_PROTEIN predicate='exports' — subject entails ⊑ microbe (METPO:1000525) via METPO:2000001
data/traits/morphology/flask_shaped.yaml	flask_shaped_asymmetric_polar_growth	MICROBE_DOMAIN_ON_NONORGANISM	WARN	zonal_polar_pg_synthesis--METPO:2000202-->polar_outgrowth subject_type=BIOLOGICAL_PROCESS predicate='produces' — subject entails ⊑ microbe (METPO:1000525) via METPO:2000001
data/traits/morphology/fusiform_shaped.yaml	fusiform_shaped_tapered_polar_growth	MICROBE_DOMAIN_ON_NONORGANISM	WARN	graded_polar_pg--METPO:2000202-->end_cap_taper subject_type=BIOLOGICAL_PROCESS predicate='produces' — subject entails ⊑ microbe (METPO:1000525) via METPO:2000001
data/traits/morphology/gliding.yaml	gliding_surface_motility	ENABLES_RANGE_ON_TRAIT	WARN	gliding_motility_machinery--RO:0002327-->gliding_trait object_type=TRAIT — enables range is 'biological process or activity'; a disposition cannot satisfy it
data/traits/morphology/gram_negative.yaml	gram_negative_outer_membrane_dye_loss	MICROBE_DOMAIN_ON_NONORGANISM	WARN	counterstain--METPO:2000202-->gram_negative_trait subject_type=CHEMICAL predicate='produces' — subject entails ⊑ microbe (METPO:1000525) via METPO:2000001
data/traits/morphology/gram_negative.yaml	gram_negative_outer_membrane_dye_loss	MICROBE_DOMAIN_ON_NONORGANISM	WARN	lpt_pathway--METPO:2000207-->lipopolysaccharide subject_type=PATHWAY predicate='transports' — subject entails ⊑ microbe (METPO:1000525) via METPO:2000001
data/traits/morphology/gram_positive.yaml	gram_positive_cell_wall_retention	MICROBE_DOMAIN_ON_NONORGANISM	WARN	crystal_violet_iodine_complex--METPO:2000202-->gram_positive_trait subject_type=CHEMICAL predicate='produces' — subject entails ⊑ microbe (METPO:1000525) via METPO:2000001
data/traits/morphology/gram_positive.yaml	gram_positive_cell_wall_retention	MICROBE_DOMAIN_ON_NONORGANISM	WARN	cv_iodine_complex_formation--METPO:2000202-->crystal_violet_iodine_complex subject_type=BIOLOGICAL_PROCESS predicate='produces' — subject entails ⊑ microbe (METPO:1000525) via METPO:2000001
data/traits/morphology/gram_variable.yaml	gram_variable_wall_thinning	MICROBE_DOMAIN_ON_NONORGANISM	WARN	crystal_violet_retention_loss--METPO:2000202-->mixed_staining subject_type=BIOLOGICAL_PROCESS predicate='produces' — subject entails ⊑ microbe (METPO:1000525) via METPO:2000001
data/traits/morphology/gram_variable.yaml	gram_variable_wall_thinning	MICROBE_DOMAIN_ON_NONORGANISM	WARN	thin_peptidoglycan_layer--METPO:2000017-->cv_iodide_complex_retention subject_type=CELLULAR_LOCALIZATION predicate='reduces' — subject entails ⊑ microbe (METPO:1000525) via METPO:2000001
data/traits/morphology/gram_variable.yaml	gram_variable_wall_thinning	MICROBE_DOMAIN_ON_NONORGANISM	WARN	cell_wall_deficient_forms--METPO:2000202-->mixed_staining subject_type=STATE predicate='produces' — subject entails ⊑ microbe (METPO:1000525) via METPO:2000001
data/traits/morphology/green_pigmented.yaml	green_pigmented_pyocyanin_phenazine	MICROBE_DOMAIN_ON_NONORGANISM	WARN	phenazine_biosynthesis--METPO:2000202-->pyocyanin subject_type=BIOLOGICAL_PROCESS predicate='produces' — subject entails ⊑ microbe (METPO:1000525) via METPO:2000001
data/traits/morphology/helical_shaped.yaml	helical_shaped_pg_relaxation	MICROBE_DOMAIN_ON_NONORGANISM	WARN	helical_curvature_twist--METPO:2000202-->helical_shaped_trait subject_type=BIOLOGICAL_PROCESS predicate='produces' — subject entails ⊑ microbe (METPO:1000525) via METPO:2000001
data/traits/morphology/heterocyst.yaml	heterocyst_microoxic_nitrogen_fixation	ENABLES_RANGE_ON_TRAIT	WARN	cell_differentiation--RO:0002327-->heterocyst_trait object_type=TRAIT — enables range is 'biological process or activity'; a disposition cannot satisfy it
data/traits/morphology/intracellular_inclusion.yaml	inclusion_compartmentalization	MICROBE_DOMAIN_ON_NONORGANISM	WARN	pha_synthase_pathway--METPO:2000202-->pha_granule subject_type=PATHWAY predicate='produces' — subject entails ⊑ microbe (METPO:1000525) via METPO:2000001
data/traits/morphology/irregular_shaped.yaml	irregular_shaped_loss_of_patterning	MICROBE_DOMAIN_ON_NONORGANISM	WARN	stochastic_growth--METPO:2000202-->variable_geometry subject_type=BIOLOGICAL_PROCESS predicate='produces' — subject entails ⊑ microbe (METPO:1000525) via METPO:2000001
data/traits/morphology/irregular_shaped.yaml	irregular_shaped_loss_of_patterning	MICROBE_DOMAIN_ON_NONORGANISM	WARN	polar_growth_perturbation--METPO:2000202-->variable_geometry subject_type=BIOLOGICAL_PROCESS predicate='produces' — subject entails ⊑ microbe (METPO:1000525) via METPO:2000001
data/traits/morphology/magnetosome.yaml	magnetosome_magnetotaxis	MICROBE_DOMAIN_ON_NONORGANISM	WARN	biomineralization--METPO:2000202-->magnetic_mineral_crystal subject_type=BIOLOGICAL_PROCESS predicate='produces' — subject entails ⊑ microbe (METPO:1000525) via METPO:2000001
data/traits/morphology/motile.yaml	motile_energy_dependent_locomotion	ENABLES_RANGE_ON_TRAIT	WARN	flagellar_motor--RO:0002327-->motile_trait object_type=TRAIT — enables range is 'biological process or activity'; a disposition cannot satisfy it
data/traits/morphology/motile.yaml	motile_energy_dependent_locomotion	ENABLES_RANGE_ON_TRAIT	WARN	type_iv_pilus--RO:0002327-->motile_trait object_type=TRAIT — enables range is 'biological process or activity'; a disposition cannot satisfy it
data/traits/morphology/motile.yaml	motile_energy_dependent_locomotion	ENABLES_RANGE_ON_TRAIT	WARN	twitching_motility--RO:0002327-->motile_trait object_type=TRAIT — enables range is 'biological process or activity'; a disposition cannot satisfy it
data/traits/morphology/motile.yaml	motile_energy_dependent_locomotion	ENABLES_RANGE_ON_TRAIT	WARN	gliding_motility--RO:0002327-->motile_trait object_type=TRAIT — enables range is 'biological process or activity'; a disposition cannot satisfy it
data/traits/morphology/motility.yaml	motility_locomotion_machinery	ENABLES_RANGE_ON_TRAIT	WARN	flagellar_motor--RO:0002327-->motility_trait object_type=TRAIT — enables range is 'biological process or activity'; a disposition cannot satisfy it
data/traits/morphology/motility.yaml	motility_locomotion_machinery	ENABLES_RANGE_ON_TRAIT	WARN	type_iv_pilus--RO:0002327-->motility_trait object_type=TRAIT — enables range is 'biological process or activity'; a disposition cannot satisfy it
data/traits/morphology/motility.yaml	motility_locomotion_machinery	ENABLES_RANGE_ON_TRAIT	WARN	gliding_motility_machinery--RO:0002327-->motility_trait object_type=TRAIT — enables range is 'biological process or activity'; a disposition cannot satisfy it
data/traits/morphology/motility.yaml	motility_locomotion_machinery	ENABLES_RANGE_ON_TRAIT	WARN	archaellum--RO:0002327-->motility_trait object_type=TRAIT — enables range is 'biological process or activity'; a disposition cannot satisfy it
data/traits/morphology/mycelial_growth.yaml	mycelial_branching_hyphal_growth	ENABLES_RANGE_ON_TRAIT	WARN	hyphal_extension--RO:0002327-->mycelial_growth_trait object_type=TRAIT — enables range is 'biological process or activity'; a disposition cannot satisfy it
data/traits/morphology/orange_pigmented.yaml	orange_pigmented_carotenoid_accumulation	MICROBE_DOMAIN_ON_NONORGANISM	WARN	carotenoid_biosynthesis--METPO:2000202-->orange_carotenoids subject_type=BIOLOGICAL_PROCESS predicate='produces' — subject entails ⊑ microbe (METPO:1000525) via METPO:2000001
data/traits/morphology/orange_pigmented.yaml	orange_pigmented_carotenoid_accumulation	MICROBE_DOMAIN_ON_NONORGANISM	WARN	carotenoid_biosynthesis--METPO:2000202-->staphyloxanthin subject_type=BIOLOGICAL_PROCESS predicate='produces' — subject entails ⊑ microbe (METPO:1000525) via METPO:2000001
data/traits/morphology/pigmentation.yaml	pigmentation_biosynthetic_colorants	MICROBE_DOMAIN_ON_NONORGANISM	WARN	pigment_biosynthesis--METPO:2000202-->chromophore_metabolites subject_type=BIOLOGICAL_PROCESS predicate='produces' — subject entails ⊑ microbe (METPO:1000525) via METPO:2000001
data/traits/morphology/pigmentation.yaml	pigmentation_biosynthetic_colorants	MICROBE_DOMAIN_ON_NONORGANISM	WARN	hppd_gene--METPO:2000202-->homogentisate subject_type=GENE_OR_PROTEIN predicate='produces' — subject entails ⊑ microbe (METPO:1000525) via METPO:2000001
data/traits/morphology/pink_pigmented.yaml	pink_pigmented_carotenoid_color	MICROBE_DOMAIN_ON_NONORGANISM	WARN	carotenoid_biosynthesis--METPO:2000202-->pink_carotenoids subject_type=BIOLOGICAL_PROCESS predicate='produces' — subject entails ⊑ microbe (METPO:1000525) via METPO:2000001
data/traits/morphology/polyphosphate_granule.yaml	polyphosphate_granule_storage	MICROBE_DOMAIN_ON_NONORGANISM	WARN	ppx--METPO:2000007-->inorganic_polyphosphate subject_type=GENE_OR_PROTEIN predicate='degrades' — subject entails ⊑ microbe (METPO:1000525) via METPO:2000001
data/traits/morphology/prosthecate.yaml	prosthecate_stalk_nutrient_uptake	ENABLES_RANGE_ON_TRAIT	WARN	stalk_extension--RO:0002327-->prosthecate_trait object_type=TRAIT — enables range is 'biological process or activity'; a disposition cannot satisfy it
data/traits/morphology/red_pigmented.yaml	red_pigmented_prodiginine_pathway	MICROBE_DOMAIN_ON_NONORGANISM	WARN	pigC_redH_condensation--METPO:2000202-->prodigiosin subject_type=MOLECULAR_FUNCTION predicate='produces' — subject entails ⊑ microbe (METPO:1000525) via METPO:2000001
data/traits/morphology/red_pigmented.yaml	red_pigmented_prodiginine_pathway	ENABLES_RANGE_ON_TRAIT	WARN	pig_red_gene_cluster--RO:0002327-->red_pigmented_trait object_type=TRAIT — enables range is 'biological process or activity'; a disposition cannot satisfy it
data/traits/morphology/red_pigmented.yaml	red_pigmented_prodiginine_pathway	MICROBE_DOMAIN_ON_NONORGANISM	WARN	carotenoid_biosynthesis--METPO:2000202-->lycopene subject_type=BIOLOGICAL_PROCESS predicate='produces' — subject entails ⊑ microbe (METPO:1000525) via METPO:2000001
data/traits/morphology/ring_shaped.yaml	ring_shaped_curved_growth_closure	MICROBE_DOMAIN_ON_NONORGANISM	WARN	curved_pg_growth--METPO:2000202-->pole_to_pole_closure subject_type=BIOLOGICAL_PROCESS predicate='produces' — subject entails ⊑ microbe (METPO:1000525) via METPO:2000001
data/traits/morphology/rod_shaped.yaml	rod_shaped_mreB_peptidoglycan	MICROBE_DOMAIN_ON_NONORGANISM	WARN	peptidoglycan_synthesis--METPO:2000202-->lateral_cell_wall_elongation subject_type=BIOLOGICAL_PROCESS predicate='produces' — subject entails ⊑ microbe (METPO:1000525) via METPO:2000001
data/traits/morphology/s_layer.yaml	s_layer_2d_protein_array	ENABLES_RANGE_ON_TRAIT	WARN	s_layer_assembly--RO:0002327-->s_layer_trait object_type=TRAIT — enables range is 'biological process or activity'; a disposition cannot satisfy it
data/traits/morphology/sarcina_arrangement.yaml	sarcina_three_plane_division_packet	ENABLES_RANGE_ON_TRAIT	WARN	cell_division--RO:0002327-->sarcina_trait object_type=TRAIT — enables range is 'biological process or activity'; a disposition cannot satisfy it
data/traits/morphology/spindle_shaped.yaml	spindle_shaped_symmetric_taper	MICROBE_DOMAIN_ON_NONORGANISM	WARN	symmetric_polar_pg--METPO:2000202-->reduced_end_cap_radius subject_type=BIOLOGICAL_PROCESS predicate='produces' — subject entails ⊑ microbe (METPO:1000525) via METPO:2000001
data/traits/morphology/spiral_shaped.yaml	spiral_shaped_curvature_mechanisms	MICROBE_DOMAIN_ON_NONORGANISM	WARN	helical_curvature--METPO:2000202-->spiral_shaped_trait subject_type=BIOLOGICAL_PROCESS predicate='produces' — subject entails ⊑ microbe (METPO:1000525) via METPO:2000001
data/traits/morphology/spiral_shaped.yaml	spiral_shaped_curvature_mechanisms	MICROBE_DOMAIN_ON_NONORGANISM	WARN	cell_curvature--METPO:2000202-->spiral_shaped_trait subject_type=QUALITY predicate='produces' — subject entails ⊑ microbe (METPO:1000525) via METPO:2000001
data/traits/morphology/spirochete_shaped.yaml	spirochete_shaped_periplasmic_flagella	MICROBE_DOMAIN_ON_NONORGANISM	WARN	flat_wave_morphology--METPO:2000202-->spirochete_shaped_trait subject_type=BIOLOGICAL_PROCESS predicate='produces' — subject entails ⊑ microbe (METPO:1000525) via METPO:2000001
data/traits/morphology/spirochete_shaped.yaml	spirochete_shaped_periplasmic_flagella	MICROBE_DOMAIN_ON_NONORGANISM	WARN	cell_body_deformation--METPO:2000202-->spirochete_shaped_trait subject_type=BIOLOGICAL_PROCESS predicate='produces' — subject entails ⊑ microbe (METPO:1000525) via METPO:2000001
data/traits/morphology/sporulation.yaml	sporulation_spo0a_sigma_morphogenesis	MICROBE_DOMAIN_ON_NONORGANISM	WARN	forespore_maturation--METPO:2000202-->endospore subject_type=BIOLOGICAL_PROCESS predicate='produces' — subject entails ⊑ microbe (METPO:1000525) via METPO:2000001
data/traits/morphology/sporulation.yaml	sporulation_spo0a_sigma_morphogenesis	MICROBE_DOMAIN_ON_NONORGANISM	WARN	asymmetric_septation--METPO:2000202-->mother_cell_forespore subject_type=BIOLOGICAL_PROCESS predicate='produces' — subject entails ⊑ microbe (METPO:1000525) via METPO:2000001
data/traits/morphology/staphylococcus_arrangement.yaml	staphylococcus_irregular_division_cluster	ENABLES_RANGE_ON_TRAIT	WARN	cell_division--RO:0002327-->staphylococcus_trait object_type=TRAIT — enables range is 'biological process or activity'; a disposition cannot satisfy it
data/traits/morphology/star_shaped.yaml	star_shaped_multiple_prosthecae	MICROBE_DOMAIN_ON_NONORGANISM	WARN	prostheca_outgrowth--METPO:2000202-->radiating_projections subject_type=BIOLOGICAL_PROCESS predicate='produces' — subject entails ⊑ microbe (METPO:1000525) via METPO:2000001
data/traits/morphology/streptococcus_arrangement.yaml	streptococcus_parallel_division_chain	ENABLES_RANGE_ON_TRAIT	WARN	cell_division--RO:0002327-->streptococcus_trait object_type=TRAIT — enables range is 'biological process or activity'; a disposition cannot satisfy it
data/traits/morphology/sulfur_globule.yaml	sulfur_globule_sulfur_oxidation_intermediate	MICROBE_DOMAIN_ON_NONORGANISM	WARN	oxidative_sulfur_metabolism--METPO:2000202-->elemental_sulfur subject_type=BIOLOGICAL_PROCESS predicate='produces' — subject entails ⊑ microbe (METPO:1000525) via METPO:2000001
data/traits/morphology/sulfur_globule.yaml	sulfur_globule_sulfur_oxidation_intermediate	MICROBE_DOMAIN_ON_NONORGANISM	WARN	sqr--METPO:2000202-->sulfane_sulfur subject_type=GENE_OR_PROTEIN predicate='produces' — subject entails ⊑ microbe (METPO:1000525) via METPO:2000001
data/traits/morphology/sulfur_globule.yaml	sulfur_globule_sulfur_oxidation_intermediate	MICROBE_DOMAIN_ON_NONORGANISM	WARN	sqr--METPO:2000202-->polysulfide subject_type=GENE_OR_PROTEIN predicate='produces' — subject entails ⊑ microbe (METPO:1000525) via METPO:2000001
data/traits/morphology/sulfur_globule.yaml	sulfur_globule_sulfur_oxidation_intermediate	MICROBE_DOMAIN_ON_NONORGANISM	WARN	persulfide_dioxygenase--METPO:2000016-->sulfite subject_type=GENE_OR_PROTEIN predicate='oxidizes' — subject entails ⊑ microbe (METPO:1000525) via METPO:2000001
data/traits/morphology/swarming_motility.yaml	swarming_hyperflagellation_surfactant	ENABLES_RANGE_ON_TRAIT	WARN	bacterial_flagellum--RO:0002327-->swarming_trait object_type=TRAIT — enables range is 'biological process or activity'; a disposition cannot satisfy it
data/traits/morphology/swarming_motility.yaml	swarming_hyperflagellation_surfactant	ENABLES_RANGE_ON_TRAIT	WARN	surfactant--RO:0002327-->swarming_trait object_type=TRAIT — enables range is 'biological process or activity'; a disposition cannot satisfy it
data/traits/morphology/tailed_shaped.yaml	tailed_shaped_polar_stalk_growth	MICROBE_DOMAIN_ON_NONORGANISM	WARN	stalk_outgrowth--METPO:2000202-->polar_appendage subject_type=BIOLOGICAL_PROCESS predicate='produces' — subject entails ⊑ microbe (METPO:1000525) via METPO:2000001
data/traits/morphology/tetrad_arrangement.yaml	tetrad_two_plane_division	ENABLES_RANGE_ON_TRAIT	WARN	cell_division--RO:0002327-->tetrad_trait object_type=TRAIT — enables range is 'biological process or activity'; a disposition cannot satisfy it
data/traits/morphology/twitching_motility.yaml	twitching_type_iv_pilus_retraction	ENABLES_RANGE_ON_TRAIT	WARN	type_iv_pilus--RO:0002327-->twitching_trait object_type=TRAIT — enables range is 'biological process or activity'; a disposition cannot satisfy it
data/traits/morphology/twitching_motility.yaml	twitching_type_iv_pilus_retraction	ENABLES_RANGE_ON_TRAIT	WARN	pilus_assembly--RO:0002327-->twitching_trait object_type=TRAIT — enables range is 'biological process or activity'; a disposition cannot satisfy it
data/traits/morphology/twitching_motility.yaml	twitching_type_iv_pilus_retraction	ENABLES_RANGE_ON_TRAIT	WARN	pilus_retraction--RO:0002327-->twitching_trait object_type=TRAIT — enables range is 'biological process or activity'; a disposition cannot satisfy it
data/traits/morphology/vibrio_shaped.yaml	vibrio_shaped_crvA_curvature	MICROBE_DOMAIN_ON_NONORGANISM	WARN	cell_body_curvature--METPO:2000202-->vibrio_shaped_trait subject_type=BIOLOGICAL_PROCESS predicate='produces' — subject entails ⊑ microbe (METPO:1000525) via METPO:2000001
data/traits/morphology/white_pigmented.yaml	white_pigmented_low_chromophore	MICROBE_DOMAIN_ON_NONORGANISM	WARN	staphyloxanthin_biosynthesis--METPO:2000202-->staphyloxanthin subject_type=BIOLOGICAL_PROCESS predicate='produces' — subject entails ⊑ microbe (METPO:1000525) via METPO:2000001
data/traits/morphology/white_pigmented.yaml	white_pigmented_low_chromophore	MICROBE_DOMAIN_ON_NONORGANISM	WARN	melanin_biosynthesis--METPO:2000202-->melanin subject_type=BIOLOGICAL_PROCESS predicate='produces' — subject entails ⊑ microbe (METPO:1000525) via METPO:2000001
data/traits/morphology/yellow_pigmented.yaml	yellow_pigmented_carotenoid_color	MICROBE_DOMAIN_ON_NONORGANISM	WARN	carotenoid_biosynthesis--METPO:2000202-->yellow_carotenoids subject_type=BIOLOGICAL_PROCESS predicate='produces' — subject entails ⊑ microbe (METPO:1000525) via METPO:2000001
data/traits/morphology/yellow_pigmented.yaml	yellow_pigmented_carotenoid_color	MICROBE_DOMAIN_ON_NONORGANISM	WARN	lycopene_biosynthesis--METPO:2000202-->lycopene subject_type=BIOLOGICAL_PROCESS predicate='produces' — subject entails ⊑ microbe (METPO:1000525) via METPO:2000001
data/traits/physiology/antibiotic_resistance.yaml	antibiotic_resistance_mechanisms	ENABLES_RANGE_ON_TRAIT	WARN	efflux_pump--RO:0002327-->antibiotic_resistance_trait object_type=TRAIT — enables range is 'biological process or activity'; a disposition cannot satisfy it
data/traits/physiology/antibiotic_resistance.yaml	antibiotic_resistance_mechanisms	MICROBE_DOMAIN_ON_NONORGANISM	WARN	beta_lactamase--METPO:2000013-->beta_lactam_antibiotic subject_type=GENE_OR_PROTEIN predicate='hydrolyzes' — subject entails ⊑ microbe (METPO:1000525) via METPO:2000001
data/traits/physiology/autotrophic.yaml	autotrophic_inorganic_carbon_fixation	MICROBE_DOMAIN_ON_NONORGANISM	WARN	autotrophic_trait--METPO:2000006-->carbon_dioxide subject_type=TRAIT predicate='uses carbon source' — subject entails ⊑ microbe (METPO:1000525) via METPO:2000001
data/traits/physiology/autotrophic.yaml	autotrophic_inorganic_carbon_fixation	MICROBE_DOMAIN_ON_NONORGANISM	WARN	co2_fixation_pathway--METPO:2000202-->precursor_metabolites subject_type=PATHWAY predicate='produces' — subject entails ⊑ microbe (METPO:1000525) via METPO:2000001
data/traits/physiology/autotrophic.yaml	autotrophic_inorganic_carbon_fixation	MICROBE_DOMAIN_ON_NONORGANISM	WARN	wood_ljungdahl_pathway--METPO:2000202-->acetyl_coa subject_type=PATHWAY predicate='produces' — subject entails ⊑ microbe (METPO:1000525) via METPO:2000001
data/traits/physiology/bioluminescence.yaml	bioluminescence_luciferase	ENABLES_RANGE_ON_TRAIT	WARN	bioluminescence_process--RO:0002327-->bioluminescence_trait object_type=TRAIT — enables range is 'biological process or activity'; a disposition cannot satisfy it
data/traits/physiology/bioluminescence.yaml	bioluminescence_luciferase	MICROBE_DOMAIN_ON_NONORGANISM	WARN	lux_g--METPO:2000202-->fmnh2 subject_type=GENE_OR_PROTEIN predicate='produces' — subject entails ⊑ microbe (METPO:1000525) via METPO:2000001
data/traits/physiology/bioluminescence.yaml	bioluminescence_luciferase	MICROBE_DOMAIN_ON_NONORGANISM	WARN	lux_locus_expression--METPO:2000202-->luciferase subject_type=BIOLOGICAL_PROCESS predicate='produces' — subject entails ⊑ microbe (METPO:1000525) via METPO:2000001
data/traits/physiology/carboxydotrophic.yaml	carboxydotrophic_co_oxidation	MICROBE_DOMAIN_ON_NONORGANISM	WARN	carbon_monoxide_dehydrogenase--METPO:2000016-->carbon_monoxide subject_type=GENE_OR_PROTEIN predicate='oxidizes' — subject entails ⊑ microbe (METPO:1000525) via METPO:2000001
data/traits/physiology/catalase_activity.yaml	catalase_activity_h2o2_detoxification	MICROBE_DOMAIN_ON_NONORGANISM	WARN	catalase_function--METPO:2000202-->molecular_oxygen subject_type=MOLECULAR_FUNCTION predicate='produces' — subject entails ⊑ microbe (METPO:1000525) via METPO:2000001
data/traits/physiology/catalase_activity.yaml	catalase_activity_h2o2_detoxification	MICROBE_DOMAIN_ON_NONORGANISM	WARN	catalase_function--METPO:2000202-->water subject_type=MOLECULAR_FUNCTION predicate='produces' — subject entails ⊑ microbe (METPO:1000525) via METPO:2000001
data/traits/physiology/catalase_activity.yaml	catalase_activity_h2o2_detoxification	ENABLES_RANGE_ON_TRAIT	WARN	catalase--RO:0002327-->catalase_activity_trait object_type=TRAIT — enables range is 'biological process or activity'; a disposition cannot satisfy it
data/traits/physiology/chemoautolithotrophic.yaml	chemoautolithotrophic_inorganic_energy_co2_fixation	ENABLES_RANGE_ON_TRAIT	WARN	inorganic_electron_donor--RO:0002327-->chemoautolithotrophic_trait object_type=TRAIT — enables range is 'biological process or activity'; a disposition cannot satisfy it
data/traits/physiology/chemoautolithotrophic.yaml	chemoautolithotrophic_inorganic_energy_co2_fixation	MICROBE_DOMAIN_ON_NONORGANISM	WARN	respiratory_chain--METPO:2000202-->atp subject_type=PATHWAY predicate='produces' — subject entails ⊑ microbe (METPO:1000525) via METPO:2000001
data/traits/physiology/chemoautolithotrophic.yaml	chemoautolithotrophic_inorganic_energy_co2_fixation	MICROBE_DOMAIN_ON_NONORGANISM	WARN	chemoautolithotrophic_trait--METPO:2000006-->carbon_dioxide subject_type=TRAIT predicate='uses carbon source' — subject entails ⊑ microbe (METPO:1000525) via METPO:2000001
data/traits/physiology/chemoautolithotrophic.yaml	chemoautolithotrophic_inorganic_energy_co2_fixation	MICROBE_DOMAIN_ON_NONORGANISM	WARN	co2_fixation_pathway--METPO:2000202-->biomass subject_type=PATHWAY predicate='produces' — subject entails ⊑ microbe (METPO:1000525) via METPO:2000001
data/traits/physiology/chemoautotrophic.yaml	chemoautotrophic_chemical_energy_co2_fixation	MICROBE_DOMAIN_ON_NONORGANISM	WARN	respiratory_energy_conservation--METPO:2000202-->atp subject_type=BIOLOGICAL_PROCESS predicate='produces' — subject entails ⊑ microbe (METPO:1000525) via METPO:2000001
data/traits/physiology/chemoautotrophic.yaml	chemoautotrophic_chemical_energy_co2_fixation	MICROBE_DOMAIN_ON_NONORGANISM	WARN	respiratory_energy_conservation--METPO:2000202-->nadph subject_type=BIOLOGICAL_PROCESS predicate='produces' — subject entails ⊑ microbe (METPO:1000525) via METPO:2000001
data/traits/physiology/chemoautotrophic.yaml	chemoautotrophic_chemical_energy_co2_fixation	MICROBE_DOMAIN_ON_NONORGANISM	WARN	calvin_benson_cycle--METPO:2000202-->cellular_biomass subject_type=PATHWAY predicate='produces' — subject entails ⊑ microbe (METPO:1000525) via METPO:2000001
data/traits/physiology/chemoautotrophic.yaml	chemoautotrophic_chemical_energy_co2_fixation	MICROBE_DOMAIN_ON_NONORGANISM	WARN	carbonic_anhydrase--METPO:2000202-->carbon_dioxide subject_type=GENE_OR_PROTEIN predicate='produces' — subject entails ⊑ microbe (METPO:1000525) via METPO:2000001
data/traits/physiology/chemoheterotrophic.yaml	chemoheterotrophic_organic_energy_carbon	MICROBE_DOMAIN_ON_NONORGANISM	WARN	chemoheterotrophic_trait--METPO:2000010-->organic_molecule subject_type=TRAIT predicate='uses energy source' — subject entails ⊑ microbe (METPO:1000525) via METPO:2000001
data/traits/physiology/chemoheterotrophic.yaml	chemoheterotrophic_organic_energy_carbon	MICROBE_DOMAIN_ON_NONORGANISM	WARN	chemoheterotrophic_trait--METPO:2000006-->organic_molecule subject_type=TRAIT predicate='uses carbon source' — subject entails ⊑ microbe (METPO:1000525) via METPO:2000001
data/traits/physiology/chemoheterotrophic.yaml	chemoheterotrophic_organic_energy_carbon	MICROBE_DOMAIN_ON_NONORGANISM	WARN	respiration--METPO:2000202-->atp subject_type=PATHWAY predicate='produces' — subject entails ⊑ microbe (METPO:1000525) via METPO:2000001
data/traits/physiology/chemoheterotrophic.yaml	chemoheterotrophic_organic_energy_carbon	MICROBE_DOMAIN_ON_NONORGANISM	WARN	fermentation--METPO:2000202-->atp subject_type=PATHWAY predicate='produces' — subject entails ⊑ microbe (METPO:1000525) via METPO:2000001
data/traits/physiology/chemoheterotrophic.yaml	chemoheterotrophic_organic_energy_carbon	MICROBE_DOMAIN_ON_NONORGANISM	WARN	catabolism--METPO:2000202-->precursor_metabolites subject_type=BIOLOGICAL_PROCESS predicate='produces' — subject entails ⊑ microbe (METPO:1000525) via METPO:2000001
data/traits/physiology/chemolithoautotrophic.yaml	chemolithoautotrophic_energy_and_fixation	ENABLES_RANGE_ON_TRAIT	WARN	inorganic_electron_donor--RO:0002327-->chemolithoautotrophic_trait object_type=TRAIT — enables range is 'biological process or activity'; a disposition cannot satisfy it
data/traits/physiology/chemolithoautotrophic.yaml	chemolithoautotrophic_energy_and_fixation	MICROBE_DOMAIN_ON_NONORGANISM	WARN	co2_fixation_pathway--METPO:2000202-->biomass subject_type=PATHWAY predicate='produces' — subject entails ⊑ microbe (METPO:1000525) via METPO:2000001
data/traits/physiology/chemolithoheterotrophic.yaml	chemolithoheterotrophic_inorganic_energy_organic_carbon	ENABLES_RANGE_ON_TRAIT	WARN	inorganic_chemical_donor--RO:0002327-->chemolithoheterotrophic_trait object_type=TRAIT — enables range is 'biological process or activity'; a disposition cannot satisfy it
data/traits/physiology/chemolithoheterotrophic.yaml	chemolithoheterotrophic_inorganic_energy_organic_carbon	MICROBE_DOMAIN_ON_NONORGANISM	WARN	chemolithoheterotrophic_trait--METPO:2000006-->organic_compound subject_type=TRAIT predicate='uses carbon source' — subject entails ⊑ microbe (METPO:1000525) via METPO:2000001
data/traits/physiology/chemolithotrophic.yaml	chemolithotrophic_inorganic_oxidation	ENABLES_RANGE_ON_TRAIT	WARN	inorganic_chemical_donor--RO:0002327-->chemolithotrophic_trait object_type=TRAIT — enables range is 'biological process or activity'; a disposition cannot satisfy it
data/traits/physiology/chemolithotrophic.yaml	chemolithotrophic_inorganic_oxidation	MICROBE_DOMAIN_ON_NONORGANISM	WARN	ammonia_monooxygenase--METPO:2000016-->ammonia subject_type=GENE_OR_PROTEIN predicate='oxidizes' — subject entails ⊑ microbe (METPO:1000525) via METPO:2000001
data/traits/physiology/chemolithotrophic.yaml	chemolithotrophic_inorganic_oxidation	MICROBE_DOMAIN_ON_NONORGANISM	WARN	sox_enzyme_system--METPO:2000016-->thiosulfate subject_type=GENE_OR_PROTEIN predicate='oxidizes' — subject entails ⊑ microbe (METPO:1000525) via METPO:2000001
data/traits/physiology/chemolithotrophic.yaml	chemolithotrophic_inorganic_oxidation	MICROBE_DOMAIN_ON_NONORGANISM	WARN	respiratory_chain--METPO:2000202-->atp subject_type=PATHWAY predicate='produces' — subject entails ⊑ microbe (METPO:1000525) via METPO:2000001
data/traits/physiology/chemoorganoheterotrophic.yaml	chemoorganoheterotrophic_organic_energy_carbon	ENABLES_RANGE_ON_TRAIT	WARN	organic_molecule--RO:0002327-->chemoorganoheterotrophic_trait object_type=TRAIT — enables range is 'biological process or activity'; a disposition cannot satisfy it
data/traits/physiology/chemoorganoheterotrophic.yaml	chemoorganoheterotrophic_organic_energy_carbon	MICROBE_DOMAIN_ON_NONORGANISM	WARN	chemoorganoheterotrophic_trait--METPO:2000006-->organic_molecule subject_type=TRAIT predicate='uses carbon source' — subject entails ⊑ microbe (METPO:1000525) via METPO:2000001
data/traits/physiology/chemoorganoheterotrophic.yaml	chemoorganoheterotrophic_organic_energy_carbon	MICROBE_DOMAIN_ON_NONORGANISM	WARN	respiration--METPO:2000202-->atp subject_type=PATHWAY predicate='produces' — subject entails ⊑ microbe (METPO:1000525) via METPO:2000001
data/traits/physiology/chemoorganoheterotrophic.yaml	chemoorganoheterotrophic_organic_energy_carbon	MICROBE_DOMAIN_ON_NONORGANISM	WARN	fermentation--METPO:2000202-->atp subject_type=PATHWAY predicate='produces' — subject entails ⊑ microbe (METPO:1000525) via METPO:2000001
data/traits/physiology/chemoorganoheterotrophic.yaml	chemoorganoheterotrophic_organic_energy_carbon	MICROBE_DOMAIN_ON_NONORGANISM	WARN	catabolism--METPO:2000202-->precursor_metabolites subject_type=BIOLOGICAL_PROCESS predicate='produces' — subject entails ⊑ microbe (METPO:1000525) via METPO:2000001
data/traits/physiology/chemoorganoheterotrophic.yaml	chemoorganoheterotrophic_organic_energy_carbon	ENABLES_RANGE_ON_TRAIT	WARN	substrate_transport_system--RO:0002327-->chemoorganoheterotrophic_trait object_type=TRAIT — enables range is 'biological process or activity'; a disposition cannot satisfy it
data/traits/physiology/chemoorganoheterotrophic.yaml	chemoorganoheterotrophic_organic_energy_carbon	MICROBE_DOMAIN_ON_NONORGANISM	WARN	extracellular_cazymes--METPO:2000013-->complex_polysaccharides subject_type=MOLECULAR_FUNCTION predicate='hydrolyzes' — subject entails ⊑ microbe (METPO:1000525) via METPO:2000001
data/traits/physiology/chemoorganotrophic.yaml	chemoorganotrophic_organic_oxidation_energy	MICROBE_DOMAIN_ON_NONORGANISM	WARN	substrate_level_phosphorylation--METPO:2000202-->atp subject_type=BIOLOGICAL_PROCESS predicate='produces' — subject entails ⊑ microbe (METPO:1000525) via METPO:2000001
data/traits/physiology/chemotaxis.yaml	chemotaxis_gradient_response	ENABLES_RANGE_ON_TRAIT	WARN	chemotaxis_process--RO:0002327-->chemotaxis_trait object_type=TRAIT — enables range is 'biological process or activity'; a disposition cannot satisfy it
data/traits/physiology/chemotrophic.yaml	chemotrophic_chemical_redox_energy	MICROBE_DOMAIN_ON_NONORGANISM	WARN	chemotrophic_trait--METPO:2000010-->reduced_chemical_substrate subject_type=TRAIT predicate='uses energy source' — subject entails ⊑ microbe (METPO:1000525) via METPO:2000001
data/traits/physiology/dormancy.yaml	dormancy_seed_bank	ENABLES_RANGE_ON_TRAIT	WARN	dormancy_process--RO:0002327-->dormancy_trait object_type=TRAIT — enables range is 'biological process or activity'; a disposition cannot satisfy it
data/traits/physiology/heterotrophic.yaml	heterotrophic_organic_carbon_assimilation	MICROBE_DOMAIN_ON_NONORGANISM	WARN	heterotrophic_trait--METPO:2000006-->organic_molecule subject_type=TRAIT predicate='uses carbon source' — subject entails ⊑ microbe (METPO:1000525) via METPO:2000001
data/traits/physiology/heterotrophic.yaml	heterotrophic_organic_carbon_assimilation	MICROBE_DOMAIN_ON_NONORGANISM	WARN	catabolism--METPO:2000202-->precursor_metabolites subject_type=BIOLOGICAL_PROCESS predicate='produces' — subject entails ⊑ microbe (METPO:1000525) via METPO:2000001
data/traits/physiology/heterotrophic.yaml	heterotrophic_organic_carbon_assimilation	MICROBE_DOMAIN_ON_NONORGANISM	WARN	anabolism--METPO:2000202-->biomass subject_type=BIOLOGICAL_PROCESS predicate='produces' — subject entails ⊑ microbe (METPO:1000525) via METPO:2000001
data/traits/physiology/heterotrophic.yaml	heterotrophic_organic_carbon_assimilation	MICROBE_DOMAIN_ON_NONORGANISM	WARN	tca_cycle--METPO:2000202-->precursor_metabolites subject_type=PATHWAY predicate='produces' — subject entails ⊑ microbe (METPO:1000525) via METPO:2000001
data/traits/physiology/hydrogenotrophic.yaml	hydrogenotrophic_hydrogen_oxidation_fixation	ENABLES_RANGE_ON_TRAIT	WARN	molecular_hydrogen--RO:0002327-->hydrogenotrophic_trait object_type=TRAIT — enables range is 'biological process or activity'; a disposition cannot satisfy it
data/traits/physiology/hydrogenotrophic.yaml	hydrogenotrophic_hydrogen_oxidation_fixation	MICROBE_DOMAIN_ON_NONORGANISM	WARN	hydrogenase--METPO:2000016-->molecular_hydrogen subject_type=GENE_OR_PROTEIN predicate='oxidizes' — subject entails ⊑ microbe (METPO:1000525) via METPO:2000001
data/traits/physiology/hydrogenotrophic.yaml	hydrogenotrophic_hydrogen_oxidation_fixation	MICROBE_DOMAIN_ON_NONORGANISM	WARN	autotrophic_co2_fixation--METPO:2000202-->cellular_carbon subject_type=PATHWAY predicate='produces' — subject entails ⊑ microbe (METPO:1000525) via METPO:2000001
data/traits/physiology/lithoautotrophic.yaml	lithoautotrophic_inorganic_donor_co2_fixation	ENABLES_RANGE_ON_TRAIT	WARN	inorganic_electron_donor--RO:0002327-->lithoautotrophic_trait object_type=TRAIT — enables range is 'biological process or activity'; a disposition cannot satisfy it
data/traits/physiology/lithoautotrophic.yaml	lithoautotrophic_inorganic_donor_co2_fixation	MICROBE_DOMAIN_ON_NONORGANISM	WARN	autotrophic_co2_fixation--METPO:2000202-->cellular_carbon subject_type=PATHWAY predicate='produces' — subject entails ⊑ microbe (METPO:1000525) via METPO:2000001
data/traits/physiology/lithoheterotrophic.yaml	lithoheterotrophic_inorganic_energy_organic_carbon	ENABLES_RANGE_ON_TRAIT	WARN	inorganic_electron_donor--RO:0002327-->lithoheterotrophic_trait object_type=TRAIT — enables range is 'biological process or activity'; a disposition cannot satisfy it
data/traits/physiology/lithoheterotrophic.yaml	lithoheterotrophic_inorganic_energy_organic_carbon	MICROBE_DOMAIN_ON_NONORGANISM	WARN	respiratory_chain--METPO:2000202-->atp subject_type=PATHWAY predicate='produces' — subject entails ⊑ microbe (METPO:1000525) via METPO:2000001
data/traits/physiology/lithoheterotrophic.yaml	lithoheterotrophic_inorganic_energy_organic_carbon	MICROBE_DOMAIN_ON_NONORGANISM	WARN	lithoheterotrophic_trait--METPO:2000006-->organic_carbon subject_type=TRAIT predicate='uses carbon source' — subject entails ⊑ microbe (METPO:1000525) via METPO:2000001
data/traits/physiology/lithoheterotrophic.yaml	lithoheterotrophic_inorganic_energy_organic_carbon	MICROBE_DOMAIN_ON_NONORGANISM	WARN	sqr--METPO:2000016-->sulfide subject_type=GENE_OR_PROTEIN predicate='oxidizes' — subject entails ⊑ microbe (METPO:1000525) via METPO:2000001
data/traits/physiology/lithoheterotrophic.yaml	lithoheterotrophic_inorganic_energy_organic_carbon	MICROBE_DOMAIN_ON_NONORGANISM	WARN	sox_system--METPO:2000016-->thiosulfate subject_type=GENE_OR_PROTEIN predicate='oxidizes' — subject entails ⊑ microbe (METPO:1000525) via METPO:2000001
data/traits/physiology/lithotrophic.yaml	lithotrophic_inorganic_donor_energy	ENABLES_RANGE_ON_TRAIT	WARN	inorganic_electron_donor--RO:0002327-->lithotrophic_trait object_type=TRAIT — enables range is 'biological process or activity'; a disposition cannot satisfy it
data/traits/physiology/methanotrophic.yaml	methanotrophic_methane_oxidation	MICROBE_DOMAIN_ON_NONORGANISM	WARN	methane_monooxygenase--METPO:2000016-->methane subject_type=GENE_OR_PROTEIN predicate='oxidizes' — subject entails ⊑ microbe (METPO:1000525) via METPO:2000001
data/traits/physiology/methanotrophic.yaml	methanotrophic_methane_oxidation	MICROBE_DOMAIN_ON_NONORGANISM	WARN	methanol_dehydrogenase--METPO:2000016-->methanol subject_type=GENE_OR_PROTEIN predicate='oxidizes' — subject entails ⊑ microbe (METPO:1000525) via METPO:2000001
data/traits/physiology/methanotrophic.yaml	methanotrophic_methane_oxidation	MICROBE_DOMAIN_ON_NONORGANISM	WARN	methanotrophic_trait--METPO:2000202-->carbon_dioxide subject_type=TRAIT predicate='produces' — subject entails ⊑ microbe (METPO:1000525) via METPO:2000001
data/traits/physiology/methylotrophic.yaml	methylotrophic_methanol_assimilation	MICROBE_DOMAIN_ON_NONORGANISM	WARN	methanol_dehydrogenase--METPO:2000016-->methanol subject_type=GENE_OR_PROTEIN predicate='oxidizes' — subject entails ⊑ microbe (METPO:1000525) via METPO:2000001
data/traits/physiology/methylotrophic.yaml	methylotrophic_methanol_assimilation	MICROBE_DOMAIN_ON_NONORGANISM	WARN	pqq_dependent_mdh--METPO:2000202-->formaldehyde subject_type=GENE_OR_PROTEIN predicate='produces' — subject entails ⊑ microbe (METPO:1000525) via METPO:2000001
data/traits/physiology/methylotrophic.yaml	methylotrophic_methanol_assimilation	MICROBE_DOMAIN_ON_NONORGANISM	WARN	rump_cycle--METPO:2000202-->biomass_precursor subject_type=PATHWAY predicate='produces' — subject entails ⊑ microbe (METPO:1000525) via METPO:2000001
data/traits/physiology/mixotrophic.yaml	mixotrophic_dual_carbon_energy_use	MICROBE_DOMAIN_ON_NONORGANISM	WARN	mixotrophic_trait--METPO:2000006-->organic_carbon subject_type=TRAIT predicate='uses carbon source' — subject entails ⊑ microbe (METPO:1000525) via METPO:2000001
data/traits/physiology/mixotrophic.yaml	mixotrophic_dual_carbon_energy_use	MICROBE_DOMAIN_ON_NONORGANISM	WARN	mixotrophic_trait--METPO:2000006-->carbon_dioxide subject_type=TRAIT predicate='uses carbon source' — subject entails ⊑ microbe (METPO:1000525) via METPO:2000001
data/traits/physiology/natural_competence.yaml	natural_competence_dna_uptake	ENABLES_RANGE_ON_TRAIT	WARN	competence_process--RO:0002327-->natural_competence_trait object_type=TRAIT — enables range is 'biological process or activity'; a disposition cannot satisfy it
data/traits/physiology/oligotrophic.yaml	oligotrophic_low_nutrient_efficiency	ENABLES_RANGE_ON_TRAIT	WARN	efficient_nutrient_use--RO:0002327-->oligotrophic_trait object_type=TRAIT — enables range is 'biological process or activity'; a disposition cannot satisfy it
data/traits/physiology/oligotrophic.yaml	oligotrophic_low_nutrient_efficiency	MICROBE_DOMAIN_ON_NONORGANISM	WARN	streamlined_genome--METPO:2000017-->reduced_metabolic_redundancy subject_type=BIOLOGICAL_PROCESS predicate='reduces' — subject entails ⊑ microbe (METPO:1000525) via METPO:2000001
data/traits/physiology/organoheterotrophic.yaml	organoheterotrophic_organic_donor_carbon	ENABLES_RANGE_ON_TRAIT	WARN	organic_compound--RO:0002327-->organoheterotrophic_trait object_type=TRAIT — enables range is 'biological process or activity'; a disposition cannot satisfy it
data/traits/physiology/organoheterotrophic.yaml	organoheterotrophic_organic_donor_carbon	MICROBE_DOMAIN_ON_NONORGANISM	WARN	organoheterotrophic_trait--METPO:2000006-->organic_compound subject_type=TRAIT predicate='uses carbon source' — subject entails ⊑ microbe (METPO:1000525) via METPO:2000001
data/traits/physiology/organoheterotrophic.yaml	organoheterotrophic_organic_donor_carbon	MICROBE_DOMAIN_ON_NONORGANISM	WARN	respiratory_chain--METPO:2000202-->atp subject_type=PATHWAY predicate='produces' — subject entails ⊑ microbe (METPO:1000525) via METPO:2000001
data/traits/physiology/organoheterotrophic.yaml	organoheterotrophic_organic_donor_carbon	MICROBE_DOMAIN_ON_NONORGANISM	WARN	oxidative_phosphorylation--METPO:2000202-->atp subject_type=PATHWAY predicate='produces' — subject entails ⊑ microbe (METPO:1000525) via METPO:2000001
data/traits/physiology/organotrophic.yaml	organotrophic_organic_compound_oxidation	ENABLES_RANGE_ON_TRAIT	WARN	organic_compound--RO:0002327-->organotrophic_trait object_type=TRAIT — enables range is 'biological process or activity'; a disposition cannot satisfy it
data/traits/physiology/organotrophic.yaml	organotrophic_organic_compound_oxidation	MICROBE_DOMAIN_ON_NONORGANISM	WARN	catabolism--METPO:2000202-->precursor_metabolites subject_type=BIOLOGICAL_PROCESS predicate='produces' — subject entails ⊑ microbe (METPO:1000525) via METPO:2000001
data/traits/physiology/oxidase_activity.yaml	oxidase_activity_terminal_oxidase	ENABLES_RANGE_ON_TRAIT	WARN	cytochrome_c_oxidase--RO:0002327-->oxidase_activity_trait object_type=TRAIT — enables range is 'biological process or activity'; a disposition cannot satisfy it
data/traits/physiology/oxidase_activity.yaml	oxidase_activity_terminal_oxidase	MICROBE_DOMAIN_ON_NONORGANISM	WARN	heme_a3_cub_binuclear_center--METPO:2000017-->molecular_oxygen subject_type=CHEMICAL predicate='reduces' — subject entails ⊑ microbe (METPO:1000525) via METPO:2000001
data/traits/physiology/oxidative_stress_response.yaml	oxidative_stress_response_ros_defense	ENABLES_RANGE_ON_TRAIT	WARN	oxidative_stress_process--RO:0002327-->oxidative_stress_response_trait object_type=TRAIT — enables range is 'biological process or activity'; a disposition cannot satisfy it
data/traits/physiology/persister_cell_formation.yaml	persister_dormancy_tolerance	ENABLES_RANGE_ON_TRAIT	WARN	dormancy_process--RO:0002327-->persister_trait object_type=TRAIT — enables range is 'biological process or activity'; a disposition cannot satisfy it
data/traits/physiology/photoautotrophic.yaml	photoautotrophic_cyanobacterial_carbon_fixation	MICROBE_DOMAIN_ON_NONORGANISM	WARN	photoautotrophic_trait--METPO:2000010-->light subject_type=TRAIT predicate='uses energy source' — subject entails ⊑ microbe (METPO:1000525) via METPO:2000001
data/traits/physiology/photoautotrophic.yaml	photoautotrophic_cyanobacterial_carbon_fixation	MICROBE_DOMAIN_ON_NONORGANISM	WARN	photosystem_ii--METPO:2000016-->water subject_type=GENE_OR_PROTEIN predicate='oxidizes' — subject entails ⊑ microbe (METPO:1000525) via METPO:2000001
data/traits/physiology/photoautotrophic.yaml	photoautotrophic_cyanobacterial_carbon_fixation	MICROBE_DOMAIN_ON_NONORGANISM	WARN	photosynthetic_electron_transport--METPO:2000202-->atp_nadph subject_type=PATHWAY predicate='produces' — subject entails ⊑ microbe (METPO:1000525) via METPO:2000001
data/traits/physiology/photoautotrophic.yaml	photoautotrophic_cyanobacterial_carbon_fixation	MICROBE_DOMAIN_ON_NONORGANISM	WARN	calvin_benson_cycle--METPO:2000202-->biomass subject_type=PATHWAY predicate='produces' — subject entails ⊑ microbe (METPO:1000525) via METPO:2000001
data/traits/physiology/photoheterotrophic.yaml	photoheterotrophic_light_organic_carbon	MICROBE_DOMAIN_ON_NONORGANISM	WARN	photoheterotrophic_trait--METPO:2000010-->light subject_type=TRAIT predicate='uses energy source' — subject entails ⊑ microbe (METPO:1000525) via METPO:2000001
data/traits/physiology/photoheterotrophic.yaml	photoheterotrophic_light_organic_carbon	MICROBE_DOMAIN_ON_NONORGANISM	WARN	photosynthetic_electron_transport--METPO:2000202-->atp subject_type=PATHWAY predicate='produces' — subject entails ⊑ microbe (METPO:1000525) via METPO:2000001
data/traits/physiology/photoheterotrophic.yaml	photoheterotrophic_light_organic_carbon	MICROBE_DOMAIN_ON_NONORGANISM	WARN	photoheterotrophic_trait--METPO:2000006-->organic_carbon subject_type=TRAIT predicate='uses carbon source' — subject entails ⊑ microbe (METPO:1000525) via METPO:2000001
data/traits/physiology/photoheterotrophic.yaml	photoheterotrophic_light_organic_carbon	MICROBE_DOMAIN_ON_NONORGANISM	WARN	photophosphorylation--METPO:2000202-->atp subject_type=BIOLOGICAL_PROCESS predicate='produces' — subject entails ⊑ microbe (METPO:1000525) via METPO:2000001
data/traits/physiology/photolithoautotrophic.yaml	photolithoautotrophic_light_inorganic_donor_fixation	MICROBE_DOMAIN_ON_NONORGANISM	WARN	photolithoautotrophic_trait--METPO:2000010-->light subject_type=TRAIT predicate='uses energy source' — subject entails ⊑ microbe (METPO:1000525) via METPO:2000001
data/traits/physiology/photolithoautotrophic.yaml	photolithoautotrophic_light_inorganic_donor_fixation	MICROBE_DOMAIN_ON_NONORGANISM	WARN	photosynthetic_electron_transport--METPO:2000202-->reducing_power subject_type=PATHWAY predicate='produces' — subject entails ⊑ microbe (METPO:1000525) via METPO:2000001
data/traits/physiology/photolithoautotrophic.yaml	photolithoautotrophic_light_inorganic_donor_fixation	MICROBE_DOMAIN_ON_NONORGANISM	WARN	autotrophic_co2_fixation--METPO:2000202-->biomass subject_type=PATHWAY predicate='produces' — subject entails ⊑ microbe (METPO:1000525) via METPO:2000001
data/traits/physiology/photolithoautotrophic.yaml	photolithoautotrophic_light_inorganic_donor_fixation	MICROBE_DOMAIN_ON_NONORGANISM	WARN	dic_transporter--METPO:2000208-->bicarbonate subject_type=GENE_OR_PROTEIN predicate='imports' — subject entails ⊑ microbe (METPO:1000525) via METPO:2000001
data/traits/physiology/photolithotrophic.yaml	photolithotrophic_inorganic_electron_donors	MICROBE_DOMAIN_ON_NONORGANISM	WARN	photolithotrophic_trait--METPO:2000010-->light subject_type=TRAIT predicate='uses energy source' — subject entails ⊑ microbe (METPO:1000525) via METPO:2000001
data/traits/physiology/photolithotrophic.yaml	photolithotrophic_inorganic_electron_donors	ENABLES_RANGE_ON_TRAIT	WARN	inorganic_electron_donor--RO:0002327-->photolithotrophic_trait object_type=TRAIT — enables range is 'biological process or activity'; a disposition cannot satisfy it
data/traits/physiology/photolithotrophic.yaml	photolithotrophic_inorganic_electron_donors	MICROBE_DOMAIN_ON_NONORGANISM	WARN	anoxygenic_photosynthesis--METPO:2000202-->biomass subject_type=PATHWAY predicate='produces' — subject entails ⊑ microbe (METPO:1000525) via METPO:2000001
data/traits/physiology/photolithotrophic.yaml	photolithotrophic_inorganic_electron_donors	MICROBE_DOMAIN_ON_NONORGANISM	WARN	hydrogen_sulfide_oxidation--METPO:2000202-->elemental_sulfur subject_type=BIOLOGICAL_PROCESS predicate='produces' — subject entails ⊑ microbe (METPO:1000525) via METPO:2000001
data/traits/physiology/photoorganoheterotrophic.yaml	photoorganoheterotrophic_light_organic_electrons	MICROBE_DOMAIN_ON_NONORGANISM	WARN	photoorganoheterotrophic_trait--METPO:2000010-->light subject_type=TRAIT predicate='uses energy source' — subject entails ⊑ microbe (METPO:1000525) via METPO:2000001
data/traits/physiology/photoorganoheterotrophic.yaml	photoorganoheterotrophic_light_organic_electrons	ENABLES_RANGE_ON_TRAIT	WARN	organic_compound--RO:0002327-->photoorganoheterotrophic_trait object_type=TRAIT — enables range is 'biological process or activity'; a disposition cannot satisfy it
data/traits/physiology/photoorganoheterotrophic.yaml	photoorganoheterotrophic_light_organic_electrons	MICROBE_DOMAIN_ON_NONORGANISM	WARN	photoorganoheterotrophic_trait--METPO:2000006-->organic_compound subject_type=TRAIT predicate='uses carbon source' — subject entails ⊑ microbe (METPO:1000525) via METPO:2000001
data/traits/physiology/phototrophic.yaml	phototrophic_light_energy_capture	MICROBE_DOMAIN_ON_NONORGANISM	WARN	phototrophic_trait--METPO:2000010-->light subject_type=TRAIT predicate='uses energy source' — subject entails ⊑ microbe (METPO:1000525) via METPO:2000001
data/traits/physiology/phototrophic.yaml	phototrophic_light_energy_capture	MICROBE_DOMAIN_ON_NONORGANISM	WARN	photosynthetic_electron_transport--METPO:2000202-->atp subject_type=PATHWAY predicate='produces' — subject entails ⊑ microbe (METPO:1000525) via METPO:2000001
data/traits/physiology/phototrophic.yaml	phototrophic_light_energy_capture	MICROBE_DOMAIN_ON_NONORGANISM	WARN	photosynthetic_electron_transport--METPO:2000202-->reducing_power subject_type=PATHWAY predicate='produces' — subject entails ⊑ microbe (METPO:1000525) via METPO:2000001
data/traits/physiology/phototrophic.yaml	phototrophic_light_energy_capture	MICROBE_DOMAIN_ON_NONORGANISM	WARN	atp_synthase--METPO:2000202-->atp subject_type=GENE_OR_PROTEIN predicate='produces' — subject entails ⊑ microbe (METPO:1000525) via METPO:2000001
data/traits/physiology/quorum_sensing.yaml	quorum_sensing_autoinducer	ENABLES_RANGE_ON_TRAIT	WARN	quorum_sensing_process--RO:0002327-->quorum_sensing_trait object_type=TRAIT — enables range is 'biological process or activity'; a disposition cannot satisfy it
data/traits/physiology/spore_germination.yaml	spore_germination_germinant_trigger	ENABLES_RANGE_ON_TRAIT	WARN	spore_germination_process--RO:0002327-->spore_germination_trait object_type=TRAIT — enables range is 'biological process or activity'; a disposition cannot satisfy it
data/traits/physiology/spore_germination.yaml	spore_germination_germinant_trigger	ENABLES_RANGE_ON_TRAIT	WARN	core_rehydration_outgrowth--RO:0002327-->spore_germination_trait object_type=TRAIT — enables range is 'biological process or activity'; a disposition cannot satisfy it
data/traits/physiology/stress_response.yaml	stress_response_induction	ENABLES_RANGE_ON_TRAIT	WARN	stress_response_process--RO:0002327-->stress_response_trait object_type=TRAIT — enables range is 'biological process or activity'; a disposition cannot satisfy it
data/traits/physiology/stress_response.yaml	stress_response_induction	ENABLES_RANGE_ON_TRAIT	WARN	general_stress_resistance--RO:0002327-->stress_response_trait object_type=TRAIT — enables range is 'biological process or activity'; a disposition cannot satisfy it
data/traits/physiology/urease_activity.yaml	urease_activity_urea_hydrolysis	MICROBE_DOMAIN_ON_NONORGANISM	WARN	urease_function--METPO:2000202-->ammonia subject_type=MOLECULAR_FUNCTION predicate='produces' — subject entails ⊑ microbe (METPO:1000525) via METPO:2000001
data/traits/physiology/urease_activity.yaml	urease_activity_urea_hydrolysis	MICROBE_DOMAIN_ON_NONORGANISM	WARN	urease_function--METPO:2000202-->hydroxide subject_type=MOLECULAR_FUNCTION predicate='produces' — subject entails ⊑ microbe (METPO:1000525) via METPO:2000001
data/traits/physiology/urease_activity.yaml	urease_activity_urea_hydrolysis	MICROBE_DOMAIN_ON_NONORGANISM	WARN	urease_function--METPO:2000202-->carbon_dioxide subject_type=MOLECULAR_FUNCTION predicate='produces' — subject entails ⊑ microbe (METPO:1000525) via METPO:2000001
data/traits/physiology/viable_but_nonculturable_state.yaml	vbnc_stress_induced_dormancy	ENABLES_RANGE_ON_TRAIT	WARN	dormancy_process--RO:0002327-->vbnc_trait object_type=TRAIT — enables range is 'biological process or activity'; a disposition cannot satisfy it
data/traits/upper/observation.yaml	observation_measurement_upper_context	MICROBE_DOMAIN_ON_NONORGANISM	WARN	assay_measurement--METPO:2000202-->data_item subject_type=EXPERIMENTAL_FACTOR predicate='produces' — subject entails ⊑ microbe (METPO:1000525) via METPO:2000001
