path	identifier	n_citations	citations	malformed	passes
data/traits/ecology/bacterial_cannibalism.yaml	traitmech:000626	3	DOI:10.1126/science.1086462; DOI:10.1111/j.1365-2958.2009.06882.x; DOI:10.1128/mbio.00525-26		yes
data/traits/ecology/endophytic.yaml	traitmech:000442	2	DOI:10.3390/microorganisms5040077; DOI:10.1128/MMBR.00050-14		yes
data/traits/ecology/epiphytic.yaml	traitmech:000443	2	DOI:10.1186/s12915-024-01967-1; DOI:10.1128/AEM.69.4.1875-1883.2003		yes
data/traits/genomics/abi2_system.yaml	traitmech:000338	8	DOI:10.1016/j.mib.2005.06.006; DOI:10.1128/jb.177.13.3818-3823.1995; DOI:10.1128/jb.177.13.3824-3829.1995; https://www.ebi.ac.uk/interpro/entry/pfam/PF07751/; https://rest.uniprot.org/uniprotkb/Q48717.tsv?fields=accession,id,gene_names,protein_name,xref_pfam,organism_name; https://raw.githubusercontent.com/mdmparis/defense-finder-models/afb0e5a8b466be53586b13266f5d38d98c3ac268/List_system_article.md; https://raw.githubusercontent.com/mdmparis/defense-finder-models/afb0e5a8b466be53586b13266f5d38d98c3ac268/DefenseFinder_rules.tsv; https://raw.githubusercontent.com/mdmparis/defense-finder-models/afb0e5a8b466be53586b13266f5d38d98c3ac268/Liste_hmm_system.md		yes
data/traits/genomics/abia_system.yaml	traitmech:000344	6	DOI:10.1128/aem.60.4.1129-1136.1994; PMID:16349225; PMID:9661658; https://raw.githubusercontent.com/mdmparis/defense-finder-models/afb0e5a8b466be53586b13266f5d38d98c3ac268/List_system_article.md; https://raw.githubusercontent.com/mdmparis/defense-finder-models/afb0e5a8b466be53586b13266f5d38d98c3ac268/DefenseFinder_rules.tsv; https://raw.githubusercontent.com/mdmparis/defense-finder-models/afb0e5a8b466be53586b13266f5d38d98c3ac268/Liste_hmm_system.md		yes
data/traits/genomics/abialpha_system.yaml	traitmech:000322	4	DOI:10.3390/v11010048; PMID:30634666; https://raw.githubusercontent.com/mdmparis/defense-finder-models/afb0e5a8b466be53586b13266f5d38d98c3ac268/List_system_article.md; https://raw.githubusercontent.com/mdmparis/defense-finder-models/afb0e5a8b466be53586b13266f5d38d98c3ac268/Liste_hmm_system.md		yes
data/traits/genomics/abib_system.yaml	traitmech:000319	5	DOI:10.1046/j.1365-2958.1996.371896.x; PMID:8825768; https://raw.githubusercontent.com/mdmparis/defense-finder-models/afb0e5a8b466be53586b13266f5d38d98c3ac268/List_system_article.md; https://raw.githubusercontent.com/mdmparis/defense-finder-models/afb0e5a8b466be53586b13266f5d38d98c3ac268/DefenseFinder_rules.tsv; https://raw.githubusercontent.com/mdmparis/defense-finder-models/afb0e5a8b466be53586b13266f5d38d98c3ac268/Liste_hmm_system.md		yes
data/traits/genomics/abic_system.yaml	traitmech:000320	5	DOI:10.1128/jb.174.22.7463-7469.1992; PMID:1429469; https://raw.githubusercontent.com/mdmparis/defense-finder-models/afb0e5a8b466be53586b13266f5d38d98c3ac268/List_system_article.md; https://raw.githubusercontent.com/mdmparis/defense-finder-models/afb0e5a8b466be53586b13266f5d38d98c3ac268/DefenseFinder_rules.tsv; https://raw.githubusercontent.com/mdmparis/defense-finder-models/afb0e5a8b466be53586b13266f5d38d98c3ac268/Liste_hmm_system.md		yes
data/traits/genomics/abid_system.yaml	traitmech:000318	5	DOI:10.1128/aem.61.5.2023-2026.1995; PMID:7646042; https://raw.githubusercontent.com/mdmparis/defense-finder-models/afb0e5a8b466be53586b13266f5d38d98c3ac268/List_system_article.md; https://raw.githubusercontent.com/mdmparis/defense-finder-models/afb0e5a8b466be53586b13266f5d38d98c3ac268/DefenseFinder_rules.tsv; https://raw.githubusercontent.com/mdmparis/defense-finder-models/afb0e5a8b466be53586b13266f5d38d98c3ac268/Liste_hmm_system.md		yes
data/traits/genomics/abie_system.yaml	traitmech:000227	2	DOI:10.1093/nar/gkt1419; DOI:10.1128/AEM.61.12.4321-4328.1995		yes
data/traits/genomics/abif_system.yaml	traitmech:000504	2	DOI:10.1128/AEM.61.12.4321-4328.1995; DOI:10.1093/femsre/fuag009		yes
data/traits/genomics/abig_system.yaml	traitmech:000306	5	DOI:10.1128/aem.62.9.3075-3082.1996; DOI:10.1128/aem.65.1.330-335.1999; https://raw.githubusercontent.com/mdmparis/defense-finder-models/afb0e5a8b466be53586b13266f5d38d98c3ac268/List_system_article.md; https://raw.githubusercontent.com/mdmparis/defense-finder-models/afb0e5a8b466be53586b13266f5d38d98c3ac268/DefenseFinder_rules.tsv; https://raw.githubusercontent.com/mdmparis/defense-finder-models/afb0e5a8b466be53586b13266f5d38d98c3ac268/Liste_hmm_system.md		yes
data/traits/genomics/abih_system.yaml	traitmech:000304	4	DOI:10.1111/j.1574-6968.1996.tb08446.x; https://raw.githubusercontent.com/mdmparis/defense-finder-models/afb0e5a8b466be53586b13266f5d38d98c3ac268/List_system_article.md; https://raw.githubusercontent.com/mdmparis/defense-finder-models/afb0e5a8b466be53586b13266f5d38d98c3ac268/DefenseFinder_rules.tsv; https://raw.githubusercontent.com/mdmparis/defense-finder-models/afb0e5a8b466be53586b13266f5d38d98c3ac268/Liste_hmm_system.md		yes
data/traits/genomics/abii_system.yaml	traitmech:000316	5	DOI:10.1016/S0168-1656(97)01692-1; PMID:9195753; https://raw.githubusercontent.com/mdmparis/defense-finder-models/afb0e5a8b466be53586b13266f5d38d98c3ac268/List_system_article.md; https://raw.githubusercontent.com/mdmparis/defense-finder-models/afb0e5a8b466be53586b13266f5d38d98c3ac268/DefenseFinder_rules.tsv; https://raw.githubusercontent.com/mdmparis/defense-finder-models/afb0e5a8b466be53586b13266f5d38d98c3ac268/Liste_hmm_system.md		yes
data/traits/genomics/abij_system.yaml	traitmech:000339	6	DOI:10.1111/j.1574-6968.1997.tb10185.x; DOI:10.1093/femsre/fuag009; DOI:10.1073/pnas.2426508122; https://raw.githubusercontent.com/mdmparis/defense-finder-models/afb0e5a8b466be53586b13266f5d38d98c3ac268/List_system_article.md; https://raw.githubusercontent.com/mdmparis/defense-finder-models/afb0e5a8b466be53586b13266f5d38d98c3ac268/DefenseFinder_rules.tsv; https://raw.githubusercontent.com/mdmparis/defense-finder-models/afb0e5a8b466be53586b13266f5d38d98c3ac268/Liste_hmm_system.md		yes
data/traits/genomics/abik_system.yaml	traitmech:000229	4	DOI:10.1128/aem.63.4.1274-1283.1997; DOI:10.1099/00221287-146-2-445; DOI:10.1128/JB.187.11.3721-3730.2005; DOI:10.1093/nar/gkr397		yes
data/traits/genomics/abil_system.yaml	traitmech:000340	5	DOI:10.1016/S0168-1656(98)00175-8; DOI:10.1093/femsre/fuag009; https://raw.githubusercontent.com/mdmparis/defense-finder-models/afb0e5a8b466be53586b13266f5d38d98c3ac268/List_system_article.md; https://raw.githubusercontent.com/mdmparis/defense-finder-models/afb0e5a8b466be53586b13266f5d38d98c3ac268/DefenseFinder_rules.tsv; https://raw.githubusercontent.com/mdmparis/defense-finder-models/afb0e5a8b466be53586b13266f5d38d98c3ac268/Liste_hmm_system.md		yes
data/traits/genomics/abin_system.yaml	traitmech:000341	5	DOI:10.1111/j.1574-6968.1998.tb12879.x; DOI:10.1093/femsre/fuag009; https://raw.githubusercontent.com/mdmparis/defense-finder-models/afb0e5a8b466be53586b13266f5d38d98c3ac268/List_system_article.md; https://raw.githubusercontent.com/mdmparis/defense-finder-models/afb0e5a8b466be53586b13266f5d38d98c3ac268/DefenseFinder_rules.tsv; https://raw.githubusercontent.com/mdmparis/defense-finder-models/afb0e5a8b466be53586b13266f5d38d98c3ac268/Liste_hmm_system.md		yes
data/traits/genomics/abio_system.yaml	traitmech:000342	5	DOI:10.3168/jds.S0022-0302(98)75713-3; DOI:10.1093/femsre/fuag009; https://raw.githubusercontent.com/mdmparis/defense-finder-models/afb0e5a8b466be53586b13266f5d38d98c3ac268/List_system_article.md; https://raw.githubusercontent.com/mdmparis/defense-finder-models/afb0e5a8b466be53586b13266f5d38d98c3ac268/DefenseFinder_rules.tsv; https://raw.githubusercontent.com/mdmparis/defense-finder-models/afb0e5a8b466be53586b13266f5d38d98c3ac268/Liste_hmm_system.md		yes
data/traits/genomics/abip2_system.yaml	traitmech:000343	6	DOI:10.1128/JB.188.4.1643-1647.2006; DOI:10.1093/nar/gkac467; DOI:10.1093/femsre/fuag009; DOI:10.1093/nar/gkac772; https://raw.githubusercontent.com/mdmparis/defense-finder-models/afb0e5a8b466be53586b13266f5d38d98c3ac268/DefenseFinder_rules.tsv; https://raw.githubusercontent.com/mdmparis/defense-finder-models/afb0e5a8b466be53586b13266f5d38d98c3ac268/Liste_hmm_system.md		yes
data/traits/genomics/abiq_system.yaml	traitmech:000225	2	DOI:10.1128/JB.00296-13; DOI:10.1128/AEM.64.12.4748-4756.1998		yes
data/traits/genomics/abir_system.yaml	traitmech:000317	5	DOI:10.1128/AEM.66.6.2647-2651.2000; PMID:10831451; https://raw.githubusercontent.com/mdmparis/defense-finder-models/afb0e5a8b466be53586b13266f5d38d98c3ac268/List_system_article.md; https://raw.githubusercontent.com/mdmparis/defense-finder-models/afb0e5a8b466be53586b13266f5d38d98c3ac268/DefenseFinder_rules.tsv; https://raw.githubusercontent.com/mdmparis/defense-finder-models/afb0e5a8b466be53586b13266f5d38d98c3ac268/Liste_hmm_system.md		yes
data/traits/genomics/abit_system.yaml	traitmech:000230	2	DOI:10.1128/JB.184.22.6325-6332.2002; DOI:10.1128/AEM.01755-12		yes
data/traits/genomics/abiu_system.yaml	traitmech:000321	5	DOI:10.1128/AEM.67.11.5225-5232.2001; PMID:11679349; https://raw.githubusercontent.com/mdmparis/defense-finder-models/afb0e5a8b466be53586b13266f5d38d98c3ac268/List_system_article.md; https://raw.githubusercontent.com/mdmparis/defense-finder-models/afb0e5a8b466be53586b13266f5d38d98c3ac268/DefenseFinder_rules.tsv; https://raw.githubusercontent.com/mdmparis/defense-finder-models/afb0e5a8b466be53586b13266f5d38d98c3ac268/Liste_hmm_system.md		yes
data/traits/genomics/abiv_system.yaml	traitmech:000300	6	DOI:10.1128/AEM.00093-10; DOI:10.1128/AEM.00780-08; DOI:10.1128/AEM.02093-08; https://raw.githubusercontent.com/mdmparis/defense-finder-models/afb0e5a8b466be53586b13266f5d38d98c3ac268/List_system_article.md; https://raw.githubusercontent.com/mdmparis/defense-finder-models/afb0e5a8b466be53586b13266f5d38d98c3ac268/Liste_hmm_system.md; https://raw.githubusercontent.com/mdmparis/defense-finder-models/afb0e5a8b466be53586b13266f5d38d98c3ac268/DefenseFinder_rules.tsv		yes
data/traits/genomics/abiz_system.yaml	traitmech:000228	2	DOI:10.1128/JB.00904-06; DOI:10.1371/journal.pone.0298680		yes
data/traits/genomics/abortive_infection_system.yaml	traitmech:000214	3	DOI:10.1146/annurev-virology-011620-040628; DOI:10.1073/pnas.0808832106; DOI:10.1093/nar/gkt1419		yes
data/traits/genomics/aditi_system.yaml	traitmech:000247	5	DOI:10.1016/j.chom.2022.09.017; DOI:10.1101/2022.05.11.491447; https://raw.githubusercontent.com/mdmparis/defense-finder-models/afb0e5a8b466be53586b13266f5d38d98c3ac268/List_system_article.md; https://raw.githubusercontent.com/mdmparis/defense-finder-models/afb0e5a8b466be53586b13266f5d38d98c3ac268/DefenseFinder_rules.tsv; https://raw.githubusercontent.com/mdmparis/defense-finder-models/afb0e5a8b466be53586b13266f5d38d98c3ac268/Liste_hmm_system.md		yes
data/traits/genomics/ambrosia_system.yaml	traitmech:000329	2	DOI:10.1101/2025.09.30.679545; https://raw.githubusercontent.com/mdmparis/defense-finder-models/afb0e5a8b466be53586b13266f5d38d98c3ac268/List_system_article.md		yes
data/traits/genomics/apsab_system.yaml	traitmech:000328	2	DOI:10.1038/s41467-024-48219-y; https://raw.githubusercontent.com/mdmparis/defense-finder-models/afb0e5a8b466be53586b13266f5d38d98c3ac268/List_system_article.md		yes
data/traits/genomics/aristaios_system.yaml	traitmech:000313	3	DOI:10.1093/nar/gkae671; DOI:10.1128/aem.01120-24; https://raw.githubusercontent.com/mdmparis/defense-finder-models/afb0e5a8b466be53586b13266f5d38d98c3ac268/List_system_article.md		yes
data/traits/genomics/armada_system.yaml	traitmech:000477	3	DOI:10.1016/j.chom.2026.05.015; https://pmc.ncbi.nlm.nih.gov/articles/PMC12458937/; https://raw.githubusercontent.com/mdmparis/defense-finder-models/afb0e5a8b466be53586b13266f5d38d98c3ac268/List_system_article.md		yes
data/traits/genomics/audmula_system.yaml	traitmech:000312	3	DOI:10.1093/nar/gkae671; DOI:10.1073/pnas.2426508122; https://raw.githubusercontent.com/mdmparis/defense-finder-models/afb0e5a8b466be53586b13266f5d38d98c3ac268/List_system_article.md		yes
data/traits/genomics/avast_system.yaml	traitmech:000239	3	DOI:10.1126/science.aba0372; DOI:10.1126/science.abm4096; DOI:10.1016/j.molcel.2026.01.004		yes
data/traits/genomics/avs_i_system.yaml	traitmech:000534	5	https://raw.githubusercontent.com/mdmparis/defense-finder-models/afb0e5a8b466be53586b13266f5d38d98c3ac268/DefenseFinder_rules.tsv; DOI:10.1126/science.aba0372; DOI:10.1126/science.abm4096; https://raw.githubusercontent.com/mdmparis/defense-finder-models/afb0e5a8b466be53586b13266f5d38d98c3ac268/List_system_article.md; https://raw.githubusercontent.com/mdmparis/defense-finder-models/afb0e5a8b466be53586b13266f5d38d98c3ac268/Liste_hmm_system.md		yes
data/traits/genomics/avs_ii_system.yaml	traitmech:000535	5	https://raw.githubusercontent.com/mdmparis/defense-finder-models/afb0e5a8b466be53586b13266f5d38d98c3ac268/DefenseFinder_rules.tsv; DOI:10.1126/science.aba0372; DOI:10.1126/science.abm4096; https://raw.githubusercontent.com/mdmparis/defense-finder-models/afb0e5a8b466be53586b13266f5d38d98c3ac268/List_system_article.md; https://raw.githubusercontent.com/mdmparis/defense-finder-models/afb0e5a8b466be53586b13266f5d38d98c3ac268/Liste_hmm_system.md		yes
data/traits/genomics/avs_iii_system.yaml	traitmech:000536	5	https://raw.githubusercontent.com/mdmparis/defense-finder-models/afb0e5a8b466be53586b13266f5d38d98c3ac268/DefenseFinder_rules.tsv; DOI:10.1126/science.aba0372; DOI:10.1126/science.abm4096; https://raw.githubusercontent.com/mdmparis/defense-finder-models/afb0e5a8b466be53586b13266f5d38d98c3ac268/List_system_article.md; https://raw.githubusercontent.com/mdmparis/defense-finder-models/afb0e5a8b466be53586b13266f5d38d98c3ac268/Liste_hmm_system.md		yes
data/traits/genomics/avs_iv_system.yaml	traitmech:000537	5	https://raw.githubusercontent.com/mdmparis/defense-finder-models/afb0e5a8b466be53586b13266f5d38d98c3ac268/DefenseFinder_rules.tsv; DOI:10.1126/science.aba0372; DOI:10.1126/science.abm4096; https://raw.githubusercontent.com/mdmparis/defense-finder-models/afb0e5a8b466be53586b13266f5d38d98c3ac268/List_system_article.md; https://raw.githubusercontent.com/mdmparis/defense-finder-models/afb0e5a8b466be53586b13266f5d38d98c3ac268/Liste_hmm_system.md		yes
data/traits/genomics/avs_v_system.yaml	traitmech:000538	5	https://raw.githubusercontent.com/mdmparis/defense-finder-models/afb0e5a8b466be53586b13266f5d38d98c3ac268/DefenseFinder_rules.tsv; DOI:10.1126/science.aba0372; DOI:10.1016/j.molcel.2026.01.004; https://raw.githubusercontent.com/mdmparis/defense-finder-models/afb0e5a8b466be53586b13266f5d38d98c3ac268/List_system_article.md; https://raw.githubusercontent.com/mdmparis/defense-finder-models/afb0e5a8b466be53586b13266f5d38d98c3ac268/Liste_hmm_system.md		yes
data/traits/genomics/azaca_system.yaml	traitmech:000251	5	DOI:10.1016/j.chom.2022.09.017; DOI:10.1101/2022.05.11.491447; https://raw.githubusercontent.com/mdmparis/defense-finder-models/afb0e5a8b466be53586b13266f5d38d98c3ac268/List_system_article.md; https://raw.githubusercontent.com/mdmparis/defense-finder-models/afb0e5a8b466be53586b13266f5d38d98c3ac268/DefenseFinder_rules.tsv; https://raw.githubusercontent.com/mdmparis/defense-finder-models/afb0e5a8b466be53586b13266f5d38d98c3ac268/Liste_hmm_system.md		yes
data/traits/genomics/belenos_system.yaml	traitmech:000268	3	DOI:10.1126/science.ads0768; https://raw.githubusercontent.com/mdmparis/defense-finder-models/afb0e5a8b466be53586b13266f5d38d98c3ac268/List_system_article.md; https://raw.githubusercontent.com/mdmparis/defense-finder-models/afb0e5a8b466be53586b13266f5d38d98c3ac268/Liste_hmm_system.md		yes
data/traits/genomics/belisama_system.yaml	traitmech:000269	3	DOI:10.1126/science.ads0768; https://raw.githubusercontent.com/mdmparis/defense-finder-models/afb0e5a8b466be53586b13266f5d38d98c3ac268/List_system_article.md; https://raw.githubusercontent.com/mdmparis/defense-finder-models/afb0e5a8b466be53586b13266f5d38d98c3ac268/Liste_hmm_system.md		yes
data/traits/genomics/bil_system.yaml	traitmech:000369	4	DOI:10.1038/s41586-024-07616-5; DOI:10.1016/j.chom.2022.09.017; DOI:10.1101/2022.05.11.491447; https://raw.githubusercontent.com/mdmparis/defense-finder-models/afb0e5a8b466be53586b13266f5d38d98c3ac268/List_system_article.md		yes
data/traits/genomics/borvo_system.yaml	traitmech:000249	5	DOI:10.1016/j.chom.2022.09.017; DOI:10.1101/2022.05.11.491447; https://raw.githubusercontent.com/mdmparis/defense-finder-models/afb0e5a8b466be53586b13266f5d38d98c3ac268/List_system_article.md; https://raw.githubusercontent.com/mdmparis/defense-finder-models/afb0e5a8b466be53586b13266f5d38d98c3ac268/DefenseFinder_rules.tsv; https://raw.githubusercontent.com/mdmparis/defense-finder-models/afb0e5a8b466be53586b13266f5d38d98c3ac268/Liste_hmm_system.md		yes
data/traits/genomics/brc113_system.yaml	traitmech:000522	2	DOI:10.1126/science.ads0915; https://www.science.org/doi/suppl/10.1126/science.ads0915/suppl_file/science.ads0915_sm.pdf		yes
data/traits/genomics/brc142_system.yaml	traitmech:000515	2	DOI:10.1126/science.ads0915; https://raw.githubusercontent.com/mdmparis/defense-finder-models/afb0e5a8b466be53586b13266f5d38d98c3ac268/List_system_article.md		yes
data/traits/genomics/brc167_system.yaml	traitmech:000517	2	DOI:10.1126/science.ads0915; https://raw.githubusercontent.com/mdmparis/defense-finder-models/afb0e5a8b466be53586b13266f5d38d98c3ac268/List_system_article.md		yes
data/traits/genomics/brc217_system.yaml	traitmech:000521	2	DOI:10.1126/science.ads0915; https://www.science.org/doi/suppl/10.1126/science.ads0915/suppl_file/science.ads0915_sm.pdf		yes
data/traits/genomics/brc22_system.yaml	traitmech:000523	2	DOI:10.1126/science.ads0915; https://www.science.org/doi/suppl/10.1126/science.ads0915/suppl_file/science.ads0915_sm.pdf		yes
data/traits/genomics/brc233_system.yaml	traitmech:000518	2	DOI:10.1126/science.ads0915; https://raw.githubusercontent.com/mdmparis/defense-finder-models/afb0e5a8b466be53586b13266f5d38d98c3ac268/List_system_article.md		yes
data/traits/genomics/brc23_system.yaml	traitmech:000524	2	DOI:10.1126/science.ads0915; https://www.science.org/doi/suppl/10.1126/science.ads0915/suppl_file/science.ads0915_sm.pdf		yes
data/traits/genomics/brc24_system.yaml	traitmech:000516	2	DOI:10.1126/science.ads0915; https://raw.githubusercontent.com/mdmparis/defense-finder-models/afb0e5a8b466be53586b13266f5d38d98c3ac268/List_system_article.md		yes
data/traits/genomics/brc59_system.yaml	traitmech:000525	2	DOI:10.1126/science.ads0915; https://www.science.org/doi/suppl/10.1126/science.ads0915/suppl_file/science.ads0915_sm.pdf		yes
data/traits/genomics/brc76_system.yaml	traitmech:000519	2	DOI:10.1126/science.ads0915; https://raw.githubusercontent.com/mdmparis/defense-finder-models/afb0e5a8b466be53586b13266f5d38d98c3ac268/List_system_article.md		yes
data/traits/genomics/brcwgs21_system.yaml	traitmech:000520	2	DOI:10.1126/science.ads0915; https://raw.githubusercontent.com/mdmparis/defense-finder-models/afb0e5a8b466be53586b13266f5d38d98c3ac268/List_system_article.md		yes
data/traits/genomics/brex_system.yaml	traitmech:000210	2	DOI:10.15252/embj.201489455; DOI:10.1128/AEM.01001-19		yes
data/traits/genomics/brig1_system.yaml	traitmech:000307	3	DOI:10.1038/s41586-024-07329-9; https://raw.githubusercontent.com/mdmparis/defense-finder-models/afb0e5a8b466be53586b13266f5d38d98c3ac268/List_system_article.md; https://raw.githubusercontent.com/mdmparis/defense-finder-models/afb0e5a8b466be53586b13266f5d38d98c3ac268/Liste_hmm_system.md		yes
data/traits/genomics/brigantia_system.yaml	traitmech:000270	3	DOI:10.1126/science.ads0768; https://raw.githubusercontent.com/mdmparis/defense-finder-models/afb0e5a8b466be53586b13266f5d38d98c3ac268/List_system_article.md; https://raw.githubusercontent.com/mdmparis/defense-finder-models/afb0e5a8b466be53586b13266f5d38d98c3ac268/Liste_hmm_system.md		yes
data/traits/genomics/bsta_system.yaml	traitmech:000301	4	DOI:10.1016/j.chom.2021.09.002; https://raw.githubusercontent.com/mdmparis/defense-finder-models/afb0e5a8b466be53586b13266f5d38d98c3ac268/List_system_article.md; https://raw.githubusercontent.com/mdmparis/defense-finder-models/afb0e5a8b466be53586b13266f5d38d98c3ac268/Liste_hmm_system.md; https://raw.githubusercontent.com/mdmparis/defense-finder-models/afb0e5a8b466be53586b13266f5d38d98c3ac268/DefenseFinder_rules.tsv		yes
data/traits/genomics/bunzi_system.yaml	traitmech:000248	5	DOI:10.1016/j.chom.2022.09.017; DOI:10.1101/2022.05.11.491447; https://raw.githubusercontent.com/mdmparis/defense-finder-models/afb0e5a8b466be53586b13266f5d38d98c3ac268/List_system_article.md; https://raw.githubusercontent.com/mdmparis/defense-finder-models/afb0e5a8b466be53586b13266f5d38d98c3ac268/DefenseFinder_rules.tsv; https://raw.githubusercontent.com/mdmparis/defense-finder-models/afb0e5a8b466be53586b13266f5d38d98c3ac268/Liste_hmm_system.md		yes
data/traits/genomics/butters_gp30_gp31_system.yaml	traitmech:000298	4	DOI:10.1128/mSystems.00534-20; https://raw.githubusercontent.com/mdmparis/defense-finder-models/afb0e5a8b466be53586b13266f5d38d98c3ac268/List_system_article.md; https://raw.githubusercontent.com/mdmparis/defense-finder-models/afb0e5a8b466be53586b13266f5d38d98c3ac268/Liste_hmm_system.md; https://raw.githubusercontent.com/mdmparis/defense-finder-models/afb0e5a8b466be53586b13266f5d38d98c3ac268/DefenseFinder_rules.tsv		yes
data/traits/genomics/butters_gp57r_system.yaml	traitmech:000299	4	DOI:10.1101/2023.01.03.522681; https://raw.githubusercontent.com/mdmparis/defense-finder-models/afb0e5a8b466be53586b13266f5d38d98c3ac268/List_system_article.md; https://raw.githubusercontent.com/mdmparis/defense-finder-models/afb0e5a8b466be53586b13266f5d38d98c3ac268/Liste_hmm_system.md; https://raw.githubusercontent.com/mdmparis/defense-finder-models/afb0e5a8b466be53586b13266f5d38d98c3ac268/DefenseFinder_rules.tsv		yes
data/traits/genomics/caprel_system.yaml	traitmech:000244	2	DOI:10.1038/s41586-022-05444-z; DOI:10.1038/s41586-024-08039-y		yes
data/traits/genomics/card_nlr_endonuclease_system.yaml	traitmech:000550	5	DOI:10.1101/2023.05.28.542683; https://europepmc.org/article/PPR/PPR668921; https://raw.githubusercontent.com/mdmparis/defense-finder-models/afb0e5a8b466be53586b13266f5d38d98c3ac268/List_system_article.md; https://raw.githubusercontent.com/mdmparis/defense-finder-models/afb0e5a8b466be53586b13266f5d38d98c3ac268/Liste_hmm_system.md; https://raw.githubusercontent.com/mdmparis/defense-finder-models/afb0e5a8b466be53586b13266f5d38d98c3ac268/DefenseFinder_rules.tsv		yes
data/traits/genomics/card_nlr_gasdermin_system.yaml	traitmech:000555	5	DOI:10.1101/2023.05.28.542683; https://europepmc.org/article/PPR/PPR668921; https://raw.githubusercontent.com/mdmparis/defense-finder-models/afb0e5a8b466be53586b13266f5d38d98c3ac268/List_system_article.md; https://raw.githubusercontent.com/mdmparis/defense-finder-models/afb0e5a8b466be53586b13266f5d38d98c3ac268/Liste_hmm_system.md; https://raw.githubusercontent.com/mdmparis/defense-finder-models/afb0e5a8b466be53586b13266f5d38d98c3ac268/DefenseFinder_rules.tsv		yes
data/traits/genomics/card_nlr_like_system.yaml	traitmech:000559	4	https://raw.githubusercontent.com/mdmparis/defense-finder-models/afb0e5a8b466be53586b13266f5d38d98c3ac268/DefenseFinder_rules.tsv; https://europepmc.org/article/PPR/PPR668921; https://raw.githubusercontent.com/mdmparis/defense-finder-models/afb0e5a8b466be53586b13266f5d38d98c3ac268/List_system_article.md; https://raw.githubusercontent.com/mdmparis/defense-finder-models/afb0e5a8b466be53586b13266f5d38d98c3ac268/Liste_hmm_system.md		yes
data/traits/genomics/card_nlr_phospho_system.yaml	traitmech:000551	5	DOI:10.1101/2023.05.28.542683; https://europepmc.org/article/PPR/PPR668921; https://raw.githubusercontent.com/mdmparis/defense-finder-models/afb0e5a8b466be53586b13266f5d38d98c3ac268/List_system_article.md; https://raw.githubusercontent.com/mdmparis/defense-finder-models/afb0e5a8b466be53586b13266f5d38d98c3ac268/Liste_hmm_system.md; https://raw.githubusercontent.com/mdmparis/defense-finder-models/afb0e5a8b466be53586b13266f5d38d98c3ac268/DefenseFinder_rules.tsv		yes
data/traits/genomics/card_nlr_subtilase_system.yaml	traitmech:000553	5	DOI:10.1101/2023.05.28.542683; https://europepmc.org/article/PPR/PPR668921; https://raw.githubusercontent.com/mdmparis/defense-finder-models/afb0e5a8b466be53586b13266f5d38d98c3ac268/List_system_article.md; https://raw.githubusercontent.com/mdmparis/defense-finder-models/afb0e5a8b466be53586b13266f5d38d98c3ac268/Liste_hmm_system.md; https://raw.githubusercontent.com/mdmparis/defense-finder-models/afb0e5a8b466be53586b13266f5d38d98c3ac268/DefenseFinder_rules.tsv		yes
data/traits/genomics/card_nlr_system.yaml	traitmech:000337	5	DOI:10.1101/2023.05.28.542683; https://europepmc.org/article/PPR/PPR668921; https://raw.githubusercontent.com/mdmparis/defense-finder-models/afb0e5a8b466be53586b13266f5d38d98c3ac268/List_system_article.md; https://raw.githubusercontent.com/mdmparis/defense-finder-models/afb0e5a8b466be53586b13266f5d38d98c3ac268/Liste_hmm_system.md; https://raw.githubusercontent.com/mdmparis/defense-finder-models/afb0e5a8b466be53586b13266f5d38d98c3ac268/DefenseFinder_rules.tsv		yes
data/traits/genomics/cbass_system.yaml	traitmech:000212	2	DOI:10.1038/s41586-019-1605-5; DOI:10.1038/s41564-020-0777-y		yes
data/traits/genomics/ceres_system.yaml	traitmech:000288	3	DOI:10.1101/2025.01.08.631966; https://raw.githubusercontent.com/mdmparis/defense-finder-models/afb0e5a8b466be53586b13266f5d38d98c3ac268/List_system_article.md; https://raw.githubusercontent.com/mdmparis/defense-finder-models/afb0e5a8b466be53586b13266f5d38d98c3ac268/Liste_hmm_system.md		yes
data/traits/genomics/cernunnos_system.yaml	traitmech:000271	3	DOI:10.1126/science.ads0768; https://raw.githubusercontent.com/mdmparis/defense-finder-models/afb0e5a8b466be53586b13266f5d38d98c3ac268/List_system_article.md; https://raw.githubusercontent.com/mdmparis/defense-finder-models/afb0e5a8b466be53586b13266f5d38d98c3ac268/Liste_hmm_system.md		yes
data/traits/genomics/charlie_gp32_system.yaml	traitmech:000295	3	DOI:10.1038/nmicrobiol.2016.251; https://raw.githubusercontent.com/mdmparis/defense-finder-models/afb0e5a8b466be53586b13266f5d38d98c3ac268/List_system_article.md; https://raw.githubusercontent.com/mdmparis/defense-finder-models/afb0e5a8b466be53586b13266f5d38d98c3ac268/Liste_hmm_system.md		yes
data/traits/genomics/clover_system.yaml	traitmech:000415	2	DOI:10.1038/s41586-026-10135-0; https://raw.githubusercontent.com/mdmparis/defense-finder-models/afb0e5a8b466be53586b13266f5d38d98c3ac268/List_system_article.md		yes
data/traits/genomics/cmdtac_system.yaml	traitmech:000335	6	DOI:10.1038/s41586-024-08102-8; https://pmc.ncbi.nlm.nih.gov/articles/PMC11618068/; https://raw.githubusercontent.com/mdmparis/defense-finder-models/afb0e5a8b466be53586b13266f5d38d98c3ac268/List_system_article.md; https://gitlab.pasteur.fr/mdm-lab/wiki/-/raw/ee7647d8/content/3.defense-systems/pd-t4-9.md; https://raw.githubusercontent.com/mdmparis/defense-finder-models/afb0e5a8b466be53586b13266f5d38d98c3ac268/DefenseFinder_rules.tsv; https://raw.githubusercontent.com/mdmparis/defense-finder-models/afb0e5a8b466be53586b13266f5d38d98c3ac268/Liste_hmm_system.md		yes
data/traits/genomics/coconut_system.yaml	traitmech:000422	3	DOI:10.7554/eLife.94800.3; https://raw.githubusercontent.com/mdmparis/defense-finder-models/afb0e5a8b466be53586b13266f5d38d98c3ac268/List_system_article.md; https://raw.githubusercontent.com/mdmparis/defense-finder-models/afb0e5a8b466be53586b13266f5d38d98c3ac268/Liste_hmm_system.md		yes
data/traits/genomics/crouga_system.yaml	traitmech:000500	2	DOI:10.1093/nar/gkag898; https://raw.githubusercontent.com/mdmparis/defense-finder-models/afb0e5a8b466be53586b13266f5d38d98c3ac268/List_system_article.md		yes
data/traits/genomics/dag_system.yaml	traitmech:000507	2	DOI:10.1038/s41564-026-02441-0; https://raw.githubusercontent.com/mdmparis/defense-finder-models/afb0e5a8b466be53586b13266f5d38d98c3ac268/List_system_article.md		yes
data/traits/genomics/damona_system.yaml	traitmech:000272	3	DOI:10.1126/science.ads0768; https://raw.githubusercontent.com/mdmparis/defense-finder-models/afb0e5a8b466be53586b13266f5d38d98c3ac268/List_system_article.md; https://raw.githubusercontent.com/mdmparis/defense-finder-models/afb0e5a8b466be53586b13266f5d38d98c3ac268/Liste_hmm_system.md		yes
data/traits/genomics/darna_system.yaml	traitmech:000273	2	DOI:10.64898/2026.02.22.705581; https://raw.githubusercontent.com/mdmparis/defense-finder-models/afb0e5a8b466be53586b13266f5d38d98c3ac268/List_system_article.md		yes
data/traits/genomics/dartg_system.yaml	traitmech:000243	2	DOI:10.1038/s41564-022-01153-5; DOI:10.1128/mbio.00111-24		yes
data/traits/genomics/dazbog_system.yaml	traitmech:000245	5	DOI:10.1016/j.chom.2022.09.017; DOI:10.1101/2022.05.11.491447; https://raw.githubusercontent.com/mdmparis/defense-finder-models/afb0e5a8b466be53586b13266f5d38d98c3ac268/List_system_article.md; https://raw.githubusercontent.com/mdmparis/defense-finder-models/afb0e5a8b466be53586b13266f5d38d98c3ac268/DefenseFinder_rules.tsv; https://raw.githubusercontent.com/mdmparis/defense-finder-models/afb0e5a8b466be53586b13266f5d38d98c3ac268/Liste_hmm_system.md		yes
data/traits/genomics/dctpdeaminase_system.yaml	traitmech:000274	4	DOI:10.1101/2021.04.26.441389; https://raw.githubusercontent.com/mdmparis/defense-finder-models/afb0e5a8b466be53586b13266f5d38d98c3ac268/List_system_article.md; https://raw.githubusercontent.com/mdmparis/defense-finder-models/afb0e5a8b466be53586b13266f5d38d98c3ac268/DefenseFinder_rules.tsv; https://raw.githubusercontent.com/mdmparis/defense-finder-models/afb0e5a8b466be53586b13266f5d38d98c3ac268/Liste_hmm_system.md		yes
data/traits/genomics/ddmde_system.yaml	traitmech:000275	4	DOI:10.1038/s41586-024-07515-9; DOI:10.1038/s41586-022-04546-y; https://raw.githubusercontent.com/mdmparis/defense-finder-models/afb0e5a8b466be53586b13266f5d38d98c3ac268/List_system_article.md; https://raw.githubusercontent.com/mdmparis/defense-finder-models/afb0e5a8b466be53586b13266f5d38d98c3ac268/Liste_hmm_system.md		yes
data/traits/genomics/detocs_system.yaml	traitmech:000302	4	DOI:10.1016/j.cell.2023.07.020; https://raw.githubusercontent.com/mdmparis/defense-finder-models/afb0e5a8b466be53586b13266f5d38d98c3ac268/List_system_article.md; https://raw.githubusercontent.com/mdmparis/defense-finder-models/afb0e5a8b466be53586b13266f5d38d98c3ac268/DefenseFinder_rules.tsv; https://raw.githubusercontent.com/mdmparis/defense-finder-models/afb0e5a8b466be53586b13266f5d38d98c3ac268/Liste_hmm_system.md		yes
data/traits/genomics/dgtpase_system.yaml	traitmech:000276	4	DOI:10.1101/2021.04.26.441389; https://raw.githubusercontent.com/mdmparis/defense-finder-models/afb0e5a8b466be53586b13266f5d38d98c3ac268/List_system_article.md; https://raw.githubusercontent.com/mdmparis/defense-finder-models/afb0e5a8b466be53586b13266f5d38d98c3ac268/DefenseFinder_rules.tsv; https://raw.githubusercontent.com/mdmparis/defense-finder-models/afb0e5a8b466be53586b13266f5d38d98c3ac268/Liste_hmm_system.md		yes
data/traits/genomics/dionysus_system.yaml	traitmech:000330	2	DOI:10.1101/2025.09.30.679545; https://raw.githubusercontent.com/mdmparis/defense-finder-models/afb0e5a8b466be53586b13266f5d38d98c3ac268/List_system_article.md		yes
data/traits/genomics/disarm1_system.yaml	traitmech:000548	4	https://raw.githubusercontent.com/mdmparis/defense-finder-models/afb0e5a8b466be53586b13266f5d38d98c3ac268/DefenseFinder_rules.tsv; DOI:10.1038/s41564-017-0051-0; https://raw.githubusercontent.com/mdmparis/defense-finder-models/afb0e5a8b466be53586b13266f5d38d98c3ac268/List_system_article.md; https://raw.githubusercontent.com/mdmparis/defense-finder-models/afb0e5a8b466be53586b13266f5d38d98c3ac268/Liste_hmm_system.md		yes
data/traits/genomics/disarm2_system.yaml	traitmech:000549	4	https://raw.githubusercontent.com/mdmparis/defense-finder-models/afb0e5a8b466be53586b13266f5d38d98c3ac268/DefenseFinder_rules.tsv; DOI:10.1038/s41564-017-0051-0; https://raw.githubusercontent.com/mdmparis/defense-finder-models/afb0e5a8b466be53586b13266f5d38d98c3ac268/List_system_article.md; https://raw.githubusercontent.com/mdmparis/defense-finder-models/afb0e5a8b466be53586b13266f5d38d98c3ac268/Liste_hmm_system.md		yes
data/traits/genomics/disarm_system.yaml	traitmech:000211	2	DOI:10.1038/s41564-017-0051-0; DOI:10.1038/s41467-022-30673-1		yes
data/traits/genomics/divona_system.yaml	traitmech:000277	3	DOI:10.1126/science.ads0768; https://raw.githubusercontent.com/mdmparis/defense-finder-models/afb0e5a8b466be53586b13266f5d38d98c3ac268/List_system_article.md; https://raw.githubusercontent.com/mdmparis/defense-finder-models/afb0e5a8b466be53586b13266f5d38d98c3ac268/Liste_hmm_system.md		yes
data/traits/genomics/dnd_system.yaml	traitmech:000221	2	DOI:10.1038/s41564-020-0700-6; DOI:10.1128/mbio.00933-23		yes
data/traits/genomics/dndcdea_pbeabcd_system.yaml	traitmech:000224	2	DOI:10.1038/s41467-019-09390-9; DOI:10.1134/S0006297921030081		yes
data/traits/genomics/dodola_system.yaml	traitmech:000252	5	DOI:10.1016/j.chom.2022.09.017; DOI:10.1101/2022.05.11.491447; https://raw.githubusercontent.com/mdmparis/defense-finder-models/afb0e5a8b466be53586b13266f5d38d98c3ac268/List_system_article.md; https://raw.githubusercontent.com/mdmparis/defense-finder-models/afb0e5a8b466be53586b13266f5d38d98c3ac268/DefenseFinder_rules.tsv; https://raw.githubusercontent.com/mdmparis/defense-finder-models/afb0e5a8b466be53586b13266f5d38d98c3ac268/Liste_hmm_system.md		yes
data/traits/genomics/dpd_system.yaml	traitmech:000278	4	DOI:10.1073/pnas.1518570113; https://raw.githubusercontent.com/mdmparis/defense-finder-models/afb0e5a8b466be53586b13266f5d38d98c3ac268/List_system_article.md; https://raw.githubusercontent.com/mdmparis/defense-finder-models/afb0e5a8b466be53586b13266f5d38d98c3ac268/DefenseFinder_rules.tsv; https://raw.githubusercontent.com/mdmparis/defense-finder-models/afb0e5a8b466be53586b13266f5d38d98c3ac268/Liste_hmm_system.md		yes
data/traits/genomics/drt1_system.yaml	traitmech:000543	4	https://raw.githubusercontent.com/mdmparis/defense-finder-models/afb0e5a8b466be53586b13266f5d38d98c3ac268/DefenseFinder_rules.tsv; DOI:10.1126/science.aba0372; https://raw.githubusercontent.com/mdmparis/defense-finder-models/afb0e5a8b466be53586b13266f5d38d98c3ac268/List_system_article.md; https://raw.githubusercontent.com/mdmparis/defense-finder-models/afb0e5a8b466be53586b13266f5d38d98c3ac268/Liste_hmm_system.md		yes
data/traits/genomics/drt2_system.yaml	traitmech:000544	4	https://raw.githubusercontent.com/mdmparis/defense-finder-models/afb0e5a8b466be53586b13266f5d38d98c3ac268/DefenseFinder_rules.tsv; DOI:10.1126/science.aba0372; https://raw.githubusercontent.com/mdmparis/defense-finder-models/afb0e5a8b466be53586b13266f5d38d98c3ac268/List_system_article.md; https://raw.githubusercontent.com/mdmparis/defense-finder-models/afb0e5a8b466be53586b13266f5d38d98c3ac268/Liste_hmm_system.md		yes
data/traits/genomics/drt3_system.yaml	traitmech:000545	4	https://raw.githubusercontent.com/mdmparis/defense-finder-models/afb0e5a8b466be53586b13266f5d38d98c3ac268/DefenseFinder_rules.tsv; DOI:10.1126/science.aba0372; https://raw.githubusercontent.com/mdmparis/defense-finder-models/afb0e5a8b466be53586b13266f5d38d98c3ac268/List_system_article.md; https://raw.githubusercontent.com/mdmparis/defense-finder-models/afb0e5a8b466be53586b13266f5d38d98c3ac268/Liste_hmm_system.md		yes
data/traits/genomics/drt4_system.yaml	traitmech:000546	4	https://raw.githubusercontent.com/mdmparis/defense-finder-models/afb0e5a8b466be53586b13266f5d38d98c3ac268/DefenseFinder_rules.tsv; DOI:10.1126/science.aba0372; https://raw.githubusercontent.com/mdmparis/defense-finder-models/afb0e5a8b466be53586b13266f5d38d98c3ac268/List_system_article.md; https://raw.githubusercontent.com/mdmparis/defense-finder-models/afb0e5a8b466be53586b13266f5d38d98c3ac268/Liste_hmm_system.md		yes
data/traits/genomics/drt5_system.yaml	traitmech:000547	4	https://raw.githubusercontent.com/mdmparis/defense-finder-models/afb0e5a8b466be53586b13266f5d38d98c3ac268/DefenseFinder_rules.tsv; DOI:10.1126/science.aba0372; https://raw.githubusercontent.com/mdmparis/defense-finder-models/afb0e5a8b466be53586b13266f5d38d98c3ac268/List_system_article.md; https://raw.githubusercontent.com/mdmparis/defense-finder-models/afb0e5a8b466be53586b13266f5d38d98c3ac268/Liste_hmm_system.md		yes
data/traits/genomics/drt6_system.yaml	traitmech:000539	4	https://raw.githubusercontent.com/mdmparis/defense-finder-models/afb0e5a8b466be53586b13266f5d38d98c3ac268/DefenseFinder_rules.tsv; DOI:10.1126/science.aba0372; https://raw.githubusercontent.com/mdmparis/defense-finder-models/afb0e5a8b466be53586b13266f5d38d98c3ac268/List_system_article.md; https://raw.githubusercontent.com/mdmparis/defense-finder-models/afb0e5a8b466be53586b13266f5d38d98c3ac268/Liste_hmm_system.md		yes
data/traits/genomics/drt7_system.yaml	traitmech:000540	4	https://raw.githubusercontent.com/mdmparis/defense-finder-models/afb0e5a8b466be53586b13266f5d38d98c3ac268/DefenseFinder_rules.tsv; DOI:10.1126/science.aba0372; https://raw.githubusercontent.com/mdmparis/defense-finder-models/afb0e5a8b466be53586b13266f5d38d98c3ac268/List_system_article.md; https://raw.githubusercontent.com/mdmparis/defense-finder-models/afb0e5a8b466be53586b13266f5d38d98c3ac268/Liste_hmm_system.md		yes
data/traits/genomics/drt8_system.yaml	traitmech:000541	4	https://raw.githubusercontent.com/mdmparis/defense-finder-models/afb0e5a8b466be53586b13266f5d38d98c3ac268/DefenseFinder_rules.tsv; DOI:10.1126/science.aba0372; https://raw.githubusercontent.com/mdmparis/defense-finder-models/afb0e5a8b466be53586b13266f5d38d98c3ac268/List_system_article.md; https://raw.githubusercontent.com/mdmparis/defense-finder-models/afb0e5a8b466be53586b13266f5d38d98c3ac268/Liste_hmm_system.md		yes
data/traits/genomics/drt9_system.yaml	traitmech:000542	4	https://raw.githubusercontent.com/mdmparis/defense-finder-models/afb0e5a8b466be53586b13266f5d38d98c3ac268/DefenseFinder_rules.tsv; DOI:10.1126/science.aba0372; https://raw.githubusercontent.com/mdmparis/defense-finder-models/afb0e5a8b466be53586b13266f5d38d98c3ac268/List_system_article.md; https://raw.githubusercontent.com/mdmparis/defense-finder-models/afb0e5a8b466be53586b13266f5d38d98c3ac268/Liste_hmm_system.md		yes
data/traits/genomics/drt_system.yaml	traitmech:000279	4	DOI:10.1126/science.aba0372; https://raw.githubusercontent.com/mdmparis/defense-finder-models/afb0e5a8b466be53586b13266f5d38d98c3ac268/List_system_article.md; https://raw.githubusercontent.com/mdmparis/defense-finder-models/afb0e5a8b466be53586b13266f5d38d98c3ac268/DefenseFinder_rules.tsv; https://raw.githubusercontent.com/mdmparis/defense-finder-models/afb0e5a8b466be53586b13266f5d38d98c3ac268/Liste_hmm_system.md		yes
data/traits/genomics/druantia_iii_system.yaml	traitmech:000560	5	https://raw.githubusercontent.com/mdmparis/defense-finder-models/afb0e5a8b466be53586b13266f5d38d98c3ac268/DefenseFinder_rules.tsv; DOI:10.64898/2026.05.12.724681; https://pmc.ncbi.nlm.nih.gov/articles/PMC12458937/; https://raw.githubusercontent.com/mdmparis/defense-finder-models/afb0e5a8b466be53586b13266f5d38d98c3ac268/List_system_article.md; https://raw.githubusercontent.com/mdmparis/defense-finder-models/afb0e5a8b466be53586b13266f5d38d98c3ac268/Liste_hmm_system.md		yes
data/traits/genomics/druantia_system.yaml	traitmech:000234	3	DOI:10.64898/2026.05.12.724681; DOI:10.1126/science.aar4120; DOI:10.1093/nar/gkab883		yes
data/traits/genomics/druantia_type_i_system.yaml	traitmech:000578	4	DOI:10.1126/science.aar4120; DOI:10.3389/fmicb.2020.00961; https://raw.githubusercontent.com/padlocbio/padloc-db/9e380165633a8d6aef93b5a164cea0f3359bd33f/sys/druantia_type_I.yaml; https://raw.githubusercontent.com/mdmparis/defense-finder-models/afb0e5a8b466be53586b13266f5d38d98c3ac268/definitions/DefenseFinder/Druantia/Druantia_I.xml		yes
data/traits/genomics/druantia_type_ii_system.yaml	traitmech:000579	4	DOI:10.1093/nar/gkab883; DOI:10.65215/LTSpreprints.2026.06.18.000273; https://raw.githubusercontent.com/padlocbio/padloc-db/9e380165633a8d6aef93b5a164cea0f3359bd33f/sys/druantia_type_II.yaml; https://raw.githubusercontent.com/mdmparis/defense-finder-models/afb0e5a8b466be53586b13266f5d38d98c3ac268/definitions/DefenseFinder/Druantia/Druantia_II.xml		yes
data/traits/genomics/druantia_type_iv_system.yaml	traitmech:000577	3	DOI:10.1093/nar/gkab883; https://raw.githubusercontent.com/mdmparis/defense-finder-models/afb0e5a8b466be53586b13266f5d38d98c3ac268/definitions/DefenseFinder/Druantia/Druantia_IV.xml; https://raw.githubusercontent.com/padlocbio/padloc-db/9e380165633a8d6aef93b5a164cea0f3359bd33f/sys/druantia_type_IV.yaml		yes
data/traits/genomics/ds_10_system.yaml	traitmech:000434	5	DOI:10.1126/science.adv7924; https://pmc-oa-opendata.s3.amazonaws.com/PMC13092281.1/NIHMS2163519-supplement-Table_S6.xlsx; https://pmc-oa-opendata.s3.amazonaws.com/PMC13092281.1/NIHMS2163519-supplement-Table_S8.xlsx; https://raw.githubusercontent.com/mdmparis/defense-finder-models/afb0e5a8b466be53586b13266f5d38d98c3ac268/List_system_article.md; https://raw.githubusercontent.com/mdmparis/defense-finder-models/afb0e5a8b466be53586b13266f5d38d98c3ac268/Liste_hmm_system.md		yes
data/traits/genomics/ds_11_system.yaml	traitmech:000435	6	DOI:10.1126/science.adv7924; https://pmc-oa-opendata.s3.amazonaws.com/PMC13092281.1/NIHMS2163519-supplement-Table_S6.xlsx; https://pmc-oa-opendata.s3.amazonaws.com/PMC13092281.1/NIHMS2163519-supplement-Table_S7.xlsx; https://pmc-oa-opendata.s3.amazonaws.com/PMC13092281.1/NIHMS2163519-supplement-Table_S8.xlsx; https://raw.githubusercontent.com/mdmparis/defense-finder-models/afb0e5a8b466be53586b13266f5d38d98c3ac268/List_system_article.md; https://raw.githubusercontent.com/mdmparis/defense-finder-models/afb0e5a8b466be53586b13266f5d38d98c3ac268/Liste_hmm_system.md		yes
data/traits/genomics/ds_12_system.yaml	traitmech:000436	6	DOI:10.1126/science.adv7924; https://pmc-oa-opendata.s3.amazonaws.com/PMC13092281.1/NIHMS2163519-supplement-Table_S6.xlsx; https://pmc-oa-opendata.s3.amazonaws.com/PMC13092281.1/NIHMS2163519-supplement-Table_S7.xlsx; https://pmc-oa-opendata.s3.amazonaws.com/PMC13092281.1/NIHMS2163519-supplement-Table_S8.xlsx; https://raw.githubusercontent.com/mdmparis/defense-finder-models/afb0e5a8b466be53586b13266f5d38d98c3ac268/List_system_article.md; https://raw.githubusercontent.com/mdmparis/defense-finder-models/afb0e5a8b466be53586b13266f5d38d98c3ac268/Liste_hmm_system.md		yes
data/traits/genomics/ds_13_system.yaml	traitmech:000437	3	DOI:10.1101/2025.01.08.631726; https://raw.githubusercontent.com/mdmparis/defense-finder-models/afb0e5a8b466be53586b13266f5d38d98c3ac268/List_system_article.md; https://raw.githubusercontent.com/mdmparis/defense-finder-models/afb0e5a8b466be53586b13266f5d38d98c3ac268/Liste_hmm_system.md		yes
data/traits/genomics/ds_14_system.yaml	traitmech:000429	6	DOI:10.1126/science.adv7924; https://pmc-oa-opendata.s3.amazonaws.com/PMC13092281.1/NIHMS2163519-supplement-Table_S6.xlsx; https://pmc-oa-opendata.s3.amazonaws.com/PMC13092281.1/NIHMS2163519-supplement-Table_S7.xlsx; https://pmc-oa-opendata.s3.amazonaws.com/PMC13092281.1/NIHMS2163519-supplement-Table_S8.xlsx; https://raw.githubusercontent.com/mdmparis/defense-finder-models/afb0e5a8b466be53586b13266f5d38d98c3ac268/List_system_article.md; https://raw.githubusercontent.com/mdmparis/defense-finder-models/afb0e5a8b466be53586b13266f5d38d98c3ac268/Liste_hmm_system.md		yes
data/traits/genomics/ds_15_system.yaml	traitmech:000438	6	DOI:10.1126/science.adv7924; https://pmc-oa-opendata.s3.amazonaws.com/PMC13092281.1/NIHMS2163519-supplement-Table_S6.xlsx; https://pmc-oa-opendata.s3.amazonaws.com/PMC13092281.1/NIHMS2163519-supplement-Table_S7.xlsx; https://pmc-oa-opendata.s3.amazonaws.com/PMC13092281.1/NIHMS2163519-supplement-Table_S8.xlsx; https://raw.githubusercontent.com/mdmparis/defense-finder-models/afb0e5a8b466be53586b13266f5d38d98c3ac268/List_system_article.md; https://raw.githubusercontent.com/mdmparis/defense-finder-models/afb0e5a8b466be53586b13266f5d38d98c3ac268/Liste_hmm_system.md		yes
data/traits/genomics/ds_16_system.yaml	traitmech:000439	6	DOI:10.1126/science.adv7924; https://pmc-oa-opendata.s3.amazonaws.com/PMC13092281.1/NIHMS2163519-supplement-Table_S6.xlsx; https://pmc-oa-opendata.s3.amazonaws.com/PMC13092281.1/NIHMS2163519-supplement-Table_S7.xlsx; https://pmc-oa-opendata.s3.amazonaws.com/PMC13092281.1/NIHMS2163519-supplement-Table_S8.xlsx; https://raw.githubusercontent.com/mdmparis/defense-finder-models/afb0e5a8b466be53586b13266f5d38d98c3ac268/List_system_article.md; https://raw.githubusercontent.com/mdmparis/defense-finder-models/afb0e5a8b466be53586b13266f5d38d98c3ac268/Liste_hmm_system.md		yes
data/traits/genomics/ds_17_system.yaml	traitmech:000440	6	DOI:10.1126/science.adv7924; https://pmc-oa-opendata.s3.amazonaws.com/PMC13092281.1/NIHMS2163519-supplement-Table_S6.xlsx; https://pmc-oa-opendata.s3.amazonaws.com/PMC13092281.1/NIHMS2163519-supplement-Table_S7.xlsx; https://pmc-oa-opendata.s3.amazonaws.com/PMC13092281.1/NIHMS2163519-supplement-Table_S8.xlsx; https://raw.githubusercontent.com/mdmparis/defense-finder-models/afb0e5a8b466be53586b13266f5d38d98c3ac268/List_system_article.md; https://raw.githubusercontent.com/mdmparis/defense-finder-models/afb0e5a8b466be53586b13266f5d38d98c3ac268/Liste_hmm_system.md		yes
data/traits/genomics/ds_18_system.yaml	traitmech:000441	6	DOI:10.1126/science.adv7924; https://pmc-oa-opendata.s3.amazonaws.com/PMC13092281.1/NIHMS2163519-supplement-Table_S6.xlsx; https://pmc-oa-opendata.s3.amazonaws.com/PMC13092281.1/NIHMS2163519-supplement-Table_S7.xlsx; https://pmc-oa-opendata.s3.amazonaws.com/PMC13092281.1/NIHMS2163519-supplement-Table_S8.xlsx; https://raw.githubusercontent.com/mdmparis/defense-finder-models/afb0e5a8b466be53586b13266f5d38d98c3ac268/List_system_article.md; https://raw.githubusercontent.com/mdmparis/defense-finder-models/afb0e5a8b466be53586b13266f5d38d98c3ac268/Liste_hmm_system.md		yes
data/traits/genomics/ds_19_system.yaml	traitmech:000444	6	DOI:10.1126/science.adv7924; https://pmc-oa-opendata.s3.amazonaws.com/PMC13092281.1/NIHMS2163519-supplement-Table_S6.xlsx; https://pmc-oa-opendata.s3.amazonaws.com/PMC13092281.1/NIHMS2163519-supplement-Table_S7.xlsx; https://pmc-oa-opendata.s3.amazonaws.com/PMC13092281.1/NIHMS2163519-supplement-Table_S8.xlsx; https://raw.githubusercontent.com/mdmparis/defense-finder-models/afb0e5a8b466be53586b13266f5d38d98c3ac268/List_system_article.md; https://raw.githubusercontent.com/mdmparis/defense-finder-models/afb0e5a8b466be53586b13266f5d38d98c3ac268/Liste_hmm_system.md		yes
data/traits/genomics/ds_1_system.yaml	traitmech:000424	6	DOI:10.1126/science.adv7924; https://pmc-oa-opendata.s3.amazonaws.com/PMC13092281.1/NIHMS2163519-supplement-Table_S6.xlsx; https://pmc-oa-opendata.s3.amazonaws.com/PMC13092281.1/NIHMS2163519-supplement-Table_S7.xlsx; https://pmc-oa-opendata.s3.amazonaws.com/PMC13092281.1/NIHMS2163519-supplement-Table_S8.xlsx; https://raw.githubusercontent.com/mdmparis/defense-finder-models/afb0e5a8b466be53586b13266f5d38d98c3ac268/List_system_article.md; https://raw.githubusercontent.com/mdmparis/defense-finder-models/afb0e5a8b466be53586b13266f5d38d98c3ac268/Liste_hmm_system.md		yes
data/traits/genomics/ds_20_system.yaml	traitmech:000445	6	DOI:10.1126/science.adv7924; https://pmc-oa-opendata.s3.amazonaws.com/PMC13092281.1/NIHMS2163519-supplement-Table_S6.xlsx; https://pmc-oa-opendata.s3.amazonaws.com/PMC13092281.1/NIHMS2163519-supplement-Table_S7.xlsx; https://pmc-oa-opendata.s3.amazonaws.com/PMC13092281.1/NIHMS2163519-supplement-Table_S8.xlsx; https://raw.githubusercontent.com/mdmparis/defense-finder-models/afb0e5a8b466be53586b13266f5d38d98c3ac268/List_system_article.md; https://raw.githubusercontent.com/mdmparis/defense-finder-models/afb0e5a8b466be53586b13266f5d38d98c3ac268/Liste_hmm_system.md		yes
data/traits/genomics/ds_21_system.yaml	traitmech:000446	6	DOI:10.1126/science.adv7924; https://pmc-oa-opendata.s3.amazonaws.com/PMC13092281.1/NIHMS2163519-supplement-Table_S6.xlsx; https://pmc-oa-opendata.s3.amazonaws.com/PMC13092281.1/NIHMS2163519-supplement-Table_S7.xlsx; https://pmc-oa-opendata.s3.amazonaws.com/PMC13092281.1/NIHMS2163519-supplement-Table_S8.xlsx; https://raw.githubusercontent.com/mdmparis/defense-finder-models/afb0e5a8b466be53586b13266f5d38d98c3ac268/List_system_article.md; https://raw.githubusercontent.com/mdmparis/defense-finder-models/afb0e5a8b466be53586b13266f5d38d98c3ac268/Liste_hmm_system.md		yes
data/traits/genomics/ds_22_system.yaml	traitmech:000447	6	DOI:10.1126/science.adv7924; https://pmc-oa-opendata.s3.amazonaws.com/PMC13092281.1/NIHMS2163519-supplement-Table_S6.xlsx; https://pmc-oa-opendata.s3.amazonaws.com/PMC13092281.1/NIHMS2163519-supplement-Table_S7.xlsx; https://pmc-oa-opendata.s3.amazonaws.com/PMC13092281.1/NIHMS2163519-supplement-Table_S8.xlsx; https://raw.githubusercontent.com/mdmparis/defense-finder-models/afb0e5a8b466be53586b13266f5d38d98c3ac268/List_system_article.md; https://raw.githubusercontent.com/mdmparis/defense-finder-models/afb0e5a8b466be53586b13266f5d38d98c3ac268/Liste_hmm_system.md		yes
data/traits/genomics/ds_23_system.yaml	traitmech:000448	6	DOI:10.1126/science.adv7924; https://pmc-oa-opendata.s3.amazonaws.com/PMC13092281.1/NIHMS2163519-supplement-Table_S6.xlsx; https://pmc-oa-opendata.s3.amazonaws.com/PMC13092281.1/NIHMS2163519-supplement-Table_S7.xlsx; https://pmc-oa-opendata.s3.amazonaws.com/PMC13092281.1/NIHMS2163519-supplement-Table_S8.xlsx; https://raw.githubusercontent.com/mdmparis/defense-finder-models/afb0e5a8b466be53586b13266f5d38d98c3ac268/List_system_article.md; https://raw.githubusercontent.com/mdmparis/defense-finder-models/afb0e5a8b466be53586b13266f5d38d98c3ac268/Liste_hmm_system.md		yes
data/traits/genomics/ds_24_system.yaml	traitmech:000449	6	DOI:10.1126/science.adv7924; https://pmc-oa-opendata.s3.amazonaws.com/PMC13092281.1/NIHMS2163519-supplement-Table_S6.xlsx; https://pmc-oa-opendata.s3.amazonaws.com/PMC13092281.1/NIHMS2163519-supplement-Table_S7.xlsx; https://pmc-oa-opendata.s3.amazonaws.com/PMC13092281.1/NIHMS2163519-supplement-Table_S8.xlsx; https://raw.githubusercontent.com/mdmparis/defense-finder-models/afb0e5a8b466be53586b13266f5d38d98c3ac268/List_system_article.md; https://raw.githubusercontent.com/mdmparis/defense-finder-models/afb0e5a8b466be53586b13266f5d38d98c3ac268/Liste_hmm_system.md		yes
data/traits/genomics/ds_25_system.yaml	traitmech:000473	3	DOI:10.1101/2025.01.08.631726; https://raw.githubusercontent.com/mdmparis/defense-finder-models/afb0e5a8b466be53586b13266f5d38d98c3ac268/List_system_article.md; https://raw.githubusercontent.com/mdmparis/defense-finder-models/afb0e5a8b466be53586b13266f5d38d98c3ac268/Liste_hmm_system.md		yes
data/traits/genomics/ds_26_system.yaml	traitmech:000472	4	DOI:10.1126/science.adv7924; https://pmc-oa-opendata.s3.amazonaws.com/PMC13092281.1/NIHMS2163519-supplement-Table_S6.xlsx; https://pmc-oa-opendata.s3.amazonaws.com/PMC13092281.1/NIHMS2163519-supplement-Table_S7.xlsx; https://pmc-oa-opendata.s3.amazonaws.com/PMC13092281.1/NIHMS2163519-supplement-Table_S8.xlsx		yes
data/traits/genomics/ds_27_system.yaml	traitmech:000451	6	DOI:10.1126/science.adv7924; https://pmc-oa-opendata.s3.amazonaws.com/PMC13092281.1/NIHMS2163519-supplement-Table_S6.xlsx; https://pmc-oa-opendata.s3.amazonaws.com/PMC13092281.1/NIHMS2163519-supplement-Table_S7.xlsx; https://pmc-oa-opendata.s3.amazonaws.com/PMC13092281.1/NIHMS2163519-supplement-Table_S8.xlsx; https://raw.githubusercontent.com/mdmparis/defense-finder-models/afb0e5a8b466be53586b13266f5d38d98c3ac268/List_system_article.md; https://raw.githubusercontent.com/mdmparis/defense-finder-models/afb0e5a8b466be53586b13266f5d38d98c3ac268/Liste_hmm_system.md		yes
data/traits/genomics/ds_28_system.yaml	traitmech:000452	6	DOI:10.1126/science.adv7924; https://pmc-oa-opendata.s3.amazonaws.com/PMC13092281.1/NIHMS2163519-supplement-Table_S6.xlsx; https://pmc-oa-opendata.s3.amazonaws.com/PMC13092281.1/NIHMS2163519-supplement-Table_S7.xlsx; https://pmc-oa-opendata.s3.amazonaws.com/PMC13092281.1/NIHMS2163519-supplement-Table_S8.xlsx; https://raw.githubusercontent.com/mdmparis/defense-finder-models/afb0e5a8b466be53586b13266f5d38d98c3ac268/List_system_article.md; https://raw.githubusercontent.com/mdmparis/defense-finder-models/afb0e5a8b466be53586b13266f5d38d98c3ac268/Liste_hmm_system.md		yes
data/traits/genomics/ds_29_system.yaml	traitmech:000453	6	DOI:10.1126/science.adv7924; https://pmc-oa-opendata.s3.amazonaws.com/PMC13092281.1/NIHMS2163519-supplement-Table_S6.xlsx; https://pmc-oa-opendata.s3.amazonaws.com/PMC13092281.1/NIHMS2163519-supplement-Table_S7.xlsx; https://pmc-oa-opendata.s3.amazonaws.com/PMC13092281.1/NIHMS2163519-supplement-Table_S8.xlsx; https://raw.githubusercontent.com/mdmparis/defense-finder-models/afb0e5a8b466be53586b13266f5d38d98c3ac268/List_system_article.md; https://raw.githubusercontent.com/mdmparis/defense-finder-models/afb0e5a8b466be53586b13266f5d38d98c3ac268/Liste_hmm_system.md		yes
data/traits/genomics/ds_2_system.yaml	traitmech:000425	6	DOI:10.1126/science.adv7924; https://pmc-oa-opendata.s3.amazonaws.com/PMC13092281.1/NIHMS2163519-supplement-Table_S6.xlsx; https://pmc-oa-opendata.s3.amazonaws.com/PMC13092281.1/NIHMS2163519-supplement-Table_S7.xlsx; https://pmc-oa-opendata.s3.amazonaws.com/PMC13092281.1/NIHMS2163519-supplement-Table_S8.xlsx; https://raw.githubusercontent.com/mdmparis/defense-finder-models/afb0e5a8b466be53586b13266f5d38d98c3ac268/List_system_article.md; https://raw.githubusercontent.com/mdmparis/defense-finder-models/afb0e5a8b466be53586b13266f5d38d98c3ac268/Liste_hmm_system.md		yes
data/traits/genomics/ds_30_system.yaml	traitmech:000470	5	DOI:10.1126/science.adv7924; https://pmc-oa-opendata.s3.amazonaws.com/PMC13092281.1/NIHMS2163519-supplement-Table_S6.xlsx; https://pmc-oa-opendata.s3.amazonaws.com/PMC13092281.1/NIHMS2163519-supplement-Table_S7.xlsx; https://pmc-oa-opendata.s3.amazonaws.com/PMC13092281.1/NIHMS2163519-supplement-Table_S8.xlsx; https://raw.githubusercontent.com/mdmparis/defense-finder-models/afb0e5a8b466be53586b13266f5d38d98c3ac268/Liste_hmm_system.md		yes
data/traits/genomics/ds_31_system.yaml	traitmech:000454	6	DOI:10.1126/science.adv7924; https://pmc-oa-opendata.s3.amazonaws.com/PMC13092281.1/NIHMS2163519-supplement-Table_S6.xlsx; https://pmc-oa-opendata.s3.amazonaws.com/PMC13092281.1/NIHMS2163519-supplement-Table_S7.xlsx; https://pmc-oa-opendata.s3.amazonaws.com/PMC13092281.1/NIHMS2163519-supplement-Table_S8.xlsx; https://raw.githubusercontent.com/mdmparis/defense-finder-models/afb0e5a8b466be53586b13266f5d38d98c3ac268/List_system_article.md; https://raw.githubusercontent.com/mdmparis/defense-finder-models/afb0e5a8b466be53586b13266f5d38d98c3ac268/Liste_hmm_system.md		yes
data/traits/genomics/ds_32_system.yaml	traitmech:000455	6	DOI:10.1126/science.adv7924; https://pmc-oa-opendata.s3.amazonaws.com/PMC13092281.1/NIHMS2163519-supplement-Table_S6.xlsx; https://pmc-oa-opendata.s3.amazonaws.com/PMC13092281.1/NIHMS2163519-supplement-Table_S7.xlsx; https://pmc-oa-opendata.s3.amazonaws.com/PMC13092281.1/NIHMS2163519-supplement-Table_S8.xlsx; https://raw.githubusercontent.com/mdmparis/defense-finder-models/afb0e5a8b466be53586b13266f5d38d98c3ac268/List_system_article.md; https://raw.githubusercontent.com/mdmparis/defense-finder-models/afb0e5a8b466be53586b13266f5d38d98c3ac268/Liste_hmm_system.md		yes
data/traits/genomics/ds_33_system.yaml	traitmech:000456	6	DOI:10.1126/science.adv7924; https://pmc-oa-opendata.s3.amazonaws.com/PMC13092281.1/NIHMS2163519-supplement-Table_S6.xlsx; https://pmc-oa-opendata.s3.amazonaws.com/PMC13092281.1/NIHMS2163519-supplement-Table_S7.xlsx; https://pmc-oa-opendata.s3.amazonaws.com/PMC13092281.1/NIHMS2163519-supplement-Table_S8.xlsx; https://raw.githubusercontent.com/mdmparis/defense-finder-models/afb0e5a8b466be53586b13266f5d38d98c3ac268/List_system_article.md; https://raw.githubusercontent.com/mdmparis/defense-finder-models/afb0e5a8b466be53586b13266f5d38d98c3ac268/Liste_hmm_system.md		yes
data/traits/genomics/ds_34_system.yaml	traitmech:000457	6	DOI:10.1126/science.adv7924; https://pmc-oa-opendata.s3.amazonaws.com/PMC13092281.1/NIHMS2163519-supplement-Table_S6.xlsx; https://pmc-oa-opendata.s3.amazonaws.com/PMC13092281.1/NIHMS2163519-supplement-Table_S7.xlsx; https://pmc-oa-opendata.s3.amazonaws.com/PMC13092281.1/NIHMS2163519-supplement-Table_S8.xlsx; https://raw.githubusercontent.com/mdmparis/defense-finder-models/afb0e5a8b466be53586b13266f5d38d98c3ac268/List_system_article.md; https://raw.githubusercontent.com/mdmparis/defense-finder-models/afb0e5a8b466be53586b13266f5d38d98c3ac268/Liste_hmm_system.md		yes
data/traits/genomics/ds_35_system.yaml	traitmech:000458	6	DOI:10.1126/science.adv7924; https://pmc-oa-opendata.s3.amazonaws.com/PMC13092281.1/NIHMS2163519-supplement-Table_S6.xlsx; https://pmc-oa-opendata.s3.amazonaws.com/PMC13092281.1/NIHMS2163519-supplement-Table_S7.xlsx; https://pmc-oa-opendata.s3.amazonaws.com/PMC13092281.1/NIHMS2163519-supplement-Table_S8.xlsx; https://raw.githubusercontent.com/mdmparis/defense-finder-models/afb0e5a8b466be53586b13266f5d38d98c3ac268/List_system_article.md; https://raw.githubusercontent.com/mdmparis/defense-finder-models/afb0e5a8b466be53586b13266f5d38d98c3ac268/Liste_hmm_system.md		yes
data/traits/genomics/ds_36_system.yaml	traitmech:000474	3	DOI:10.1101/2025.01.08.631726; https://raw.githubusercontent.com/mdmparis/defense-finder-models/afb0e5a8b466be53586b13266f5d38d98c3ac268/List_system_article.md; https://raw.githubusercontent.com/mdmparis/defense-finder-models/afb0e5a8b466be53586b13266f5d38d98c3ac268/Liste_hmm_system.md		yes
data/traits/genomics/ds_37_system.yaml	traitmech:000459	6	DOI:10.1126/science.adv7924; https://pmc-oa-opendata.s3.amazonaws.com/PMC13092281.1/NIHMS2163519-supplement-Table_S6.xlsx; https://pmc-oa-opendata.s3.amazonaws.com/PMC13092281.1/NIHMS2163519-supplement-Table_S7.xlsx; https://pmc-oa-opendata.s3.amazonaws.com/PMC13092281.1/NIHMS2163519-supplement-Table_S8.xlsx; https://raw.githubusercontent.com/mdmparis/defense-finder-models/afb0e5a8b466be53586b13266f5d38d98c3ac268/List_system_article.md; https://raw.githubusercontent.com/mdmparis/defense-finder-models/afb0e5a8b466be53586b13266f5d38d98c3ac268/Liste_hmm_system.md		yes
data/traits/genomics/ds_38_system.yaml	traitmech:000460	6	DOI:10.1126/science.adv7924; https://pmc-oa-opendata.s3.amazonaws.com/PMC13092281.1/NIHMS2163519-supplement-Table_S6.xlsx; https://pmc-oa-opendata.s3.amazonaws.com/PMC13092281.1/NIHMS2163519-supplement-Table_S7.xlsx; https://pmc-oa-opendata.s3.amazonaws.com/PMC13092281.1/NIHMS2163519-supplement-Table_S8.xlsx; https://raw.githubusercontent.com/mdmparis/defense-finder-models/afb0e5a8b466be53586b13266f5d38d98c3ac268/List_system_article.md; https://raw.githubusercontent.com/mdmparis/defense-finder-models/afb0e5a8b466be53586b13266f5d38d98c3ac268/Liste_hmm_system.md		yes
data/traits/genomics/ds_39_system.yaml	traitmech:000461	6	DOI:10.1126/science.adv7924; https://pmc-oa-opendata.s3.amazonaws.com/PMC13092281.1/NIHMS2163519-supplement-Table_S6.xlsx; https://pmc-oa-opendata.s3.amazonaws.com/PMC13092281.1/NIHMS2163519-supplement-Table_S7.xlsx; https://pmc-oa-opendata.s3.amazonaws.com/PMC13092281.1/NIHMS2163519-supplement-Table_S8.xlsx; https://raw.githubusercontent.com/mdmparis/defense-finder-models/afb0e5a8b466be53586b13266f5d38d98c3ac268/List_system_article.md; https://raw.githubusercontent.com/mdmparis/defense-finder-models/afb0e5a8b466be53586b13266f5d38d98c3ac268/Liste_hmm_system.md		yes
data/traits/genomics/ds_3_system.yaml	traitmech:000426	6	DOI:10.1126/science.adv7924; https://pmc-oa-opendata.s3.amazonaws.com/PMC13092281.1/NIHMS2163519-supplement-Table_S6.xlsx; https://pmc-oa-opendata.s3.amazonaws.com/PMC13092281.1/NIHMS2163519-supplement-Table_S7.xlsx; https://pmc-oa-opendata.s3.amazonaws.com/PMC13092281.1/NIHMS2163519-supplement-Table_S8.xlsx; https://raw.githubusercontent.com/mdmparis/defense-finder-models/afb0e5a8b466be53586b13266f5d38d98c3ac268/List_system_article.md; https://raw.githubusercontent.com/mdmparis/defense-finder-models/afb0e5a8b466be53586b13266f5d38d98c3ac268/Liste_hmm_system.md		yes
data/traits/genomics/ds_40_system.yaml	traitmech:000462	6	DOI:10.1126/science.adv7924; https://pmc-oa-opendata.s3.amazonaws.com/PMC13092281.1/NIHMS2163519-supplement-Table_S6.xlsx; https://pmc-oa-opendata.s3.amazonaws.com/PMC13092281.1/NIHMS2163519-supplement-Table_S7.xlsx; https://pmc-oa-opendata.s3.amazonaws.com/PMC13092281.1/NIHMS2163519-supplement-Table_S8.xlsx; https://raw.githubusercontent.com/mdmparis/defense-finder-models/afb0e5a8b466be53586b13266f5d38d98c3ac268/List_system_article.md; https://raw.githubusercontent.com/mdmparis/defense-finder-models/afb0e5a8b466be53586b13266f5d38d98c3ac268/Liste_hmm_system.md		yes
data/traits/genomics/ds_41_system.yaml	traitmech:000463	6	DOI:10.1126/science.adv7924; https://pmc-oa-opendata.s3.amazonaws.com/PMC13092281.1/NIHMS2163519-supplement-Table_S6.xlsx; https://pmc-oa-opendata.s3.amazonaws.com/PMC13092281.1/NIHMS2163519-supplement-Table_S7.xlsx; https://pmc-oa-opendata.s3.amazonaws.com/PMC13092281.1/NIHMS2163519-supplement-Table_S8.xlsx; https://raw.githubusercontent.com/mdmparis/defense-finder-models/afb0e5a8b466be53586b13266f5d38d98c3ac268/List_system_article.md; https://raw.githubusercontent.com/mdmparis/defense-finder-models/afb0e5a8b466be53586b13266f5d38d98c3ac268/Liste_hmm_system.md		yes
data/traits/genomics/ds_42_system.yaml	traitmech:000464	6	DOI:10.1126/science.adv7924; https://pmc-oa-opendata.s3.amazonaws.com/PMC13092281.1/NIHMS2163519-supplement-Table_S6.xlsx; https://pmc-oa-opendata.s3.amazonaws.com/PMC13092281.1/NIHMS2163519-supplement-Table_S7.xlsx; https://pmc-oa-opendata.s3.amazonaws.com/PMC13092281.1/NIHMS2163519-supplement-Table_S8.xlsx; https://raw.githubusercontent.com/mdmparis/defense-finder-models/afb0e5a8b466be53586b13266f5d38d98c3ac268/List_system_article.md; https://raw.githubusercontent.com/mdmparis/defense-finder-models/afb0e5a8b466be53586b13266f5d38d98c3ac268/Liste_hmm_system.md		yes
data/traits/genomics/ds_43_system.yaml	traitmech:000468	6	DOI:10.1126/science.adv7924; https://pmc-oa-opendata.s3.amazonaws.com/PMC13092281.1/NIHMS2163519-supplement-Table_S6.xlsx; https://pmc-oa-opendata.s3.amazonaws.com/PMC13092281.1/NIHMS2163519-supplement-Table_S7.xlsx; https://pmc-oa-opendata.s3.amazonaws.com/PMC13092281.1/NIHMS2163519-supplement-Table_S8.xlsx; https://raw.githubusercontent.com/mdmparis/defense-finder-models/afb0e5a8b466be53586b13266f5d38d98c3ac268/List_system_article.md; https://raw.githubusercontent.com/mdmparis/defense-finder-models/afb0e5a8b466be53586b13266f5d38d98c3ac268/Liste_hmm_system.md		yes
data/traits/genomics/ds_44_system.yaml	traitmech:000475	3	DOI:10.1101/2025.01.08.631726; https://raw.githubusercontent.com/mdmparis/defense-finder-models/afb0e5a8b466be53586b13266f5d38d98c3ac268/List_system_article.md; https://raw.githubusercontent.com/mdmparis/defense-finder-models/afb0e5a8b466be53586b13266f5d38d98c3ac268/Liste_hmm_system.md		yes
data/traits/genomics/ds_45_system.yaml	traitmech:000469	6	DOI:10.1126/science.adv7924; https://pmc-oa-opendata.s3.amazonaws.com/PMC13092281.1/NIHMS2163519-supplement-Table_S6.xlsx; https://pmc-oa-opendata.s3.amazonaws.com/PMC13092281.1/NIHMS2163519-supplement-Table_S7.xlsx; https://pmc-oa-opendata.s3.amazonaws.com/PMC13092281.1/NIHMS2163519-supplement-Table_S8.xlsx; https://raw.githubusercontent.com/mdmparis/defense-finder-models/afb0e5a8b466be53586b13266f5d38d98c3ac268/List_system_article.md; https://raw.githubusercontent.com/mdmparis/defense-finder-models/afb0e5a8b466be53586b13266f5d38d98c3ac268/Liste_hmm_system.md		yes
data/traits/genomics/ds_46_system.yaml	traitmech:000471	2	DOI:10.1126/science.adv7924; https://pmc-oa-opendata.s3.amazonaws.com/PMC13092281.1/NIHMS2163519-supplement-Table_S6.xlsx		yes
data/traits/genomics/ds_4_system.yaml	traitmech:000427	6	DOI:10.1126/science.adv7924; https://pmc-oa-opendata.s3.amazonaws.com/PMC13092281.1/NIHMS2163519-supplement-Table_S6.xlsx; https://pmc-oa-opendata.s3.amazonaws.com/PMC13092281.1/NIHMS2163519-supplement-Table_S7.xlsx; https://pmc-oa-opendata.s3.amazonaws.com/PMC13092281.1/NIHMS2163519-supplement-Table_S8.xlsx; https://raw.githubusercontent.com/mdmparis/defense-finder-models/afb0e5a8b466be53586b13266f5d38d98c3ac268/List_system_article.md; https://raw.githubusercontent.com/mdmparis/defense-finder-models/afb0e5a8b466be53586b13266f5d38d98c3ac268/Liste_hmm_system.md		yes
data/traits/genomics/ds_5_system.yaml	traitmech:000428	6	DOI:10.1126/science.adv7924; https://pmc-oa-opendata.s3.amazonaws.com/PMC13092281.1/NIHMS2163519-supplement-Table_S6.xlsx; https://pmc-oa-opendata.s3.amazonaws.com/PMC13092281.1/NIHMS2163519-supplement-Table_S7.xlsx; https://pmc-oa-opendata.s3.amazonaws.com/PMC13092281.1/NIHMS2163519-supplement-Table_S8.xlsx; https://raw.githubusercontent.com/mdmparis/defense-finder-models/afb0e5a8b466be53586b13266f5d38d98c3ac268/List_system_article.md; https://raw.githubusercontent.com/mdmparis/defense-finder-models/afb0e5a8b466be53586b13266f5d38d98c3ac268/Liste_hmm_system.md		yes
data/traits/genomics/ds_6_system.yaml	traitmech:000430	6	DOI:10.1126/science.adv7924; https://pmc-oa-opendata.s3.amazonaws.com/PMC13092281.1/NIHMS2163519-supplement-Table_S6.xlsx; https://pmc-oa-opendata.s3.amazonaws.com/PMC13092281.1/NIHMS2163519-supplement-Table_S7.xlsx; https://pmc-oa-opendata.s3.amazonaws.com/PMC13092281.1/NIHMS2163519-supplement-Table_S8.xlsx; https://raw.githubusercontent.com/mdmparis/defense-finder-models/afb0e5a8b466be53586b13266f5d38d98c3ac268/List_system_article.md; https://raw.githubusercontent.com/mdmparis/defense-finder-models/afb0e5a8b466be53586b13266f5d38d98c3ac268/Liste_hmm_system.md		yes
data/traits/genomics/ds_7_system.yaml	traitmech:000431	6	DOI:10.1126/science.adv7924; https://pmc-oa-opendata.s3.amazonaws.com/PMC13092281.1/NIHMS2163519-supplement-Table_S6.xlsx; https://pmc-oa-opendata.s3.amazonaws.com/PMC13092281.1/NIHMS2163519-supplement-Table_S7.xlsx; https://pmc-oa-opendata.s3.amazonaws.com/PMC13092281.1/NIHMS2163519-supplement-Table_S8.xlsx; https://raw.githubusercontent.com/mdmparis/defense-finder-models/afb0e5a8b466be53586b13266f5d38d98c3ac268/List_system_article.md; https://raw.githubusercontent.com/mdmparis/defense-finder-models/afb0e5a8b466be53586b13266f5d38d98c3ac268/Liste_hmm_system.md		yes
data/traits/genomics/ds_8_system.yaml	traitmech:000432	6	DOI:10.1126/science.adv7924; https://pmc-oa-opendata.s3.amazonaws.com/PMC13092281.1/NIHMS2163519-supplement-Table_S6.xlsx; https://pmc-oa-opendata.s3.amazonaws.com/PMC13092281.1/NIHMS2163519-supplement-Table_S7.xlsx; https://pmc-oa-opendata.s3.amazonaws.com/PMC13092281.1/NIHMS2163519-supplement-Table_S8.xlsx; https://raw.githubusercontent.com/mdmparis/defense-finder-models/afb0e5a8b466be53586b13266f5d38d98c3ac268/List_system_article.md; https://raw.githubusercontent.com/mdmparis/defense-finder-models/afb0e5a8b466be53586b13266f5d38d98c3ac268/Liste_hmm_system.md		yes
data/traits/genomics/ds_9_system.yaml	traitmech:000433	6	DOI:10.1126/science.adv7924; https://pmc-oa-opendata.s3.amazonaws.com/PMC13092281.1/NIHMS2163519-supplement-Table_S6.xlsx; https://pmc-oa-opendata.s3.amazonaws.com/PMC13092281.1/NIHMS2163519-supplement-Table_S7.xlsx; https://pmc-oa-opendata.s3.amazonaws.com/PMC13092281.1/NIHMS2163519-supplement-Table_S8.xlsx; https://raw.githubusercontent.com/mdmparis/defense-finder-models/afb0e5a8b466be53586b13266f5d38d98c3ac268/List_system_article.md; https://raw.githubusercontent.com/mdmparis/defense-finder-models/afb0e5a8b466be53586b13266f5d38d98c3ac268/Liste_hmm_system.md		yes
data/traits/genomics/dsr_system.yaml	traitmech:000280	5	DOI:10.1038/s41564-022-01207-8; DOI:10.1126/science.aba0372; https://raw.githubusercontent.com/mdmparis/defense-finder-models/afb0e5a8b466be53586b13266f5d38d98c3ac268/List_system_article.md; https://raw.githubusercontent.com/mdmparis/defense-finder-models/afb0e5a8b466be53586b13266f5d38d98c3ac268/DefenseFinder_rules.tsv; https://raw.githubusercontent.com/mdmparis/defense-finder-models/afb0e5a8b466be53586b13266f5d38d98c3ac268/Liste_hmm_system.md		yes
data/traits/genomics/duf262_schlafen_system.yaml	traitmech:000530	2	DOI:10.1038/s41564-026-02277-8; https://raw.githubusercontent.com/mdmparis/defense-finder-models/afb0e5a8b466be53586b13266f5d38d98c3ac268/List_system_article.md		yes
data/traits/genomics/ecokmcra_system.yaml	traitmech:000509	3	DOI:10.1093/nar/gky731; DOI:10.1093/nar/gkt747; https://raw.githubusercontent.com/mdmparis/defense-finder-models/afb0e5a8b466be53586b13266f5d38d98c3ac268/List_system_article.md		yes
data/traits/genomics/eleos_system.yaml	traitmech:000250	5	DOI:10.1016/j.chom.2022.09.017; DOI:10.1101/2022.05.11.491447; https://raw.githubusercontent.com/mdmparis/defense-finder-models/afb0e5a8b466be53586b13266f5d38d98c3ac268/List_system_article.md; https://raw.githubusercontent.com/mdmparis/defense-finder-models/afb0e5a8b466be53586b13266f5d38d98c3ac268/DefenseFinder_rules.tsv; https://raw.githubusercontent.com/mdmparis/defense-finder-models/afb0e5a8b466be53586b13266f5d38d98c3ac268/Liste_hmm_system.md		yes
data/traits/genomics/endpacf1_system.yaml	traitmech:000503	2	DOI:10.1101/2025.03.31.646159; https://raw.githubusercontent.com/mdmparis/defense-finder-models/afb0e5a8b466be53586b13266f5d38d98c3ac268/List_system_article.md		yes
data/traits/genomics/epona_system.yaml	traitmech:000281	3	DOI:10.1126/science.ads0768; https://raw.githubusercontent.com/mdmparis/defense-finder-models/afb0e5a8b466be53586b13266f5d38d98c3ac268/List_system_article.md; https://raw.githubusercontent.com/mdmparis/defense-finder-models/afb0e5a8b466be53586b13266f5d38d98c3ac268/Liste_hmm_system.md		yes
data/traits/genomics/erebus_system.yaml	traitmech:000308	3	DOI:10.1016/j.chom.2024.07.007; https://raw.githubusercontent.com/mdmparis/defense-finder-models/afb0e5a8b466be53586b13266f5d38d98c3ac268/List_system_article.md; https://raw.githubusercontent.com/mdmparis/defense-finder-models/afb0e5a8b466be53586b13266f5d38d98c3ac268/Liste_hmm_system.md		yes
data/traits/genomics/esos_system.yaml	traitmech:000282	3	DOI:10.1126/science.ads0768; https://raw.githubusercontent.com/mdmparis/defense-finder-models/afb0e5a8b466be53586b13266f5d38d98c3ac268/List_system_article.md; https://raw.githubusercontent.com/mdmparis/defense-finder-models/afb0e5a8b466be53586b13266f5d38d98c3ac268/Liste_hmm_system.md		yes
data/traits/genomics/fliodhais_system.yaml	traitmech:000326	2	DOI:10.1093/nar/gkae671; https://raw.githubusercontent.com/mdmparis/defense-finder-models/afb0e5a8b466be53586b13266f5d38d98c3ac268/List_system_article.md		yes
data/traits/genomics/fs_giy_yig_system.yaml	traitmech:000346	5	DOI:10.1016/j.cell.2022.07.014; PMID:35985290; https://raw.githubusercontent.com/mdmparis/defense-finder-models/afb0e5a8b466be53586b13266f5d38d98c3ac268/List_system_article.md; https://raw.githubusercontent.com/mdmparis/defense-finder-models/afb0e5a8b466be53586b13266f5d38d98c3ac268/DefenseFinder_rules.tsv; https://raw.githubusercontent.com/mdmparis/defense-finder-models/afb0e5a8b466be53586b13266f5d38d98c3ac268/Liste_hmm_system.md		yes
data/traits/genomics/fs_hepn_tm_system.yaml	traitmech:000347	5	DOI:10.1016/j.cell.2022.07.014; PMID:35985290; https://raw.githubusercontent.com/mdmparis/defense-finder-models/afb0e5a8b466be53586b13266f5d38d98c3ac268/List_system_article.md; https://raw.githubusercontent.com/mdmparis/defense-finder-models/afb0e5a8b466be53586b13266f5d38d98c3ac268/DefenseFinder_rules.tsv; https://raw.githubusercontent.com/mdmparis/defense-finder-models/afb0e5a8b466be53586b13266f5d38d98c3ac268/Liste_hmm_system.md		yes
data/traits/genomics/fs_hp_sdh_sah_system.yaml	traitmech:000349	5	DOI:10.1016/j.cell.2022.07.014; PMID:35985290; https://raw.githubusercontent.com/mdmparis/defense-finder-models/afb0e5a8b466be53586b13266f5d38d98c3ac268/List_system_article.md; https://raw.githubusercontent.com/mdmparis/defense-finder-models/afb0e5a8b466be53586b13266f5d38d98c3ac268/DefenseFinder_rules.tsv; https://raw.githubusercontent.com/mdmparis/defense-finder-models/afb0e5a8b466be53586b13266f5d38d98c3ac268/Liste_hmm_system.md		yes
data/traits/genomics/fs_hp_system.yaml	traitmech:000348	5	DOI:10.1016/j.cell.2022.07.014; PMID:35985290; https://raw.githubusercontent.com/mdmparis/defense-finder-models/afb0e5a8b466be53586b13266f5d38d98c3ac268/List_system_article.md; https://raw.githubusercontent.com/mdmparis/defense-finder-models/afb0e5a8b466be53586b13266f5d38d98c3ac268/DefenseFinder_rules.tsv; https://raw.githubusercontent.com/mdmparis/defense-finder-models/afb0e5a8b466be53586b13266f5d38d98c3ac268/Liste_hmm_system.md		yes
data/traits/genomics/fs_hsdr_like_system.yaml	traitmech:000350	5	DOI:10.1016/j.cell.2022.07.014; PMID:35985290; https://raw.githubusercontent.com/mdmparis/defense-finder-models/afb0e5a8b466be53586b13266f5d38d98c3ac268/List_system_article.md; https://raw.githubusercontent.com/mdmparis/defense-finder-models/afb0e5a8b466be53586b13266f5d38d98c3ac268/DefenseFinder_rules.tsv; https://raw.githubusercontent.com/mdmparis/defense-finder-models/afb0e5a8b466be53586b13266f5d38d98c3ac268/Liste_hmm_system.md		yes
data/traits/genomics/fs_sma_system.yaml	traitmech:000351	5	DOI:10.1016/j.cell.2022.07.014; PMID:35985290; https://raw.githubusercontent.com/mdmparis/defense-finder-models/afb0e5a8b466be53586b13266f5d38d98c3ac268/List_system_article.md; https://raw.githubusercontent.com/mdmparis/defense-finder-models/afb0e5a8b466be53586b13266f5d38d98c3ac268/DefenseFinder_rules.tsv; https://raw.githubusercontent.com/mdmparis/defense-finder-models/afb0e5a8b466be53586b13266f5d38d98c3ac268/Liste_hmm_system.md		yes
data/traits/genomics/gabija_system.yaml	traitmech:000215	3	DOI:10.1093/nar/gkad951; DOI:10.1016/j.chom.2023.06.014; DOI:10.1038/s41586-023-06855-2		yes
data/traits/genomics/gao_ape_system.yaml	traitmech:000334	5	DOI:10.64898/2026.01.26.701840; DOI:10.64898/2026.03.20.713152; https://raw.githubusercontent.com/mdmparis/defense-finder-models/afb0e5a8b466be53586b13266f5d38d98c3ac268/List_system_article.md; https://raw.githubusercontent.com/mdmparis/defense-finder-models/afb0e5a8b466be53586b13266f5d38d98c3ac268/DefenseFinder_rules.tsv; https://raw.githubusercontent.com/mdmparis/defense-finder-models/afb0e5a8b466be53586b13266f5d38d98c3ac268/Liste_hmm_system.md		yes
data/traits/genomics/gao_her_duf_system.yaml	traitmech:000361	5	DOI:10.1126/science.aba0372; PMID:32855333; https://raw.githubusercontent.com/mdmparis/defense-finder-models/afb0e5a8b466be53586b13266f5d38d98c3ac268/List_system_article.md; https://raw.githubusercontent.com/mdmparis/defense-finder-models/afb0e5a8b466be53586b13266f5d38d98c3ac268/DefenseFinder_rules.tsv; https://raw.githubusercontent.com/mdmparis/defense-finder-models/afb0e5a8b466be53586b13266f5d38d98c3ac268/Liste_hmm_system.md		yes
data/traits/genomics/gao_her_sir_system.yaml	traitmech:000362	5	DOI:10.1126/science.aba0372; PMID:32855333; https://raw.githubusercontent.com/mdmparis/defense-finder-models/afb0e5a8b466be53586b13266f5d38d98c3ac268/List_system_article.md; https://raw.githubusercontent.com/mdmparis/defense-finder-models/afb0e5a8b466be53586b13266f5d38d98c3ac268/DefenseFinder_rules.tsv; https://raw.githubusercontent.com/mdmparis/defense-finder-models/afb0e5a8b466be53586b13266f5d38d98c3ac268/Liste_hmm_system.md		yes
data/traits/genomics/gao_her_system.yaml	traitmech:000409	4	DOI:10.1126/science.aba0372; PMID:32855333; https://raw.githubusercontent.com/mdmparis/defense-finder-models/afb0e5a8b466be53586b13266f5d38d98c3ac268/List_system_article.md; https://raw.githubusercontent.com/mdmparis/defense-finder-models/afb0e5a8b466be53586b13266f5d38d98c3ac268/DefenseFinder_rules.tsv		yes
data/traits/genomics/gao_hhe_system.yaml	traitmech:000353	5	DOI:10.1126/science.aba0372; PMID:32855333; https://raw.githubusercontent.com/mdmparis/defense-finder-models/afb0e5a8b466be53586b13266f5d38d98c3ac268/List_system_article.md; https://raw.githubusercontent.com/mdmparis/defense-finder-models/afb0e5a8b466be53586b13266f5d38d98c3ac268/DefenseFinder_rules.tsv; https://raw.githubusercontent.com/mdmparis/defense-finder-models/afb0e5a8b466be53586b13266f5d38d98c3ac268/Liste_hmm_system.md		yes
data/traits/genomics/gao_iet_system.yaml	traitmech:000354	5	DOI:10.1126/science.aba0372; PMID:32855333; https://raw.githubusercontent.com/mdmparis/defense-finder-models/afb0e5a8b466be53586b13266f5d38d98c3ac268/List_system_article.md; https://raw.githubusercontent.com/mdmparis/defense-finder-models/afb0e5a8b466be53586b13266f5d38d98c3ac268/DefenseFinder_rules.tsv; https://raw.githubusercontent.com/mdmparis/defense-finder-models/afb0e5a8b466be53586b13266f5d38d98c3ac268/Liste_hmm_system.md		yes
data/traits/genomics/gao_mza_system.yaml	traitmech:000355	5	DOI:10.1126/science.aba0372; PMID:32855333; https://raw.githubusercontent.com/mdmparis/defense-finder-models/afb0e5a8b466be53586b13266f5d38d98c3ac268/List_system_article.md; https://raw.githubusercontent.com/mdmparis/defense-finder-models/afb0e5a8b466be53586b13266f5d38d98c3ac268/DefenseFinder_rules.tsv; https://raw.githubusercontent.com/mdmparis/defense-finder-models/afb0e5a8b466be53586b13266f5d38d98c3ac268/Liste_hmm_system.md		yes
data/traits/genomics/gao_ppl_system.yaml	traitmech:000356	5	DOI:10.1126/science.aba0372; PMID:32855333; https://raw.githubusercontent.com/mdmparis/defense-finder-models/afb0e5a8b466be53586b13266f5d38d98c3ac268/List_system_article.md; https://raw.githubusercontent.com/mdmparis/defense-finder-models/afb0e5a8b466be53586b13266f5d38d98c3ac268/DefenseFinder_rules.tsv; https://raw.githubusercontent.com/mdmparis/defense-finder-models/afb0e5a8b466be53586b13266f5d38d98c3ac268/Liste_hmm_system.md		yes
data/traits/genomics/gao_qat_system.yaml	traitmech:000359	5	DOI:10.1126/science.aba0372; PMID:32855333; https://raw.githubusercontent.com/mdmparis/defense-finder-models/afb0e5a8b466be53586b13266f5d38d98c3ac268/List_system_article.md; https://raw.githubusercontent.com/mdmparis/defense-finder-models/afb0e5a8b466be53586b13266f5d38d98c3ac268/DefenseFinder_rules.tsv; https://raw.githubusercontent.com/mdmparis/defense-finder-models/afb0e5a8b466be53586b13266f5d38d98c3ac268/Liste_hmm_system.md		yes
data/traits/genomics/gao_rl_system.yaml	traitmech:000352	5	DOI:10.1126/science.aba0372; PMID:32855333; https://raw.githubusercontent.com/mdmparis/defense-finder-models/afb0e5a8b466be53586b13266f5d38d98c3ac268/List_system_article.md; https://raw.githubusercontent.com/mdmparis/defense-finder-models/afb0e5a8b466be53586b13266f5d38d98c3ac268/DefenseFinder_rules.tsv; https://raw.githubusercontent.com/mdmparis/defense-finder-models/afb0e5a8b466be53586b13266f5d38d98c3ac268/Liste_hmm_system.md		yes
data/traits/genomics/gao_tery_system.yaml	traitmech:000360	5	DOI:10.1126/science.aba0372; PMID:32855333; https://raw.githubusercontent.com/mdmparis/defense-finder-models/afb0e5a8b466be53586b13266f5d38d98c3ac268/List_system_article.md; https://raw.githubusercontent.com/mdmparis/defense-finder-models/afb0e5a8b466be53586b13266f5d38d98c3ac268/DefenseFinder_rules.tsv; https://raw.githubusercontent.com/mdmparis/defense-finder-models/afb0e5a8b466be53586b13266f5d38d98c3ac268/Liste_hmm_system.md		yes
data/traits/genomics/gao_tmn_system.yaml	traitmech:000357	5	DOI:10.1126/science.aba0372; PMID:32855333; https://raw.githubusercontent.com/mdmparis/defense-finder-models/afb0e5a8b466be53586b13266f5d38d98c3ac268/List_system_article.md; https://raw.githubusercontent.com/mdmparis/defense-finder-models/afb0e5a8b466be53586b13266f5d38d98c3ac268/DefenseFinder_rules.tsv; https://raw.githubusercontent.com/mdmparis/defense-finder-models/afb0e5a8b466be53586b13266f5d38d98c3ac268/Liste_hmm_system.md		yes
data/traits/genomics/gao_upx_system.yaml	traitmech:000358	5	DOI:10.1126/science.aba0372; PMID:32855333; https://raw.githubusercontent.com/mdmparis/defense-finder-models/afb0e5a8b466be53586b13266f5d38d98c3ac268/List_system_article.md; https://raw.githubusercontent.com/mdmparis/defense-finder-models/afb0e5a8b466be53586b13266f5d38d98c3ac268/DefenseFinder_rules.tsv; https://raw.githubusercontent.com/mdmparis/defense-finder-models/afb0e5a8b466be53586b13266f5d38d98c3ac268/Liste_hmm_system.md		yes
data/traits/genomics/gaps1_system.yaml	traitmech:000371	5	DOI:10.1038/s41564-024-01840-5; DOI:10.1101/2023.03.28.534373; https://raw.githubusercontent.com/mdmparis/defense-finder-models/afb0e5a8b466be53586b13266f5d38d98c3ac268/List_system_article.md; https://raw.githubusercontent.com/mdmparis/defense-finder-models/afb0e5a8b466be53586b13266f5d38d98c3ac268/DefenseFinder_rules.tsv; https://raw.githubusercontent.com/mdmparis/defense-finder-models/afb0e5a8b466be53586b13266f5d38d98c3ac268/Liste_hmm_system.md		yes
data/traits/genomics/gaps2_system.yaml	traitmech:000380	5	https://gitlab.pasteur.fr/mdm-lab/wiki/-/raw/ee7647d8/content/3.defense-systems/gaps2.md; DOI:10.1038/s41564-024-01840-5; https://raw.githubusercontent.com/mdmparis/defense-finder-models/afb0e5a8b466be53586b13266f5d38d98c3ac268/List_system_article.md; https://raw.githubusercontent.com/mdmparis/defense-finder-models/afb0e5a8b466be53586b13266f5d38d98c3ac268/DefenseFinder_rules.tsv; https://raw.githubusercontent.com/mdmparis/defense-finder-models/afb0e5a8b466be53586b13266f5d38d98c3ac268/Liste_hmm_system.md		yes
data/traits/genomics/gaps4_system.yaml	traitmech:000379	5	https://gitlab.pasteur.fr/mdm-lab/wiki/-/raw/ee7647d8/content/3.defense-systems/gaps4.md; DOI:10.1038/s41564-024-01840-5; https://raw.githubusercontent.com/mdmparis/defense-finder-models/afb0e5a8b466be53586b13266f5d38d98c3ac268/List_system_article.md; https://raw.githubusercontent.com/mdmparis/defense-finder-models/afb0e5a8b466be53586b13266f5d38d98c3ac268/DefenseFinder_rules.tsv; https://raw.githubusercontent.com/mdmparis/defense-finder-models/afb0e5a8b466be53586b13266f5d38d98c3ac268/Liste_hmm_system.md		yes
data/traits/genomics/gaps6_system.yaml	traitmech:000381	5	https://gitlab.pasteur.fr/mdm-lab/wiki/-/raw/ee7647d8/content/3.defense-systems/gaps6.md; DOI:10.1038/s41564-024-01840-5; https://raw.githubusercontent.com/mdmparis/defense-finder-models/afb0e5a8b466be53586b13266f5d38d98c3ac268/List_system_article.md; https://raw.githubusercontent.com/mdmparis/defense-finder-models/afb0e5a8b466be53586b13266f5d38d98c3ac268/DefenseFinder_rules.tsv; https://raw.githubusercontent.com/mdmparis/defense-finder-models/afb0e5a8b466be53586b13266f5d38d98c3ac268/Liste_hmm_system.md		yes
data/traits/genomics/gasdermin_system.yaml	traitmech:000336	5	DOI:10.1126/science.abj8432; https://pmc.ncbi.nlm.nih.gov/articles/PMC9134750/; https://raw.githubusercontent.com/mdmparis/defense-finder-models/afb0e5a8b466be53586b13266f5d38d98c3ac268/List_system_article.md; https://raw.githubusercontent.com/mdmparis/defense-finder-models/afb0e5a8b466be53586b13266f5d38d98c3ac268/Liste_hmm_system.md; https://raw.githubusercontent.com/mdmparis/defense-finder-models/afb0e5a8b466be53586b13266f5d38d98c3ac268/DefenseFinder_rules.tsv		yes
data/traits/genomics/geb_system.yaml	traitmech:000287	3	DOI:10.1101/2025.01.08.631966; https://raw.githubusercontent.com/mdmparis/defense-finder-models/afb0e5a8b466be53586b13266f5d38d98c3ac268/List_system_article.md; https://raw.githubusercontent.com/mdmparis/defense-finder-models/afb0e5a8b466be53586b13266f5d38d98c3ac268/Liste_hmm_system.md		yes
data/traits/genomics/gmrsd_system.yaml	traitmech:000506	4	DOI:10.1016/j.jmb.2006.11.051; DOI:10.1186/s12859-015-0773-z; DOI:10.1093/nar/gkt747; https://raw.githubusercontent.com/mdmparis/defense-finder-models/afb0e5a8b466be53586b13266f5d38d98c3ac268/List_system_article.md		yes
data/traits/genomics/hachiman_system.yaml	traitmech:000219	2	DOI:10.1016/j.cell.2024.09.020; DOI:10.1038/s41467-025-57851-1		yes
data/traits/genomics/hachiman_type_i_system.yaml	traitmech:000575	4	DOI:10.1038/s41467-025-57851-1; DOI:10.1093/nar/gkab883; https://raw.githubusercontent.com/padlocbio/padloc-db/9e380165633a8d6aef93b5a164cea0f3359bd33f/sys/hachiman_type_I.yaml; https://raw.githubusercontent.com/mdmparis/defense-finder-models/afb0e5a8b466be53586b13266f5d38d98c3ac268/definitions/DefenseFinder/Hachiman/Hachiman.xml		yes
data/traits/genomics/hachiman_type_ii_system.yaml	traitmech:000574	4	DOI:10.1093/nar/gkab883; DOI:10.1038/s41467-025-57851-1; https://raw.githubusercontent.com/mdmparis/defense-finder-models/afb0e5a8b466be53586b13266f5d38d98c3ac268/definitions/DefenseFinder/Hachiman/Hachiman_II.xml; https://raw.githubusercontent.com/padlocbio/padloc-db/9e380165633a8d6aef93b5a164cea0f3359bd33f/sys/hachiman_type_II.yaml		yes
data/traits/genomics/hailong_system.yaml	traitmech:000242	2	DOI:10.1038/s41586-025-09058-z; DOI:10.1016/j.molcel.2025.06.011		yes
data/traits/genomics/hec_02_system.yaml	traitmech:000417	3	DOI:10.1101/2024.01.29.577857; https://raw.githubusercontent.com/mdmparis/defense-finder-models/afb0e5a8b466be53586b13266f5d38d98c3ac268/List_system_article.md; https://raw.githubusercontent.com/mdmparis/defense-finder-models/afb0e5a8b466be53586b13266f5d38d98c3ac268/Liste_hmm_system.md		yes
data/traits/genomics/hec_03_system.yaml	traitmech:000418	3	DOI:10.1101/2024.01.29.577857; https://raw.githubusercontent.com/mdmparis/defense-finder-models/afb0e5a8b466be53586b13266f5d38d98c3ac268/List_system_article.md; https://raw.githubusercontent.com/mdmparis/defense-finder-models/afb0e5a8b466be53586b13266f5d38d98c3ac268/Liste_hmm_system.md		yes
data/traits/genomics/hec_04_system.yaml	traitmech:000465	3	DOI:10.1101/2024.01.29.577857; https://raw.githubusercontent.com/mdmparis/defense-finder-models/afb0e5a8b466be53586b13266f5d38d98c3ac268/List_system_article.md; https://raw.githubusercontent.com/mdmparis/defense-finder-models/afb0e5a8b466be53586b13266f5d38d98c3ac268/Liste_hmm_system.md		yes
data/traits/genomics/hec_05_system.yaml	traitmech:000466	3	DOI:10.1101/2024.01.29.577857; https://raw.githubusercontent.com/mdmparis/defense-finder-models/afb0e5a8b466be53586b13266f5d38d98c3ac268/List_system_article.md; https://raw.githubusercontent.com/mdmparis/defense-finder-models/afb0e5a8b466be53586b13266f5d38d98c3ac268/Liste_hmm_system.md		yes
data/traits/genomics/hec_06_system.yaml	traitmech:000467	3	DOI:10.1101/2024.01.29.577857; https://raw.githubusercontent.com/mdmparis/defense-finder-models/afb0e5a8b466be53586b13266f5d38d98c3ac268/List_system_article.md; https://raw.githubusercontent.com/mdmparis/defense-finder-models/afb0e5a8b466be53586b13266f5d38d98c3ac268/Liste_hmm_system.md		yes
data/traits/genomics/hec_07_system.yaml	traitmech:000478	3	DOI:10.1101/2024.01.29.577857; https://raw.githubusercontent.com/mdmparis/defense-finder-models/afb0e5a8b466be53586b13266f5d38d98c3ac268/List_system_article.md; https://raw.githubusercontent.com/mdmparis/defense-finder-models/afb0e5a8b466be53586b13266f5d38d98c3ac268/Liste_hmm_system.md		yes
data/traits/genomics/hec_08_system.yaml	traitmech:000479	3	DOI:10.1101/2024.01.29.577857; https://raw.githubusercontent.com/mdmparis/defense-finder-models/afb0e5a8b466be53586b13266f5d38d98c3ac268/List_system_article.md; https://raw.githubusercontent.com/mdmparis/defense-finder-models/afb0e5a8b466be53586b13266f5d38d98c3ac268/Liste_hmm_system.md		yes
data/traits/genomics/hesat_system.yaml	traitmech:000327	2	DOI:10.1093/nar/gkae671; https://raw.githubusercontent.com/mdmparis/defense-finder-models/afb0e5a8b466be53586b13266f5d38d98c3ac268/List_system_article.md		yes
data/traits/genomics/heterokaryosis.yaml	traitmech:000608	3	DOI:10.1098/rspb.2022.0971; DOI:10.1098/rspb.2014.0084; DOI:10.1016/j.fgb.2018.01.005		yes
data/traits/genomics/hma_system.yaml	traitmech:000533	4	DOI:10.1093/nar/gkab883; DOI:10.1111/1751-7915.14524; https://raw.githubusercontent.com/mdmparis/defense-finder-models/afb0e5a8b466be53586b13266f5d38d98c3ac268/List_system_article.md; https://raw.githubusercontent.com/mdmparis/defense-finder-models/afb0e5a8b466be53586b13266f5d38d98c3ac268/Liste_hmm_system.md		yes
data/traits/genomics/hna_system.yaml	traitmech:000241	2	DOI:10.1016/j.chom.2023.01.010; DOI:10.1038/s41467-026-73157-2		yes
data/traits/genomics/hypnos_system.yaml	traitmech:000309	3	DOI:10.1016/j.chom.2024.07.007; https://raw.githubusercontent.com/mdmparis/defense-finder-models/afb0e5a8b466be53586b13266f5d38d98c3ac268/List_system_article.md; https://raw.githubusercontent.com/mdmparis/defense-finder-models/afb0e5a8b466be53586b13266f5d38d98c3ac268/Liste_hmm_system.md		yes
data/traits/genomics/ig_like_schlafen_system.yaml	traitmech:000508	2	DOI:10.1038/s41564-026-02277-8; https://raw.githubusercontent.com/mdmparis/defense-finder-models/afb0e5a8b466be53586b13266f5d38d98c3ac268/List_system_article.md		yes
data/traits/genomics/integrative_conjugative_element.yaml	traitmech:000410	2	DOI:10.1146/annurev-genet-112414-055018; DOI:10.1093/nar/gkad644		yes
data/traits/genomics/jukab_system.yaml	traitmech:000305	5	DOI:10.1016/j.cell.2025.02.016; DOI:10.1101/2022.09.17.508391; https://raw.githubusercontent.com/mdmparis/defense-finder-models/afb0e5a8b466be53586b13266f5d38d98c3ac268/List_system_article.md; https://raw.githubusercontent.com/mdmparis/defense-finder-models/afb0e5a8b466be53586b13266f5d38d98c3ac268/DefenseFinder_rules.tsv; https://raw.githubusercontent.com/mdmparis/defense-finder-models/afb0e5a8b466be53586b13266f5d38d98c3ac268/Liste_hmm_system.md		yes
data/traits/genomics/kamadhenu_system.yaml	traitmech:000310	3	DOI:10.1093/nar/gkae671; DOI:10.1073/pnas.2426508122; https://raw.githubusercontent.com/mdmparis/defense-finder-models/afb0e5a8b466be53586b13266f5d38d98c3ac268/List_system_article.md		yes
data/traits/genomics/kiwa_system.yaml	traitmech:000231	2	DOI:10.1016/j.cell.2025.07.002; DOI:10.1126/science.aar4120		yes
data/traits/genomics/kongming_system.yaml	traitmech:000501	3	DOI:10.1126/science.ads6055; DOI:10.1038/s41467-026-74710-9; https://raw.githubusercontent.com/mdmparis/defense-finder-models/afb0e5a8b466be53586b13266f5d38d98c3ac268/List_system_article.md		yes
data/traits/genomics/lamassu_amidase_system.yaml	traitmech:000556	4	https://raw.githubusercontent.com/mdmparis/defense-finder-models/afb0e5a8b466be53586b13266f5d38d98c3ac268/DefenseFinder_rules.tsv; DOI:10.1073/pnas.2519643122; https://raw.githubusercontent.com/mdmparis/defense-finder-models/afb0e5a8b466be53586b13266f5d38d98c3ac268/List_system_article.md; https://raw.githubusercontent.com/mdmparis/defense-finder-models/afb0e5a8b466be53586b13266f5d38d98c3ac268/Liste_hmm_system.md		yes
data/traits/genomics/lamassu_cap4_nuclease_system.yaml	traitmech:000557	4	https://raw.githubusercontent.com/mdmparis/defense-finder-models/afb0e5a8b466be53586b13266f5d38d98c3ac268/DefenseFinder_rules.tsv; DOI:10.1073/pnas.2519643122; https://raw.githubusercontent.com/mdmparis/defense-finder-models/afb0e5a8b466be53586b13266f5d38d98c3ac268/List_system_article.md; https://raw.githubusercontent.com/mdmparis/defense-finder-models/afb0e5a8b466be53586b13266f5d38d98c3ac268/Liste_hmm_system.md		yes
data/traits/genomics/lamassu_fmo_system.yaml	traitmech:000558	4	https://raw.githubusercontent.com/mdmparis/defense-finder-models/afb0e5a8b466be53586b13266f5d38d98c3ac268/DefenseFinder_rules.tsv; DOI:10.1073/pnas.2519643122; https://raw.githubusercontent.com/mdmparis/defense-finder-models/afb0e5a8b466be53586b13266f5d38d98c3ac268/List_system_article.md; https://raw.githubusercontent.com/mdmparis/defense-finder-models/afb0e5a8b466be53586b13266f5d38d98c3ac268/Liste_hmm_system.md		yes
data/traits/genomics/lamassu_hnh_system.yaml	traitmech:000568	4	DOI:10.1073/pnas.2519643122; https://raw.githubusercontent.com/mdmparis/defense-finder-models/afb0e5a8b466be53586b13266f5d38d98c3ac268/definitions/DefenseFinder/Lamassu-Fam/Lamassu_HNH.xml; https://pmc-oa-opendata.s3.amazonaws.com/PMC12663957.1/pnas.2519643122.sd01.xlsx; https://api.ncbi.nlm.nih.gov/datasets/v2/genome/accession/GCF_009892245.1/dataset_report		yes
data/traits/genomics/lamassu_hydrolase_protease_system.yaml	traitmech:000567	4	DOI:10.1073/pnas.2519643122; DOI:10.1016/j.chom.2022.09.017; https://raw.githubusercontent.com/mdmparis/defense-finder-models/afb0e5a8b466be53586b13266f5d38d98c3ac268/definitions/DefenseFinder/Lamassu-Fam/Lamassu_Hydrolase-Protease.xml; https://raw.githubusercontent.com/mdmparis/defense-finder-models/afb0e5a8b466be53586b13266f5d38d98c3ac268/DefenseFinder_rules.tsv		yes
data/traits/genomics/lamassu_hydrolase_system.yaml	traitmech:000561	4	https://raw.githubusercontent.com/mdmparis/defense-finder-models/afb0e5a8b466be53586b13266f5d38d98c3ac268/DefenseFinder_rules.tsv; DOI:10.1073/pnas.2519643122; https://raw.githubusercontent.com/mdmparis/defense-finder-models/afb0e5a8b466be53586b13266f5d38d98c3ac268/List_system_article.md; https://raw.githubusercontent.com/mdmparis/defense-finder-models/afb0e5a8b466be53586b13266f5d38d98c3ac268/Liste_hmm_system.md		yes
data/traits/genomics/lamassu_lipase_system.yaml	traitmech:000562	4	https://raw.githubusercontent.com/mdmparis/defense-finder-models/afb0e5a8b466be53586b13266f5d38d98c3ac268/DefenseFinder_rules.tsv; DOI:10.1073/pnas.2519643122; https://raw.githubusercontent.com/mdmparis/defense-finder-models/afb0e5a8b466be53586b13266f5d38d98c3ac268/List_system_article.md; https://raw.githubusercontent.com/mdmparis/defense-finder-models/afb0e5a8b466be53586b13266f5d38d98c3ac268/Liste_hmm_system.md		yes
data/traits/genomics/lamassu_mrr_system.yaml	traitmech:000563	4	https://raw.githubusercontent.com/mdmparis/defense-finder-models/afb0e5a8b466be53586b13266f5d38d98c3ac268/DefenseFinder_rules.tsv; DOI:10.1073/pnas.2519643122; https://raw.githubusercontent.com/mdmparis/defense-finder-models/afb0e5a8b466be53586b13266f5d38d98c3ac268/List_system_article.md; https://raw.githubusercontent.com/mdmparis/defense-finder-models/afb0e5a8b466be53586b13266f5d38d98c3ac268/Liste_hmm_system.md		yes
data/traits/genomics/lamassu_pddexk_system.yaml	traitmech:000564	4	https://raw.githubusercontent.com/mdmparis/defense-finder-models/afb0e5a8b466be53586b13266f5d38d98c3ac268/DefenseFinder_rules.tsv; DOI:10.1073/pnas.2519643122; https://raw.githubusercontent.com/mdmparis/defense-finder-models/afb0e5a8b466be53586b13266f5d38d98c3ac268/List_system_article.md; https://raw.githubusercontent.com/mdmparis/defense-finder-models/afb0e5a8b466be53586b13266f5d38d98c3ac268/Liste_hmm_system.md		yes
data/traits/genomics/lamassu_protease_system.yaml	traitmech:000565	4	https://raw.githubusercontent.com/mdmparis/defense-finder-models/afb0e5a8b466be53586b13266f5d38d98c3ac268/DefenseFinder_rules.tsv; DOI:10.1073/pnas.2519643122; https://raw.githubusercontent.com/mdmparis/defense-finder-models/afb0e5a8b466be53586b13266f5d38d98c3ac268/List_system_article.md; https://raw.githubusercontent.com/mdmparis/defense-finder-models/afb0e5a8b466be53586b13266f5d38d98c3ac268/Liste_hmm_system.md		yes
data/traits/genomics/lamassu_sir2_system.yaml	traitmech:000566	4	https://raw.githubusercontent.com/mdmparis/defense-finder-models/afb0e5a8b466be53586b13266f5d38d98c3ac268/DefenseFinder_rules.tsv; DOI:10.1073/pnas.2519643122; https://raw.githubusercontent.com/mdmparis/defense-finder-models/afb0e5a8b466be53586b13266f5d38d98c3ac268/List_system_article.md; https://raw.githubusercontent.com/mdmparis/defense-finder-models/afb0e5a8b466be53586b13266f5d38d98c3ac268/Liste_hmm_system.md		yes
data/traits/genomics/lamassu_smek_system.yaml	traitmech:000569	4	DOI:10.1073/pnas.2519643122; https://raw.githubusercontent.com/mdmparis/defense-finder-models/afb0e5a8b466be53586b13266f5d38d98c3ac268/definitions/DefenseFinder/Lamassu-Fam/Lamassu_SMEK.xml; https://pmc-oa-opendata.s3.amazonaws.com/PMC12663957.1/pnas.2519643122.sd01.xlsx; https://api.ncbi.nlm.nih.gov/datasets/v2/genome/accession/GCF_021491935.1/dataset_report		yes
data/traits/genomics/lamassu_system.yaml	traitmech:000232	2	DOI:10.1073/pnas.2519643122; DOI:10.1126/science.aar4120		yes
data/traits/genomics/lamassu_type_i_system.yaml	traitmech:000573	4	DOI:10.1073/pnas.2519643122; DOI:10.1038/s41589-025-02102-z; https://rest.uniprot.org/uniprotkb/P0DW44.json; https://data.rcsb.org/rest/v1/core/polymer_entity/9UX7/1		yes
data/traits/genomics/lamassu_type_ii_system.yaml	traitmech:000572	2	DOI:10.1093/nar/gkab883; DOI:10.1038/s41589-025-02102-z		yes
data/traits/genomics/lanthivirin_system.yaml	traitmech:000416	3	DOI:10.1016/j.chom.2026.06.017; https://raw.githubusercontent.com/mdmparis/defense-finder-models/afb0e5a8b466be53586b13266f5d38d98c3ac268/List_system_article.md; https://raw.githubusercontent.com/mdmparis/defense-finder-models/afb0e5a8b466be53586b13266f5d38d98c3ac268/Liste_hmm_system.md		yes
data/traits/genomics/lit_system.yaml	traitmech:000363	6	DOI:10.1021/bi0495026; PMID:15196039; PMID:21129205; https://raw.githubusercontent.com/mdmparis/defense-finder-models/afb0e5a8b466be53586b13266f5d38d98c3ac268/List_system_article.md; https://raw.githubusercontent.com/mdmparis/defense-finder-models/afb0e5a8b466be53586b13266f5d38d98c3ac268/DefenseFinder_rules.tsv; https://raw.githubusercontent.com/mdmparis/defense-finder-models/afb0e5a8b466be53586b13266f5d38d98c3ac268/Liste_hmm_system.md		yes
data/traits/genomics/long_lamassu_system.yaml	traitmech:000571	2	DOI:10.1073/pnas.2519643122; https://pmc-oa-opendata.s3.amazonaws.com/PMC12663957.1/pnas.2519643122.sd01.xlsx		yes
data/traits/genomics/lugos_system.yaml	traitmech:000283	3	DOI:10.1126/science.ads0768; https://raw.githubusercontent.com/mdmparis/defense-finder-models/afb0e5a8b466be53586b13266f5d38d98c3ac268/List_system_article.md; https://raw.githubusercontent.com/mdmparis/defense-finder-models/afb0e5a8b466be53586b13266f5d38d98c3ac268/Liste_hmm_system.md		yes
data/traits/genomics/mads_system.yaml	traitmech:000370	5	DOI:10.1016/j.chom.2024.07.005; DOI:10.1101/2023.03.30.534895; https://raw.githubusercontent.com/mdmparis/defense-finder-models/afb0e5a8b466be53586b13266f5d38d98c3ac268/List_system_article.md; https://raw.githubusercontent.com/mdmparis/defense-finder-models/afb0e5a8b466be53586b13266f5d38d98c3ac268/DefenseFinder_rules.tsv; https://raw.githubusercontent.com/mdmparis/defense-finder-models/afb0e5a8b466be53586b13266f5d38d98c3ac268/Liste_hmm_system.md		yes
data/traits/genomics/mazef_system.yaml	traitmech:000345	6	DOI:10.1098/rsbl.2025.0080; PMID:40494395; https://pmc.ncbi.nlm.nih.gov/articles/PMC12151602/; https://raw.githubusercontent.com/mdmparis/defense-finder-models/afb0e5a8b466be53586b13266f5d38d98c3ac268/List_system_article.md; https://raw.githubusercontent.com/mdmparis/defense-finder-models/afb0e5a8b466be53586b13266f5d38d98c3ac268/DefenseFinder_rules.tsv; https://raw.githubusercontent.com/mdmparis/defense-finder-models/afb0e5a8b466be53586b13266f5d38d98c3ac268/Liste_hmm_system.md		yes
data/traits/genomics/mcrbc_system.yaml	traitmech:000505	3	DOI:10.1093/emboj/20.12.3210; DOI:10.1093/nar/gkt747; https://raw.githubusercontent.com/mdmparis/defense-finder-models/afb0e5a8b466be53586b13266f5d38d98c3ac268/List_system_article.md		yes
data/traits/genomics/menshen_system.yaml	traitmech:000253	5	DOI:10.1016/j.chom.2022.09.017; DOI:10.1101/2022.05.11.491447; https://raw.githubusercontent.com/mdmparis/defense-finder-models/afb0e5a8b466be53586b13266f5d38d98c3ac268/List_system_article.md; https://raw.githubusercontent.com/mdmparis/defense-finder-models/afb0e5a8b466be53586b13266f5d38d98c3ac268/DefenseFinder_rules.tsv; https://raw.githubusercontent.com/mdmparis/defense-finder-models/afb0e5a8b466be53586b13266f5d38d98c3ac268/Liste_hmm_system.md		yes
data/traits/genomics/metis_system.yaml	traitmech:000502	2	DOI:10.1126/science.aed6782; https://raw.githubusercontent.com/mdmparis/defense-finder-models/afb0e5a8b466be53586b13266f5d38d98c3ac268/List_system_article.md		yes
data/traits/genomics/mksbefg_system.yaml	traitmech:000526	2	DOI:10.1093/nar/gkad130; DOI:10.1016/j.molcel.2022.11.015		yes
data/traits/genomics/mmb_gp29_gp30_system.yaml	traitmech:000297	4	DOI:10.1038/nmicrobiol.2016.251; https://raw.githubusercontent.com/mdmparis/defense-finder-models/afb0e5a8b466be53586b13266f5d38d98c3ac268/List_system_article.md; https://raw.githubusercontent.com/mdmparis/defense-finder-models/afb0e5a8b466be53586b13266f5d38d98c3ac268/Liste_hmm_system.md; https://raw.githubusercontent.com/mdmparis/defense-finder-models/afb0e5a8b466be53586b13266f5d38d98c3ac268/DefenseFinder_rules.tsv		yes
data/traits/genomics/mok_hok_sok_system.yaml	traitmech:000372	5	DOI:10.1128/jb.178.7.2044-2050.1996; PMID:8606182; https://raw.githubusercontent.com/mdmparis/defense-finder-models/afb0e5a8b466be53586b13266f5d38d98c3ac268/List_system_article.md; https://raw.githubusercontent.com/mdmparis/defense-finder-models/afb0e5a8b466be53586b13266f5d38d98c3ac268/DefenseFinder_rules.tsv; https://raw.githubusercontent.com/mdmparis/defense-finder-models/afb0e5a8b466be53586b13266f5d38d98c3ac268/Liste_hmm_system.md		yes
data/traits/genomics/mokosh_system.yaml	traitmech:000246	5	DOI:10.1016/j.chom.2022.09.017; DOI:10.1101/2022.05.11.491447; https://raw.githubusercontent.com/mdmparis/defense-finder-models/afb0e5a8b466be53586b13266f5d38d98c3ac268/List_system_article.md; https://raw.githubusercontent.com/mdmparis/defense-finder-models/afb0e5a8b466be53586b13266f5d38d98c3ac268/DefenseFinder_rules.tsv; https://raw.githubusercontent.com/mdmparis/defense-finder-models/afb0e5a8b466be53586b13266f5d38d98c3ac268/Liste_hmm_system.md		yes
data/traits/genomics/mqsrac_system.yaml	traitmech:000368	5	DOI:10.1128/spectrum.03388-23; PMID:38054715; https://raw.githubusercontent.com/mdmparis/defense-finder-models/afb0e5a8b466be53586b13266f5d38d98c3ac268/List_system_article.md; https://raw.githubusercontent.com/mdmparis/defense-finder-models/afb0e5a8b466be53586b13266f5d38d98c3ac268/DefenseFinder_rules.tsv; https://raw.githubusercontent.com/mdmparis/defense-finder-models/afb0e5a8b466be53586b13266f5d38d98c3ac268/Liste_hmm_system.md		yes
data/traits/genomics/mspji_system.yaml	traitmech:000510	4	DOI:10.1073/pnas.1018448108; DOI:10.1093/nar/gkq327; DOI:10.1093/nar/gkt747; https://raw.githubusercontent.com/mdmparis/defense-finder-models/afb0e5a8b466be53586b13266f5d38d98c3ac268/List_system_article.md		yes
data/traits/genomics/nantosuelta_system.yaml	traitmech:000284	3	DOI:10.1126/science.ads0768; https://raw.githubusercontent.com/mdmparis/defense-finder-models/afb0e5a8b466be53586b13266f5d38d98c3ac268/List_system_article.md; https://raw.githubusercontent.com/mdmparis/defense-finder-models/afb0e5a8b466be53586b13266f5d38d98c3ac268/Liste_hmm_system.md		yes
data/traits/genomics/nemetona_system.yaml	traitmech:000285	3	DOI:10.1126/science.ads0768; https://raw.githubusercontent.com/mdmparis/defense-finder-models/afb0e5a8b466be53586b13266f5d38d98c3ac268/List_system_article.md; https://raw.githubusercontent.com/mdmparis/defense-finder-models/afb0e5a8b466be53586b13266f5d38d98c3ac268/Liste_hmm_system.md		yes
data/traits/genomics/nhi_system.yaml	traitmech:000332	4	DOI:10.1016/j.chom.2022.03.001; https://raw.githubusercontent.com/mdmparis/defense-finder-models/afb0e5a8b466be53586b13266f5d38d98c3ac268/List_system_article.md; https://raw.githubusercontent.com/mdmparis/defense-finder-models/afb0e5a8b466be53586b13266f5d38d98c3ac268/DefenseFinder_rules.tsv; https://raw.githubusercontent.com/mdmparis/defense-finder-models/afb0e5a8b466be53586b13266f5d38d98c3ac268/Liste_hmm_system.md		yes
data/traits/genomics/nixi_system.yaml	traitmech:000333	4	DOI:10.1093/nar/gkac002; https://raw.githubusercontent.com/mdmparis/defense-finder-models/afb0e5a8b466be53586b13266f5d38d98c3ac268/List_system_article.md; https://raw.githubusercontent.com/mdmparis/defense-finder-models/afb0e5a8b466be53586b13266f5d38d98c3ac268/DefenseFinder_rules.tsv; https://raw.githubusercontent.com/mdmparis/defense-finder-models/afb0e5a8b466be53586b13266f5d38d98c3ac268/Liste_hmm_system.md		yes
data/traits/genomics/nlr_like_bnacht_system.yaml	traitmech:000408	5	DOI:10.1016/j.cell.2023.04.015; https://pmc.ncbi.nlm.nih.gov/articles/PMC10294775/; https://raw.githubusercontent.com/mdmparis/defense-finder-models/afb0e5a8b466be53586b13266f5d38d98c3ac268/List_system_article.md; https://raw.githubusercontent.com/mdmparis/defense-finder-models/afb0e5a8b466be53586b13266f5d38d98c3ac268/DefenseFinder_rules.tsv; https://raw.githubusercontent.com/mdmparis/defense-finder-models/afb0e5a8b466be53586b13266f5d38d98c3ac268/Liste_hmm_system.md		yes
data/traits/genomics/ogmios_system.yaml	traitmech:000286	3	DOI:10.1126/science.ads0768; https://raw.githubusercontent.com/mdmparis/defense-finder-models/afb0e5a8b466be53586b13266f5d38d98c3ac268/List_system_article.md; https://raw.githubusercontent.com/mdmparis/defense-finder-models/afb0e5a8b466be53586b13266f5d38d98c3ac268/Liste_hmm_system.md		yes
data/traits/genomics/old_exonuclease_system.yaml	traitmech:000399	5	https://gitlab.pasteur.fr/mdm-lab/wiki/-/raw/ee7647d8/content/3.defense-systems/old_exonuclease.md; DOI:10.1128/jb.177.3.497-501.1995; https://raw.githubusercontent.com/mdmparis/defense-finder-models/afb0e5a8b466be53586b13266f5d38d98c3ac268/List_system_article.md; https://raw.githubusercontent.com/mdmparis/defense-finder-models/afb0e5a8b466be53586b13266f5d38d98c3ac268/DefenseFinder_rules.tsv; https://raw.githubusercontent.com/mdmparis/defense-finder-models/afb0e5a8b466be53586b13266f5d38d98c3ac268/Liste_hmm_system.md		yes
data/traits/genomics/olokun_system.yaml	traitmech:000254	5	DOI:10.1016/j.chom.2022.09.017; DOI:10.1101/2022.05.11.491447; https://raw.githubusercontent.com/mdmparis/defense-finder-models/afb0e5a8b466be53586b13266f5d38d98c3ac268/List_system_article.md; https://raw.githubusercontent.com/mdmparis/defense-finder-models/afb0e5a8b466be53586b13266f5d38d98c3ac268/DefenseFinder_rules.tsv; https://raw.githubusercontent.com/mdmparis/defense-finder-models/afb0e5a8b466be53586b13266f5d38d98c3ac268/Liste_hmm_system.md		yes
data/traits/genomics/ophion_system.yaml	traitmech:000331	2	DOI:10.1101/2025.09.30.679545; https://raw.githubusercontent.com/mdmparis/defense-finder-models/afb0e5a8b466be53586b13266f5d38d98c3ac268/List_system_article.md		yes
data/traits/genomics/oshun_system.yaml	traitmech:000293	3	DOI:10.1101/2025.01.08.631966; https://raw.githubusercontent.com/mdmparis/defense-finder-models/afb0e5a8b466be53586b13266f5d38d98c3ac268/List_system_article.md; https://raw.githubusercontent.com/mdmparis/defense-finder-models/afb0e5a8b466be53586b13266f5d38d98c3ac268/Liste_hmm_system.md		yes
data/traits/genomics/pago_system.yaml	traitmech:000419	7	DOI:10.1186/1745-6150-4-29; DOI:10.1016/j.cell.2022.03.012; DOI:10.1038/s41586-022-04546-y; DOI:10.1038/s41586-024-07515-9; https://raw.githubusercontent.com/mdmparis/defense-finder-models/afb0e5a8b466be53586b13266f5d38d98c3ac268/List_system_article.md; https://raw.githubusercontent.com/mdmparis/defense-finder-models/afb0e5a8b466be53586b13266f5d38d98c3ac268/DefenseFinder_rules.tsv; https://raw.githubusercontent.com/mdmparis/defense-finder-models/afb0e5a8b466be53586b13266f5d38d98c3ac268/Liste_hmm_system.md		yes
data/traits/genomics/panchino_gp28_system.yaml	traitmech:000294	3	DOI:10.1038/nmicrobiol.2016.251; https://raw.githubusercontent.com/mdmparis/defense-finder-models/afb0e5a8b466be53586b13266f5d38d98c3ac268/List_system_article.md; https://raw.githubusercontent.com/mdmparis/defense-finder-models/afb0e5a8b466be53586b13266f5d38d98c3ac268/Liste_hmm_system.md		yes
data/traits/genomics/panoptes_system.yaml	traitmech:000407	2	DOI:10.1038/s41586-025-09557-z; https://raw.githubusercontent.com/mdmparis/defense-finder-models/afb0e5a8b466be53586b13266f5d38d98c3ac268/List_system_article.md		yes
data/traits/genomics/paris_system.yaml	traitmech:000237	3	DOI:10.1016/j.chom.2022.02.018; DOI:10.1038/s41586-024-07772-8; DOI:10.1038/s41586-024-07874-3		yes
data/traits/genomics/pd_lambda_1_system.yaml	traitmech:000404	4	https://gitlab.pasteur.fr/mdm-lab/wiki/-/raw/ee7647d8/content/3.defense-systems/pd-lambda-1.md; DOI:10.1038/s41564-022-01219-4; https://raw.githubusercontent.com/mdmparis/defense-finder-models/afb0e5a8b466be53586b13266f5d38d98c3ac268/DefenseFinder_rules.tsv; https://raw.githubusercontent.com/mdmparis/defense-finder-models/afb0e5a8b466be53586b13266f5d38d98c3ac268/Liste_hmm_system.md		yes
data/traits/genomics/pd_lambda_2_system.yaml	traitmech:000378	5	https://gitlab.pasteur.fr/mdm-lab/wiki/-/raw/ee7647d8/content/3.defense-systems/pd-lambda-2.md; DOI:10.1038/s41564-022-01219-4; https://raw.githubusercontent.com/mdmparis/defense-finder-models/afb0e5a8b466be53586b13266f5d38d98c3ac268/List_system_article.md; https://raw.githubusercontent.com/mdmparis/defense-finder-models/afb0e5a8b466be53586b13266f5d38d98c3ac268/DefenseFinder_rules.tsv; https://raw.githubusercontent.com/mdmparis/defense-finder-models/afb0e5a8b466be53586b13266f5d38d98c3ac268/Liste_hmm_system.md		yes
data/traits/genomics/pd_lambda_3_system.yaml	traitmech:000382	5	https://gitlab.pasteur.fr/mdm-lab/wiki/-/raw/ee7647d8/content/3.defense-systems/pd-lambda-3.md; DOI:10.1038/s41564-022-01219-4; https://raw.githubusercontent.com/mdmparis/defense-finder-models/afb0e5a8b466be53586b13266f5d38d98c3ac268/List_system_article.md; https://raw.githubusercontent.com/mdmparis/defense-finder-models/afb0e5a8b466be53586b13266f5d38d98c3ac268/DefenseFinder_rules.tsv; https://raw.githubusercontent.com/mdmparis/defense-finder-models/afb0e5a8b466be53586b13266f5d38d98c3ac268/Liste_hmm_system.md		yes
data/traits/genomics/pd_lambda_4_system.yaml	traitmech:000384	5	https://gitlab.pasteur.fr/mdm-lab/wiki/-/raw/ee7647d8/content/3.defense-systems/pd-lambda-4.md; DOI:10.1038/s41564-022-01219-4; https://raw.githubusercontent.com/mdmparis/defense-finder-models/afb0e5a8b466be53586b13266f5d38d98c3ac268/List_system_article.md; https://raw.githubusercontent.com/mdmparis/defense-finder-models/afb0e5a8b466be53586b13266f5d38d98c3ac268/DefenseFinder_rules.tsv; https://raw.githubusercontent.com/mdmparis/defense-finder-models/afb0e5a8b466be53586b13266f5d38d98c3ac268/Liste_hmm_system.md		yes
data/traits/genomics/pd_lambda_5_system.yaml	traitmech:000385	5	https://gitlab.pasteur.fr/mdm-lab/wiki/-/raw/ee7647d8/content/3.defense-systems/pd-lambda-5.md; DOI:10.1038/s41564-022-01219-4; https://raw.githubusercontent.com/mdmparis/defense-finder-models/afb0e5a8b466be53586b13266f5d38d98c3ac268/List_system_article.md; https://raw.githubusercontent.com/mdmparis/defense-finder-models/afb0e5a8b466be53586b13266f5d38d98c3ac268/DefenseFinder_rules.tsv; https://raw.githubusercontent.com/mdmparis/defense-finder-models/afb0e5a8b466be53586b13266f5d38d98c3ac268/Liste_hmm_system.md		yes
data/traits/genomics/pd_lambda_6_system.yaml	traitmech:000383	5	https://gitlab.pasteur.fr/mdm-lab/wiki/-/raw/ee7647d8/content/3.defense-systems/pd-lambda-6.md; DOI:10.1038/s41564-022-01219-4; https://raw.githubusercontent.com/mdmparis/defense-finder-models/afb0e5a8b466be53586b13266f5d38d98c3ac268/List_system_article.md; https://raw.githubusercontent.com/mdmparis/defense-finder-models/afb0e5a8b466be53586b13266f5d38d98c3ac268/DefenseFinder_rules.tsv; https://raw.githubusercontent.com/mdmparis/defense-finder-models/afb0e5a8b466be53586b13266f5d38d98c3ac268/Liste_hmm_system.md		yes
data/traits/genomics/pd_t2_1_system.yaml	traitmech:000476	3	DOI:10.1038/s41564-025-02239-6; https://pmc.ncbi.nlm.nih.gov/articles/PMC12875140/; https://raw.githubusercontent.com/mdmparis/defense-finder-models/afb0e5a8b466be53586b13266f5d38d98c3ac268/List_system_article.md		yes
data/traits/genomics/pd_t4_10_system.yaml	traitmech:000394	5	https://gitlab.pasteur.fr/mdm-lab/wiki/-/raw/ee7647d8/content/3.defense-systems/pd-t4-10.md; DOI:10.1038/s41564-022-01219-4; https://raw.githubusercontent.com/mdmparis/defense-finder-models/afb0e5a8b466be53586b13266f5d38d98c3ac268/List_system_article.md; https://raw.githubusercontent.com/mdmparis/defense-finder-models/afb0e5a8b466be53586b13266f5d38d98c3ac268/DefenseFinder_rules.tsv; https://raw.githubusercontent.com/mdmparis/defense-finder-models/afb0e5a8b466be53586b13266f5d38d98c3ac268/Liste_hmm_system.md		yes
data/traits/genomics/pd_t4_1_system.yaml	traitmech:000386	5	https://gitlab.pasteur.fr/mdm-lab/wiki/-/raw/ee7647d8/content/3.defense-systems/pd-t4-1.md; DOI:10.1038/s41564-022-01219-4; https://raw.githubusercontent.com/mdmparis/defense-finder-models/afb0e5a8b466be53586b13266f5d38d98c3ac268/List_system_article.md; https://raw.githubusercontent.com/mdmparis/defense-finder-models/afb0e5a8b466be53586b13266f5d38d98c3ac268/DefenseFinder_rules.tsv; https://raw.githubusercontent.com/mdmparis/defense-finder-models/afb0e5a8b466be53586b13266f5d38d98c3ac268/Liste_hmm_system.md		yes
data/traits/genomics/pd_t4_2_system.yaml	traitmech:000387	5	https://gitlab.pasteur.fr/mdm-lab/wiki/-/raw/ee7647d8/content/3.defense-systems/pd-t4-2.md; DOI:10.1038/s41564-022-01219-4; https://raw.githubusercontent.com/mdmparis/defense-finder-models/afb0e5a8b466be53586b13266f5d38d98c3ac268/List_system_article.md; https://raw.githubusercontent.com/mdmparis/defense-finder-models/afb0e5a8b466be53586b13266f5d38d98c3ac268/DefenseFinder_rules.tsv; https://raw.githubusercontent.com/mdmparis/defense-finder-models/afb0e5a8b466be53586b13266f5d38d98c3ac268/Liste_hmm_system.md		yes
data/traits/genomics/pd_t4_3_system.yaml	traitmech:000388	5	https://gitlab.pasteur.fr/mdm-lab/wiki/-/raw/ee7647d8/content/3.defense-systems/pd-t4-3.md; DOI:10.1038/s41564-022-01219-4; https://raw.githubusercontent.com/mdmparis/defense-finder-models/afb0e5a8b466be53586b13266f5d38d98c3ac268/List_system_article.md; https://raw.githubusercontent.com/mdmparis/defense-finder-models/afb0e5a8b466be53586b13266f5d38d98c3ac268/DefenseFinder_rules.tsv; https://raw.githubusercontent.com/mdmparis/defense-finder-models/afb0e5a8b466be53586b13266f5d38d98c3ac268/Liste_hmm_system.md		yes
data/traits/genomics/pd_t4_4_system.yaml	traitmech:000389	5	https://gitlab.pasteur.fr/mdm-lab/wiki/-/raw/ee7647d8/content/3.defense-systems/pd-t4-4.md; DOI:10.1038/s41564-022-01219-4; https://raw.githubusercontent.com/mdmparis/defense-finder-models/afb0e5a8b466be53586b13266f5d38d98c3ac268/List_system_article.md; https://raw.githubusercontent.com/mdmparis/defense-finder-models/afb0e5a8b466be53586b13266f5d38d98c3ac268/DefenseFinder_rules.tsv; https://raw.githubusercontent.com/mdmparis/defense-finder-models/afb0e5a8b466be53586b13266f5d38d98c3ac268/Liste_hmm_system.md		yes
data/traits/genomics/pd_t4_5_system.yaml	traitmech:000390	5	https://gitlab.pasteur.fr/mdm-lab/wiki/-/raw/ee7647d8/content/3.defense-systems/pd-t4-5.md; DOI:10.1038/s41564-022-01219-4; https://raw.githubusercontent.com/mdmparis/defense-finder-models/afb0e5a8b466be53586b13266f5d38d98c3ac268/List_system_article.md; https://raw.githubusercontent.com/mdmparis/defense-finder-models/afb0e5a8b466be53586b13266f5d38d98c3ac268/DefenseFinder_rules.tsv; https://raw.githubusercontent.com/mdmparis/defense-finder-models/afb0e5a8b466be53586b13266f5d38d98c3ac268/Liste_hmm_system.md		yes
data/traits/genomics/pd_t4_6_system.yaml	traitmech:000391	5	https://gitlab.pasteur.fr/mdm-lab/wiki/-/raw/ee7647d8/content/3.defense-systems/pd-t4-6.md; DOI:10.1038/s41564-022-01219-4; https://raw.githubusercontent.com/mdmparis/defense-finder-models/afb0e5a8b466be53586b13266f5d38d98c3ac268/List_system_article.md; https://raw.githubusercontent.com/mdmparis/defense-finder-models/afb0e5a8b466be53586b13266f5d38d98c3ac268/DefenseFinder_rules.tsv; https://raw.githubusercontent.com/mdmparis/defense-finder-models/afb0e5a8b466be53586b13266f5d38d98c3ac268/Liste_hmm_system.md		yes
data/traits/genomics/pd_t4_7_system.yaml	traitmech:000392	5	https://gitlab.pasteur.fr/mdm-lab/wiki/-/raw/ee7647d8/content/3.defense-systems/pd-t4-7.md; DOI:10.1038/s41564-022-01219-4; https://raw.githubusercontent.com/mdmparis/defense-finder-models/afb0e5a8b466be53586b13266f5d38d98c3ac268/List_system_article.md; https://raw.githubusercontent.com/mdmparis/defense-finder-models/afb0e5a8b466be53586b13266f5d38d98c3ac268/DefenseFinder_rules.tsv; https://raw.githubusercontent.com/mdmparis/defense-finder-models/afb0e5a8b466be53586b13266f5d38d98c3ac268/Liste_hmm_system.md		yes
data/traits/genomics/pd_t4_8_system.yaml	traitmech:000393	5	https://gitlab.pasteur.fr/mdm-lab/wiki/-/raw/ee7647d8/content/3.defense-systems/pd-t4-8.md; DOI:10.1038/s41564-022-01219-4; https://raw.githubusercontent.com/mdmparis/defense-finder-models/afb0e5a8b466be53586b13266f5d38d98c3ac268/List_system_article.md; https://raw.githubusercontent.com/mdmparis/defense-finder-models/afb0e5a8b466be53586b13266f5d38d98c3ac268/DefenseFinder_rules.tsv; https://raw.githubusercontent.com/mdmparis/defense-finder-models/afb0e5a8b466be53586b13266f5d38d98c3ac268/Liste_hmm_system.md		yes
data/traits/genomics/pd_t7_1_system.yaml	traitmech:000395	5	https://gitlab.pasteur.fr/mdm-lab/wiki/-/raw/ee7647d8/content/3.defense-systems/pd-t7-1.md; DOI:10.1038/s41564-022-01219-4; https://raw.githubusercontent.com/mdmparis/defense-finder-models/afb0e5a8b466be53586b13266f5d38d98c3ac268/List_system_article.md; https://raw.githubusercontent.com/mdmparis/defense-finder-models/afb0e5a8b466be53586b13266f5d38d98c3ac268/DefenseFinder_rules.tsv; https://raw.githubusercontent.com/mdmparis/defense-finder-models/afb0e5a8b466be53586b13266f5d38d98c3ac268/Liste_hmm_system.md		yes
data/traits/genomics/pd_t7_2_system.yaml	traitmech:000396	5	https://gitlab.pasteur.fr/mdm-lab/wiki/-/raw/ee7647d8/content/3.defense-systems/pd-t7-2.md; DOI:10.1038/s41564-022-01219-4; https://raw.githubusercontent.com/mdmparis/defense-finder-models/afb0e5a8b466be53586b13266f5d38d98c3ac268/List_system_article.md; https://raw.githubusercontent.com/mdmparis/defense-finder-models/afb0e5a8b466be53586b13266f5d38d98c3ac268/DefenseFinder_rules.tsv; https://raw.githubusercontent.com/mdmparis/defense-finder-models/afb0e5a8b466be53586b13266f5d38d98c3ac268/Liste_hmm_system.md		yes
data/traits/genomics/pd_t7_3_system.yaml	traitmech:000405	4	https://gitlab.pasteur.fr/mdm-lab/wiki/-/raw/ee7647d8/content/3.defense-systems/pd-t7-3.md; DOI:10.1038/s41564-022-01219-4; https://raw.githubusercontent.com/mdmparis/defense-finder-models/afb0e5a8b466be53586b13266f5d38d98c3ac268/DefenseFinder_rules.tsv; https://raw.githubusercontent.com/mdmparis/defense-finder-models/afb0e5a8b466be53586b13266f5d38d98c3ac268/Liste_hmm_system.md		yes
data/traits/genomics/pd_t7_4_system.yaml	traitmech:000406	4	https://gitlab.pasteur.fr/mdm-lab/wiki/-/raw/ee7647d8/content/3.defense-systems/pd-t7-4.md; DOI:10.1038/s41564-022-01219-4; https://raw.githubusercontent.com/mdmparis/defense-finder-models/afb0e5a8b466be53586b13266f5d38d98c3ac268/DefenseFinder_rules.tsv; https://raw.githubusercontent.com/mdmparis/defense-finder-models/afb0e5a8b466be53586b13266f5d38d98c3ac268/Liste_hmm_system.md		yes
data/traits/genomics/pd_t7_5_system.yaml	traitmech:000397	5	https://gitlab.pasteur.fr/mdm-lab/wiki/-/raw/ee7647d8/content/3.defense-systems/pd-t7-5.md; DOI:10.1038/s41564-022-01219-4; https://raw.githubusercontent.com/mdmparis/defense-finder-models/afb0e5a8b466be53586b13266f5d38d98c3ac268/List_system_article.md; https://raw.githubusercontent.com/mdmparis/defense-finder-models/afb0e5a8b466be53586b13266f5d38d98c3ac268/DefenseFinder_rules.tsv; https://raw.githubusercontent.com/mdmparis/defense-finder-models/afb0e5a8b466be53586b13266f5d38d98c3ac268/Liste_hmm_system.md		yes
data/traits/genomics/pfiat_system.yaml	traitmech:000365	5	DOI:10.1111/1751-7915.13570; PMID:32246813; https://raw.githubusercontent.com/mdmparis/defense-finder-models/afb0e5a8b466be53586b13266f5d38d98c3ac268/List_system_article.md; https://raw.githubusercontent.com/mdmparis/defense-finder-models/afb0e5a8b466be53586b13266f5d38d98c3ac268/DefenseFinder_rules.tsv; https://raw.githubusercontent.com/mdmparis/defense-finder-models/afb0e5a8b466be53586b13266f5d38d98c3ac268/Liste_hmm_system.md		yes
data/traits/genomics/phage_defense_system.yaml	traitmech:000209	3	DOI:10.1038/s41579-019-0278-2; DOI:10.1038/s41586-019-1894-8; DOI:10.1126/science.aar4120		yes
data/traits/genomics/phosphorothioate_defense_system.yaml	traitmech:000213	3	DOI:10.1038/s41564-020-0700-6; DOI:10.1128/mbio.00933-23; DOI:10.1038/s41467-019-09390-9		yes
data/traits/genomics/phrann_gp29_gp30_system.yaml	traitmech:000296	4	DOI:10.1038/nmicrobiol.2016.251; https://raw.githubusercontent.com/mdmparis/defense-finder-models/afb0e5a8b466be53586b13266f5d38d98c3ac268/List_system_article.md; https://raw.githubusercontent.com/mdmparis/defense-finder-models/afb0e5a8b466be53586b13266f5d38d98c3ac268/Liste_hmm_system.md; https://raw.githubusercontent.com/mdmparis/defense-finder-models/afb0e5a8b466be53586b13266f5d38d98c3ac268/DefenseFinder_rules.tsv		yes
data/traits/genomics/pif_system.yaml	traitmech:000323	5	DOI:10.1007/BF00327934; PMID:6096670; https://raw.githubusercontent.com/mdmparis/defense-finder-models/afb0e5a8b466be53586b13266f5d38d98c3ac268/List_system_article.md; https://raw.githubusercontent.com/mdmparis/defense-finder-models/afb0e5a8b466be53586b13266f5d38d98c3ac268/DefenseFinder_rules.tsv; https://raw.githubusercontent.com/mdmparis/defense-finder-models/afb0e5a8b466be53586b13266f5d38d98c3ac268/Liste_hmm_system.md		yes
data/traits/genomics/prithvi_system.yaml	traitmech:000290	3	DOI:10.1101/2025.01.08.631966; https://raw.githubusercontent.com/mdmparis/defense-finder-models/afb0e5a8b466be53586b13266f5d38d98c3ac268/List_system_article.md; https://raw.githubusercontent.com/mdmparis/defense-finder-models/afb0e5a8b466be53586b13266f5d38d98c3ac268/Liste_hmm_system.md		yes
data/traits/genomics/prometheus_system.yaml	traitmech:000291	3	DOI:10.1016/j.chom.2024.07.007; https://raw.githubusercontent.com/mdmparis/defense-finder-models/afb0e5a8b466be53586b13266f5d38d98c3ac268/List_system_article.md; https://raw.githubusercontent.com/mdmparis/defense-finder-models/afb0e5a8b466be53586b13266f5d38d98c3ac268/Liste_hmm_system.md		yes
data/traits/genomics/prrc_system.yaml	traitmech:000364	6	DOI:10.1186/1743-422X-7-360; PMID:21129205; PMID:16790566; https://raw.githubusercontent.com/mdmparis/defense-finder-models/afb0e5a8b466be53586b13266f5d38d98c3ac268/List_system_article.md; https://raw.githubusercontent.com/mdmparis/defense-finder-models/afb0e5a8b466be53586b13266f5d38d98c3ac268/DefenseFinder_rules.tsv; https://raw.githubusercontent.com/mdmparis/defense-finder-models/afb0e5a8b466be53586b13266f5d38d98c3ac268/Liste_hmm_system.md		yes
data/traits/genomics/psyrta_system.yaml	traitmech:000257	5	DOI:10.1016/j.chom.2022.09.017; DOI:10.1101/2022.05.11.491447; https://raw.githubusercontent.com/mdmparis/defense-finder-models/afb0e5a8b466be53586b13266f5d38d98c3ac268/List_system_article.md; https://raw.githubusercontent.com/mdmparis/defense-finder-models/afb0e5a8b466be53586b13266f5d38d98c3ac268/DefenseFinder_rules.tsv; https://raw.githubusercontent.com/mdmparis/defense-finder-models/afb0e5a8b466be53586b13266f5d38d98c3ac268/Liste_hmm_system.md		yes
data/traits/genomics/pvurts1i_system.yaml	traitmech:000511	3	DOI:10.1093/nar/gkr607; DOI:10.1093/nar/gkt747; https://raw.githubusercontent.com/mdmparis/defense-finder-models/afb0e5a8b466be53586b13266f5d38d98c3ac268/List_system_article.md		yes
data/traits/genomics/pycsar_system.yaml	traitmech:000236	2	DOI:10.1016/j.cell.2021.09.031; DOI:10.1038/s41467-024-49861-2		yes
data/traits/genomics/radar_system.yaml	traitmech:000238	2	DOI:10.1016/j.cell.2023.01.012; DOI:10.1016/j.cell.2023.01.026		yes
data/traits/genomics/razr_system.yaml	traitmech:000411	2	DOI:10.1038/s41586-025-10060-8; https://raw.githubusercontent.com/mdmparis/defense-finder-models/afb0e5a8b466be53586b13266f5d38d98c3ac268/List_system_article.md		yes
data/traits/genomics/resolvase_duf5677_system.yaml	traitmech:000531	2	DOI:10.1038/s41564-026-02277-8; https://raw.githubusercontent.com/mdmparis/defense-finder-models/afb0e5a8b466be53586b13266f5d38d98c3ac268/List_system_article.md		yes
data/traits/genomics/resolvase_kap_ntpase_system.yaml	traitmech:000532	2	DOI:10.1038/s41564-026-02277-8; https://raw.githubusercontent.com/mdmparis/defense-finder-models/afb0e5a8b466be53586b13266f5d38d98c3ac268/List_system_article.md		yes
data/traits/genomics/resolvase_schlafen_system.yaml	traitmech:000529	2	DOI:10.1038/s41564-026-02277-8; https://raw.githubusercontent.com/mdmparis/defense-finder-models/afb0e5a8b466be53586b13266f5d38d98c3ac268/List_system_article.md		yes
data/traits/genomics/retron_system.yaml	traitmech:000235	2	DOI:10.1016/j.cell.2020.09.065; DOI:10.1038/s41586-022-05091-4		yes
data/traits/genomics/reve_system.yaml	traitmech:000499	2	DOI:10.1093/nar/gkag898; https://raw.githubusercontent.com/mdmparis/defense-finder-models/afb0e5a8b466be53586b13266f5d38d98c3ac268/List_system_article.md		yes
data/traits/genomics/rexab_system.yaml	traitmech:000324	4	DOI:10.1101/gad.6.3.497; https://raw.githubusercontent.com/mdmparis/defense-finder-models/afb0e5a8b466be53586b13266f5d38d98c3ac268/List_system_article.md; https://raw.githubusercontent.com/mdmparis/defense-finder-models/afb0e5a8b466be53586b13266f5d38d98c3ac268/DefenseFinder_rules.tsv; https://raw.githubusercontent.com/mdmparis/defense-finder-models/afb0e5a8b466be53586b13266f5d38d98c3ac268/Liste_hmm_system.md		yes
data/traits/genomics/rhea_system.yaml	traitmech:000311	3	DOI:10.1093/nar/gkae671; DOI:10.1073/pnas.2426508122; https://raw.githubusercontent.com/mdmparis/defense-finder-models/afb0e5a8b466be53586b13266f5d38d98c3ac268/List_system_article.md		yes
data/traits/genomics/rloc_system.yaml	traitmech:000366	6	DOI:10.1111/j.1365-2958.2008.06387.x; PMID:18681940; PMID:26031711; https://raw.githubusercontent.com/mdmparis/defense-finder-models/afb0e5a8b466be53586b13266f5d38d98c3ac268/List_system_article.md; https://raw.githubusercontent.com/mdmparis/defense-finder-models/afb0e5a8b466be53586b13266f5d38d98c3ac268/DefenseFinder_rules.tsv; https://raw.githubusercontent.com/mdmparis/defense-finder-models/afb0e5a8b466be53586b13266f5d38d98c3ac268/Liste_hmm_system.md		yes
data/traits/genomics/rnlab_system.yaml	traitmech:000367	6	DOI:10.1534/genetics.110.121798; PMID:20980243; PMID:22403819; https://raw.githubusercontent.com/mdmparis/defense-finder-models/afb0e5a8b466be53586b13266f5d38d98c3ac268/List_system_article.md; https://raw.githubusercontent.com/mdmparis/defense-finder-models/afb0e5a8b466be53586b13266f5d38d98c3ac268/DefenseFinder_rules.tsv; https://raw.githubusercontent.com/mdmparis/defense-finder-models/afb0e5a8b466be53586b13266f5d38d98c3ac268/Liste_hmm_system.md		yes
data/traits/genomics/rosmerta_system.yaml	traitmech:000256	4	DOI:10.1016/j.chom.2022.09.017; https://raw.githubusercontent.com/mdmparis/defense-finder-models/afb0e5a8b466be53586b13266f5d38d98c3ac268/List_system_article.md; https://raw.githubusercontent.com/mdmparis/defense-finder-models/afb0e5a8b466be53586b13266f5d38d98c3ac268/DefenseFinder_rules.tsv; https://raw.githubusercontent.com/mdmparis/defense-finder-models/afb0e5a8b466be53586b13266f5d38d98c3ac268/Liste_hmm_system.md		yes
data/traits/genomics/rst_2tm_1tm_tir_system.yaml	traitmech:000400	5	https://gitlab.pasteur.fr/mdm-lab/wiki/-/raw/ee7647d8/content/3.defense-systems/rst_2tm_1tm_tir.md; DOI:10.1016/j.chom.2022.02.018; https://raw.githubusercontent.com/mdmparis/defense-finder-models/afb0e5a8b466be53586b13266f5d38d98c3ac268/List_system_article.md; https://raw.githubusercontent.com/mdmparis/defense-finder-models/afb0e5a8b466be53586b13266f5d38d98c3ac268/DefenseFinder_rules.tsv; https://raw.githubusercontent.com/mdmparis/defense-finder-models/afb0e5a8b466be53586b13266f5d38d98c3ac268/Liste_hmm_system.md		yes
data/traits/genomics/rst_3hp_system.yaml	traitmech:000398	5	DOI:10.1016/j.chom.2022.02.018; https://gitlab.pasteur.fr/mdm-lab/wiki/-/raw/ee7647d8/content/3.defense-systems/rst_3hp.md; https://raw.githubusercontent.com/mdmparis/defense-finder-models/afb0e5a8b466be53586b13266f5d38d98c3ac268/List_system_article.md; https://raw.githubusercontent.com/mdmparis/defense-finder-models/afb0e5a8b466be53586b13266f5d38d98c3ac268/DefenseFinder_rules.tsv; https://raw.githubusercontent.com/mdmparis/defense-finder-models/afb0e5a8b466be53586b13266f5d38d98c3ac268/Liste_hmm_system.md		yes
data/traits/genomics/rst_duf4238_system.yaml	traitmech:000374	5	DOI:10.1016/j.chom.2022.02.018; https://gitlab.pasteur.fr/mdm-lab/wiki/-/raw/ee7647d8/content/3.defense-systems/rst_duf4238.md; https://raw.githubusercontent.com/mdmparis/defense-finder-models/afb0e5a8b466be53586b13266f5d38d98c3ac268/List_system_article.md; https://raw.githubusercontent.com/mdmparis/defense-finder-models/afb0e5a8b466be53586b13266f5d38d98c3ac268/DefenseFinder_rules.tsv; https://raw.githubusercontent.com/mdmparis/defense-finder-models/afb0e5a8b466be53586b13266f5d38d98c3ac268/Liste_hmm_system.md		yes
data/traits/genomics/rst_gop_beta_cll_system.yaml	traitmech:000376	4	DOI:10.1016/j.chom.2022.02.018; https://raw.githubusercontent.com/mdmparis/defense-finder-models/afb0e5a8b466be53586b13266f5d38d98c3ac268/List_system_article.md; https://raw.githubusercontent.com/mdmparis/defense-finder-models/afb0e5a8b466be53586b13266f5d38d98c3ac268/DefenseFinder_rules.tsv; https://raw.githubusercontent.com/mdmparis/defense-finder-models/afb0e5a8b466be53586b13266f5d38d98c3ac268/Liste_hmm_system.md		yes
data/traits/genomics/rst_helicaseduf2290_system.yaml	traitmech:000401	5	https://gitlab.pasteur.fr/mdm-lab/wiki/-/raw/223cf269/content/3.defense-systems/rst_helicaseduf2290.md; DOI:10.1016/j.chom.2022.02.018; https://raw.githubusercontent.com/mdmparis/defense-finder-models/afb0e5a8b466be53586b13266f5d38d98c3ac268/List_system_article.md; https://raw.githubusercontent.com/mdmparis/defense-finder-models/afb0e5a8b466be53586b13266f5d38d98c3ac268/DefenseFinder_rules.tsv; https://raw.githubusercontent.com/mdmparis/defense-finder-models/afb0e5a8b466be53586b13266f5d38d98c3ac268/Liste_hmm_system.md		yes
data/traits/genomics/rst_hydrolase_3tm_system.yaml	traitmech:000402	5	https://gitlab.pasteur.fr/mdm-lab/wiki/-/raw/223cf269/content/3.defense-systems/rst_hydrolase-3tm.md; DOI:10.1016/j.chom.2022.02.018; https://raw.githubusercontent.com/mdmparis/defense-finder-models/afb0e5a8b466be53586b13266f5d38d98c3ac268/List_system_article.md; https://raw.githubusercontent.com/mdmparis/defense-finder-models/afb0e5a8b466be53586b13266f5d38d98c3ac268/DefenseFinder_rules.tsv; https://raw.githubusercontent.com/mdmparis/defense-finder-models/afb0e5a8b466be53586b13266f5d38d98c3ac268/Liste_hmm_system.md		yes
data/traits/genomics/rst_rt_nitrilase_tm_system.yaml	traitmech:000403	5	https://gitlab.pasteur.fr/mdm-lab/wiki/-/raw/ee7647d8/content/3.defense-systems/rst_rt-nitrilase-tm.md; DOI:10.1016/j.chom.2022.02.018; https://raw.githubusercontent.com/mdmparis/defense-finder-models/afb0e5a8b466be53586b13266f5d38d98c3ac268/List_system_article.md; https://raw.githubusercontent.com/mdmparis/defense-finder-models/afb0e5a8b466be53586b13266f5d38d98c3ac268/DefenseFinder_rules.tsv; https://raw.githubusercontent.com/mdmparis/defense-finder-models/afb0e5a8b466be53586b13266f5d38d98c3ac268/Liste_hmm_system.md		yes
data/traits/genomics/rst_tir_nlr_system.yaml	traitmech:000377	4	DOI:10.1016/j.chom.2022.02.018; https://raw.githubusercontent.com/mdmparis/defense-finder-models/afb0e5a8b466be53586b13266f5d38d98c3ac268/List_system_article.md; https://raw.githubusercontent.com/mdmparis/defense-finder-models/afb0e5a8b466be53586b13266f5d38d98c3ac268/DefenseFinder_rules.tsv; https://raw.githubusercontent.com/mdmparis/defense-finder-models/afb0e5a8b466be53586b13266f5d38d98c3ac268/Liste_hmm_system.md		yes
data/traits/genomics/rugutis_system.yaml	traitmech:000315	3	DOI:10.1093/nar/gkae671; DOI:10.1073/pnas.2426508122; https://raw.githubusercontent.com/mdmparis/defense-finder-models/afb0e5a8b466be53586b13266f5d38d98c3ac268/List_system_article.md		yes
data/traits/genomics/sanata_system.yaml	traitmech:000373	5	DOI:10.1016/j.molcel.2013.02.002; PMID:23478446; https://raw.githubusercontent.com/mdmparis/defense-finder-models/afb0e5a8b466be53586b13266f5d38d98c3ac268/List_system_article.md; https://raw.githubusercontent.com/mdmparis/defense-finder-models/afb0e5a8b466be53586b13266f5d38d98c3ac268/DefenseFinder_rules.tsv; https://raw.githubusercontent.com/mdmparis/defense-finder-models/afb0e5a8b466be53586b13266f5d38d98c3ac268/Liste_hmm_system.md		yes
data/traits/genomics/scomcra_system.yaml	traitmech:000512	4	DOI:10.1038/s41467-018-07093-1; DOI:10.1371/journal.pgen.1001253; DOI:10.1093/nar/gkt747; https://raw.githubusercontent.com/mdmparis/defense-finder-models/afb0e5a8b466be53586b13266f5d38d98c3ac268/List_system_article.md		yes
data/traits/genomics/sdic1_system.yaml	traitmech:000420	3	DOI:10.1016/j.celrep.2024.115055; https://raw.githubusercontent.com/mdmparis/defense-finder-models/afb0e5a8b466be53586b13266f5d38d98c3ac268/List_system_article.md; https://raw.githubusercontent.com/mdmparis/defense-finder-models/afb0e5a8b466be53586b13266f5d38d98c3ac268/Liste_hmm_system.md		yes
data/traits/genomics/sdic3_system.yaml	traitmech:000423	3	DOI:10.1016/j.celrep.2024.115055; https://raw.githubusercontent.com/mdmparis/defense-finder-models/afb0e5a8b466be53586b13266f5d38d98c3ac268/List_system_article.md; https://raw.githubusercontent.com/mdmparis/defense-finder-models/afb0e5a8b466be53586b13266f5d38d98c3ac268/Liste_hmm_system.md		yes
data/traits/genomics/sdic4_system.yaml	traitmech:000421	3	DOI:10.1016/j.celrep.2024.115055; https://raw.githubusercontent.com/mdmparis/defense-finder-models/afb0e5a8b466be53586b13266f5d38d98c3ac268/List_system_article.md; https://raw.githubusercontent.com/mdmparis/defense-finder-models/afb0e5a8b466be53586b13266f5d38d98c3ac268/Liste_hmm_system.md		yes
data/traits/genomics/sefir_system.yaml	traitmech:000259	5	DOI:10.1016/j.chom.2022.09.017; DOI:10.1101/2022.05.11.491447; https://raw.githubusercontent.com/mdmparis/defense-finder-models/afb0e5a8b466be53586b13266f5d38d98c3ac268/List_system_article.md; https://raw.githubusercontent.com/mdmparis/defense-finder-models/afb0e5a8b466be53586b13266f5d38d98c3ac268/DefenseFinder_rules.tsv; https://raw.githubusercontent.com/mdmparis/defense-finder-models/afb0e5a8b466be53586b13266f5d38d98c3ac268/Liste_hmm_system.md		yes
data/traits/genomics/septu_system.yaml	traitmech:000233	3	DOI:10.1038/s41594-023-01172-8; DOI:10.1126/science.aar4120; DOI:10.1126/science.adv3344		yes
data/traits/genomics/shango_system.yaml	traitmech:000255	5	DOI:10.1016/j.chom.2022.09.017; DOI:10.1101/2022.05.11.491447; https://raw.githubusercontent.com/mdmparis/defense-finder-models/afb0e5a8b466be53586b13266f5d38d98c3ac268/List_system_article.md; https://raw.githubusercontent.com/mdmparis/defense-finder-models/afb0e5a8b466be53586b13266f5d38d98c3ac268/DefenseFinder_rules.tsv; https://raw.githubusercontent.com/mdmparis/defense-finder-models/afb0e5a8b466be53586b13266f5d38d98c3ac268/Liste_hmm_system.md		yes
data/traits/genomics/shedu_system.yaml	traitmech:000220	2	DOI:10.1016/j.cell.2024.11.030; DOI:10.1016/j.molcel.2024.12.004		yes
data/traits/genomics/short_lamassu_system.yaml	traitmech:000570	2	DOI:10.1073/pnas.2519643122; https://data.rcsb.org/rest/v1/core/polymer_entity/9NY5/3		yes
data/traits/genomics/shosta_system.yaml	traitmech:000258	5	DOI:10.1016/j.chom.2022.09.017; DOI:10.1101/2022.05.11.491447; https://raw.githubusercontent.com/mdmparis/defense-finder-models/afb0e5a8b466be53586b13266f5d38d98c3ac268/List_system_article.md; https://raw.githubusercontent.com/mdmparis/defense-finder-models/afb0e5a8b466be53586b13266f5d38d98c3ac268/DefenseFinder_rules.tsv; https://raw.githubusercontent.com/mdmparis/defense-finder-models/afb0e5a8b466be53586b13266f5d38d98c3ac268/Liste_hmm_system.md		yes
data/traits/genomics/sirona_system.yaml	traitmech:000264	3	DOI:10.1126/science.ads0768; https://raw.githubusercontent.com/mdmparis/defense-finder-models/afb0e5a8b466be53586b13266f5d38d98c3ac268/List_system_article.md; https://raw.githubusercontent.com/mdmparis/defense-finder-models/afb0e5a8b466be53586b13266f5d38d98c3ac268/Liste_hmm_system.md		yes
data/traits/genomics/six_a_mbl_system.yaml	traitmech:000314	4	DOI:10.1016/j.chom.2024.07.007; https://zenodo.org/records/11209165; https://raw.githubusercontent.com/mdmparis/defense-finder-models/afb0e5a8b466be53586b13266f5d38d98c3ac268/List_system_article.md; https://raw.githubusercontent.com/mdmparis/defense-finder-models/afb0e5a8b466be53586b13266f5d38d98c3ac268/Liste_hmm_system.md		yes
data/traits/genomics/snipe_system.yaml	traitmech:000414	2	DOI:10.1038/s41586-026-10207-1; https://raw.githubusercontent.com/mdmparis/defense-finder-models/afb0e5a8b466be53586b13266f5d38d98c3ac268/List_system_article.md		yes
data/traits/genomics/sofic_system.yaml	traitmech:000260	5	DOI:10.1016/j.chom.2022.09.017; DOI:10.1101/2022.05.11.491447; https://raw.githubusercontent.com/mdmparis/defense-finder-models/afb0e5a8b466be53586b13266f5d38d98c3ac268/List_system_article.md; https://raw.githubusercontent.com/mdmparis/defense-finder-models/afb0e5a8b466be53586b13266f5d38d98c3ac268/DefenseFinder_rules.tsv; https://raw.githubusercontent.com/mdmparis/defense-finder-models/afb0e5a8b466be53586b13266f5d38d98c3ac268/Liste_hmm_system.md		yes
data/traits/genomics/sparta_system.yaml	traitmech:000240	2	DOI:10.1016/j.cell.2022.03.012; DOI:10.1038/s41467-024-49271-4		yes
data/traits/genomics/spbk_system.yaml	traitmech:000325	4	DOI:10.1371/journal.pgen.1010065; https://raw.githubusercontent.com/mdmparis/defense-finder-models/afb0e5a8b466be53586b13266f5d38d98c3ac268/List_system_article.md; https://raw.githubusercontent.com/mdmparis/defense-finder-models/afb0e5a8b466be53586b13266f5d38d98c3ac268/DefenseFinder_rules.tsv; https://raw.githubusercontent.com/mdmparis/defense-finder-models/afb0e5a8b466be53586b13266f5d38d98c3ac268/Liste_hmm_system.md		yes
data/traits/genomics/sspabcd_sspe_system.yaml	traitmech:000222	3	DOI:10.1038/s41564-020-0700-6; DOI:10.1038/s41467-022-34505-0; DOI:10.1128/mbio.00933-23		yes
data/traits/genomics/sspabcd_sspfgh_system.yaml	traitmech:000223	3	DOI:10.1128/mbio.00613-21; DOI:10.1038/s41564-020-0700-6; DOI:10.3390/ijms252413316		yes
data/traits/genomics/stk2_system.yaml	traitmech:000303	4	DOI:10.1016/j.chom.2016.08.010; https://raw.githubusercontent.com/mdmparis/defense-finder-models/afb0e5a8b466be53586b13266f5d38d98c3ac268/List_system_article.md; https://raw.githubusercontent.com/mdmparis/defense-finder-models/afb0e5a8b466be53586b13266f5d38d98c3ac268/DefenseFinder_rules.tsv; https://raw.githubusercontent.com/mdmparis/defense-finder-models/afb0e5a8b466be53586b13266f5d38d98c3ac268/Liste_hmm_system.md		yes
data/traits/genomics/sucellos_system.yaml	traitmech:000266	3	DOI:10.1126/science.ads0768; https://raw.githubusercontent.com/mdmparis/defense-finder-models/afb0e5a8b466be53586b13266f5d38d98c3ac268/List_system_article.md; https://raw.githubusercontent.com/mdmparis/defense-finder-models/afb0e5a8b466be53586b13266f5d38d98c3ac268/Liste_hmm_system.md		yes
data/traits/genomics/tab_system.yaml	traitmech:000413	2	DOI:10.1038/s41467-024-45892-x; https://raw.githubusercontent.com/mdmparis/defense-finder-models/afb0e5a8b466be53586b13266f5d38d98c3ac268/List_system_article.md		yes
data/traits/genomics/tagi_system.yaml	traitmech:000513	4	DOI:10.1093/nar/gky781; PMID:30202937; DOI:10.1093/nar/gkt747; https://raw.githubusercontent.com/mdmparis/defense-finder-models/afb0e5a8b466be53586b13266f5d38d98c3ac268/List_system_article.md		yes
data/traits/genomics/taranis_system.yaml	traitmech:000265	3	DOI:10.1126/science.ads0768; https://raw.githubusercontent.com/mdmparis/defense-finder-models/afb0e5a8b466be53586b13266f5d38d98c3ac268/List_system_article.md; https://raw.githubusercontent.com/mdmparis/defense-finder-models/afb0e5a8b466be53586b13266f5d38d98c3ac268/Liste_hmm_system.md		yes
data/traits/genomics/tgvab_system.yaml	traitmech:000412	4	DOI:10.1128/jb.00145-24; DOI:10.1128/jb.00143-24; https://raw.githubusercontent.com/mdmparis/defense-finder-models/afb0e5a8b466be53586b13266f5d38d98c3ac268/List_system_article.md; https://raw.githubusercontent.com/mdmparis/defense-finder-models/afb0e5a8b466be53586b13266f5d38d98c3ac268/Liste_hmm_system.md		yes
data/traits/genomics/tha_system.yaml	traitmech:000497	3	DOI:10.1038/s41564-024-01661-6; https://raw.githubusercontent.com/mdmparis/defense-finder-models/afb0e5a8b466be53586b13266f5d38d98c3ac268/List_system_article.md; https://raw.githubusercontent.com/mdmparis/defense-finder-models/afb0e5a8b466be53586b13266f5d38d98c3ac268/Liste_hmm_system.md		yes
data/traits/genomics/thoeris_system.yaml	traitmech:000216	2	DOI:10.1038/s41586-021-04098-7; DOI:10.1038/s41467-020-16703-w		yes
data/traits/genomics/tiamat_system.yaml	traitmech:000261	5	DOI:10.1016/j.chom.2022.09.017; DOI:10.1101/2022.05.11.491447; https://raw.githubusercontent.com/mdmparis/defense-finder-models/afb0e5a8b466be53586b13266f5d38d98c3ac268/List_system_article.md; https://raw.githubusercontent.com/mdmparis/defense-finder-models/afb0e5a8b466be53586b13266f5d38d98c3ac268/DefenseFinder_rules.tsv; https://raw.githubusercontent.com/mdmparis/defense-finder-models/afb0e5a8b466be53586b13266f5d38d98c3ac268/Liste_hmm_system.md		yes
data/traits/genomics/tir_i_system.yaml	traitmech:000480	3	DOI:10.1038/s41467-024-51738-3; https://raw.githubusercontent.com/mdmparis/defense-finder-models/afb0e5a8b466be53586b13266f5d38d98c3ac268/List_system_article.md; https://raw.githubusercontent.com/mdmparis/defense-finder-models/afb0e5a8b466be53586b13266f5d38d98c3ac268/Liste_hmm_system.md		yes
data/traits/genomics/tir_iii_system.yaml	traitmech:000481	3	DOI:10.1038/s41467-024-51738-3; https://raw.githubusercontent.com/mdmparis/defense-finder-models/afb0e5a8b466be53586b13266f5d38d98c3ac268/List_system_article.md; https://raw.githubusercontent.com/mdmparis/defense-finder-models/afb0e5a8b466be53586b13266f5d38d98c3ac268/Liste_hmm_system.md		yes
data/traits/genomics/tir_iv_system.yaml	traitmech:000482	3	DOI:10.1038/s41467-024-51738-3; https://raw.githubusercontent.com/mdmparis/defense-finder-models/afb0e5a8b466be53586b13266f5d38d98c3ac268/List_system_article.md; https://raw.githubusercontent.com/mdmparis/defense-finder-models/afb0e5a8b466be53586b13266f5d38d98c3ac268/Liste_hmm_system.md		yes
data/traits/genomics/tir_vii_system.yaml	traitmech:000483	3	DOI:10.1038/s41467-024-51738-3; https://raw.githubusercontent.com/mdmparis/defense-finder-models/afb0e5a8b466be53586b13266f5d38d98c3ac268/List_system_article.md; https://raw.githubusercontent.com/mdmparis/defense-finder-models/afb0e5a8b466be53586b13266f5d38d98c3ac268/Liste_hmm_system.md		yes
data/traits/genomics/tir_viii_system.yaml	traitmech:000484	3	DOI:10.1038/s41467-024-51738-3; https://raw.githubusercontent.com/mdmparis/defense-finder-models/afb0e5a8b466be53586b13266f5d38d98c3ac268/List_system_article.md; https://raw.githubusercontent.com/mdmparis/defense-finder-models/afb0e5a8b466be53586b13266f5d38d98c3ac268/Liste_hmm_system.md		yes
data/traits/genomics/toga_system.yaml	traitmech:000498	2	DOI:10.1093/nar/gkag898; https://raw.githubusercontent.com/mdmparis/defense-finder-models/afb0e5a8b466be53586b13266f5d38d98c3ac268/List_system_article.md		yes
data/traits/genomics/toutatis_system.yaml	traitmech:000267	3	DOI:10.1126/science.ads0768; https://raw.githubusercontent.com/mdmparis/defense-finder-models/afb0e5a8b466be53586b13266f5d38d98c3ac268/List_system_article.md; https://raw.githubusercontent.com/mdmparis/defense-finder-models/afb0e5a8b466be53586b13266f5d38d98c3ac268/Liste_hmm_system.md		yes
data/traits/genomics/toxin_system.yaml	traitmech:000226	2	DOI:10.1073/pnas.0808832106; DOI:10.1128/JB.00720-09		yes
data/traits/genomics/type_i_restriction_modification_system.yaml	traitmech:000494	4	DOI:10.1093/nar/gkt847; https://raw.githubusercontent.com/mdmparis/defense-finder-models/afb0e5a8b466be53586b13266f5d38d98c3ac268/List_system_article.md; https://raw.githubusercontent.com/mdmparis/defense-finder-models/afb0e5a8b466be53586b13266f5d38d98c3ac268/DefenseFinder_rules.tsv; https://raw.githubusercontent.com/mdmparis/defense-finder-models/afb0e5a8b466be53586b13266f5d38d98c3ac268/Liste_hmm_system.md		yes
data/traits/genomics/type_ii_restriction_modification_system.yaml	traitmech:000493	6	DOI:10.1093/nar/gkac1124; DOI:10.1093/nar/gku447; DOI:10.1038/srep03838; https://raw.githubusercontent.com/mdmparis/defense-finder-models/afb0e5a8b466be53586b13266f5d38d98c3ac268/List_system_article.md; https://raw.githubusercontent.com/mdmparis/defense-finder-models/afb0e5a8b466be53586b13266f5d38d98c3ac268/DefenseFinder_rules.tsv; https://raw.githubusercontent.com/mdmparis/defense-finder-models/afb0e5a8b466be53586b13266f5d38d98c3ac268/Liste_hmm_system.md		yes
data/traits/genomics/type_iig_restriction_modification_system.yaml	traitmech:000375	5	DOI:10.1093/nar/gkr543; DOI:10.1038/srep03838; https://raw.githubusercontent.com/mdmparis/defense-finder-models/afb0e5a8b466be53586b13266f5d38d98c3ac268/List_system_article.md; https://raw.githubusercontent.com/mdmparis/defense-finder-models/afb0e5a8b466be53586b13266f5d38d98c3ac268/DefenseFinder_rules.tsv; https://raw.githubusercontent.com/mdmparis/defense-finder-models/afb0e5a8b466be53586b13266f5d38d98c3ac268/Liste_hmm_system.md		yes
data/traits/genomics/type_iii_restriction_modification_system.yaml	traitmech:000495	4	DOI:10.1093/nar/gku122; https://raw.githubusercontent.com/mdmparis/defense-finder-models/afb0e5a8b466be53586b13266f5d38d98c3ac268/List_system_article.md; https://raw.githubusercontent.com/mdmparis/defense-finder-models/afb0e5a8b466be53586b13266f5d38d98c3ac268/DefenseFinder_rules.tsv; https://raw.githubusercontent.com/mdmparis/defense-finder-models/afb0e5a8b466be53586b13266f5d38d98c3ac268/Liste_hmm_system.md		yes
data/traits/genomics/type_iv_modification_dependent_restriction_system.yaml	traitmech:000496	5	DOI:10.1093/nar/gkt747; DOI:10.1016/j.jmb.2006.11.051; https://raw.githubusercontent.com/mdmparis/defense-finder-models/afb0e5a8b466be53586b13266f5d38d98c3ac268/List_system_article.md; https://raw.githubusercontent.com/mdmparis/defense-finder-models/afb0e5a8b466be53586b13266f5d38d98c3ac268/DefenseFinder_rules.tsv; https://raw.githubusercontent.com/mdmparis/defense-finder-models/afb0e5a8b466be53586b13266f5d38d98c3ac268/Liste_hmm_system.md		yes
data/traits/genomics/ukko_system.yaml	traitmech:000292	3	DOI:10.1101/2025.01.08.631966; https://raw.githubusercontent.com/mdmparis/defense-finder-models/afb0e5a8b466be53586b13266f5d38d98c3ac268/List_system_article.md; https://raw.githubusercontent.com/mdmparis/defense-finder-models/afb0e5a8b466be53586b13266f5d38d98c3ac268/Liste_hmm_system.md		yes
data/traits/genomics/uzume_system.yaml	traitmech:000262	5	DOI:10.1016/j.chom.2022.09.017; DOI:10.1101/2022.05.11.491447; https://raw.githubusercontent.com/mdmparis/defense-finder-models/afb0e5a8b466be53586b13266f5d38d98c3ac268/List_system_article.md; https://raw.githubusercontent.com/mdmparis/defense-finder-models/afb0e5a8b466be53586b13266f5d38d98c3ac268/DefenseFinder_rules.tsv; https://raw.githubusercontent.com/mdmparis/defense-finder-models/afb0e5a8b466be53586b13266f5d38d98c3ac268/Liste_hmm_system.md		yes
data/traits/genomics/vcam4i_system.yaml	traitmech:000514	3	DOI:10.1093/nar/gkaa1218; DOI:10.1093/nar/gkt747; https://raw.githubusercontent.com/mdmparis/defense-finder-models/afb0e5a8b466be53586b13266f5d38d98c3ac268/List_system_article.md		yes
data/traits/genomics/veles_system.yaml	traitmech:000289	3	DOI:10.1101/2025.01.08.631966; https://raw.githubusercontent.com/mdmparis/defense-finder-models/afb0e5a8b466be53586b13266f5d38d98c3ac268/List_system_article.md; https://raw.githubusercontent.com/mdmparis/defense-finder-models/afb0e5a8b466be53586b13266f5d38d98c3ac268/Liste_hmm_system.md		yes
data/traits/genomics/viperin_system.yaml	traitmech:000263	4	DOI:10.1038/s41586-020-2762-2; https://raw.githubusercontent.com/mdmparis/defense-finder-models/afb0e5a8b466be53586b13266f5d38d98c3ac268/List_system_article.md; https://raw.githubusercontent.com/mdmparis/defense-finder-models/afb0e5a8b466be53586b13266f5d38d98c3ac268/DefenseFinder_rules.tsv; https://raw.githubusercontent.com/mdmparis/defense-finder-models/afb0e5a8b466be53586b13266f5d38d98c3ac268/Liste_hmm_system.md		yes
data/traits/genomics/vp1796_system.yaml	traitmech:000486	5	DOI:10.1038/s41564-025-01927-7; https://media.springernature.com/original/springer-static/esm/art%3A10.1038%2Fs41564-025-01927-7/MediaObjects/41564_2025_1927_MOESM2_ESM.xlsx; https://media.springernature.com/original/springer-static/esm/art%3A10.1038%2Fs41564-025-01927-7/MediaObjects/41564_2025_1927_MOESM3_ESM.xlsx; https://raw.githubusercontent.com/mdmparis/defense-finder-models/afb0e5a8b466be53586b13266f5d38d98c3ac268/List_system_article.md; https://raw.githubusercontent.com/mdmparis/defense-finder-models/afb0e5a8b466be53586b13266f5d38d98c3ac268/Liste_hmm_system.md		yes
data/traits/genomics/vp1817_system.yaml	traitmech:000487	5	DOI:10.1038/s41564-025-01927-7; https://media.springernature.com/original/springer-static/esm/art%3A10.1038%2Fs41564-025-01927-7/MediaObjects/41564_2025_1927_MOESM2_ESM.xlsx; https://media.springernature.com/original/springer-static/esm/art%3A10.1038%2Fs41564-025-01927-7/MediaObjects/41564_2025_1927_MOESM3_ESM.xlsx; https://raw.githubusercontent.com/mdmparis/defense-finder-models/afb0e5a8b466be53586b13266f5d38d98c3ac268/List_system_article.md; https://raw.githubusercontent.com/mdmparis/defense-finder-models/afb0e5a8b466be53586b13266f5d38d98c3ac268/Liste_hmm_system.md		yes
data/traits/genomics/vp1823_system.yaml	traitmech:000485	5	DOI:10.1038/s41564-025-01927-7; https://media.springernature.com/original/springer-static/esm/art%3A10.1038%2Fs41564-025-01927-7/MediaObjects/41564_2025_1927_MOESM2_ESM.xlsx; https://media.springernature.com/original/springer-static/esm/art%3A10.1038%2Fs41564-025-01927-7/MediaObjects/41564_2025_1927_MOESM3_ESM.xlsx; https://raw.githubusercontent.com/mdmparis/defense-finder-models/afb0e5a8b466be53586b13266f5d38d98c3ac268/List_system_article.md; https://raw.githubusercontent.com/mdmparis/defense-finder-models/afb0e5a8b466be53586b13266f5d38d98c3ac268/Liste_hmm_system.md		yes
data/traits/genomics/vp1826_system.yaml	traitmech:000488	5	DOI:10.1038/s41564-025-01927-7; https://media.springernature.com/original/springer-static/esm/art%3A10.1038%2Fs41564-025-01927-7/MediaObjects/41564_2025_1927_MOESM2_ESM.xlsx; https://media.springernature.com/original/springer-static/esm/art%3A10.1038%2Fs41564-025-01927-7/MediaObjects/41564_2025_1927_MOESM3_ESM.xlsx; https://raw.githubusercontent.com/mdmparis/defense-finder-models/afb0e5a8b466be53586b13266f5d38d98c3ac268/List_system_article.md; https://raw.githubusercontent.com/mdmparis/defense-finder-models/afb0e5a8b466be53586b13266f5d38d98c3ac268/Liste_hmm_system.md		yes
data/traits/genomics/vp1839_system.yaml	traitmech:000489	5	DOI:10.1038/s41564-025-01927-7; https://media.springernature.com/original/springer-static/esm/art%3A10.1038%2Fs41564-025-01927-7/MediaObjects/41564_2025_1927_MOESM2_ESM.xlsx; https://media.springernature.com/original/springer-static/esm/art%3A10.1038%2Fs41564-025-01927-7/MediaObjects/41564_2025_1927_MOESM3_ESM.xlsx; https://raw.githubusercontent.com/mdmparis/defense-finder-models/afb0e5a8b466be53586b13266f5d38d98c3ac268/List_system_article.md; https://raw.githubusercontent.com/mdmparis/defense-finder-models/afb0e5a8b466be53586b13266f5d38d98c3ac268/Liste_hmm_system.md		yes
data/traits/genomics/vp1840_system.yaml	traitmech:000450	5	DOI:10.1038/s41564-025-01927-7; https://media.springernature.com/original/springer-static/esm/art%3A10.1038%2Fs41564-025-01927-7/MediaObjects/41564_2025_1927_MOESM2_ESM.xlsx; https://media.springernature.com/original/springer-static/esm/art%3A10.1038%2Fs41564-025-01927-7/MediaObjects/41564_2025_1927_MOESM3_ESM.xlsx; https://raw.githubusercontent.com/mdmparis/defense-finder-models/afb0e5a8b466be53586b13266f5d38d98c3ac268/List_system_article.md; https://raw.githubusercontent.com/mdmparis/defense-finder-models/afb0e5a8b466be53586b13266f5d38d98c3ac268/Liste_hmm_system.md		yes
data/traits/genomics/vp1848_system.yaml	traitmech:000490	5	DOI:10.1038/s41564-025-01927-7; https://media.springernature.com/original/springer-static/esm/art%3A10.1038%2Fs41564-025-01927-7/MediaObjects/41564_2025_1927_MOESM2_ESM.xlsx; https://media.springernature.com/original/springer-static/esm/art%3A10.1038%2Fs41564-025-01927-7/MediaObjects/41564_2025_1927_MOESM3_ESM.xlsx; https://raw.githubusercontent.com/mdmparis/defense-finder-models/afb0e5a8b466be53586b13266f5d38d98c3ac268/List_system_article.md; https://raw.githubusercontent.com/mdmparis/defense-finder-models/afb0e5a8b466be53586b13266f5d38d98c3ac268/Liste_hmm_system.md		yes
data/traits/genomics/vp1851_system.yaml	traitmech:000491	5	DOI:10.1038/s41564-025-01927-7; https://media.springernature.com/original/springer-static/esm/art%3A10.1038%2Fs41564-025-01927-7/MediaObjects/41564_2025_1927_MOESM2_ESM.xlsx; https://media.springernature.com/original/springer-static/esm/art%3A10.1038%2Fs41564-025-01927-7/MediaObjects/41564_2025_1927_MOESM3_ESM.xlsx; https://raw.githubusercontent.com/mdmparis/defense-finder-models/afb0e5a8b466be53586b13266f5d38d98c3ac268/List_system_article.md; https://raw.githubusercontent.com/mdmparis/defense-finder-models/afb0e5a8b466be53586b13266f5d38d98c3ac268/Liste_hmm_system.md		yes
data/traits/genomics/vp1853_system.yaml	traitmech:000492	5	DOI:10.1038/s41564-025-01927-7; https://media.springernature.com/original/springer-static/esm/art%3A10.1038%2Fs41564-025-01927-7/MediaObjects/41564_2025_1927_MOESM2_ESM.xlsx; https://media.springernature.com/original/springer-static/esm/art%3A10.1038%2Fs41564-025-01927-7/MediaObjects/41564_2025_1927_MOESM3_ESM.xlsx; https://raw.githubusercontent.com/mdmparis/defense-finder-models/afb0e5a8b466be53586b13266f5d38d98c3ac268/List_system_article.md; https://raw.githubusercontent.com/mdmparis/defense-finder-models/afb0e5a8b466be53586b13266f5d38d98c3ac268/Liste_hmm_system.md		yes
data/traits/genomics/wadjet_system.yaml	traitmech:000218	3	DOI:10.1016/j.molcel.2022.11.015; DOI:10.1016/j.molcel.2022.09.008; DOI:10.1093/nar/gkad130		yes
data/traits/genomics/zorya_system.yaml	traitmech:000217	2	DOI:10.1038/s41586-024-08493-8; DOI:10.1038/s41467-025-57397-2		yes
data/traits/genomics/zorya_type_i_system.yaml	traitmech:000554	5	DOI:10.1038/s41586-024-08493-8; DOI:10.1038/s41467-025-57397-2; https://raw.githubusercontent.com/mdmparis/defense-finder-models/afb0e5a8b466be53586b13266f5d38d98c3ac268/List_system_article.md; https://raw.githubusercontent.com/mdmparis/defense-finder-models/afb0e5a8b466be53586b13266f5d38d98c3ac268/Liste_hmm_system.md; https://raw.githubusercontent.com/mdmparis/defense-finder-models/afb0e5a8b466be53586b13266f5d38d98c3ac268/DefenseFinder_rules.tsv		yes
data/traits/genomics/zorya_type_ii_system.yaml	traitmech:000552	4	DOI:10.1038/s41467-025-57397-2; https://raw.githubusercontent.com/mdmparis/defense-finder-models/afb0e5a8b466be53586b13266f5d38d98c3ac268/List_system_article.md; https://raw.githubusercontent.com/mdmparis/defense-finder-models/afb0e5a8b466be53586b13266f5d38d98c3ac268/Liste_hmm_system.md; https://raw.githubusercontent.com/mdmparis/defense-finder-models/afb0e5a8b466be53586b13266f5d38d98c3ac268/DefenseFinder_rules.tsv		yes
data/traits/genomics/zorya_type_iii_system.yaml	traitmech:000576	4	DOI:10.1093/nar/gkab883; DOI:10.1038/s41467-025-57397-2; https://raw.githubusercontent.com/padlocbio/padloc-db/9e380165633a8d6aef93b5a164cea0f3359bd33f/sys/zorya_type_III.yaml; https://raw.githubusercontent.com/mdmparis/defense-finder-models/afb0e5a8b466be53586b13266f5d38d98c3ac268/definitions/DefenseFinder/Zorya/Zorya_TypeIII.xml		yes
data/traits/metabolism/acetoclastic_methanogenesis.yaml	traitmech:000191	2	DOI:10.1007/s00253-023-12700-3; DOI:10.3389/fmicb.2017.01198		yes
data/traits/metabolism/acetone_butanol_ethanol_fermentation.yaml	traitmech:000180	2	DOI:10.1073/pnas.1423143112; DOI:10.1002/bit.22003		yes
data/traits/metabolism/anaerobic_ammonium_oxidation.yaml	traitmech:000188	3	DOI:10.1038/22749; DOI:10.1128/AEM.65.7.3248-3250.1999; DOI:10.1038/nature10453		yes
data/traits/metabolism/aromatic_compound_degradation.yaml	traitmech:000130	2	DOI:10.1126/science.aaf4507; DOI:10.3390/ijerph6010278		yes
data/traits/metabolism/aromatic_hydrocarbon_degradation.yaml	traitmech:000129	2	DOI:10.1126/science.aaf4507; DOI:10.1007/BF00058836		yes
data/traits/metabolism/arsenate_respiration.yaml	traitmech:000195	3	DOI:10.1073/pnas.1834303100; DOI:10.1128/AEM.69.5.2800-2809.2003; DOI:10.1128/JB.01110-07		yes
data/traits/metabolism/arsenite_oxidation.yaml	traitmech:000189	3	DOI:10.3389/fmicb.2020.569282; DOI:10.1128/AEM.66.1.92-97.2000; DOI:10.1186/s12866-024-03676-9		yes
data/traits/metabolism/butanediol_fermentation.yaml	traitmech:000181	3	DOI:10.1186/s12934-023-02163-6; https://asm.org/getmedia/40946f85-9357-4563-aa8a-994427efa825/Methyl-Red-and-Voges-Proskauer-Test-Protocols.pdf; DOI:10.1007/s00253-014-5526-9		yes
data/traits/metabolism/butyric_acid_fermentation.yaml	traitmech:000179	3	DOI:10.1111/j.1574-6968.2009.01514.x; DOI:10.3389/fmicb.2021.703525; DOI:10.1111/1751-7915.12304		yes
data/traits/metabolism/chlorate_respiration.yaml	traitmech:000198	2	DOI:10.1128/AEM.69.9.5585-5592.2003; DOI:10.1128/AEM.07303-11		yes
data/traits/metabolism/citrate_fermentation.yaml	traitmech:000182	2	DOI:10.1128/JB.183.18.5248-5256.2001; DOI:10.1186/1471-2180-9-168		yes
data/traits/metabolism/complete_ammonia_oxidation.yaml	traitmech:000187	3	DOI:10.1038/nature16459; DOI:10.1038/nature16461; DOI:10.1128/aem.01698-23		yes
data/traits/metabolism/dark_hydrogen_oxidation.yaml	traitmech:000131	2	DOI:10.1126/science.aaf4507; DOI:10.3389/fmicb.2018.02873		yes
data/traits/metabolism/dark_oxidation_of_sulfur_compounds.yaml	traitmech:000132	2	DOI:10.1126/science.aaf4507; DOI:10.1111/1462-2920.14543		yes
data/traits/metabolism/dimethyl_sulfoxide_respiration.yaml	traitmech:000201	2	DOI:10.1073/pnas.0505959103; DOI:10.1111/1462-2920.15971		yes
data/traits/metabolism/fumarate_respiration.yaml	traitmech:000196	2	DOI:10.1128/mBio.03238-19; DOI:10.1128/JB.00389-22		yes
data/traits/metabolism/hydrocarbon_degradation.yaml	traitmech:000128	2	DOI:10.1126/science.aaf4507; DOI:10.1128/MR.54.3.305-315.1990		yes
data/traits/metabolism/hydrogenotrophic_methanogenesis.yaml	traitmech:000127	2	DOI:10.1126/science.aaf4507; DOI:10.1146/annurev-micro-011720-122807		yes
data/traits/metabolism/iodate_respiration.yaml	traitmech:000203	3	DOI:10.1128/AEM.00241-07; DOI:10.1038/s41396-021-01034-5; DOI:10.3389/fmicb.2021.804181		yes
data/traits/metabolism/lipolysis.yaml	traitmech:000190	2	DOI:10.1186/s12934-020-01428-8; DOI:10.1007/s00253-004-1568-8		yes
data/traits/metabolism/methanol_oxidation.yaml	traitmech:000133	2	DOI:10.1126/science.aaf4507; DOI:10.3389/fbioe.2021.787791		yes
data/traits/metabolism/methyl_based_methanogenesis.yaml	traitmech:000192	2	DOI:10.1128/mmbr.00024-22; DOI:10.3389/fmicb.2017.01198		yes
data/traits/metabolism/nitrate_reduction.yaml	traitmech:000134	2	DOI:10.1126/science.aaf4507; DOI:10.1128/JB.181.21.6573-6584.1999		yes
data/traits/metabolism/nitrate_respiration.yaml	traitmech:000122	2	DOI:10.1126/science.aaf4507; DOI:10.1126/science.1254070		yes
data/traits/metabolism/nitrite_respiration.yaml	traitmech:000123	2	DOI:10.1126/science.aaf4507; DOI:10.1074/jbc.M709090200		yes
data/traits/metabolism/nitrogen_respiration.yaml	traitmech:000121	2	DOI:10.1126/science.aaf4507; DOI:10.1128/mmbr.61.4.533-616.1997		yes
data/traits/metabolism/organohalide_respiration.yaml	traitmech:000204	2	DOI:10.1098/rstb.2012.0322; DOI:10.1126/science.276.5318.1568		yes
data/traits/metabolism/pectin_degradation.yaml	traitmech:000135	2	DOI:10.1128/MMBR.00038-07; DOI:10.1146/annurev.micro.50.1.213		yes
data/traits/metabolism/perchlorate_respiration.yaml	traitmech:000197	3	DOI:10.1038/nrmicro926; DOI:10.1186/s12864-015-2011-5; DOI:10.1128/AEM.05758-11		yes
data/traits/metabolism/photoferrotrophy.yaml	traitmech:000193	3	DOI:10.3389/fmicb.2014.00713; DOI:10.3389/fmicb.2017.00323; DOI:10.1128/JB.00776-06		yes
data/traits/metabolism/respiration_of_sulfur_compounds.yaml	traitmech:000124	2	DOI:10.1126/science.aaf4507; DOI:10.3389/fmicb.2023.1108245		yes
data/traits/metabolism/selenate_respiration.yaml	traitmech:000202	3	DOI:10.1128/aem.60.8.3011-3019.1994; DOI:10.1128/AEM.02737-06; DOI:10.1016/j.syapm.2005.12.011		yes
data/traits/metabolism/sulfur_respiration.yaml	traitmech:000125	2	DOI:10.1126/science.aaf4507; DOI:10.3389/fmicb.2023.1108245		yes
data/traits/metabolism/tetrathionate_respiration.yaml	traitmech:000200	2	DOI:10.1046/j.1365-2958.1999.01345.x; DOI:10.1128/JB.183.8.2463-2475.2001		yes
data/traits/metabolism/thiosulfate_respiration.yaml	traitmech:000126	2	DOI:10.1126/science.aaf4507; DOI:10.3389/fmicb.2023.1108245		yes
data/traits/metabolism/trimethylamine_n_oxide_respiration.yaml	traitmech:000199	2	DOI:10.1111/1462-2920.12726; DOI:10.3389/fmicb.2024.1467153		yes
data/traits/morphology/akinete.yaml	traitmech:000185	2	DOI:10.1159/000517443; DOI:10.3389/fmicb.2025.1677844		yes
data/traits/morphology/coenobium_formation.yaml	traitmech:000655	3	DOI:10.1098/rspb.2023.1882; DOI:10.1242/jcs.212233; DOI:10.1038/s41598-018-28627-z		yes
data/traits/morphology/ferrosome.yaml	traitmech:000527	2	DOI:10.1038/s41586-022-04741-x; DOI:10.1038/s41586-023-06719-9		yes
data/traits/morphology/fungal_appressorium_formation.yaml	traitmech:000659	4	DOI:10.3390/jof5030072; DOI:10.1371/journal.ppat.1002514; DOI:10.1186/1741-7007-6-9; DOI:10.1111/nph.13931		yes
data/traits/morphology/fungal_arbuscule_formation.yaml	traitmech:000664	2	DOI:10.3390/plants8060142; DOI:10.1104/pp.109.141879		yes
data/traits/morphology/fungal_branched_absorbing_structure_formation.yaml	traitmech:000665	2	DOI:10.1046/j.1469-8137.1998.00199.x; DOI:10.1093/pcp/pcz122		yes
data/traits/morphology/fungal_chlamydospore_formation.yaml	traitmech:000658	6	DOI:10.1038/s41467-020-20010-9; DOI:10.1099/13500872-141-7-1507; DOI:10.3389/fmicb.2016.01697; DOI:10.1111/j.1567-1364.2009.00533.x; https://research.fs.usda.gov/treesearch/30277; DOI:10.1007/s10886-012-0171-1		yes
data/traits/morphology/fungal_conidiation.yaml	traitmech:000657	4	DOI:10.2336/nishinihonhifu.40.1083; DOI:10.1101/gad.3.4.559; DOI:10.1016/j.simyco.2017.09.001; PMID:9199700		yes
data/traits/morphology/fungal_internal_mycorrhizal_vesicle_formation.yaml	traitmech:000670	3	https://www.mycorrhizas.info/vam.html; DOI:10.1139/m75-258; DOI:10.3390/plants8060142		yes
data/traits/morphology/fungal_peloton_formation.yaml	traitmech:000666	3	DOI:10.1111/nph.14279; DOI:10.1111/1365-2745.70188; DOI:10.1111/nph.19338		yes
data/traits/morphology/fungal_rhizomorph_formation.yaml	traitmech:000662	4	DOI:10.1016/j.fgb.2009.04.005; DOI:10.1016/j.mycres.2005.09.006; DOI:10.1186/s12862-017-0877-3; DOI:10.3114/fuse.2024.14.03		yes
data/traits/morphology/fungal_sclerotium_formation.yaml	traitmech:000660	5	DOI:10.1128/AEM.00565-08; DOI:10.3390/jof9070737; DOI:10.1016/j.micres.2019.126326; DOI:10.1128/spectrum.02084-21; DOI:10.2478/s11658-007-0047-5		yes
data/traits/morphology/holdfast.yaml	traitmech:000184	2	DOI:10.1128/jb.00276-19; DOI:10.1128/jb.00273-22		yes
data/traits/morphology/hormogonium_formation.yaml	traitmech:000651	3	DOI:10.1128/mSphere.00231-19; DOI:10.1099/00221287-111-1-1; DOI:10.1128/aem.55.1.125-131.1989		yes
data/traits/morphology/microbial_haustorium_formation.yaml	traitmech:000663	4	DOI:10.1016/j.fgb.2014.08.006; DOI:10.1080/00275514.1994.12026373; DOI:10.1111/mpp.13072; DOI:10.1104/pp.18.00979		yes
data/traits/morphology/palmelloid_formation.yaml	traitmech:000654	3	DOI:10.1038/s41598-019-39558-8; DOI:10.3390/ijms24098374; DOI:10.3389/fpls.2022.911035		yes
data/traits/morphology/pseudohyphal_growth.yaml	traitmech:000653	2	DOI:10.1590/S1517-83822013005000056; DOI:10.1016/0092-8674(92)90079-r		yes
data/traits/morphology/rosette_cell_arrangement.yaml	traitmech:000652	2	DOI:10.7554/eLife.41482; DOI:10.1128/jb.00064-19		yes
data/traits/morphology/synnema_formation.yaml	traitmech:000656	3	DOI:10.1016/j.simyco.2017.09.001; DOI:10.3390/ijms21186660; DOI:10.1099/00221287-87-2-292		yes
data/traits/morphology/type_iv_pilus.yaml	traitmech:000175	2	DOI:10.1093/femsre/fuab053; DOI:10.1042/BST20160221		yes
data/traits/other/specialist.yaml	traitmech:000177	2	DOI:10.1093/femsec/fiaa240; DOI:10.1038/s41559-023-02027-7		yes
data/traits/physiology/acid_phosphatase_activity.yaml	traitmech:000142	2	DOI:10.1128/JB.182.23.6850-6853.2000; DOI:10.1155/2021/8888641		yes
data/traits/physiology/aerobic_anoxygenic_phototrophy.yaml	traitmech:000194	3	DOI:10.1128/AEM.01747-12; DOI:10.1186/s40168-024-01786-0; DOI:10.1186/s40793-024-00573-6		yes
data/traits/physiology/aerotaxis.yaml	traitmech:000589	3	DOI:10.1128/jb.178.17.5199-5204.1996; DOI:10.1128/jb.169.7.3118-3123.1987; DOI:10.1103/PhysRevE.106.034404		yes
data/traits/physiology/aerotropism.yaml	traitmech:000601	2	DOI:10.1016/S0168-6496(03)00161-2; DOI:10.1155/2012/517529		yes
data/traits/physiology/aggrephagy.yaml	traitmech:000646	4	DOI:10.1080/15548627.2026.2724473; DOI:10.1038/s44319-024-00275-7; DOI:10.1016/j.cell.2014.05.048; DOI:10.1080/27694127.2023.2236407		yes
data/traits/physiology/alanine_arylamidase_activity.yaml	traitmech:000161	2	https://iubmb.qmul.ac.uk/enzyme/EC3/4/11/2.html; DOI:10.1099/ijsem.0.006017		yes
data/traits/physiology/alkaline_phosphatase_activity.yaml	traitmech:000141	2	DOI:10.1128/JB.185.16.4983-4991.2003; DOI:10.1155/2021/8888641		yes
data/traits/physiology/alpha_chymotrypsin_activity.yaml	traitmech:000159	2	https://iubmb.qmul.ac.uk/enzyme/EC3/4/21/1.html; DOI:10.1099/ijsem.0.006017		yes
data/traits/physiology/alpha_fucosidase_activity.yaml	traitmech:000152	2	https://iubmb.qmul.ac.uk/enzyme/EC3/2/1/51.html; DOI:10.1128/jcm.22.3.333-335.1985		yes
data/traits/physiology/alpha_galactosidase_activity.yaml	traitmech:000149	2	DOI:10.3109/07388551.2013.794124; DOI:10.1128/jcm.22.3.333-335.1985		yes
data/traits/physiology/alpha_glucosidase_activity.yaml	traitmech:000145	2	DOI:10.1371/journal.pone.0322500; DOI:10.3390/microorganisms13092005		yes
data/traits/physiology/alpha_mannosidase_activity.yaml	traitmech:000150	2	https://iubmb.qmul.ac.uk/enzyme/EC3/2/1/24.html; DOI:10.1128/jcm.32.3.854-855.1994		yes
data/traits/physiology/amylase_activity.yaml	traitmech:000162	2	DOI:10.3389/fbioe.2020.00871; DOI:10.1007/s00018-023-04812-w		yes
data/traits/physiology/anisogamy.yaml	traitmech:000620	4	DOI:10.1038/s42003-018-0019-5; DOI:10.1186/1471-2148-14-37; DOI:10.1186/s12915-024-01878-1; DOI:10.1371/journal.pone.0181413		yes
data/traits/physiology/arginine_arylamidase_activity.yaml	traitmech:000167	3	https://iubmb.qmul.ac.uk/enzyme/EC3/4/11/6.html; DOI:10.3389/fgene.2023.1240581; DOI:10.1099/ijsem.0.006017		yes
data/traits/physiology/arginine_dihydrolase_activity.yaml	traitmech:000164	4	DOI:10.1128/aem.07724-11; https://iubmb.qmul.ac.uk/enzyme/EC3/5/3/6.html; DOI:10.1016/j.fm.2010.11.016; DOI:10.1016/j.resmic.2012.11.004		yes
data/traits/physiology/autogamy.yaml	traitmech:000622	4	DOI:10.1017/S0016672300010740; DOI:10.1016/0014-4827(86)90492-1; DOI:10.1093/gbe/evaa052; DOI:10.1080/0269249X.2013.791344		yes
data/traits/physiology/automixis.yaml	traitmech:000625	2	DOI:10.1111/j.1095-8312.1986.tb01761.x; DOI:10.1186/s13059-021-02521-w		yes
data/traits/physiology/autophagic_glycogen_degradation.yaml	traitmech:000647	4	DOI:10.4161/auto.6.4.11736; DOI:10.3390/cells13060467; DOI:10.3390/ijms252111772; DOI:10.1016/j.isci.2024.109810		yes
data/traits/physiology/autophagy.yaml	traitmech:000638	5	DOI:10.1083/jcb.119.2.301; DOI:10.1242/jcs.108.1.25; DOI:10.1073/pnas.0813319106; DOI:10.1371/journal.ppat.1006344; DOI:10.1007/s00284-024-03838-y		yes
data/traits/physiology/bacteriocin_production.yaml	traitmech:000183	3	DOI:10.3389/fmicb.2016.00461; DOI:10.1146/annurev.micro.56.012302.161024; DOI:10.1038/srep27973		yes
data/traits/physiology/ballistospore_discharge.yaml	traitmech:000661	3	DOI:10.1371/journal.pone.0004163; DOI:10.1371/journal.pone.0105147; DOI:10.1242/jeb.029975		yes
data/traits/physiology/beta_galactosidase_activity.yaml	traitmech:000148	2	DOI:10.3389/fmicb.2021.742300; DOI:10.1128/jcm.22.3.333-335.1985		yes
data/traits/physiology/beta_glucosidase_activity.yaml	traitmech:000146	3	DOI:10.1007/s13205-015-0328-z; DOI:10.2323/jgam.60.59; DOI:10.3390/microorganisms12040776		yes
data/traits/physiology/beta_glucuronidase_activity.yaml	traitmech:000151	2	https://iubmb.qmul.ac.uk/enzyme/EC3/2/1/31.html; DOI:10.1128/aem.50.6.1383-1387.1985		yes
data/traits/physiology/beta_n_acetylhexosaminidase_activity.yaml	traitmech:000157	2	https://iubmb.qmul.ac.uk/enzyme/EC3/2/1/52.html; DOI:10.1021/jf020965x		yes
data/traits/physiology/bipolar_mating_system.yaml	traitmech:000616	2	DOI:10.1073/pnas.91.15.7085; DOI:10.1534/genetics.105.051128		yes
data/traits/physiology/carboxylesterase_activity.yaml	traitmech:000156	2	https://iubmb.qmul.ac.uk/enzyme/EC3/1/1/1.html; DOI:10.1128/JCM.43.8.3713-3717.2005		yes
data/traits/physiology/caseinase_activity.yaml	traitmech:000137	2	DOI:10.3389/fmicb.2018.01148; DOI:10.2174/1874285801408010025		yes
data/traits/physiology/cellular_buoyancy.yaml	traitmech:000528	2	DOI:10.1186/s13036-024-00426-3; DOI:10.3390/life12091455		yes
data/traits/physiology/chemokinesis.yaml	traitmech:000586	4	DOI:10.1038/ismej.2013.210; DOI:10.1073/pnas.1602307113; DOI:10.1038/s41396-021-01024-7; DOI:10.7717/peerj.17126		yes
data/traits/physiology/chemotropism.yaml	traitmech:000597	2	DOI:10.1371/journal.pbio.3002726; DOI:10.1038/s41598-020-67597-z		yes
data/traits/physiology/cold_shock_response.yaml	traitmech:000206	2	DOI:10.3184/003685003783238707; DOI:10.1046/j.1365-2958.1999.01541.x		yes
data/traits/physiology/contact_dependent_outer_membrane_exchange.yaml	traitmech:000650	4	DOI:10.7554/eLife.00868; DOI:10.1371/journal.pgen.1002626; DOI:10.1128/jb.00850-13; DOI:10.1371/journal.pone.0224817		yes
data/traits/physiology/cystine_arylamidase_activity.yaml	traitmech:000147	3	DOI:10.14202/vetworld.2024.143-149; DOI:10.3389/fmicb.2022.1034816; DOI:10.2323/jgam.60.59		yes
data/traits/physiology/cytogamy.yaml	traitmech:000623	3	DOI:10.1017/S0016672300010740; DOI:10.1111/j.1550-7408.1958.tb02567.x; DOI:10.1093/genetics/91.4.657		yes
data/traits/physiology/dnase_activity.yaml	traitmech:000138	2	DOI:10.3389/fmicb.2019.00969; DOI:10.22207/JPAM.14.1.44		yes
data/traits/physiology/durotaxis.yaml	traitmech:000596	3	DOI:10.7554/eLife.96821; DOI:10.1088/1361-6463/adb6b8; DOI:10.1038/s41563-022-01294-2		yes
data/traits/physiology/endocytosis.yaml	traitmech:000636	2	DOI:10.1083/jcb.128.5.779; DOI:10.1128/mcb.14.11.7245-7255.1994		yes
data/traits/physiology/energy_taxis.yaml	traitmech:000590	2	DOI:10.1128/jb.186.19.6595-6604.2004; DOI:10.1128/jb.182.21.6042-6048.2000		yes
data/traits/physiology/er_phagy.yaml	traitmech:000642	3	DOI:10.15252/embj.2019102586; DOI:10.1242/jcs.154716; DOI:10.1038/nature14506		yes
data/traits/physiology/exocytosis.yaml	traitmech:000637	3	DOI:10.1083/jcb.56.1.153; DOI:10.1007/BF01870409; DOI:10.1016/s0143-4160(98)90030-6		yes
data/traits/physiology/extracellular_membrane_vesicle_production.yaml	traitmech:000649	4	DOI:10.1038/ncomms11220; DOI:10.1038/s41467-017-00492-w; DOI:10.1371/journal.pone.0011113; DOI:10.1038/s41467-025-60272-9		yes
data/traits/physiology/galvanotaxis.yaml	traitmech:000581	2	DOI:10.1101/sqb.1988.053.01.006; DOI:10.1128/jb.178.4.1113-1119.1996		yes
data/traits/physiology/galvanotropism.yaml	traitmech:000595	3	DOI:10.1128/jb.176.3.702-713.1994; DOI:10.1099/00221287-136-2-311; DOI:10.1016/j.cub.2006.12.043		yes
data/traits/physiology/gamma_glutamyltransferase_activity.yaml	traitmech:000160	2	https://iubmb.qmul.ac.uk/enzyme/EC3/4/19/13.html; DOI:10.3389/fgene.2023.1240581		yes
data/traits/physiology/gelatinase_activity.yaml	traitmech:000136	2	DOI:10.1128/JB.01311-07; DOI:10.1128/IAI.73.3.1606-1612.2005		yes
data/traits/physiology/glutamyl_glutamic_acid_arylamidase_activity.yaml	traitmech:000173	2	DOI:10.1099/ijsem.0.006017; DOI:10.1099/ijs.0.63642-0		yes
data/traits/physiology/glycine_arylamidase_activity.yaml	traitmech:000170	2	DOI:10.1099/ijsem.0.006017; DOI:10.1128/JCM.40.9.3427-3431.2002		yes
data/traits/physiology/gravikinesis.yaml	traitmech:000585	2	DOI:10.2187/bss.20.44; DOI:10.1007/s001140050634		yes
data/traits/physiology/gravitaxis.yaml	traitmech:000584	2	DOI:10.1038/s41598-018-26046-8; DOI:10.1242/jeb.050666		yes
data/traits/physiology/gravitropism.yaml	traitmech:000599	3	DOI:10.4161/cib.22291; DOI:10.1078/0176-1617-01082; DOI:10.1007/s004250050744		yes
data/traits/physiology/gyrotaxis.yaml	traitmech:000583	2	DOI:10.1073/pnas.2206738119; DOI:10.1126/science.1167334		yes
data/traits/physiology/heat_shock_response.yaml	traitmech:000205	2	DOI:10.1007/s12192-016-0727-z; DOI:10.1128/MMBR.00007-08		yes
data/traits/physiology/heterokaryon_incompatibility.yaml	traitmech:000606	3	DOI:10.1099/mic.0.032284-0; DOI:10.1016/s1087-1845(03)00086-0; DOI:10.3852/mycologia.98.1.43		yes
data/traits/physiology/heterothallism.yaml	traitmech:000610	3	DOI:10.1038/nature07528; DOI:10.1534/genetics.111.136358; DOI:10.1371/journal.pgen.1006981		yes
data/traits/physiology/histidine_arylamidase_activity.yaml	traitmech:000171	2	DOI:10.1099/ijsem.0.006017; DOI:10.1128/JCM.40.9.3427-3431.2002		yes
data/traits/physiology/homeoviscous_adaptation.yaml	traitmech:000208	4	DOI:10.1039/d4cc03114h; DOI:10.1146/annurev-micro-091313-103612; DOI:10.1128/spectrum.03925-23; DOI:10.1038/s41467-024-53677-5		yes
data/traits/physiology/homothallism.yaml	traitmech:000609	3	DOI:10.5598/imafungus.2015.06.01.13; DOI:10.1371/journal.pgen.1006981; DOI:10.7554/elife.79114		yes
data/traits/physiology/hyphal_anastomosis.yaml	traitmech:000605	3	DOI:10.1128/aem.65.12.5571-5575.1999; DOI:10.1128/ec.00191-12; DOI:10.1111/j.1469-8137.2008.02726.x		yes
data/traits/physiology/isogamy.yaml	traitmech:000619	2	DOI:10.1038/s42003-022-04275-y; DOI:10.1111/evo.13427		yes
data/traits/physiology/karyoklepty.yaml	traitmech:000630	3	DOI:10.1038/nature05496; DOI:10.1186/s12864-015-2052-9; DOI:10.3389/fmicb.2017.00423		yes
data/traits/physiology/kleptoplasty.yaml	traitmech:000629	4	DOI:10.1038/s41598-018-28455-1; DOI:10.1073/pnas.2220100120; DOI:10.1038/s41467-026-70516-x; DOI:10.1111/1462-2920.14433		yes
data/traits/physiology/lecithinase_activity.yaml	traitmech:000140	2	DOI:10.2147/IDR.S365254; DOI:10.1128/jb.81.6.939-945.1961		yes
data/traits/physiology/leucine_arylamidase_activity.yaml	traitmech:000143	2	DOI:10.1099/ijsem.0.002327; DOI:10.1155/2021/8888641		yes
data/traits/physiology/leucyl_glycine_arylamidase_activity.yaml	traitmech:000178	2	DOI:10.1099/ijsem.0.006017; DOI:10.1128/JCM.40.9.3427-3431.2002		yes
data/traits/physiology/lipase_activity.yaml	traitmech:000139	2	DOI:10.22207/JPAM.16.4.27; DOI:10.1016/j.mex.2018.01.004		yes
data/traits/physiology/lipophagy.yaml	traitmech:000644	3	DOI:10.1091/mbc.e13-08-0448; DOI:10.1016/j.devcel.2024.01.014; DOI:10.1080/15548627.2024.2325297		yes
data/traits/physiology/lysine_decarboxylase_activity.yaml	traitmech:000153	2	https://iubmb.qmul.ac.uk/enzyme/EC4/1/1/18.html; DOI:10.1128/jb.01306-06		yes
data/traits/physiology/macropinocytosis.yaml	traitmech:000634	2	DOI:10.1242/jcs.213736; DOI:10.7554/eLife.04940		yes
data/traits/physiology/magnetotaxis.yaml	traitmech:000176	3	DOI:10.1128/JB.00398-20; DOI:10.1038/s41396-018-0098-9; DOI:10.1128/mbio.01649-23		yes
data/traits/physiology/mating_type_switching.yaml	traitmech:000611	3	DOI:10.5598/imafungus.2015.06.01.13; DOI:10.1534/genetics.107.076315; DOI:10.1371/journal.pgen.1006981		yes
data/traits/physiology/mitophagy.yaml	traitmech:000639	4	DOI:10.7554/eLife.61245; DOI:10.1016/j.devcel.2009.06.014; DOI:10.1016/j.devcel.2009.06.013; DOI:10.4161/auto.4034		yes
data/traits/physiology/myzocytosis.yaml	traitmech:000631	3	DOI:10.3390/microorganisms11081945; DOI:10.1111/jeu.13050; DOI:10.1038/ismej.2012.29		yes
data/traits/physiology/nad_dependent_alcohol_dehydrogenase_activity.yaml	traitmech:000165	3	https://iubmb.qmul.ac.uk/enzyme/EC1/1/1/1.html; DOI:10.1111/j.1432-1033.1986.tb09366.x; DOI:10.1128/jb.169.6.2591-2597.1987		yes
data/traits/physiology/naphthol_as_bi_phosphohydrolase_activity.yaml	traitmech:000174	2	DOI:10.14202/vetworld.2024.143-149; DOI:10.1128/JCM.43.8.3713-3717.2005		yes
data/traits/physiology/negative_autotropism.yaml	traitmech:000603	2	DOI:10.3390/biomimetics10050287; DOI:10.1093/jxb/19.1.125		yes
data/traits/physiology/nucleophagy.yaml	traitmech:000643	5	DOI:10.1007/s00284-024-03838-y; DOI:10.1091/mbc.e02-08-0483; DOI:10.1091/mbc.e08-04-0363; DOI:10.1371/journal.pone.0033270; DOI:10.1242/jcs.133090		yes
data/traits/physiology/oogamy.yaml	traitmech:000621	4	DOI:10.5194/essd-15-2711-2023; DOI:10.1186/s12915-024-01878-1; DOI:10.1186/s40529-018-0227-9; DOI:10.1371/journal.pbio.1001904		yes
data/traits/physiology/ornithine_decarboxylase_activity.yaml	traitmech:000154	2	https://iubmb.qmul.ac.uk/enzyme/EC4/1/1/17.html; DOI:10.1128/jb.124.2.791-799.1975		yes
data/traits/physiology/osmotaxis.yaml	traitmech:000592	3	DOI:10.1016/s0014-4894(03)00031-6; DOI:10.1016/j.exppara.2005.10.005; DOI:10.1073/pnas.1620945114		yes
data/traits/physiology/paedogamy.yaml	traitmech:000624	3	DOI:10.1080/0269249X.2013.791344; DOI:10.3390/d14121133; DOI:10.1007/s12223-008-0018-x		yes
data/traits/physiology/pallium_feeding.yaml	traitmech:000632	3	DOI:10.1111/j.1529-8817.1986.tb00021.x; DOI:10.1111/j.0022-3646.1992.00069.x; DOI:10.4319/lo.1993.38.5.0965		yes
data/traits/physiology/parasexuality.yaml	traitmech:000607	3	DOI:10.1093/emboj/cdg235; DOI:10.1128/ec.00128-13; DOI:10.1038/s41467-019-12376-2		yes
data/traits/physiology/pexophagy.yaml	traitmech:000640	4	DOI:10.1038/emboj.2012.151; DOI:10.1016/j.devcel.2007.12.011; DOI:10.1242/jcs.108.1.25; DOI:10.1080/15548627.2019.1603546		yes
data/traits/physiology/ph_taxis.yaml	traitmech:000591	2	DOI:10.1128/jb.00491-19; DOI:10.1128/jb.188.7.2656-2665.2006		yes
data/traits/physiology/ph_tropism.yaml	traitmech:000602	2	DOI:10.1128/mbio.00285-23; DOI:10.1371/journal.pbio.3002726		yes
data/traits/physiology/phagocytosis.yaml	traitmech:000627	2	DOI:10.1371/journal.pone.0095577; DOI:10.1111/nph.20388		yes
data/traits/physiology/phagotrophy.yaml	traitmech:000628	2	DOI:10.1038/ismej.2017.68; DOI:10.1007/s00248-001-1024-6		yes
data/traits/physiology/phenylalanine_arylamidase_activity.yaml	traitmech:000168	2	DOI:10.1099/ijsem.0.006017; DOI:10.1128/JCM.40.9.3427-3431.2002		yes
data/traits/physiology/photokinesis.yaml	traitmech:000587	2	DOI:10.1128/AEM.67.12.5410-5419.2001; DOI:10.1016/S0176-1617(00)80045-0		yes
data/traits/physiology/phototaxis.yaml	traitmech:000588	3	DOI:10.1105/tpc.108.057919; DOI:10.7554/eLife.12620; DOI:10.1093/dnares/dss024		yes
data/traits/physiology/phototropism.yaml	traitmech:000598	3	DOI:10.1073/pnas.0600633103; DOI:10.1073/pnas.0900879106; DOI:10.1128/EC.00203-13		yes
data/traits/physiology/pinocytosis.yaml	traitmech:000635	2	DOI:10.1083/jcb.53.3.681; DOI:10.1099/00221287-92-2-246		yes
data/traits/physiology/positive_autotropism.yaml	traitmech:000604	2	DOI:10.1093/jxb/19.1.125; DOI:10.1039/d3lc00859b		yes
data/traits/physiology/primary_homothallism.yaml	traitmech:000614	4	DOI:10.1371/journal.pgen.1006110; DOI:10.5598/imafungus.2015.06.01.13; DOI:10.1016/j.cub.2007.07.012; DOI:10.1128/EC.00019-10		yes
data/traits/physiology/prolyl_aminopeptidase_activity.yaml	traitmech:000166	3	https://iubmb.qmul.ac.uk/enzyme/EC3/4/11/5.html; DOI:10.1111/j.1365-2958.1993.tb01249.x; DOI:10.1099/ijsem.0.006017		yes
data/traits/physiology/proteaphagy.yaml	traitmech:000645	3	DOI:10.1074/jbc.M115.699124; DOI:10.1016/j.celrep.2016.07.015; DOI:10.1016/j.jbc.2021.101494		yes
data/traits/physiology/pseudobipolar_mating_system.yaml	traitmech:000617	2	DOI:10.1371/journal.pgen.1001052; DOI:10.1371/journal.pbio.3003417		yes
data/traits/physiology/pseudohomothallism.yaml	traitmech:000612	4	DOI:10.5598/imafungus.2015.06.01.13; DOI:10.1093/genetics/143.2.789; DOI:10.1002/dvg.1020150111; DOI:10.1371/journal.pgen.1000030		yes
data/traits/physiology/pyrazinamidase_activity.yaml	traitmech:000163	3	DOI:10.1111/j.1742-4658.2007.06241.x; https://iubmb.qmul.ac.uk/enzyme/EC3/5/1/19.html; DOI:10.1371/journal.pone.0015785		yes
data/traits/physiology/pyrrolidonyl_arylamidase_activity.yaml	traitmech:000155	2	https://iubmb.qmul.ac.uk/enzyme/EC3/4/19/3.html; DOI:10.1128/JCM.37.11.3443-3447.1999		yes
data/traits/physiology/rheotaxis.yaml	traitmech:000582	2	DOI:10.1073/pnas.1120955109; DOI:10.1016/j.bpj.2012.03.001		yes
data/traits/physiology/rheotropism.yaml	traitmech:000600	3	DOI:10.1016/S0006-3495(65)86719-4; DOI:10.1016/S0168-1656(97)00147-8; DOI:10.1007/BF00397538		yes
data/traits/physiology/ribophagy.yaml	traitmech:000641	4	DOI:10.1038/ncb1723; DOI:10.1083/jcb.201308139; DOI:10.15252/embj.201489083; DOI:10.1016/j.jbc.2025.108554		yes
data/traits/physiology/serine_arylamidase_activity.yaml	traitmech:000172	2	DOI:10.1099/ijsem.0.006017; DOI:10.1128/JCM.40.9.3427-3431.2002		yes
data/traits/physiology/siderophore_production.yaml	traitmech:000186	3	DOI:10.1111/1462-2920.14937; DOI:10.15698/mic2018.10.649; DOI:10.1073/pnas.0908760106		yes
data/traits/physiology/sos_response.yaml	traitmech:000207	2	DOI:10.1002/em.22267; DOI:10.1002/advs.202203260		yes
data/traits/physiology/tetrapolar_mating_system.yaml	traitmech:000615	2	DOI:10.1371/journal.pgen.1002528; DOI:10.1534/genetics.115.177717		yes
data/traits/physiology/thermotaxis.yaml	traitmech:000580	2	DOI:10.7554/eLife.26607; DOI:10.1073/pnas.0709903105		yes
data/traits/physiology/thigmotropism.yaml	traitmech:000594	4	DOI:10.1080/02681219280000621; DOI:10.1099/00221287-144-3-689; DOI:10.1016/j.cub.2006.12.043; DOI:10.1111/cmi.12369		yes
data/traits/physiology/tripolar_mating_system.yaml	traitmech:000618	2	DOI:10.1128/ec.00271-08; DOI:10.1128/mbio.00059-26		yes
data/traits/physiology/trogocytosis.yaml	traitmech:000633	2	DOI:10.1038/nature13242; DOI:10.1128/mBio.00068-19		yes
data/traits/physiology/trypsin_activity.yaml	traitmech:000158	2	https://iubmb.qmul.ac.uk/enzyme/EC3/4/21/4.html; DOI:10.1371/journal.pone.0322500		yes
data/traits/physiology/tyrosine_arylamidase_activity.yaml	traitmech:000169	2	DOI:10.1099/ijsem.0.006017; DOI:10.1128/JCM.40.9.3427-3431.2002		yes
data/traits/physiology/unconventional_protein_secretion.yaml	traitmech:000648	4	DOI:10.3389/fcell.2022.852028; DOI:10.7554/eLife.16299; DOI:10.1083/jcb.201407119; DOI:10.1083/jcb.202312120		yes
data/traits/physiology/unisexual_reproduction.yaml	traitmech:000613	4	DOI:10.1371/journal.pgen.1003688; DOI:10.1038/nature03448; DOI:10.1038/nature08252; DOI:10.1371/journal.pbio.1001653		yes
data/traits/physiology/valine_arylamidase_activity.yaml	traitmech:000144	2	DOI:10.3389/fmicb.2022.1034816; DOI:10.1099/ijsem.0.002327		yes
data/traits/physiology/viscotaxis.yaml	traitmech:000593	3	DOI:10.1099/00221287-109-1-113; DOI:10.1038/s41598-020-79887-7; DOI:10.1103/physrevlett.120.208002		yes
