file	line	curie	claimed_label	ontology_label	verdict	similarity	row
research/traits/ecology/animal_pathogen-deep-research-falcon.md	230	GO:0044406	adhesion to host	adhesion of symbiont to host	OK_LABEL	1.00	| adhesion to host | **GO:0044406** | Initial attachment/colonization process; confirm current GO label before import. |
research/traits/ecology/animal_pathogen-deep-research-falcon.md	231	GO:0042710	biofilm formation	biofilm formation	OK_LABEL	1.00	| biofilm formation | **GO:0042710** | Persistence on host or abiotic surfaces. |
research/traits/ecology/animal_pathogen-deep-research-falcon.md	232	GO:0009372	quorum sensing	quorum sensing	OK_LABEL	1.00	| quorum sensing | **GO:0009372** | Density-dependent regulation of collective behavior. |
research/traits/ecology/animal_pathogen-deep-research-falcon.md	233	GO:0009405	pathogenesis	obsolete pathogenesis	OBSOLETE	1.00	| pathogenesis | **GO:0009405** | Broad process node; avoid circular use as the sole parent of the target trait. |
research/traits/ecology/animal_pathogen-deep-research-falcon.md	253	CHEBI:18248	iron atom / fe	iron atom	OK_LABEL	1.00	| iron atom / Fe | **CHEBI:18248** | Prefer oxidation-state-specific terms where the reaction requires them. |
research/traits/ecology/animal_pathogen-deep-research-falcon.md	254	CHEBI:29033	iron(2+)	iron(2+)	OK_LABEL	1.00	| iron(2+) | **CHEBI:29033** | Ferrous iron. |
research/traits/ecology/animal_pathogen-deep-research-falcon.md	255	CHEBI:29034	iron(3+)	iron(3+)	OK_LABEL	1.00	| iron(3+) | **CHEBI:29034** | Ferric iron bound by many siderophores. |
research/traits/ecology/animal_pathogen-deep-research-falcon.md	256	CHEBI:30413	heme	heme	OK_LABEL	1.00	| heme | **CHEBI:30413** | Verify whether heme b or a more specific form is required. |
research/traits/ecology/animal_pathogen-deep-research-falcon.md	257	CHEBI:16199	urea	urea	OK_LABEL	1.00	| urea | **CHEBI:16199** | Substrate for urease. |
research/traits/ecology/animal_pathogen-deep-research-falcon.md	258	CHEBI:16134	ammonia	ammonia	OK_LABEL	1.00	| ammonia | **CHEBI:16134** | Product contributing to alkaline urine and tissue toxicity. |
research/traits/ecology/animal_pathogen-deep-research-falcon.md	259	CHEBI:49786	nickel(2+)	nickel(2+)	OK_LABEL	1.00	| nickel(2+) | **CHEBI:49786** | Required for urease maturation; verify before import. |
research/traits/ecology/animal_pathogen-deep-research-falcon.md	260	CHEBI:17012	n-acetylneuraminic acid	N-acetylneuraminic acid	OK_LABEL	1.00	| N-acetylneuraminic acid | **CHEBI:17012** | Neu5Ac; typhoid-toxin receptor glycan determinant. |
research/traits/ecology/animal_pathogen-deep-research-falcon.md	261	CHEBI:16356	cyclic gmp	3',5'-cyclic GMP	OK_LABEL	1.00	| cyclic GMP | **CHEBI:16356** | Enterotoxin-triggered host second messenger; verify current CHEBI record. |
research/traits/ecology/biofilm_formation-deep-research-falcon.md	193	GO:0042710	biofilm formation	biofilm formation	OK_LABEL	1.00	| biofilm formation | `traitmech:000053`; `GO:0042710` | Target trait; GO cross-reference is useful but does not replace METPO identity. |
research/traits/ecology/biofilm_formation-deep-research-falcon.md	200	GO:0071973	flagellar motility	bacterial-type flagellum-dependent cell motility	DRIFT	0.67	| flagellar motility | `GO:0071973` | Use only where the experiment specifically concerns flagellum-dependent motility. |
research/traits/ecology/biofilm_formation-deep-research-falcon.md	207	CHEBI:49537	cyclic di-gmp	c-di-GMP	OK_LABEL	1.00	| cyclic di-GMP | `CHEBI:49537` | Intracellular second messenger controlling motile–sessile transitions. |
research/traits/ecology/biofilm_formation-deep-research-falcon.md	208	CHEBI:15996	gtp	GTP	OK_LABEL	1.00	| GTP | `CHEBI:15996` | Diguanylate-cyclase substrate. |
research/traits/ecology/biofilm_formation-deep-research-falcon.md	209	CHEBI:16480	nitric oxide	nitric oxide	OK_LABEL	1.00	| nitric oxide | `CHEBI:16480` | Dispersal cue in specific systems. |
research/traits/ecology/biofilm_formation-deep-research-falcon.md	210	CHEBI:15379	dioxygen	dioxygen	OK_LABEL	1.00	| dioxygen | `CHEBI:15379` | Environmental electron acceptor; gradients shape pellicles and biofilm physiology. |
research/traits/ecology/biofilm_formation-deep-research-falcon.md	214	CHEBI:58187	alginate	alginate	OK_LABEL	1.00	| alginate | `CHEBI:58187` | Mucoid matrix polysaccharide; importance is strain/context dependent. |
research/traits/ecology/biofilm_formation-deep-research-falcon.md	216	CHEBI:62202	pyocyanin	glucosyl-heptosyl-(phosphoheptosyl)2-(KDO)2-lipid A	DRIFT	0.20	| pyocyanin | `CHEBI:62202` | Phenazine electron shuttle retained by eDNA. |
research/traits/ecology/endosymbiosis-deep-research-falcon.md	210	GO:0005623	host cell	obsolete cell	OBSOLETE	1.00	| host cell | `GO:0005623` | General intracellular context. |
research/traits/ecology/endosymbiosis-deep-research-falcon.md	211	GO:0005737	cytoplasm	cytoplasm	OK_LABEL	1.00	| cytoplasm | `GO:0005737` | Appropriate for cytoplasmic bacteriocytes such as cockroach–*Blattabacterium*. |
research/traits/ecology/endosymbiosis-deep-research-falcon.md	212	GO:0016020	membrane	membrane	OK_LABEL	1.00	| membrane | `GO:0016020` | Generic only; prefer “symbiosome membrane” label where the specialized structure is intended. |
research/traits/ecology/endosymbiosis-deep-research-falcon.md	217	GO:0042129	root nodule	regulation of T cell proliferation	DRIFT	0.20	| root nodule | `GO:0042129` | Verify local ontology treatment before use. |
research/traits/ecology/endosymbiosis-deep-research-falcon.md	218	GO:0005622	intracellular anatomical structure	intracellular anatomical structure	OK_LABEL	1.00	| intracellular anatomical structure | `GO:0005622` | Broad fallback; less informative than bacteriocyte/symbiosome. |
research/traits/ecology/endosymbiosis-deep-research-falcon.md	224	GO:0009399	nitrogen fixation	nitrogen fixation	OK_LABEL	1.00	| nitrogen fixation | `GO:0009399` | Bacteroid conversion of N₂ to ammonia. |
research/traits/ecology/endosymbiosis-deep-research-falcon.md	225	GO:0055085	transmembrane transport	transmembrane transport	OK_LABEL	1.00	| transmembrane transport | `GO:0055085` | Nutrient movement across host or symbiosome membranes. |
research/traits/ecology/endosymbiosis-deep-research-falcon.md	226	GO:0008652	amino-acid biosynthetic process	amino acid biosynthetic process	DRIFT	1.00	| amino-acid biosynthetic process | `GO:0008652` | Symbiont provisioning and metabolic complementation. |
research/traits/ecology/endosymbiosis-deep-research-falcon.md	227	GO:0009110	vitamin biosynthetic process	vitamin biosynthetic process	OK_LABEL	1.00	| vitamin biosynthetic process | `GO:0009110` | Retained host-beneficial function in reduced genomes. |
research/traits/ecology/endosymbiosis-deep-research-falcon.md	228	GO:0006281	dna repair	DNA repair	OK_LABEL	1.00	| DNA repair | `GO:0006281` | Frequently lost or partitioned between co-symbionts. |
research/traits/ecology/endosymbiosis-deep-research-falcon.md	229	GO:0006298	mismatch repair	mismatch repair	OK_LABEL	1.00	| mismatch repair | `GO:0006298` | Buchnera–Serratia complementation. |
research/traits/ecology/endosymbiosis-deep-research-falcon.md	230	GO:0006914	autophagy	autophagy	OK_LABEL	1.00	| autophagy | `GO:0006914` | Host-mediated bacteriocyte/endosymbiont recycling. |
research/traits/ecology/endosymbiosis-deep-research-falcon.md	231	GO:0006915	apoptotic process	apoptotic process	OK_LABEL	1.00	| apoptotic process | `GO:0006915` | Developmental elimination of insect symbionts. |
research/traits/ecology/endosymbiosis-deep-research-falcon.md	232	GO:0006979	response to oxidative stress	response to oxidative stress	OK_LABEL	1.00	| response to oxidative stress | `GO:0006979` | Relevant to oxygen control, iron, and intracellular stress. |
research/traits/ecology/endosymbiosis-deep-research-falcon.md	245	GO:0016163	nitrogenase nifh/nifdk	nitrogenase activity	OK_IN_ROW	1.00	| nitrogenase NifH/NifDK | `GO:0016163` for nitrogenase activity; protein accessions taxon-specific | Oxygen-labile Fe–S/FeMo enzyme system reducing N₂. |
research/traits/ecology/endosymbiosis-deep-research-falcon.md	260	CHEBI:17997	dinitrogen	dinitrogen	OK_LABEL	1.00	| dinitrogen | `CHEBI:17997` | Nitrogenase substrate. |
research/traits/ecology/endosymbiosis-deep-research-falcon.md	261	CHEBI:16134	ammonia	ammonia	OK_LABEL	1.00	| ammonia | `CHEBI:16134` | Product of nitrogen fixation and nitrogen recycling. |
research/traits/ecology/endosymbiosis-deep-research-falcon.md	262	CHEBI:15379	dioxygen	dioxygen	OK_LABEL	1.00	| dioxygen | `CHEBI:15379` | Needed for respiration but inhibitory to nitrogenase at high concentration. |
research/traits/ecology/endosymbiosis-deep-research-falcon.md	263	CHEBI:29033	iron(2+)	iron(2+)	OK_LABEL	1.00	| iron(2+) | `CHEBI:29033` | Cofactor supply to bacteroids and nitrogenase-associated systems. |
research/traits/ecology/endosymbiosis-deep-research-falcon.md	264	CHEBI:18050	glutamine	L-glutamine	OK_LABEL	1.00	| glutamine | `CHEBI:18050` | Host-delivered nitrogen substrate in aphid–*Buchnera* integration. |
research/traits/ecology/endosymbiosis-deep-research-falcon.md	265	CHEBI:29016	arginine	arginine	OK_LABEL	1.00	| arginine | `CHEBI:29016` | Symbiont-produced essential amino acid in aphids. |
research/traits/ecology/endosymbiosis-deep-research-falcon.md	266	CHEBI:18186	tyrosine	tyrosine	OK_LABEL	1.00	| tyrosine | `CHEBI:18186` | Symbiont-linked precursor for DOPA and cuticle formation. |
research/traits/ecology/endosymbiosis-deep-research-falcon.md	267	CHEBI:17295	phenylalanine	L-phenylalanine	OK_LABEL	1.00	| phenylalanine | `CHEBI:17295` | Nutritional/cuticle-related amino acid. |
research/traits/ecology/endosymbiosis-deep-research-falcon.md	268	CHEBI:16199	urea	urea	OK_LABEL	1.00	| urea | `CHEBI:16199` | Nitrogen-recycling intermediate in cockroach symbiosis. |
research/traits/ecology/endosymbiosis-deep-research-falcon.md	269	CHEBI:17775	urate/uric acid	7,9-dihydro-1H-purine-2,6,8(3H)-trione	OK_LABEL	1.00	| urate/uric acid | `CHEBI:17775` / verify protonation-specific term | Host nitrogen-storage metabolite. |
research/traits/ecology/endosymbiosis-deep-research-falcon.md	270	CHEBI:16183	methane	methane	OK_LABEL	1.00	| methane | `CHEBI:16183` | Electron donor/carbon substrate for methanotrophic mussel endosymbionts. |
research/traits/ecology/endosymbiosis-deep-research-falcon.md	271	CHEBI:16136	hydrogen sulfide	hydrogen sulfide	OK_LABEL	1.00	| hydrogen sulfide | `CHEBI:16136` | Reduced sulfur substrate for sulfur-oxidizing symbionts. |
research/traits/ecology/endosymbiosis-deep-research-falcon.md	273	CHEBI:28077	rifampicin	rifampicin	OK_LABEL	1.00	| rifampicin | `CHEBI:28077` | Experimental depletion factor; not an endogenous mechanism. |
research/traits/ecology/endosymbiosis-deep-research-falcon.md	274	ENVO:01001026	hypoxia	electromagnetic radiation	DRIFT	0.22	| hypoxia | `ENVO:01001026` if compatible with local ontology | Protects oxygen-labile nitrogenase while permitting controlled respiration. |
research/traits/ecology/free_living-deep-research-falcon.md	249	ENVO:01000739	environmental habitat	habitat	OK_LABEL	1.00	| environmental habitat | `ENVO:01000739` (“habitat”) | Verify preferred ENVO term/version during implementation. |
research/traits/ecology/free_living-deep-research-falcon.md	252	GO:0065007	environmental filtering	biological regulation	DRIFT	0.25	| environmental filtering | `GO:0065007` is too broad; label-only ecological process preferred | Do not force an inappropriate molecular-process identifier. |
research/traits/ecology/free_living-deep-research-falcon.md	260	ENVO:00001998	soil	soil	OK_LABEL	1.00	| soil | `ENVO:00001998` | Environmental compartment. |
research/traits/ecology/free_living-deep-research-falcon.md	261	ENVO:00002007	sediment	sediment	OK_LABEL	1.00	| sediment | `ENVO:00002007` | Includes anoxic freshwater/marine sediment contexts. |
research/traits/ecology/free_living-deep-research-falcon.md	262	ENVO:00002149	seawater	sea water	OK_LABEL	1.00	| seawater | `ENVO:00002149` | Environmental free-living compartment. |
research/traits/ecology/free_living-deep-research-falcon.md	263	ENVO:01001039	anoxic environment	highly saline water	DRIFT	0.24	| anoxic environment | `ENVO:01001039` if confirmed locally; otherwise label only | Check current ENVO label before import. |
research/traits/ecology/free_living-deep-research-falcon.md	265	GO:0009267	nutrient limitation	cellular response to starvation	OK_IN_ROW	1.00	| nutrient limitation | `GO:0009267` for cellular response to starvation only when a cellular response is intended | Do not use a GO response term for the environmental condition itself. |
research/traits/ecology/free_living-deep-research-falcon.md	275	GO:0030255	type iv secretion system	protein secretion by the type IV secretion system	OK_LABEL	1.00	| type IV secretion system | `GO:0030255` (“type IV protein secretion system complex”), subject to ontology-version verification | Comparative *Paracoccus* evidence; likely involved in genetic exchange. |
research/traits/ecology/free_living-deep-research-falcon.md	276	GO:0052621	diguanylate cyclase	diguanylate cyclase activity	OK_LABEL	1.00	| diguanylate cyclase | `GO:0052621` for c-di-GMP-forming activity, subject to verification | Generates c-di-GMP; the causal experiment manipulated pathway output rather than one universal enzyme. |
research/traits/ecology/free_living-deep-research-falcon.md	285	CHEBI:49537	cyclic di-3′,5′-guanylate (c-di-gmp)	c-di-GMP	OK_LABEL	1.00	| cyclic di-3′,5′-guanylate (c-di-GMP) | `CHEBI:49537` if confirmed against the current release | Increased levels causally promoted host association. |
research/traits/ecology/free_living-deep-research-falcon.md	286	CHEBI:18240	deoxyribonucleosides	4-hydroxy-L-proline	DRIFT	0.46	| deoxyribonucleosides | `CHEBI:18240` is the class “2′-deoxyribonucleoside” if confirmed | Scavenged by RNR-deficient parasites in the diplomonad comparison. |
research/traits/ecology/free_living-deep-research-falcon.md	288	CHEBI:15440	squalene	squalene	OK_LABEL	1.00	| squalene | `CHEBI:15440` | Substrate of squalene–tetrahymanol cyclase. |
research/traits/ecology/free_living-deep-research-falcon.md	289	CHEBI:16680	tetrahymanol	S-adenosyl-L-homocysteine	DRIFT	0.33	| tetrahymanol | `CHEBI:16680` if confirmed | Sterol surrogate under anaerobic conditions. |
research/traits/ecology/free_living-deep-research-falcon.md	290	CHEBI:15889	sterols	sterol	OK_LABEL	1.00	| sterols | `CHEBI:15889` | Host/eukaryote-derived dependency contrasted with tetrahymanol synthesis. |
research/traits/ecology/free_living-deep-research-falcon.md	292	CHEBI:33709	amino acids	amino acid	OK_LABEL	1.00	| amino acids | `CHEBI:33709` | Biosynthetic autonomy is probabilistically associated with environmental habitat. |
research/traits/ecology/free_living-deep-research-falcon.md	298	GO:0032196	horizontal gene transfer	transposition	OK_IN_ROW	1.00	| horizontal gene transfer | `GO:0032196` (“transposition”) is not equivalent; use label-only unless a suitable ontology term is selected | Do not misground HGT as transposition. |
research/traits/ecology/free_living-deep-research-falcon.md	299	GO:0008652	amino-acid biosynthesis	amino acid biosynthetic process	DRIFT	1.00	| amino-acid biosynthesis | `GO:0008652` | Use only where pathway completeness is directly demonstrated. |
research/traits/ecology/free_living-deep-research-falcon.md	300	GO:0009263	deoxyribonucleotide biosynthesis	deoxyribonucleotide biosynthetic process	OK_LABEL	1.00	| deoxyribonucleotide biosynthesis | `GO:0009263` | Downstream of RNR activity. |
research/traits/ecology/free_living-deep-research-falcon.md	303	GO:0006935	chemotaxis	chemotaxis	OK_LABEL	1.00	| chemotaxis | `GO:0006935` | Under-represented in putative soil oligotrophs; correlational. |
research/traits/ecology/free_living-deep-research-falcon.md	304	GO:0001539	motility	cilium or flagellum-dependent cell motility	OK_LABEL	1.00	| motility | `GO:0001539` is ciliary/flagellar motility in eukaryotic contexts and may be inappropriate; use a bacterial motility term after verification | Avoid broad unverified grounding. |
research/traits/ecology/free_living-deep-research-falcon.md	305	GO:0042710	biofilm formation	biofilm formation	OK_LABEL	1.00	| biofilm formation | `GO:0042710` | Increased during experimentally evolved host specialization. |
research/traits/ecology/human_pathogen-deep-research-falcon.md	196	GO:0044406	interaction with host	adhesion of symbiont to host	DRIFT	0.55	| interaction with host | GO:0044406 | Broad process; use more specific child terms where possible |
research/traits/ecology/human_pathogen-deep-research-falcon.md	197	GO:0009405	pathogenesis	obsolete pathogenesis	OBSOLETE	1.00	| pathogenesis | GO:0009405 | Useful intermediate process, not equivalent to endpoint |
research/traits/ecology/human_pathogen-deep-research-falcon.md	225	CHEBI:29033	iron(2+)	iron(2+)	OK_LABEL	1.00	| iron(2+) | CHEBI:29033 | Essential metal nutrient |
research/traits/ecology/human_pathogen-deep-research-falcon.md	226	CHEBI:29105	zinc(2+)	zinc(2+)	OK_LABEL	1.00	| zinc(2+) | CHEBI:29105 | Essential metal sequestered by calprotectin |
research/traits/ecology/human_pathogen-deep-research-falcon.md	227	CHEBI:18385	thiamine	thiamine(1+)	OK_LABEL	1.00	| thiamine | CHEBI:18385 | Serum-survival intervention in one *K. pneumoniae* strain |
research/traits/ecology/human_pathogen-deep-research-falcon.md	228	CHEBI:15361	pyruvate	pyruvate	OK_LABEL	1.00	| pyruvate | CHEBI:15361 | Central metabolic intermediate; association requires qualification |
research/traits/ecology/human_pathogen-deep-research-falcon.md	229	CHEBI:30031	succinate	succinate(2-)	OK_LABEL	1.00	| succinate | CHEBI:30031 | Perturbant that reduced viability in the serum study |
research/traits/ecology/human_pathogen-deep-research-falcon.md	230	CHEBI:16240	hydrogen peroxide	hydrogen peroxide	OK_LABEL	1.00	| hydrogen peroxide | CHEBI:16240 | Host oxidative stressor/model oxidant |
research/traits/ecology/human_pathogen-deep-research-falcon.md	231	CHEBI:30413	heme	heme	OK_LABEL	1.00	| heme | CHEBI:30413 | Iron source acquired from hemoglobin |
research/traits/ecology/nitrogen_fixing_symbiosis-deep-research-falcon.md	219	GO:0009878	root nodule		UNRESOLVED	0.00	| root nodule | `GO:0009878` (nodule morphogenesis) for process; anatomy ontology preferred for structure | Process and anatomical structure must remain distinct. |
research/traits/ecology/nitrogen_fixing_symbiosis-deep-research-falcon.md	221	GO:0043663	symbiosome	host bacteroid-containing symbiosome	OK_LABEL	1.00	| symbiosome | `GO:0043663` (host cell part) is too broad; label-only preferred | Plant-derived membrane compartment containing bacteroids. |
research/traits/ecology/nitrogen_fixing_symbiosis-deep-research-falcon.md	223	GO:0009860	infection thread	pollen tube growth	DRIFT	0.26	| infection thread | `GO:0009860` where applicable | Canonical entry route, but not universal. |
research/traits/ecology/nitrogen_fixing_symbiosis-deep-research-falcon.md	230	CHEBI:47916	root flavonoid	flavonoid	OK_LABEL	1.00	| root flavonoid | `CHEBI:47916` (flavonoid) | Specific compounds such as genistein should be grounded separately. |
research/traits/ecology/nitrogen_fixing_symbiosis-deep-research-falcon.md	235	GO:0055086	calcium oscillation	nucleobase-containing small molecule metabolic process	DRIFT	0.33	| calcium oscillation | `GO:0055086` is general calcium homeostasis; label-only event preferred | Avoid grounding a dynamic oscillation to a static ion term. |
research/traits/ecology/nitrogen_fixing_symbiosis-deep-research-falcon.md	239	GO:0009878	nodule organogenesis		UNRESOLVED	0.00	| nodule organogenesis | `GO:0009878` | Host developmental process. |
research/traits/ecology/nitrogen_fixing_symbiosis-deep-research-falcon.md	241	GO:0043934	bacteroid differentiation	sporulation	OK_IN_ROW	1.00	| bacteroid differentiation | `GO:0043934` (sporulation-related terms inappropriate); label-only preferred | A symbiotic cell-state transition, not sporulation. |
research/traits/ecology/nitrogen_fixing_symbiosis-deep-research-falcon.md	247	CHEBI:17997	atmospheric dinitrogen	dinitrogen	OK_LABEL	1.00	| atmospheric dinitrogen | `CHEBI:17997` | Nitrogenase substrate/electron acceptor in the overall reduction. |
research/traits/ecology/nitrogen_fixing_symbiosis-deep-research-falcon.md	248	CHEBI:16134	ammonia	ammonia	OK_LABEL	1.00	| ammonia | `CHEBI:16134` | Distinguish from ammonium, `CHEBI:28938`, according to pH/context. |
research/traits/ecology/nitrogen_fixing_symbiosis-deep-research-falcon.md	248	CHEBI:28938	ammonia	ammonium	OK_IN_ROW	1.00	| ammonia | `CHEBI:16134` | Distinguish from ammonium, `CHEBI:28938`, according to pH/context. |
research/traits/ecology/nitrogen_fixing_symbiosis-deep-research-falcon.md	249	GO:0016163	nitrogenase complex	nitrogenase activity	OK_IN_ROW	1.00	| nitrogenase complex | `GO:0016163` (nitrogenase activity); `EC:1.18.6.1` | Represent NifH/NifDK separately when gene resolution is needed. |
research/traits/ecology/nitrogen_fixing_symbiosis-deep-research-falcon.md	250	CHEBI:15422	atp	ATP	OK_LABEL	1.00	| ATP | `CHEBI:15422` | Required by nitrogenase turnover. |
research/traits/ecology/nitrogen_fixing_symbiosis-deep-research-falcon.md	252	CHEBI:15379	oxygen	dioxygen	OK_LABEL	1.00	| oxygen | `CHEBI:15379` | Both respiratory substrate and nitrogenase inhibitor. |
research/traits/ecology/nitrogen_fixing_symbiosis-deep-research-falcon.md	255	GO:0004129	fixnoqp/cbb3 oxidase	cytochrome-c oxidase activity	DRIFT	0.57	| FixNOQP/cbb3 oxidase | `GO:0004129`; `EC:7.1.1.9` for cytochrome-c oxidase family, verify exact mapping | High-affinity terminal oxidase. |
research/traits/ecology/nitrogen_fixing_symbiosis-deep-research-falcon.md	256	CHEBI:6650	malate	malic acid	DRIFT	0.55	| malate | `CHEBI:6650` | C4-dicarboxylate supplied to bacteroids. |
research/traits/ecology/nitrogen_fixing_symbiosis-deep-research-falcon.md	257	CHEBI:30031	succinate	succinate(2-)	OK_LABEL	1.00	| succinate | `CHEBI:30031` | C4-dicarboxylate supplied to bacteroids. |
research/traits/ecology/nitrogen_fixing_symbiosis-deep-research-falcon.md	259	GO:0006542	gs/gogat pathway	obsolete glutamine biosynthetic process	OBSOLETE	1.00	| GS/GOGAT pathway | `GO:0006542` for glutamine biosynthesis plus enzyme terms | Separate bacterial downregulation from host assimilation. |
research/traits/ecology/nitrogen_fixing_symbiosis-deep-research-falcon.md	260	GO:0004356	glutamine synthetase	glutamine synthetase activity	OK_LABEL	1.00	| glutamine synthetase | `EC:6.3.1.2`; `GO:0004356` | Host and bacterium require distinct nodes. |
research/traits/ecology/nitrogen_fixing_symbiosis-deep-research-falcon.md	262	CHEBI:17992	photosynthate/sucrose	sucrose	OK_LABEL	1.00	| photosynthate/sucrose | sucrose `CHEBI:17992` | Long-distance carbon supply to nodules. |
research/traits/ecology/parasitism-deep-research-falcon.md	265	CHEBI:64583	rab gtpase recruitment to chlamydial inclusion	sphingomyelin	OK_IN_ROW	1.00	| Rab GTPase recruitment to chlamydial inclusion | promotes acquisition of | sphingomyelin/cholesterol/iron | CHEBI:64583 sphingomyelin; CHEBI:16113 cholesterol; CHEBI:18248 iron atom | Chlamydia inclusion development | Hijacking vesicular transport enables acquisition of “sphingomyelin, cholesterol, iron… essential for inclusion development and bacterial growth” (wenbo2024hijackinghostcell pages 1-2) | 10.1080/21505594.2024.2351234; 2024-05 | **Moderate**; review-level but directly tied to nutrient acquisition and growth. |
research/traits/ecology/parasitism-deep-research-falcon.md	265	CHEBI:16113	rab gtpase recruitment to chlamydial inclusion	cholesterol	OK_IN_ROW	1.00	| Rab GTPase recruitment to chlamydial inclusion | promotes acquisition of | sphingomyelin/cholesterol/iron | CHEBI:64583 sphingomyelin; CHEBI:16113 cholesterol; CHEBI:18248 iron atom | Chlamydia inclusion development | Hijacking vesicular transport enables acquisition of “sphingomyelin, cholesterol, iron… essential for inclusion development and bacterial growth” (wenbo2024hijackinghostcell pages 1-2) | 10.1080/21505594.2024.2351234; 2024-05 | **Moderate**; review-level but directly tied to nutrient acquisition and growth. |
research/traits/ecology/parasitism-deep-research-falcon.md	265	CHEBI:18248	rab gtpase recruitment to chlamydial inclusion	iron atom	OK_IN_ROW	1.00	| Rab GTPase recruitment to chlamydial inclusion | promotes acquisition of | sphingomyelin/cholesterol/iron | CHEBI:64583 sphingomyelin; CHEBI:16113 cholesterol; CHEBI:18248 iron atom | Chlamydia inclusion development | Hijacking vesicular transport enables acquisition of “sphingomyelin, cholesterol, iron… essential for inclusion development and bacterial growth” (wenbo2024hijackinghostcell pages 1-2) | 10.1080/21505594.2024.2351234; 2024-05 | **Moderate**; review-level but directly tied to nutrient acquisition and growth. |
research/traits/ecology/parasitism-deep-research-falcon.md	266	CHEBI:17761	cert co-option by chlamydia	ceramide	OK_LABEL	1.00	| CERT co-option by Chlamydia | increases | ceramide delivery for sphingomyelin biosynthesis | CERT [label-only]; CHEBI:17761 ceramide; CHEBI:64583 sphingomyelin | Chlamydia, ER-to-Golgi/non-vesicular lipid transport | “CERT-mediated non-vesicular transport of ceramide… for sphingomyelin biosynthesis, with CERT depletion reducing infectious progeny” (wenbo2024hijackinghostcell pages 3-4) | 10.1080/21505594.2024.2351234; 2024-05 | **High** for Chlamydia-specific edge; includes intervention phenotype (depletion reduces progeny). |
research/traits/ecology/parasitism-deep-research-falcon.md	266	CHEBI:64583	cert co-option by chlamydia	sphingomyelin	OK_IN_ROW	1.00	| CERT co-option by Chlamydia | increases | ceramide delivery for sphingomyelin biosynthesis | CERT [label-only]; CHEBI:17761 ceramide; CHEBI:64583 sphingomyelin | Chlamydia, ER-to-Golgi/non-vesicular lipid transport | “CERT-mediated non-vesicular transport of ceramide… for sphingomyelin biosynthesis, with CERT depletion reducing infectious progeny” (wenbo2024hijackinghostcell pages 3-4) | 10.1080/21505594.2024.2351234; 2024-05 | **High** for Chlamydia-specific edge; includes intervention phenotype (depletion reduces progeny). |
research/traits/ecology/parasitism-deep-research-falcon.md	269	CHEBI:15422	chlamydia trachomatis	ATP	OK_IN_ROW	1.00	| Chlamydia trachomatis | scavenges | host ATP / NTPs | ATP [CHEBI:15422]; NTPs [label-only] | Obligate intracellular bacterial parasitism | “C. trachomatis is described as an energy parasite scavenging ATP and NTPs from host cells” (mandel2024metabolismandphysiology pages 5-6) | 10.3389/fcimb.2024.1284701; 2024-03 | **Moderate-high**; central metabolic parasitism edge, though framed in review language. |
research/traits/ecology/parasitism-deep-research-falcon.md	270	CHEBI:15422	atp/adp translocases	ATP	OK_LABEL	1.00	| ATP/ADP translocases | enable | host ATP scavenging (“energy parasitism”) | ATP/ADP translocase [label-only]; ATP [CHEBI:15422]; ADP [CHEBI:16761] | Chlamydia and Rickettsia | “Chlamydia and Rickettsia scavenge ATP from hosts via ATP/ADP translocases” (mandel2024metabolismandphysiology pages 2-4) | 10.3389/fcimb.2024.1284701; 2024-03 | **Moderate**; broad but highly relevant backbone mechanism for intracellular parasitism. |
research/traits/ecology/parasitism-deep-research-falcon.md	270	CHEBI:16761	atp/adp translocases	ADP	OK_LABEL	1.00	| ATP/ADP translocases | enable | host ATP scavenging (“energy parasitism”) | ATP/ADP translocase [label-only]; ATP [CHEBI:15422]; ADP [CHEBI:16761] | Chlamydia and Rickettsia | “Chlamydia and Rickettsia scavenge ATP from hosts via ATP/ADP translocases” (mandel2024metabolismandphysiology pages 2-4) | 10.3389/fcimb.2024.1284701; 2024-03 | **Moderate**; broad but highly relevant backbone mechanism for intracellular parasitism. |
research/traits/ecology/parasitism-deep-research-falcon.md	273	CHEBI:29033	coxiella burnetii feoab transporter	iron(2+)	OK_IN_ROW	1.00	| Coxiella burnetii FeoAB transporter | acquires | Fe2+ from acidic CCV | FeoAB [label-only]; CHEBI:29033 Fe2+; CCV [label-only] | C. burnetii in acidic Coxiella-containing vacuole | “acquires iron via the Fe2+-specific FeoAB transporter from the acidic CCV” (mandel2024metabolismandphysiology pages 8-9) | 10.3389/fcimb.2024.1284701; 2024-03 | **High**; concrete transporter-to-nutrient edge suitable for curation. |
research/traits/ecology/parasitism-deep-research-falcon.md	281	CHEBI:15351	toxoplasma gondii acyl-coa acyltransferases / diacylglycerol acyltransferases	acetyl-CoA	OK_IN_ROW	1.00	| Toxoplasma gondii acyl-CoA acyltransferases / diacylglycerol acyltransferases | scavenge | host acetyl-CoA and cholesterol esters | acyl-CoA acyltransferase [label-only]; diacylglycerol acyltransferase [label-only]; acetyl-CoA [CHEBI:15351]; cholesterol ester [label-only] | T. gondii intracellular parasitism | “Toxoplasma uses specific acyl-CoA acyltransferases and diacylglycerol acyltransferases to scavenge acetyl-CoA and cholesterol esters from hosts” (ewald2024theintersectionof pages 19-21) | 10.1128/mmbr.00164-22; 2024-03 | **Moderate-high**; good eukaryotic parasite nutrient-scavenging exemplar, though enzyme IDs not grounded here. |
research/traits/ecology/parasitism-deep-research-falcon.md	282	GO:0006096	plasmodium dependence on host glycolysis / glutamine acquisition	glycolytic process	OK_LABEL	1.00	| Plasmodium dependence on host glycolysis / glutamine acquisition | supports | asexual replication and liver-stage growth | glycolysis [GO:0006096]; glutamine [CHEBI:18050] | Plasmodium spp. in erythrocytes/liver stages | “Plasmodium depends on host glycolysis for asexual replication” and “cationic amino acid uptake [is] critical for liver stage parasites”; low plasma glutamine associates with severe malaria (ewald2024theintersectionof pages 19-21, ewald2024theintersectionof pages 7-9) | 10.1128/mmbr.00164-22; 2024-03 | **Moderate**; partially mixed across life stages and taxa, so curate carefully with context note. |
research/traits/ecology/parasitism-deep-research-falcon.md	282	CHEBI:18050	plasmodium dependence on host glycolysis / glutamine acquisition	L-glutamine	OK_LABEL	1.00	| Plasmodium dependence on host glycolysis / glutamine acquisition | supports | asexual replication and liver-stage growth | glycolysis [GO:0006096]; glutamine [CHEBI:18050] | Plasmodium spp. in erythrocytes/liver stages | “Plasmodium depends on host glycolysis for asexual replication” and “cationic amino acid uptake [is] critical for liver stage parasites”; low plasma glutamine associates with severe malaria (ewald2024theintersectionof pages 19-21, ewald2024theintersectionof pages 7-9) | 10.1128/mmbr.00164-22; 2024-03 | **Moderate**; partially mixed across life stages and taxa, so curate carefully with context note. |
research/traits/ecology/pathogenic_to_host-deep-research-falcon.md	228	GO:0044406	host colonization	adhesion of symbiont to host	DRIFT	0.57	| host colonization | `GO:0044406` | Upstream enabling process; not equivalent to disease. |
research/traits/ecology/pathogenic_to_host-deep-research-falcon.md	229	GO:0009405	pathogenesis	obsolete pathogenesis	OBSOLETE	1.00	| pathogenesis | `GO:0009405` | Broad process candidate connecting mechanisms to disease. |
research/traits/ecology/pathogenic_to_host-deep-research-falcon.md	230	GO:0044403	symbiont process	biological process involved in symbiotic interaction	DRIFT	0.90	| symbiont process | `GO:0044403` | Broad parent-level process; use only if compatible with schema conventions. |
research/traits/ecology/pathogenic_to_host-deep-research-falcon.md	231	GO:0031640	host-cell killing	killing of cells of another organism	DRIFT	0.32	| host-cell killing | `GO:0031640` | Appropriate for directly demonstrated microbial killing of host cells. |
research/traits/ecology/pathogenic_to_host-deep-research-falcon.md	237	GO:0044406	adhesin activity	adhesion of symbiont to host	DRIFT	0.62	| adhesin activity | `GO:0044406` may capture colonization; specific adhesin nodes may remain label-only | Attachment to host receptors or extracellular matrix. |
research/traits/ecology/pathogenic_to_host-deep-research-falcon.md	241	GO:0071973	bacterial-type flagellum-dependent motility	bacterial-type flagellum-dependent cell motility	DRIFT	0.95	| bacterial-type flagellum-dependent motility | `GO:0071973` | Enables access to host surfaces and, in some taxa, mucus traversal. |
research/traits/ecology/pathogenic_to_host-deep-research-falcon.md	242	GO:0006935	chemotaxis	chemotaxis	OK_LABEL	1.00	| chemotaxis | `GO:0006935` | Environmental sensing and directed movement. |
research/traits/ecology/pathogenic_to_host-deep-research-falcon.md	243	GO:0044409	invasion of host cell	symbiont entry into host	OK_LABEL	1.00	| invasion of host cell | `GO:0044409` | Use only where internalization is experimentally shown. |
research/traits/ecology/pathogenic_to_host-deep-research-falcon.md	249	GO:0030257	type iii protein secretion system	type III protein secretion system complex	OK_LABEL	1.00	| type III protein secretion system | `GO:0030257` | Injects effectors into eukaryotic cells. |
research/traits/ecology/pathogenic_to_host-deep-research-falcon.md	253	GO:0035635	bacterial effector delivery into host cell	entry of bacterium into host cell	DRIFT	0.79	| bacterial effector delivery into host cell | `GO:0035635` | Useful mechanistic edge between secretion apparatus and intracellular manipulation. |
research/traits/ecology/pathogenic_to_host-deep-research-falcon.md	263	GO:0008233	extracellular protease	peptidase activity	OK_IN_ROW	1.00	| extracellular protease | `GO:0008233` for peptidase activity, with specific protein identifier | Matrix degradation, barrier disruption, or immune-component cleavage. |
research/traits/ecology/pathogenic_to_host-deep-research-falcon.md	264	GO:0009039	urease	urease activity	OK_LABEL	1.00	| urease | `EC:3.5.1.5`; `GO:0009039` | Urea hydrolysis; a demonstrated virulence mechanism in *P. mirabilis*. |
research/traits/ecology/pathogenic_to_host-deep-research-falcon.md	267	CHEBI:16199	urea	urea	OK_LABEL	1.00	| urea | `CHEBI:16199` | Environmental substrate and UreR signal. |
research/traits/ecology/pathogenic_to_host-deep-research-falcon.md	268	CHEBI:16134	ammonia	ammonia	OK_LABEL	1.00	| ammonia | `CHEBI:16134` | Urease product and weak base. |
research/traits/ecology/pathogenic_to_host-deep-research-falcon.md	269	CHEBI:28112	nickel(2+)	nickel atom	OK_LABEL	1.00	| nickel(2+) | `CHEBI:28112` | Urease cofactor. |
research/traits/ecology/pathogenic_to_host-deep-research-falcon.md	271	CHEBI:63036	struvite	potassium dihydrogen phosphate	DRIFT	0.33	| struvite | `CHEBI:63036` | Urinary-stone mineral; verify schema compatibility before use. |
research/traits/ecology/pathogenic_to_host-deep-research-falcon.md	278	GO:0015891	siderophore-mediated iron uptake	siderophore transport	DRIFT	0.64	| siderophore-mediated iron uptake | `GO:0015891` | Counteracts host nutritional immunity and supports in-host growth. |
research/traits/ecology/pathogenic_to_host-deep-research-falcon.md	279	CHEBI:24875	iron ion	iron cation	DRIFT	0.82	| iron ion | `CHEBI:24875` | Nutrient constrained by host sequestration. |
research/traits/ecology/pathogenic_to_host-deep-research-falcon.md	280	CHEBI:91398	salmochelin	LSM-1131	DRIFT	0.22	| salmochelin | `CHEBI:91398` if confirmed during implementation | Lipocalin-2-resistant siderophore used by *Salmonella*. |
research/traits/ecology/pathogenic_to_host-deep-research-falcon.md	291	CHEBI:16412	lipopolysaccharide	lipopolysaccharide	OK_LABEL	1.00	| lipopolysaccharide | `CHEBI:16412` | Context-dependent surface molecule; specific structures may alter innate recognition. |
research/traits/ecology/pathogenic_to_host-deep-research-falcon.md	292	GO:0020033	antigenic variation	antigenic variation	OK_LABEL	1.00	| antigenic variation | `GO:0020033` | Reduces recognition by adaptive immunity. |
research/traits/ecology/pathogenic_to_host-deep-research-falcon.md	293	GO:0042710	biofilm formation	biofilm formation	OK_LABEL	1.00	| biofilm formation | `GO:0042710` | Promotes persistence, device colonization, and protection from immune or antimicrobial clearance. |
research/traits/ecology/pathogenic_to_host-deep-research-falcon.md	294	GO:0052170	evasion of host immune response	symbiont-mediated suppression of host innate immune response	DRIFT	0.78	| evasion of host immune response | `GO:0052170` | General process; use narrower descendants where mechanism is known. |
research/traits/ecology/pathogenic_to_host-deep-research-falcon.md	302	GO:0009372	quorum sensing	quorum sensing	OK_LABEL	1.00	| quorum sensing | `GO:0009372` | Coordinates density-dependent virulence and biofilm programs. |
research/traits/ecology/pathogenic_to_host-deep-research-falcon.md	303	GO:0000160	two-component regulatory system	phosphorelay signal transduction system	DRIFT	0.31	| two-component regulatory system | `GO:0000160` | Environmental sensing and virulence transcription. |
research/traits/ecology/pathogenic_to_host-deep-research-falcon.md	305	GO:0005727	plasmid	extrachromosomal circular DNA	DRIFT	0.18	| plasmid | `GO:0005727` for plasmid cellular component, where appropriate | Can transfer virulence and resistance genes. |
research/traits/ecology/pathogenic_to_host-deep-research-falcon.md	306	GO:0044027	horizontal gene transfer	negative regulation of gene expression via chromosomal CpG island methylation	DRIFT	0.33	| horizontal gene transfer | `GO:0044027` | Acquisition/spread of virulence modules. |
research/traits/ecology/plant_pathogen-deep-research-falcon.md	262	GO:0030254	plant-derived organic acids and amino acids	protein secretion by the type III secretion system	DRIFT	0.23	| plant-derived organic acids and amino acids | induce | HrpRS/HrpL-regulated Hrp T3SS expression | Bacterial phytopathogens; strongest direct evidence in *Pseudomonas syringae*; host-signal regulation is taxon-tested, not universalized (o’malley2021regulationofthe pages 5-6, o’malley2021regulationofthe pages 1-2, o’malley2021regulationofthe pages 15-17) | high | subject: label-only candidate; object: Hrp T3SS / GO:0030254 candidate for type III secretion process |
research/traits/ecology/plant_pathogen-deep-research-falcon.md	263	GO:0030254	hrp type iii secretion system	protein secretion by the type III secretion system	DRIFT	0.81	| Hrp type III secretion system | translocates | effector proteins into plant cells | Bacterial phytopathogens broadly; classic Hrp T3SS model (o’malley2021regulationofthe pages 1-2, santosbriones2024algorithmsforeffector pages 2-4) | high | subject: Hrp T3SS / GO:0030254 candidate; object: type III effector proteins (label-only candidate) |
research/traits/ecology/plant_pathogen-deep-research-falcon.md	265	GO:0009288	bacterial-type flagellum / flagellar motility	bacterial-type flagellum	OK_LABEL	1.00	| bacterial-type flagellum / flagellar motility | enables | entry from intact plant surface | Strongest evidence in *Ralstonia solanacearum* and *Pseudomonas syringae*; surface inoculation context-specific (pfeilmeier2016bacterialpathogenesisof pages 7-8) | high | subject: GO:0009288; object: plant surface entry (label-only candidate) |
research/traits/ecology/rhizosphere_association-deep-research-falcon.md	367	GO:0006935	chemotaxis	chemotaxis	OK_LABEL	1.00	| chemotaxis | `GO:0006935` | Suitable process node. |
research/traits/ecology/rhizosphere_association-deep-research-falcon.md	368	GO:0001539	flagellum-dependent motility	cilium or flagellum-dependent cell motility	DRIFT	0.81	| flagellum-dependent motility | `GO:0001539` | Verify applicability to the microbial annotation profile in use. |
research/traits/ecology/rhizosphere_association-deep-research-falcon.md	369	GO:0042710	biofilm formation	biofilm formation	OK_LABEL	1.00	| biofilm formation | `GO:0042710` | Suitable broad process node. |
research/traits/ecology/rhizosphere_association-deep-research-falcon.md	370	CHEBI:15318	xanthine	xanthine	OK_LABEL	1.00	| xanthine | `CHEBI:15318` | High-confidence chemical candidate. |
research/traits/ecology/rhizosphere_association-deep-research-falcon.md	371	CHEBI:17234	glucose	glucose	OK_LABEL	1.00	| glucose | `CHEBI:17234` | Specify stereochemistry when the paper does. |
research/traits/ecology/rhizosphere_association-deep-research-falcon.md	372	CHEBI:15824	sucrose	D-fructose	DRIFT	0.62	| sucrose | `CHEBI:15824` | High-confidence chemical candidate. |
research/traits/ecology/rhizosphere_association-deep-research-falcon.md	373	CHEBI:30769	citric acid	citric acid	OK_LABEL	1.00	| citric acid | `CHEBI:30769` | Check whether citrate rather than neutral acid is intended at physiological pH. |
research/traits/ecology/rhizosphere_association-deep-research-falcon.md	374	CHEBI:30797	l-malic acid	(S)-malic acid	OK_LABEL	1.00	| L-malic acid | `CHEBI:30797` | Preserve stereochemistry. |
research/traits/ecology/rhizosphere_association-deep-research-falcon.md	375	CHEBI:30887	fumaric acid	isocitric acid	DRIFT	0.58	| fumaric acid | `CHEBI:30887` | Check protonation state if reaction-level modeling is added. |
research/traits/ecology/soil_dwelling-deep-research-falcon.md	204	ENVO:00001998	soil	soil	OK_LABEL	1.00	| soil | `ENVO:00001998` | Primary environmental material and trait object |
research/traits/ecology/soil_dwelling-deep-research-falcon.md	211	CHEBI:15379	oxygen / redox status	dioxygen	OK_LABEL	1.00	| oxygen / redox status | `CHEBI:15379` for dioxygen; redox state label-only | Electron acceptor availability and microsite selector |
research/traits/ecology/soil_dwelling-deep-research-falcon.md	224	GO:0043934	sporulation	sporulation	OK_LABEL	1.00	| sporulation | `GO:0043934` | Taxon-restricted persistence strategy |
research/traits/ecology/soil_dwelling-deep-research-falcon.md	225	GO:0042710	biofilm formation	biofilm formation	OK_LABEL	1.00	| biofilm formation | `GO:0042710` | Often microhabitat- or rhizosphere-specific |
research/traits/ecology/soil_dwelling-deep-research-falcon.md	226	GO:0006935	chemotaxis	chemotaxis	OK_LABEL	1.00	| chemotaxis | `GO:0006935` | Supports movement toward resources where motility is possible |
research/traits/ecology/soil_dwelling-deep-research-falcon.md	235	GO:0009399	nitrogen fixation	nitrogen fixation	OK_LABEL	1.00	| nitrogen fixation | `GO:0009399` | Functional module, not universal soil trait |
research/traits/environment/aerobic-deep-research-falcon.md	274	CHEBI:15379	molecular oxygen (o2) presence	dioxygen	OK_LABEL	1.00	| molecular oxygen (O2) presence | permits | aerobic growth | CHEBI:15379; METPO:1000602 | High; trait-level definition for aerobes, but not sufficient alone to distinguish obligate from facultative aerobes (flamholz2024annotationfreepredictionof pages 1-3) |
research/traits/environment/aerobic-deep-research-falcon.md	277	CHEBI:15379	terminal oxidase	dioxygen	OK_IN_ROW	1.00	| terminal oxidase | reduces | O2 to water | terminal oxidase label-only; CHEBI:15379; CHEBI:15377 | High; core mechanistic hallmark of aerobic respiration (bueno2012bacterialadaptationof pages 2-4, borisov2025carbonmonoxideand pages 5-7, borisov2015oxygenasacceptor pages 1-2, wikstrom2018oxygenactivationand pages 1-2) |
research/traits/environment/aerobic-deep-research-falcon.md	277	CHEBI:15377	terminal oxidase	water	OK_IN_ROW	1.00	| terminal oxidase | reduces | O2 to water | terminal oxidase label-only; CHEBI:15379; CHEBI:15377 | High; core mechanistic hallmark of aerobic respiration (bueno2012bacterialadaptationof pages 2-4, borisov2025carbonmonoxideand pages 5-7, borisov2015oxygenasacceptor pages 1-2, wikstrom2018oxygenactivationand pages 1-2) |
research/traits/environment/aerobic-deep-research-falcon.md	278	GO:0015986	heme-copper oxidase	proton motive force-driven ATP synthesis	DRIFT	0.48	| heme-copper oxidase | translocates | protons across membrane | heme-copper oxidase label-only; GO:0015986 | High; broad for HCO family, but stoichiometry varies by family/type such as A, B, and C (bueno2012bacterialadaptationof pages 2-4, borisov2025carbonmonoxideand pages 5-7, wikstrom2018oxygenactivationand pages 1-2) |
research/traits/environment/aerobic-deep-research-falcon.md	279	GO:0015986	cytochrome bd oxidase	proton motive force-driven ATP synthesis	DRIFT	0.45	| cytochrome bd oxidase | generates | proton motive force | cytochrome bd oxidase label-only; GO:0015986 | High; broad bacterial statement that bd is electrogenic and generates PMF without proton pumping (borisov2025carbonmonoxideand pages 5-7, borisov2015oxygenasacceptor pages 20-21, melo2016supramolecularorganizationof pages 3-5) |
research/traits/environment/aerobic-deep-research-falcon.md	280	GO:0015986	proton motive force	proton motive force-driven ATP synthesis	OK_LABEL	1.00	| proton motive force | drives | ATP synthase | GO:0015986; ATP synthase label-only | High; general respiratory bioenergetics across bacteria (bueno2012bacterialadaptationof pages 2-4, wikstrom2018oxygenactivationand pages 1-2) |
research/traits/environment/aerobic-deep-research-falcon.md	281	CHEBI:15379	o2	dioxygen	OK_LABEL	1.00	| O2 | converts or inactivates | FNR [4Fe-4S] sensor state | CHEBI:15379; FNR label-only | High; strongest in facultative bacteria such as Escherichia coli and Bacillus systems, not universal across all aerobes (barth2018originandphylogenetic pages 1-2, price2021bacterialapproachesto pages 11-12) |
research/traits/environment/aerobic-deep-research-falcon.md	283	CHEBI:15379	o2 or ros	dioxygen	OK_LABEL	1.00	| O2 or ROS | damages or inhibits | exposed Fe-S enzymes | CHEBI:15379; reactive oxygen species label-only; Fe-S enzyme label-only | High; broad biochemical constraint on oxygen-sensitive metabolism, but not specific to aerobes alone (mrnjavac2024theradicalimpact pages 7-9, barth2018originandphylogenetic pages 1-2, mrnjavac2024theradicalimpact pages 15-17) |
research/traits/environment/alkaphilic-deep-research-falcon.md	259	GO:0015385	na+/h+ antiporters (go:0015385)	sodium:proton antiporter activity	DRIFT	0.42	| Na+/H+ antiporters (GO:0015385) | import | H+ | 10.1074/jbc.m116.751016 (2016-12) | “Na+/H+ exchangers catalyze active proton transport, resulting in efflux of intracellular monovalent cations (Na+, K+, Li+) in exchange for external protons” (cheng(程彬)2016alkalineresponseof pages 2-4) | Strong direct transporter mechanism; taxon demonstrated in Halomonas sp. Y2, broadly consistent with alkaliphily literature. |
research/traits/environment/alkaphilic-deep-research-falcon.md	260	GO:0015385	na+/h+ antiporters (go:0015385)	sodium:proton antiporter activity	DRIFT	0.42	| Na+/H+ antiporters (GO:0015385) | export | CHEBI:29101 sodium(1+) | 10.1074/jbc.m116.751016 (2016-12); 10.3390/ijms23169156 (2022-08) | “efflux of intracellular monovalent cations (Na+, K+, Li+) in exchange for external protons”; “membrane-potential-driven Na+/H+ antiport activity” (cheng(程彬)2016alkalineresponseof pages 2-4, patinoruiz2022prokaryoticna+h+exchangers—transport pages 4-5) | Strong for sodium export; broad but transporter-family-general. |
research/traits/environment/alkaphilic-deep-research-falcon.md	260	CHEBI:29101	na+/h+ antiporters (go:0015385)	sodium(1+)	OK_LABEL	1.00	| Na+/H+ antiporters (GO:0015385) | export | CHEBI:29101 sodium(1+) | 10.1074/jbc.m116.751016 (2016-12); 10.3390/ijms23169156 (2022-08) | “efflux of intracellular monovalent cations (Na+, K+, Li+) in exchange for external protons”; “membrane-potential-driven Na+/H+ antiport activity” (cheng(程彬)2016alkalineresponseof pages 2-4, patinoruiz2022prokaryoticna+h+exchangers—transport pages 4-5) | Strong for sodium export; broad but transporter-family-general. |
research/traits/environment/alkaphilic-deep-research-falcon.md	261	GO:0015385	na+/h+ antiporters (go:0015385)	sodium:proton antiporter activity	DRIFT	0.42	| Na+/H+ antiporters (GO:0015385) | export | potassium(1+) / lithium(1+) | 10.1074/jbc.m116.751016 (2016-12) | “efflux of intracellular monovalent cations (Na+, K+, Li+) in exchange for external protons” (cheng(程彬)2016alkalineresponseof pages 2-4) | Moderate; direct in Halomonas sp. Y2 and some antiporters, but not universal for all Na+/H+ antiporters. |
research/traits/environment/cadmium_tolerant-deep-research-falcon.md	231	CHEBI:48775	elevated bioavailable cd(ii) exposure	cadmium(2+)	OK_IN_ROW	1.00	| elevated bioavailable Cd(II) exposure | **CHEBI:48775** candidate for cadmium(2+); environmental-exposure node otherwise label-only | Validate the ChEBI release before committing. Record Cd salt and speciation separately. |
research/traits/environment/copper_tolerant-deep-research-falcon.md	235	CHEBI:49552	copper(i), cu(i)	copper(1+)	DRIFT	0.80	| Copper(I), Cu(I) | `CHEBI:49552` | Predominant transported/sensed toxic species in many characterized systems. |
research/traits/environment/copper_tolerant-deep-research-falcon.md	236	CHEBI:29036	copper(ii), cu(ii)	copper(2+)	OK_LABEL	1.00	| Copper(II), Cu(II) | `CHEBI:29036` | Commonly supplied as CuSO4; may be reduced to Cu(I) intracellularly or under anoxia. |
research/traits/environment/copper_tolerant-deep-research-falcon.md	237	CHEBI:15379	molecular oxygen	dioxygen	OK_LABEL	1.00	| Molecular oxygen | `CHEBI:15379` | Required electron acceptor for CueO/PcoA/CopA multicopper-oxidase activity. |
research/traits/environment/copper_tolerant-deep-research-falcon.md	238	ENVO:00002040	anaerobic condition	wood	DRIFT	0.27	| Anaerobic condition | `ENVO:00002040` is a possible environmental grounding; otherwise label-only | Strong modifier of Cus dependence; verify ontology fit before committing. |
research/traits/environment/copper_tolerant-deep-research-falcon.md	247	GO:0005375	copa/cupa p1b1-type atpase	copper ion transmembrane transporter activity	DRIFT	0.30	| CopA/CupA P1B1-type ATPase | ATP-driven Cu(I) export from cytoplasm to periplasm; usually the central cytoplasmic detoxification step (hirth2023fullcopperresistance pages 16-18, andrei2020cuhomeostasisin pages 16-19) | Label plus organism-specific identifier; molecular function may be associated with `GO:0005375` copper-ion transmembrane transporter activity and process `GO:0006825` copper-ion transport. |
research/traits/environment/copper_tolerant-deep-research-falcon.md	247	GO:0006825	copa/cupa p1b1-type atpase	copper ion transport	DRIFT	0.35	| CopA/CupA P1B1-type ATPase | ATP-driven Cu(I) export from cytoplasm to periplasm; usually the central cytoplasmic detoxification step (hirth2023fullcopperresistance pages 16-18, andrei2020cuhomeostasisin pages 16-19) | Label plus organism-specific identifier; molecular function may be associated with `GO:0005375` copper-ion transmembrane transporter activity and process `GO:0006825` copper-ion transport. |
research/traits/environment/copper_tolerant-deep-research-falcon.md	255	CHEBI:16856	gsha / glutathione	glutathione	OK_LABEL	1.00	| GshA / glutathione | Supports copper defense in *C. metallidurans* but does not independently substitute for primary exporters (hirth2023fullcopperresistance pages 7-9, hirth2023fullcopperresistance pages 9-11) | Glutathione: `CHEBI:16856`; GshA should be taxon-specific. |
research/traits/environment/copper_tolerant-deep-research-falcon.md	263	CHEBI:15422	atp	ATP	OK_LABEL	1.00	| ATP | `CHEBI:15422`; energy source for CopA/CupA transport. |
research/traits/environment/copper_tolerant-deep-research-falcon.md	264	CHEBI:16761	adp	ADP	OK_LABEL	1.00	| ADP | `CHEBI:16761`; product of ATP-dependent transport cycle. |
research/traits/environment/copper_tolerant-deep-research-falcon.md	265	CHEBI:16856	glutathione	glutathione	OK_LABEL	1.00	| Glutathione | `CHEBI:16856`; redox/accessory defense. |
research/traits/environment/copper_tolerant-deep-research-falcon.md	266	GO:0005737	cytoplasm	cytoplasm	OK_LABEL	1.00	| Cytoplasm | `GO:0005737`; location of CueR, CopZ and the toxic pool handled by P1B ATPases. |
research/traits/environment/copper_tolerant-deep-research-falcon.md	267	GO:0005886	plasma membrane	plasma membrane	OK_LABEL	1.00	| Plasma membrane | `GO:0005886`; location of CopA/CupA and CusA. |
research/traits/environment/copper_tolerant-deep-research-falcon.md	268	GO:0042597	periplasmic space	periplasmic space	OK_LABEL	1.00	| Periplasmic space | `GO:0042597`; location of CueO/PcoA/CopA oxidases, CusF and the pool sensed by CusS. |
research/traits/environment/copper_tolerant-deep-research-falcon.md	269	GO:0019867	bacterial outer membrane	outer membrane	OK_LABEL	1.00	| Bacterial outer membrane | `GO:0019867`; traversed by CusC and affected by Pco proteins. |
research/traits/environment/copper_tolerant-deep-research-falcon.md	270	GO:0005576	extracellular region	extracellular region	OK_LABEL	1.00	| Extracellular region | `GO:0005576`; destination of Cus-mediated export and location of EPS. |
research/traits/environment/copper_tolerant-deep-research-falcon.md	271	GO:0006825	copper-ion transport	copper ion transport	DRIFT	1.00	| Copper-ion transport | `GO:0006825`; broad process node. |
research/traits/environment/desiccation_tolerant-deep-research-falcon.md	306	CHEBI:26523	extreme dehydration	reactive oxygen species	OK_IN_ROW	1.00	"| Extreme dehydration | causes | Reactive oxygen species (ROS) accumulation | CHEBI:26523 (ROS) | Bacteria | Association/review | 10.3390/microorganisms10020432 (2022) | ""Desiccation results in abnormally large amounts of reactive oxygen species (ROS)"" (grzyb2022introductiontobacterial pages 5-7) | Consequence of electron transport chain disruption and exposure to air. |"
research/traits/environment/desiccation_tolerant-deep-research-falcon.md	310	CHEBI:16651	otsach gene	(S)-lactate	DRIFT	0.44	"| otsAch gene | enables | Trehalose biosynthesis | CHEBI:16651 (trehalose) | *Rhizobium etli* | Direct perturbation | 10.1186/1471-2180-12-207 (2012) | ""otsAch mutant completely lacked trehalose and only accumulated mannitol and glutamate"" (reinabueno2012roleoftrehalose pages 9-10) | Specific to minimal medium growth. |"
research/traits/environment/desiccation_tolerant-deep-research-falcon.md	314	GO:0044848	metabolic dormancy	biological phase	OK_IN_ROW	1.00	"| Metabolic dormancy | promotes | Long-term persistence | GO:0044848 (biological phase) | *Salmonella enterica* | Association/review | 10.1038/nrmicro.2017.16 (2017) | ""shift to a viable but non-culturable (VBNC) state... less than 5% of the genome... is transcribed... essential for the persistence"" (lebre2017xerotolerantbacteriasurviving pages 9-12) | Also seen in starvation/stationary phase cell cycle arrest. |"
research/traits/environment/desiccation_tolerant-deep-research-falcon.md	315	CHEBI:26523	antioxidant enzymes (sod, cat)	reactive oxygen species	OK_IN_ROW	1.00	"| Antioxidant enzymes (SOD, CAT) | detoxifies | Reactive oxygen species (ROS) | CHEBI:26523 (ROS) | Prokaryotes, Archaea | Association/review | 10.1007/s00709-025-02134-1 (2025) | ""antioxidant enzymes (SOD, CAT, peroxiredoxin... that eliminate ROS under cellular stress"" (roseteenriquez2025survivingdesiccationkey pages 16-17) | Defense mechanism against secondary desiccation damage. |"
research/traits/environment/extreme_hyperthermophilic-deep-research-falcon.md	245	ENVO:00002011	envo:00002011 high temperature environment	fresh water	DRIFT	0.21	| ENVO:00002011 high temperature environment | enables / selects for | METPO:1000721 extreme hyperthermophilic | DOI:10.1128/mmbr.65.1.1-43.2001 (2001-03); DOI:10.1080/20014091074174 (2001-01) | “hyperthermophiles… grow optimally at 80–110°C” and *Pyrolobus fumarii* is reported at “90–113°C” (vieille2001hyperthermophilicenzymessources pages 4-5, sterner2001thermophilicadaptationof pages 3-4) | Review synthesis. Use only as trait-defining environmental context or selection pressure; not a mechanistic intracellular edge. |
research/traits/environment/extreme_hyperthermophilic-deep-research-falcon.md	248	GO:0006265	reverse gyrase (label-only; gene/protein)	DNA topological change	DRIFT	0.23	| reverse gyrase (label-only; gene/protein) | positively supercoils / regulates topology of | DNA topology / positive DNA supercoiling (GO:0006265 not exact; keep label-only) | DOI:10.1007/s00792-017-0929-z (2017-03) | “The authors propose a temperature threshold above 90°C where reverse gyrase activity becomes essential for maintaining correct DNA twist” (lipscomb2017reversegyraseis pages 1-2) | Mechanistic inference from deletion plus prior biochemistry. Curate as uncertain unless supported by a direct topology assay in the focal taxon/condition. |
research/traits/environment/extreme_hyperthermophilic-deep-research-falcon.md	250	CHEBI:60279	chebi:60279 di-myo-inositol phosphate	5-[3-bromo-4-(dimethylamino)phenyl]-2,2-dimethyl-2,3,5,6-tetrahydrobenzo[a]phenanthridin-4(1H)-one	DRIFT	0.30	| CHEBI:60279 di-myo-inositol phosphate | functionally interchangeable with | mannosylglycerate (label-only) during heat adaptation in NCBITaxon:2261 *Pyrococcus furiosus* | DOI:10.1128/aem.00559-14 (2014-07) | “Mannosylglycerate and Di-myo-Inositol Phosphate Have Interchangeable Roles during Adaptation of *Pyrococcus furiosus* to Heat Stress” (esteves2014mannosylglycerateanddi pages 12-16) | Direct mutant physiology. Strong but taxon-specific; model as compensatory thermoprotectant edge rather than universal necessity. |
research/traits/environment/extreme_hyperthermophilic-deep-research-falcon.md	251	CHEBI:60279	chebi:60279 di-myo-inositol phosphate	5-[3-bromo-4-(dimethylamino)phenyl]-2,2-dimethyl-2,3,5,6-tetrahydrobenzo[a]phenanthridin-4(1H)-one	DRIFT	0.30	| CHEBI:60279 di-myo-inositol phosphate | protects against | heat stress / thermal damage (label-only) | DOI:10.1128/jb.01115-09 (2010-01); DOI:10.1128/aem.71.12.8091-8098.2005 (2005-12) | “protect proteins against thermal denaturation” and “protect proteins against heat damage” | Direct/physiological across hyperthermophiles but not from current context IDs; therefore keep as literature-backed note only in downstream curation. |
research/traits/environment/extremely_halophilic-deep-research-falcon.md	204	CHEBI:26710	high external nacl concentration	sodium chloride	OK_LABEL	1.00	| high external NaCl concentration | NaCl: `CHEBI:26710` | Attach concentration, units, medium, and assay conditions. |
research/traits/environment/extremely_halophilic-deep-research-falcon.md	208	GO:0006970	response to osmotic stress	response to osmotic stress	OK_LABEL	1.00	| response to osmotic stress | `GO:0006970` | Broad process node. |
research/traits/environment/extremely_halophilic-deep-research-falcon.md	214	CHEBI:29103	potassium ion	potassium(1+)	OK_LABEL	1.00	| potassium ion | `CHEBI:29103` | Principal accumulated cation in classical salt-in adaptation. |
research/traits/environment/extremely_halophilic-deep-research-falcon.md	215	CHEBI:29101	sodium ion	sodium(1+)	OK_LABEL	1.00	| sodium ion | `CHEBI:29101` | Dominant external ion; cytoplasmic excess is limited by export/exchange. |
research/traits/environment/extremely_halophilic-deep-research-falcon.md	216	CHEBI:17996	chloride	chloride	OK_LABEL	1.00	| chloride | `CHEBI:17996` | Counter-ion in intracellular KCl; uptake mechanism is incompletely resolved. |
research/traits/environment/extremely_halophilic-deep-research-falcon.md	217	CHEBI:24636	proton	proton	OK_LABEL	1.00	| proton | `CHEBI:24636` | Couples proton motive force to secondary transport. |
research/traits/environment/extremely_halophilic-deep-research-falcon.md	218	CHEBI:17750	glycine betaine	glycine betaine	OK_LABEL	1.00	| glycine betaine | `CHEBI:17750` | Compatible solute in hybrid strategies. |
research/traits/environment/extremely_halophilic-deep-research-falcon.md	219	CHEBI:29985	l-glutamate	L-glutamate(1-)	OK_LABEL	1.00	| L-glutamate | `CHEBI:29985` | Compatible-solute/anionic pool in *N. thermophilus*. |
research/traits/environment/extremely_halophilic-deep-research-falcon.md	220	CHEBI:17203	l-proline	L-proline	OK_LABEL	1.00	| L-proline | `CHEBI:17203` | Compatible solute in the experimentally supported bacterial hybrid mechanism. |
research/traits/environment/extremely_halophilic-deep-research-falcon.md	221	CHEBI:10357	ectoine	(-)-beta-caryophyllene	DRIFT	0.42	| ectoine | `CHEBI:10357` | Important bacterial osmolyte, but not a universal extreme-halophile mechanism. |
research/traits/environment/extremely_halophilic-deep-research-falcon.md	222	CHEBI:27082	trehalose	trehalose	OK_LABEL	1.00	| trehalose | `CHEBI:27082` | Taxon- and salinity-range-specific osmoprotectant candidate. |
research/traits/environment/extremely_halophilic-deep-research-falcon.md	241	GO:0005886	plasma membrane	plasma membrane	OK_LABEL	1.00	| plasma membrane | `GO:0005886` |
research/traits/environment/extremely_halophilic-deep-research-falcon.md	242	GO:0034220	ion transmembrane transport	monoatomic ion transmembrane transport	OK_LABEL	1.00	| ion transmembrane transport | `GO:0034220` |
research/traits/environment/extremely_halophilic-deep-research-falcon.md	249	GO:0006487	protein n-glycosylation	protein N-linked glycosylation	DRIFT	0.88	| protein N-glycosylation | `GO:0006487` |
research/traits/environment/facultative_oxygen_preference-deep-research-falcon.md	216	CHEBI:15379	molecular oxygen	dioxygen	OK_LABEL	1.00	| molecular oxygen | CHEBI:15379 | Terminal electron acceptor and regulatory signal. |
research/traits/environment/facultative_oxygen_preference-deep-research-falcon.md	220	CHEBI:17632	nitrate	nitrate	OK_LABEL	1.00	| nitrate | CHEBI:17632 | Alternative terminal electron acceptor and NarX signal. |
research/traits/environment/facultative_oxygen_preference-deep-research-falcon.md	222	CHEBI:17234	glucose availability	glucose	OK_LABEL	1.00	| glucose availability | glucose: CHEBI:17234 | Carbon/electron-donor context; interacts strongly with oxygen response. |
research/traits/environment/facultative_oxygen_preference-deep-research-falcon.md	232	CHEBI:16908	nadh / nad⁺	NADH	OK_LABEL	1.00	| NADH / NAD⁺ | CHEBI:16908 / CHEBI:15846 | Redox-balancing pair linking respiration and fermentation. |
research/traits/environment/facultative_oxygen_preference-deep-research-falcon.md	232	CHEBI:15846	nadh / nad⁺	NAD(+)	OK_LABEL	1.00	| NADH / NAD⁺ | CHEBI:16908 / CHEBI:15846 | Redox-balancing pair linking respiration and fermentation. |
research/traits/environment/facultative_oxygen_preference-deep-research-falcon.md	233	CHEBI:15361	pyruvate	pyruvate	OK_LABEL	1.00	| pyruvate | CHEBI:15361 | Branch point into respiration or mixed-acid fermentation. |
research/traits/environment/facultative_oxygen_preference-deep-research-falcon.md	234	CHEBI:30089	acetate	acetate	OK_LABEL	1.00	| acetate | CHEBI:30089 | Overflow/fermentation product and industrial process marker. |
research/traits/environment/facultative_oxygen_preference-deep-research-falcon.md	251	GO:0045281	succinate dehydrogenase, sdhcdab	obsolete succinate dehydrogenase complex	OBSOLETE	1.00	| succinate dehydrogenase, `sdhCDAB` | GO:0045281 is a possible complex grounding; verify annotation context | TCA/respiratory module repressed in oxygen limitation. |
research/traits/environment/facultative_oxygen_preference-deep-research-falcon.md	252	GO:0045254	pyruvate dehydrogenase complex	pyruvate dehydrogenase complex	OK_LABEL	1.00	| pyruvate dehydrogenase complex | GO:0045254 candidate | Aerobic carbon oxidation module affected by ArcA. |
research/traits/environment/facultative_oxygen_preference-deep-research-falcon.md	260	GO:0009060	aerobic respiration	aerobic respiration	OK_LABEL	1.00	| aerobic respiration | GO:0009060 |
research/traits/environment/facultative_oxygen_preference-deep-research-falcon.md	261	GO:0009061	anaerobic respiration	anaerobic respiration	OK_LABEL	1.00	| anaerobic respiration | GO:0009061 |
research/traits/environment/facultative_oxygen_preference-deep-research-falcon.md	262	GO:0045333	cellular respiration	cellular respiration	OK_LABEL	1.00	| cellular respiration | GO:0045333 |
research/traits/environment/facultative_oxygen_preference-deep-research-falcon.md	263	GO:0006113	fermentation	fermentation	OK_LABEL	1.00	| fermentation | GO:0006113 |
research/traits/environment/facultative_oxygen_preference-deep-research-falcon.md	264	GO:0006099	tricarboxylic acid cycle	tricarboxylic acid cycle	OK_LABEL	1.00	| tricarboxylic acid cycle | GO:0006099 |
research/traits/environment/facultative_oxygen_preference-deep-research-falcon.md	265	GO:0022900	electron transport chain	electron transport chain	OK_LABEL	1.00	| electron transport chain | GO:0022900 |
research/traits/environment/facultative_oxygen_preference-deep-research-falcon.md	266	GO:0006119	oxidative phosphorylation	oxidative phosphorylation	OK_LABEL	1.00	| oxidative phosphorylation | GO:0006119 |
research/traits/environment/facultative_oxygen_preference-deep-research-falcon.md	270	GO:0005886	plasma/inner membrane	plasma membrane	DRIFT	0.85	| plasma/inner membrane | GO:0005886 or the taxon-appropriate bacterial inner-membrane term |
research/traits/environment/facultative_oxygen_preference-deep-research-falcon.md	271	GO:0005737	cytoplasm	cytoplasm	OK_LABEL	1.00	| cytoplasm | GO:0005737 |
research/traits/environment/facultative_oxygen_preference-deep-research-falcon.md	272	GO:0003700	dna-binding transcription-factor activity	DNA-binding transcription factor activity	DRIFT	1.00	| DNA-binding transcription-factor activity | GO:0003700 |
research/traits/environment/facultative_oxygen_preference-deep-research-falcon.md	273	GO:0004673	protein histidine kinase activity	protein histidine kinase activity	OK_LABEL	1.00	| protein histidine kinase activity | GO:0004673 |
research/traits/environment/facultatively_acidophilic-deep-research-falcon.md	261	ENVO:00002009	acidic environment (envo:00002009)	obsolete terrestrial habitat	OBSOLETE	1.00	| acidic environment (ENVO:00002009) | causes increased influx of | proton (CHEBI:15378) | moderate, review/general | 10.3389/fmicb.2021.822229 | “preventing proton influx that allows the cell to maintain a near-neutral cytoplasmic pH” (gonzalezrosales2022integrativegenomicssheds pages 1-2) | General acidophile mechanism underlying the trait; not specific to one facultative acidophile assay. |
research/traits/environment/facultatively_acidophilic-deep-research-falcon.md	261	CHEBI:15378	acidic environment (envo:00002009)	hydron	DRIFT	0.23	| acidic environment (ENVO:00002009) | causes increased influx of | proton (CHEBI:15378) | moderate, review/general | 10.3389/fmicb.2021.822229 | “preventing proton influx that allows the cell to maintain a near-neutral cytoplasmic pH” (gonzalezrosales2022integrativegenomicssheds pages 1-2) | General acidophile mechanism underlying the trait; not specific to one facultative acidophile assay. |
research/traits/environment/facultatively_acidophilic-deep-research-falcon.md	262	CHEBI:15378	hopanoid biosynthesis	hydron	DRIFT	0.23	| hopanoid biosynthesis | decreases permeability to | proton (CHEBI:15378) | weak, genomic-inference-only | 10.1038/s41396-021-00944-8 | “hopanoid biosynthesis genes (squalene-hopene cyclase) that reduce membrane proton permeability” (ji2021candidatuseremiobacterotaa pages 10-12) | Candidate node only; inference from genomes of Ca. Eremiobacterota, not direct experiment. |
research/traits/environment/facultatively_acidophilic-deep-research-falcon.md	264	CHEBI:15378	inside-positive membrane potential	hydron	DRIFT	0.20	| inside-positive membrane potential | inhibits entry of | proton (CHEBI:15378) | strong, direct experiment but taxon-specific | 10.3389/fmicb.2021.651744 | “employs a reversed membrane potential (inside-positive Δψ = 5.86 mV at external pH 2-3), which mechanistically inhibits extracellular proton entry” (carere2021growthonformic pages 4-5) | Direct physiological evidence from thermoacidophile Methylacidiphilum sp. RTK17.1; use as taxon-specific support for broader mechanism. |
research/traits/environment/facultatively_acidophilic-deep-research-falcon.md	265	CHEBI:15378	na+/h+ antiporter nhaa	hydron	OK_LABEL	1.00	| Na+/H+ antiporter NhaA | exports | proton (CHEBI:15378) | weak, review/genomic-inference-only | 10.3389/fmicb.2021.822229 | “The excerpt identifies proton extrusion mechanisms including Na+/H+ antiporters (NhaA, NhaP)” (gonzalezrosales2022integrativegenomicssheds pages 9-12) | Broad acidophile mechanism; source is comparative genomics/review, not direct perturbation. |
research/traits/environment/facultatively_acidophilic-deep-research-falcon.md	266	CHEBI:15378	na+/h+ antiporter nhap	hydron	OK_LABEL	1.00	| Na+/H+ antiporter NhaP | exports | proton (CHEBI:15378) | weak, review/genomic-inference-only | 10.3389/fmicb.2021.822229 | “The excerpt identifies proton extrusion mechanisms including Na+/H+ antiporters (NhaA, NhaP)” (gonzalezrosales2022integrativegenomicssheds pages 9-12) | Same as above; keep uncertain until species-level experimental evidence is added. |
research/traits/environment/facultatively_acidophilic-deep-research-falcon.md	267	CHEBI:15378	amino-acid decarboxylation	hydron	DRIFT	0.27	| amino-acid decarboxylation | consumes | cytoplasmic proton (CHEBI:15378) | weak to moderate, review/genomic-inference-only | 10.3389/fmicb.2021.822229 | “proton consumption by amino acid decarboxylation (GAD and GDAR systems)” (gonzalezrosales2022integrativegenomicssheds pages 9-12) | Good candidate process edge; direct evidence in facultatively acidophilic taxa still needed. |
research/traits/environment/facultatively_acidophilic-deep-research-falcon.md	268	CHEBI:16134	urease	ammonia	OK_IN_ROW	1.00	| urease | produces | ammonia (CHEBI:16134) | weak, review/genomic-inference-only | 10.3389/fmicb.2021.822229 | “urease-mediated ammonia production for pH buffering” (gonzalezrosales2022integrativegenomicssheds pages 9-12) | Candidate buffering mechanism; curate as uncertain unless species/assay support is found. |
research/traits/environment/facultatively_acidophilic-deep-research-falcon.md	269	CHEBI:16134	ammonia (chebi:16134)	ammonia	OK_LABEL	1.00	| ammonia (CHEBI:16134) | contributes to | pH buffering | weak, review/genomic-inference-only | 10.3389/fmicb.2021.822229 | “urease-mediated ammonia production for pH buffering” (gonzalezrosales2022integrativegenomicssheds pages 9-12) | Process-level edge derived from review statement; no safe GO/CHEBI target for “pH buffering” beyond label-only node. |
research/traits/environment/facultatively_acidophilic-deep-research-falcon.md	270	CHEBI:30751	formic acid (chebi:30751)	formic acid	OK_LABEL	1.00	| formic acid (CHEBI:30751) | causes | cytosolic acidification | strong, direct experiment but taxon-specific | 10.3389/fmicb.2021.651744 | “formic acid addition causes dose-dependent cytosolic acidification (pH 6.52 to 6.05 at 1 mM concentration)” (carere2021growthonformic pages 4-5) | Direct quantitative support in Methylacidiphilum sp. RTK17.1. |
research/traits/environment/facultatively_acidophilic-deep-research-falcon.md	272	CHEBI:17996	chloride (chebi:17996)	chloride	OK_LABEL	1.00	| chloride (CHEBI:17996) | disrupts | inside-positive membrane potential | weak, genomic-inference/review | 10.3389/fmicb.2022.848410 | “chloride ions can disrupt reversed membrane potential, potentially inhibiting growth” (boase2022predictionandinferred pages 1-2) | Important inhibitor edge, but presented as hypothesis/genomic interpretation in Acidihalobacter context. |
research/traits/environment/facultatively_acidophilic-deep-research-falcon.md	273	ENVO:00002009	ph homeostasis	obsolete terrestrial habitat	OBSOLETE	1.00	| pH homeostasis | enables | growth in acidic environment (ENVO:00002009) | strong, direct experiment but taxon-specific | 10.3389/fmicb.2021.651744 | “stable growth on formic acid as the only source of energy was demonstrated… when cells are able to maintain pH homeostasis” (carere2021growthonformic pages 1-2) | Central trait-level edge; direct evidence that maintaining intracellular pH is necessary for acidic growth/acid-associated substrate use. |
research/traits/environment/facultatively_aerobic-deep-research-falcon.md	288	CHEBI:15379	molecular oxygen (o2)	dioxygen	OK_LABEL	1.00	| molecular oxygen (O2) | serves_as_terminal_electron_acceptor_for | terminal oxidase-dependent aerobic respiration | CHEBI:15379 → terminal oxidase (GO:0009055 for electron transfer activity, terminal oxidase label-only) | 10.1111/cmi.13338 (2021-04) | “terminal oxygen reductases reduce dioxygen to water” in facultative anaerobes/pathogens (andre2021theselectiveadvantage pages 2-4) | **Moderate**; review-level, broad bacterial scope rather than one taxon-specific experiment |
research/traits/environment/facultatively_aerobic-deep-research-falcon.md	288	GO:0009055	molecular oxygen (o2)	electron transfer activity	OK_IN_ROW	1.00	| molecular oxygen (O2) | serves_as_terminal_electron_acceptor_for | terminal oxidase-dependent aerobic respiration | CHEBI:15379 → terminal oxidase (GO:0009055 for electron transfer activity, terminal oxidase label-only) | 10.1111/cmi.13338 (2021-04) | “terminal oxygen reductases reduce dioxygen to water” in facultative anaerobes/pathogens (andre2021theselectiveadvantage pages 2-4) | **Moderate**; review-level, broad bacterial scope rather than one taxon-specific experiment |
research/traits/environment/facultatively_aerobic-deep-research-falcon.md	289	CHEBI:15379	terminal oxidases	dioxygen	OK_IN_ROW	1.00	| terminal oxidases | catalyze_reduction_of | O2 to H2O | terminal oxidase label-only; O2 CHEBI:15379; water CHEBI:15377 | 10.3390/ijms25021277 (2024-01) | “The terminal oxidases of bacterial aerobic respiratory chains … catalyze the four-electron reduction of O2 to 2H2O” | **Strong** for oxidase chemistry; taxon example in *E. coli* cytochrome bd-I/bo3/bd-II study |
research/traits/environment/facultatively_aerobic-deep-research-falcon.md	289	CHEBI:15377	terminal oxidases	water	OK_IN_ROW	1.00	| terminal oxidases | catalyze_reduction_of | O2 to H2O | terminal oxidase label-only; O2 CHEBI:15379; water CHEBI:15377 | 10.3390/ijms25021277 (2024-01) | “The terminal oxidases of bacterial aerobic respiratory chains … catalyze the four-electron reduction of O2 to 2H2O” | **Strong** for oxidase chemistry; taxon example in *E. coli* cytochrome bd-I/bo3/bd-II study |
research/traits/environment/facultatively_aerobic-deep-research-falcon.md	290	GO:0019646	aerobic respiratory electron transfer	aerobic electron transport chain	OK_IN_ROW	1.00	| aerobic respiratory electron transfer | generates | proton motive force | GO:0019646 aerobic electron transport chain; proton motive force GO:0015992 | 10.1016/j.bbabio.2015.11.001 (2016-03) | respiratory chains generate a “proton-motive force that is used by ATP synthase to synthesize ATP” | **Moderate**; broad bacterial respiration review, not trait-exclusive |
research/traits/environment/facultatively_aerobic-deep-research-falcon.md	290	GO:0015992	aerobic respiratory electron transfer		UNRESOLVED	0.00	| aerobic respiratory electron transfer | generates | proton motive force | GO:0019646 aerobic electron transport chain; proton motive force GO:0015992 | 10.1016/j.bbabio.2015.11.001 (2016-03) | respiratory chains generate a “proton-motive force that is used by ATP synthase to synthesize ATP” | **Moderate**; broad bacterial respiration review, not trait-exclusive |
research/traits/environment/facultatively_aerobic-deep-research-falcon.md	291	GO:0015992	proton motive force		UNRESOLVED	0.00	| proton motive force | drives | F1Fo-ATP synthase ATP production | proton motive force GO:0015992; ATP synthase GO:0046933; ATP CHEBI:15422 | 10.3390/ijms24065417 (2023-03) | F1Fo-ATP synthases “couple either ATP synthesis from ADP and phosphate … to a transmembrane electrochemical gradient of protons” | **Moderate**; broad bacterial enzyme review |
research/traits/environment/facultatively_aerobic-deep-research-falcon.md	291	GO:0046933	proton motive force	proton-transporting ATP synthase activity, rotational mechanism	DRIFT	0.33	| proton motive force | drives | F1Fo-ATP synthase ATP production | proton motive force GO:0015992; ATP synthase GO:0046933; ATP CHEBI:15422 | 10.3390/ijms24065417 (2023-03) | F1Fo-ATP synthases “couple either ATP synthesis from ADP and phosphate … to a transmembrane electrochemical gradient of protons” | **Moderate**; broad bacterial enzyme review |
research/traits/environment/facultatively_aerobic-deep-research-falcon.md	291	CHEBI:15422	proton motive force	ATP	OK_IN_ROW	1.00	| proton motive force | drives | F1Fo-ATP synthase ATP production | proton motive force GO:0015992; ATP synthase GO:0046933; ATP CHEBI:15422 | 10.3390/ijms24065417 (2023-03) | F1Fo-ATP synthases “couple either ATP synthesis from ADP and phosphate … to a transmembrane electrochemical gradient of protons” | **Moderate**; broad bacterial enzyme review |
research/traits/environment/facultatively_aerobic-deep-research-falcon.md	294	GO:0009061	active fnr	anaerobic respiration	OK_IN_ROW	1.00	| active FNR | activates_expression_of | anaerobic respiration / fermentation genes | FNR label-only; anaerobic respiration GO:0009061; fermentation GO:0006113 | 10.3390/inorganics11120450 (2023-11) | FNR is the “master switch for the transition between anaerobic and aerobic respiration, controlling the expression of >300 genes in response to O2 availability” | **Strong** for global regulation; exact downstream genes vary by taxon/context |
research/traits/environment/facultatively_aerobic-deep-research-falcon.md	294	GO:0006113	active fnr	fermentation	OK_IN_ROW	1.00	| active FNR | activates_expression_of | anaerobic respiration / fermentation genes | FNR label-only; anaerobic respiration GO:0009061; fermentation GO:0006113 | 10.3390/inorganics11120450 (2023-11) | FNR is the “master switch for the transition between anaerobic and aerobic respiration, controlling the expression of >300 genes in response to O2 availability” | **Strong** for global regulation; exact downstream genes vary by taxon/context |
research/traits/environment/facultatively_aerobic-deep-research-falcon.md	298	CHEBI:17632	nitrate / fumarate	nitrate	OK_LABEL	1.00	| nitrate / fumarate | enable | anaerobic respiration when O2 is absent | nitrate CHEBI:17632; fumarate CHEBI:18012; anaerobic respiration GO:0009061 | 10.1016/S0005-2728(97)00034-0 (1997-07) | “In facultatively anaerobic bacteria, electron acceptors often …” with nitrate and fumarate reductive pathways described | **Moderate**; foundational review centered on *E. coli* energetics/regulation |
research/traits/environment/facultatively_aerobic-deep-research-falcon.md	298	CHEBI:18012	nitrate / fumarate	fumaric acid	DRIFT	0.54	| nitrate / fumarate | enable | anaerobic respiration when O2 is absent | nitrate CHEBI:17632; fumarate CHEBI:18012; anaerobic respiration GO:0009061 | 10.1016/S0005-2728(97)00034-0 (1997-07) | “In facultatively anaerobic bacteria, electron acceptors often …” with nitrate and fumarate reductive pathways described | **Moderate**; foundational review centered on *E. coli* energetics/regulation |
research/traits/environment/facultatively_aerobic-deep-research-falcon.md	298	GO:0009061	nitrate / fumarate	anaerobic respiration	OK_IN_ROW	1.00	| nitrate / fumarate | enable | anaerobic respiration when O2 is absent | nitrate CHEBI:17632; fumarate CHEBI:18012; anaerobic respiration GO:0009061 | 10.1016/S0005-2728(97)00034-0 (1997-07) | “In facultatively anaerobic bacteria, electron acceptors often …” with nitrate and fumarate reductive pathways described | **Moderate**; foundational review centered on *E. coli* energetics/regulation |
research/traits/environment/facultatively_aerobic-deep-research-falcon.md	299	GO:0006113	fermentation pathways	fermentation	OK_LABEL	1.00	| fermentation pathways | regenerate | NAD+ | fermentation GO:0006113; NAD+ CHEBI:57540 | 10.1186/s13068-017-0867-0 (2017-07) | fermentative pathways “regenerate NAD+ … to enable continuation of metabolism under micro-aerobic and anaerobic” conditions | **Moderate**; model + experimental validation in *E. coli* context |
research/traits/environment/facultatively_aerobic-deep-research-falcon.md	299	CHEBI:57540	fermentation pathways	NAD(1-)	DRIFT	0.36	| fermentation pathways | regenerate | NAD+ | fermentation GO:0006113; NAD+ CHEBI:57540 | 10.1186/s13068-017-0867-0 (2017-07) | fermentative pathways “regenerate NAD+ … to enable continuation of metabolism under micro-aerobic and anaerobic” conditions | **Moderate**; model + experimental validation in *E. coli* context |
research/traits/environment/facultatively_aerobic-deep-research-falcon.md	300	CHEBI:57540	nad+ regeneration by fermentation	NAD(1-)	DRIFT	0.38	| NAD+ regeneration by fermentation | enables | anoxic growth | NAD+ CHEBI:57540; growth label-only; anoxia ENVO label-only | 10.1186/s13068-017-0867-0 (2017-07) | the same source ties NAD+ regeneration to continuation of metabolism under anaerobic conditions | **Moderate**; inferred growth-enabling edge from metabolic continuation |
research/traits/environment/facultatively_aerobic-deep-research-falcon.md	302	GO:0009060	facultatively aerobic physiology	aerobic respiration	OK_IN_ROW	1.00	| facultatively aerobic physiology | results_from_combination_of | aerobic respiration with O2 + anaerobic growth without O2 | METPO:1000608; aerobic respiration GO:0009060; anaerobic growth label-only | 10.1111/cmi.13338 (2021-04) | facultative anaerobes “have the unique ability to grow in the presence or in the absence of oxygen” (andre2021theselectiveadvantage pages 2-4) | **Strong** for phenotype boundary; wording from host-pathogen review, broad taxa |
research/traits/environment/facultatively_aerobic-deep-research-falcon.md	303	GO:0006113	arca response to impaired respiratory activity	fermentation	OK_IN_ROW	1.00	| ArcA response to impaired respiratory activity | promotes_shift_to | fermentation independent of oxygen availability | ArcA label-only; fermentation GO:0006113 | 10.1128/mbio.01448-23 (2023-10) | CCCP experiments “support an ArcA-mediated shift to fermentation independent of oxygen availability” (brown2023conservedmetabolicregulator pages 12-14, brown2023conservedmetabolicregulator pages 1-3) | **Moderate-strong**; recent direct phenotype evidence, but infection-context and taxon-specific to Enterobacterales |
research/traits/environment/facultatively_anaerobic-deep-research-falcon.md	203	CHEBI:15379	molecular oxygen	dioxygen	OK_LABEL	1.00	| molecular oxygen | `CHEBI:15379` | Terminal electron acceptor in aerobic respiration; also the direct signal that destroys active FNR’s anaerobic Fe–S state. |
research/traits/environment/facultatively_anaerobic-deep-research-falcon.md	204	CHEBI:17632	nitrate	nitrate	OK_LABEL	1.00	| nitrate | `CHEBI:17632` | Alternative terminal acceptor and NarX/NarL signal in E. coli-like systems. |
research/traits/environment/facultatively_anaerobic-deep-research-falcon.md	205	CHEBI:16301	nitrite	nitrite	OK_LABEL	1.00	| nitrite | `CHEBI:16301` | Related Nar-system signal/intermediate; effects differ between NarX/NarQ. |
research/traits/environment/facultatively_anaerobic-deep-research-falcon.md	206	CHEBI:18012	fumarate	fumaric acid	DRIFT	0.74	| fumarate | `CHEBI:18012` | Alternative acceptor through fumarate reductase in applicable taxa. |
research/traits/environment/facultatively_anaerobic-deep-research-falcon.md	207	CHEBI:28262	dimethyl sulfoxide	dimethyl sulfoxide	OK_LABEL	1.00	| dimethyl sulfoxide | `CHEBI:28262` | Alternative acceptor through DMSO reductase in applicable taxa. |
research/traits/environment/facultatively_anaerobic-deep-research-falcon.md	231	GO:0009060	aerobic respiration	aerobic respiration	OK_LABEL	1.00	| aerobic respiration | `GO:0009060` | Verify exact GO label/version before YAML insertion. |
research/traits/environment/facultatively_anaerobic-deep-research-falcon.md	232	GO:0009061	anaerobic respiration	anaerobic respiration	OK_LABEL	1.00	| anaerobic respiration | `GO:0009061` | Keep separate from fermentation. |
research/traits/environment/facultatively_anaerobic-deep-research-falcon.md	233	GO:0006113	fermentation	fermentation	OK_LABEL	1.00	| fermentation | `GO:0006113` | Does not use an external terminal electron acceptor. |
research/traits/environment/facultatively_anaerobic-deep-research-falcon.md	234	GO:0006099	tricarboxylic-acid cycle	tricarboxylic acid cycle	DRIFT	1.00	| tricarboxylic-acid cycle | `GO:0006099` | ArcA chiefly represses the oxidative/aerobic program in the E. coli model. |
research/traits/environment/facultatively_anaerobic-deep-research-falcon.md	237	GO:0005886	cytoplasmic membrane	plasma membrane	OK_LABEL	1.00	| cytoplasmic membrane | `GO:0005886` | Appropriate location for respiratory chains and ArcB. |
research/traits/environment/facultatively_anaerobic-deep-research-falcon.md	238	GO:0005737	cytoplasm	cytoplasm	OK_LABEL	1.00	| cytoplasm | `GO:0005737` | FNR and ArcA regulatory activity. |
research/traits/environment/facultatively_anaerobic-deep-research-falcon.md	250	CHEBI:15379	molecular oxygen (chebi:15379)	dioxygen	OK_LABEL	1.00	| molecular oxygen (CHEBI:15379) | inhibits | active FNR dimer ([4Fe-4S]-FNR) | High; E. coli model and close Enterobacterales paradigms, not universal across all facultative anaerobes (unden2021sensingofo2 pages 1-7, sevilla2019redoxbasedtranscriptionalregulation pages 14-16, beilen2016allthreeendogenous pages 4-5) |
research/traits/environment/facultatively_anaerobic-deep-research-falcon.md	256	CHEBI:17632	nitrate (chebi:17632)	nitrate	OK_LABEL	1.00	| nitrate (CHEBI:17632) | activates | NarX/NarL signaling | High; classic E. coli nitrate-sensing pathway, taxon-specific to Nar systems carrying bacteria (unden2021sensingofo2 pages 1-7, unden2021sensingofo2 pages 25-31) |
research/traits/environment/halophilic-deep-research-falcon.md	204	CHEBI:26710	sodium chloride	sodium chloride	OK_LABEL	1.00	| sodium chloride | chemical | `CHEBI:26710` | Use only when the experiment specifically uses NaCl. |
research/traits/environment/halophilic-deep-research-falcon.md	205	CHEBI:29103	potassium ion	potassium(1+)	OK_LABEL	1.00	| potassium ion | chemical | `CHEBI:29103` | Central salt-in osmolyte. |
research/traits/environment/halophilic-deep-research-falcon.md	206	CHEBI:17996	chloride	chloride	OK_LABEL	1.00	| chloride | chemical | `CHEBI:17996` | Osmotic ion and, in *H. halophilus*, a regulatory signal. |
research/traits/environment/halophilic-deep-research-falcon.md	209	GO:0005737	cytoplasm; plasma membrane	cytoplasm	OK_LABEL	1.00	| cytoplasm; plasma membrane | localization | `GO:0005737`; `GO:0005886` | Locations of osmolyte accumulation and transport. |
research/traits/environment/halophilic-deep-research-falcon.md	209	GO:0005886	cytoplasm; plasma membrane	plasma membrane	OK_LABEL	1.00	| cytoplasm; plasma membrane | localization | `GO:0005737`; `GO:0005886` | Locations of osmolyte accumulation and transport. |
research/traits/environment/halophilic-deep-research-falcon.md	215	GO:0071470	cellular response to osmotic stress	cellular response to osmotic stress	OK_LABEL	1.00	| cellular response to osmotic stress | biological process | `GO:0071470` | Broad parent process. |
research/traits/environment/halophilic-deep-research-falcon.md	216	GO:0006813	potassium-ion transport	potassium ion transport	DRIFT	1.00	| potassium-ion transport | biological process | `GO:0006813` | Salt-in module. |
research/traits/environment/halophilic-deep-research-falcon.md	217	GO:0055085	transmembrane transport	transmembrane transport	OK_LABEL	1.00	| transmembrane transport | biological process | `GO:0055085` | Parent for ion/osmolyte transport. |
research/traits/environment/hyperthermophilic-deep-research-falcon.md	238	CHEBI:22660	aspartate	aspartic acid	OK_LABEL	1.00	| aspartate | alternative intracellular solute | `CHEBI:22660` only after database validation | Compensated for loss of di-myo-inositol phosphate in *T. kodakarensis* |
research/traits/environment/mercury_tolerant-deep-research-falcon.md	233	CHEBI:16170	mercury	mercury(0)	OK_LABEL	1.00	| mercury | `CHEBI:16170` | General environmental factor |
research/traits/environment/mercury_tolerant-deep-research-falcon.md	234	CHEBI:16793	mercury(ii), hg(ii)	mercury(2+)	OK_LABEL	1.00	| mercury(II), Hg(II) | `CHEBI:16793` | Toxic substrate and MerR inducer |
research/traits/environment/mercury_tolerant-deep-research-falcon.md	235	CHEBI:16134	elemental mercury, hg(0)	ammonia	DRIFT	0.30	| elemental mercury, Hg(0) | `CHEBI:16134` | Volatile MerA product |
research/traits/environment/mercury_tolerant-deep-research-falcon.md	236	CHEBI:16474	nadph	NADPH	OK_LABEL	1.00	| NADPH | `CHEBI:16474` | MerA electron donor |
research/traits/environment/mercury_tolerant-deep-research-falcon.md	237	CHEBI:15846	nadp+	NAD(+)	OK_LABEL	1.00	| NADP+ | `CHEBI:15846` | Oxidized cofactor product |
research/traits/environment/mesophilic-deep-research-falcon.md	248	CHEBI:27082	trehalose	trehalose	OK_LABEL	1.00	| trehalose | `CHEBI:27082` |
research/traits/environment/microaerophilic-deep-research-falcon.md	269	CHEBI:15379	1	dioxygen	OK_IN_ROW	1.00	| 1 | low molecular oxygen (CHEBI:15379) | is directly sensed by | FNR | general bacterial low-O2 sensing | “FNR and FixLJ, that utilize an FeS cluster and heme, respectively, to directly sense the low levels of O2” (price2021bacterialapproachesto pages 4-6) | 10.1111/mmi.14795 / 2021-08 | High for regulator function; review-level; not a universal microaerophile marker |
research/traits/environment/microaerophilic-deep-research-falcon.md	270	CHEBI:15379	2	dioxygen	OK_LABEL	1.00	| 2 | low molecular oxygen (CHEBI:15379) | is directly sensed by | FixLJ two-component system | rhizobia and related microoxic adaptation | “FNR and FixLJ, that utilize an FeS cluster and heme, respectively, to directly sense the low levels of O2” (price2021bacterialapproachesto pages 4-6) | 10.1111/mmi.14795 / 2021-08 | High for sensing claim; review-level; taxon-distributed, not universal |
research/traits/environment/microaerophilic-deep-research-falcon.md	271	CHEBI:15379	3	dioxygen	OK_IN_ROW	1.00	| 3 | low molecular oxygen (CHEBI:15379) | favors use of | high-affinity cytochrome oxidases | general respiratory adaptation | “to prioritize usage of cytochrome oxidases with high affinity for O2” (price2021bacterialapproachesto pages 4-6) | 10.1111/mmi.14795 / 2021-08 | Moderate-high; review-level; generic mechanistic edge |
research/traits/environment/microaerophilic-deep-research-falcon.md	275	CHEBI:15379	7	dioxygen	OK_IN_ROW	1.00	| 7 | molecular oxygen (CHEBI:15379) | damages | nitrogenase iron-sulfur clusters | diazotrophic bacteroids | “The iron-sulfur clusters of the nitrogenase enzyme are highly susceptible to molecular oxygen” (ledermann2021howrhizobiaadapt pages 4-6) | 10.1128/JB.00539-20 / 2021-05 | High; foundational mechanistic edge |
research/traits/environment/microaerophilic-deep-research-falcon.md	278	CHEBI:16240	10	hydrogen peroxide	OK_IN_ROW	1.00	| 10 | cytochrome bd deficiency (cyd mutant / lacking cytochrome bd) | increases susceptibility to | hydrogen peroxide (CHEBI:16240) | E. coli and other bacteria incl. pathogens in microaerobic environments | “Mutant E. coli cells lacking cytochrome bd… showed high susceptibility to H2O2” (borisov2021bacterialoxidasesof pages 18-19) | 10.1089/ars.2020.8039 / 2021-06 | High; review-level summarizing genetic studies; not universal magnitude |
research/traits/environment/nacl_optimum_low-deep-research-falcon.md	203	CHEBI:26710	sodium chloride	sodium chloride	OK_LABEL	1.00	| sodium chloride | chemical/exposure | **CHEBI:26710** |
research/traits/environment/nacl_optimum_low-deep-research-falcon.md	204	CHEBI:29101	sodium ion	sodium(1+)	OK_LABEL	1.00	| sodium ion | chemical | **CHEBI:29101** |
research/traits/environment/nacl_optimum_low-deep-research-falcon.md	205	CHEBI:17996	chloride	chloride	OK_LABEL	1.00	| chloride | chemical | **CHEBI:17996** |
research/traits/environment/nacl_optimum_low-deep-research-falcon.md	206	CHEBI:15377	water	water	OK_LABEL	1.00	| water | chemical | **CHEBI:15377** |
research/traits/environment/nacl_optimum_low-deep-research-falcon.md	207	CHEBI:29103	potassium ion	potassium(1+)	OK_LABEL	1.00	| potassium ion | chemical | **CHEBI:29103** |
research/traits/environment/nacl_optimum_low-deep-research-falcon.md	215	GO:0006970	response to osmotic stress	response to osmotic stress	OK_LABEL	1.00	| response to osmotic stress | biological process | **GO:0006970** |
research/traits/environment/nacl_optimum_low-deep-research-falcon.md	216	GO:0006813	potassium-ion transport	potassium ion transport	DRIFT	1.00	| potassium-ion transport | biological process | **GO:0006813** |
research/traits/environment/nacl_optimum_low-deep-research-falcon.md	217	GO:0055085	transmembrane transport	transmembrane transport	OK_LABEL	1.00	| transmembrane transport | biological process | **GO:0055085** |
research/traits/environment/nacl_optimum_low-deep-research-falcon.md	218	GO:0005886	plasma/cytoplasmic membrane	plasma membrane	OK_LABEL	1.00	| plasma/cytoplasmic membrane | cellular component | **GO:0005886** |
research/traits/environment/nacl_optimum_low-deep-research-falcon.md	219	GO:0005737	cytoplasm	cytoplasm	OK_LABEL	1.00	| cytoplasm | cellular component | **GO:0005737** |
research/traits/environment/nacl_range_mid1-deep-research-falcon.md	217	CHEBI:26710	sodium chloride	sodium chloride	OK_LABEL	1.00	| Sodium chloride | **CHEBI:26710** | Chemical exposure; encode concentration and units as assay attributes. |
research/traits/environment/nacl_range_mid1-deep-research-falcon.md	218	GO:0006972	hyperosmotic environment / hyperosmotic stress	hyperosmotic response	DRIFT	0.52	| Hyperosmotic environment / hyperosmotic stress | GO:0006972, response to hyperosmotic stress | Use for biological response, not as a synonym for NaCl exposure. |
research/traits/environment/nacl_range_mid1-deep-research-falcon.md	229	CHEBI:29101	sodium ion	sodium(1+)	OK_LABEL	1.00	| Sodium ion | CHEBI:29101 | Ionic stress and electrochemical homeostasis. |
research/traits/environment/nacl_range_mid1-deep-research-falcon.md	230	CHEBI:29103	potassium ion	potassium(1+)	OK_LABEL	1.00	| Potassium ion | CHEBI:29103 | Early osmotic adjustment and intracellular ion balance. |
research/traits/environment/nacl_range_mid1-deep-research-falcon.md	231	CHEBI:15378	proton	hydron	DRIFT	0.50	| Proton | CHEBI:15378 | Coupled substrate in Na⁺/H⁺ antiport. |
research/traits/environment/nacl_range_mid1-deep-research-falcon.md	232	CHEBI:17750	glycine betaine	glycine betaine	OK_LABEL	1.00	| Glycine betaine | CHEBI:17750 | Compatible solute. |
research/traits/environment/nacl_range_mid1-deep-research-falcon.md	233	CHEBI:15354	choline	choline	OK_LABEL	1.00	| Choline | CHEBI:15354 | BetT substrate and glycine-betaine precursor. |
research/traits/environment/nacl_range_mid1-deep-research-falcon.md	234	CHEBI:17203	l-proline	L-proline	OK_LABEL	1.00	| L-proline | CHEBI:17203 | Compatible solute and engineered ectoine substitute. |
research/traits/environment/nacl_range_mid1-deep-research-falcon.md	235	CHEBI:29985	l-glutamate	L-glutamate(1-)	OK_LABEL	1.00	| L-glutamate | CHEBI:29985 | Compatible solute/counterion in some taxa. |
research/traits/environment/nacl_range_mid1-deep-research-falcon.md	236	CHEBI:27082	trehalose	trehalose	OK_LABEL	1.00	| Trehalose | CHEBI:27082 | Compatible solute in multiple microbial groups. |
research/traits/environment/nacl_range_mid1-deep-research-falcon.md	237	CHEBI:14341	ectoine		UNRESOLVED	0.00	| Ectoine | CHEBI:14341 | Major bacterial compatible solute. |
research/traits/environment/nacl_range_mid1-deep-research-falcon.md	238	CHEBI:15377	water	water	OK_LABEL	1.00	| Water | CHEBI:15377 | Moves across the membrane following osmotic gradients. |
research/traits/environment/nacl_range_mid2-deep-research-falcon.md	214	CHEBI:26710	extracellular nacl concentration	sodium chloride	OK_LABEL	1.00	| extracellular NaCl concentration | **CHEBI:26710** (sodium chloride) | Record concentration as an edge/assay attribute. |
research/traits/environment/nacl_range_mid2-deep-research-falcon.md	241	CHEBI:43729	ectoine	6-[(Z)-2-(2,5-dimethoxyphenyl)ethenyl]-5-methylpyrido[2,3-d]pyrimidine-2,4-diamine	DRIFT	0.17	| Ectoine | **CHEBI:43729** | Major compatible solute in *H. elongata*. |
research/traits/environment/nacl_range_mid2-deep-research-falcon.md	242	CHEBI:29103	potassium ion	potassium(1+)	OK_LABEL	1.00	| Potassium ion | **CHEBI:29103** | Inorganic osmotic counterion in hybrid/salt-in responses. |
research/traits/environment/nacl_range_mid2-deep-research-falcon.md	243	CHEBI:17750	glycine betaine	glycine betaine	OK_LABEL	1.00	| Glycine betaine | **CHEBI:17750** | Imported or synthesized compatible solute. |
research/traits/environment/nacl_range_mid2-deep-research-falcon.md	244	CHEBI:17203	l-proline	L-proline	OK_LABEL	1.00	| L-proline | **CHEBI:17203** | Compatible solute; engineered causal evidence at 8% NaCl. |
research/traits/environment/nacl_range_mid2-deep-research-falcon.md	245	CHEBI:29985	l-glutamate	L-glutamate(1-)	OK_LABEL	1.00	| L-glutamate | **CHEBI:29985** | Osmolyte and precursor of proline/GABA. |
research/traits/environment/nacl_range_mid2-deep-research-falcon.md	246	CHEBI:16865	4-aminobutanoate/gaba	gamma-aminobutyric acid	OK_LABEL	1.00	| 4-aminobutanoate/GABA | **CHEBI:16865** | Engineered compatible solute and pH-homeostasis product. |
research/traits/environment/nacl_range_mid2-deep-research-falcon.md	247	CHEBI:29101	sodium ion	sodium(1+)	OK_LABEL	1.00	| Sodium ion | **CHEBI:29101** | Extracellular stressor and transported ion. |
research/traits/environment/non_halophilic-deep-research-falcon.md	201	CHEBI:26710	elevated extracellular nacl	sodium chloride	OK_LABEL	1.00	| elevated extracellular NaCl | **CHEBI:26710** | Environmental perturbation; attach concentration and medium to evidence. |
research/traits/environment/non_halophilic-deep-research-falcon.md	202	GO:0006970	hyperosmotic stress	response to osmotic stress	OK_IN_ROW	1.00	| hyperosmotic stress | **GO:0006970** for response to osmotic stress | GO term represents biological response, not the environmental condition itself. |
research/traits/environment/non_halophilic-deep-research-falcon.md	212	CHEBI:29103	potassium ion	potassium(1+)	OK_LABEL	1.00	| potassium ion | **CHEBI:29103** | Rapid emergency osmolyte/ion-homeostasis response. |
research/traits/environment/non_halophilic-deep-research-falcon.md	213	CHEBI:26271	l-proline	proline	OK_LABEL	1.00	| L-proline | **CHEBI:26271** | Major synthesized/imported compatible solute in *B. subtilis*. |
research/traits/environment/non_halophilic-deep-research-falcon.md	214	CHEBI:17750	glycine betaine	glycine betaine	OK_LABEL	1.00	| glycine betaine | **CHEBI:17750** | Imported compatible solute. |
research/traits/environment/non_halophilic-deep-research-falcon.md	220	GO:0006970	osmotic-stress tolerance	response to osmotic stress	DRIFT	0.70	| osmotic-stress tolerance | GO process can be linked through GO:0006970 | Distinguish from halophilic preference. |
research/traits/environment/obligately_alkaphilic-deep-research-falcon.md	222	CHEBI:29101	low na+ / high na+	sodium(1+)	OK_LABEL	1.00	| low Na+ / high Na+ | CHEBI:29101 for sodium(1+) | Concentration is an experimental modifier, not intrinsically beneficial. |
research/traits/environment/obligately_alkaphilic-deep-research-falcon.md	223	CHEBI:15379	oxygen availability / aeration	dioxygen	OK_LABEL	1.00	| oxygen availability / aeration | CHEBI:15379 for dioxygen plus assay-condition node | Strongly modifies respiratory mechanisms. |
research/traits/environment/obligately_alkaphilic-deep-research-falcon.md	226	GO:0051881	membrane potential, inside negative	regulation of mitochondrial membrane potential	OK_IN_ROW	1.00	| membrane potential, inside negative | GO:0051881, regulation of mitochondrial membrane potential, is inappropriate for bacteria; retain label-only pending ontology review | Record measured millivolts when available. |
research/traits/environment/obligately_alkaphilic-deep-research-falcon.md	234	CHEBI:15378	proton	hydron	DRIFT	0.50	| proton | CHEBI:15378 | Imported by antiport; retained near surface; drives ATP synthase. |
research/traits/environment/obligately_alkaphilic-deep-research-falcon.md	235	CHEBI:29101	sodium(1+)	sodium(1+)	OK_LABEL	1.00	| sodium(1+) | CHEBI:29101 | Antiporter substrate and coupling ion for transport/motility. |
research/traits/environment/obligately_alkaphilic-deep-research-falcon.md	236	CHEBI:29103	potassium(1+)	potassium(1+)	OK_LABEL	1.00	| potassium(1+) | CHEBI:29103 | Alternative cation-cycle contributor in some strains. |
research/traits/environment/obligately_alkaphilic-deep-research-falcon.md	237	CHEBI:16234	hydroxide	hydroxide	OK_LABEL	1.00	| hydroxide | CHEBI:16234 | High external activity; negatively charged surfaces are proposed to exclude it. |
research/traits/environment/obligately_alkaphilic-deep-research-falcon.md	238	CHEBI:15379	dioxygen	dioxygen	OK_LABEL	1.00	| dioxygen | CHEBI:15379 | Terminal electron acceptor in the aerobic Bacillaceae model. |
research/traits/environment/obligately_alkaphilic-deep-research-falcon.md	239	CHEBI:16374	menaquinone	menaquinone	OK_LABEL	1.00	| menaquinone | CHEBI:16374 | Respiratory electron carrier; exact menaquinone species may vary. |
research/traits/environment/obligately_alkaphilic-deep-research-falcon.md	240	CHEBI:15422	atp	ATP	OK_LABEL	1.00	| ATP | CHEBI:15422 | Product of F1Fo ATP synthase. |
research/traits/environment/obligately_alkaphilic-deep-research-falcon.md	241	CHEBI:16761	adp	ADP	OK_LABEL	1.00	| ADP | CHEBI:16761 | ATP-synthesis substrate. |
research/traits/environment/obligately_alkaphilic-deep-research-falcon.md	242	CHEBI:39084	ectoine	linkable gefitinib analogue	DRIFT	0.19	| ectoine | CHEBI:39084 | Osmoprotection branch in haloalkaliphilic archaea; not a universal alkaliphily mechanism. |
research/traits/environment/obligately_alkaphilic-deep-research-falcon.md	243	CHEBI:30089	acetate	acetate	OK_LABEL	1.00	| acetate | CHEBI:30089 | Methanogenic substrate and proposed Na+-coupled export partner under oxygen limitation; latter remains hypothetical. |
research/traits/environment/obligately_alkaphilic-deep-research-falcon.md	249	GO:0015385	mrp/mnh multisubunit na+/h+ antiporter	sodium:proton antiporter activity	OK_IN_ROW	1.00	| Mrp/Mnh multisubunit Na+/H+ antiporter | GO:0015385, sodium:proton antiporter activity, for activity; complex itself should remain label-only unless a verified complex term is selected | Central in *A. halodurans* C-125 and *B. pseudofirmus* OF4, but absent in examined *Methanocrinis* genomes. |
research/traits/environment/obligately_alkaphilic-deep-research-falcon.md	254	GO:0045259	f-type h+-transporting atp synthase	proton-transporting ATP synthase complex	OK_IN_ROW	1.00	| F-type H+-transporting ATP synthase | GO:0045259 for proton-transporting ATP synthase complex; verify ontology version | ATP production and proton return. |
research/traits/environment/obligately_alkaphilic-deep-research-falcon.md	256	GO:0005751	cytochrome-c oxidase / complex iv	obsolete mitochondrial respiratory chain complex IV	OBSOLETE	1.00	| cytochrome-c oxidase / complex IV | GO:0005751 is mitochondrial and unsuitable; use bacterial molecular-function/complex term after verification | Pumps protons and reduces O2. |
research/traits/environment/obligately_alkaphilic-deep-research-falcon.md	262	CHEBI:28494	cardiolipin-rich membrane	cardiolipin	OK_LABEL	1.00	| cardiolipin-rich membrane | CHEBI:28494 for cardiolipin | Proposed delay of proton equilibration; mechanism not directly established. |
research/traits/environment/obligately_anaerobic-deep-research-falcon.md	265	CHEBI:15379	1	dioxygen	OK_IN_ROW	1.00	| 1 | molecular oxygen (CHEBI:15379) | directly inactivates | pyruvate formate-lyase / PFL (EC 2.3.1.54) | Lu & Imlay, 10.1038/s41579-021-00583-y (2021) | “PFL, a glycyl-radical enzyme, is inactivated by O2 within seconds at low concentrations in vitro and in vivo.” (lu2021whenanaerobesencounter pages 6-8) | Broad mechanism for obligate anaerobes; strong review-backed edge. |
research/traits/environment/obligately_anaerobic-deep-research-falcon.md	266	CHEBI:15379	2	dioxygen	OK_LABEL	1.00	| 2 | molecular oxygen (CHEBI:15379) | directly inactivates | pyruvate:ferredoxin oxidoreductase / PFOR (EC 1.2.7.1) | Khademian & Imlay, 10.1111/mmi.14516 (2020) | “PFOR damage was unaffected by the level of superoxide or peroxide, showing that molecular oxygen itself is the culprit… The cell cannot repair PFOR.” (khademian2020doreactiveoxygen pages 1-2) | Strong primary evidence, but organism tested was *Bacteroides thetaiotaomicron*; taxon-specific exemplar for a broader mechanism. |
research/traits/environment/obligately_anaerobic-deep-research-falcon.md	267	CHEBI:15379	3	dioxygen	OK_IN_ROW	1.00	| 3 | molecular oxygen (CHEBI:15379) | oxidatively damages | [4Fe-4S] enzyme/cofactor-containing enzymes (GO:0051539) | Lu & Imlay, 10.1038/s41579-021-00583-y (2021) | “O2 oxidizes low-potential metal centres in anaerobic enzymes… The [4Fe-4S]2+ cluster of aconitase oxidizes to [4Fe-4S]3+ and degrades to inactive [3Fe-4S]+ with a half-time of ~30 minutes.” (lu2021whenanaerobesencounter pages 6-8) | Broad mechanistic edge; representative [4Fe-4S] example is aconitase, not all enzymes equally supported. |
research/traits/environment/obligately_anaerobic-deep-research-falcon.md	267	GO:0051539	3	4 iron, 4 sulfur cluster binding	DRIFT	0.00	| 3 | molecular oxygen (CHEBI:15379) | oxidatively damages | [4Fe-4S] enzyme/cofactor-containing enzymes (GO:0051539) | Lu & Imlay, 10.1038/s41579-021-00583-y (2021) | “O2 oxidizes low-potential metal centres in anaerobic enzymes… The [4Fe-4S]2+ cluster of aconitase oxidizes to [4Fe-4S]3+ and degrades to inactive [3Fe-4S]+ with a half-time of ~30 minutes.” (lu2021whenanaerobesencounter pages 6-8) | Broad mechanistic edge; representative [4Fe-4S] example is aconitase, not all enzymes equally supported. |
research/traits/environment/obligately_anaerobic-deep-research-falcon.md	268	CHEBI:15379	4	dioxygen	OK_LABEL	1.00	| 4 | molecular oxygen (CHEBI:15379) | promotes formation of | superoxide (CHEBI:18421) | Lu & Imlay, 10.1038/s41579-021-00583-y (2021) | “molecular O2 oxidizes flavins and metal centers in redox enzymes, producing O2− and H2O2.” (lu2021whenanaerobesencounter pages 9-11) | Broad mechanism; source enzymes vary by taxon and condition. |
research/traits/environment/obligately_anaerobic-deep-research-falcon.md	268	CHEBI:18421	4	superoxide	OK_IN_ROW	1.00	| 4 | molecular oxygen (CHEBI:15379) | promotes formation of | superoxide (CHEBI:18421) | Lu & Imlay, 10.1038/s41579-021-00583-y (2021) | “molecular O2 oxidizes flavins and metal centers in redox enzymes, producing O2− and H2O2.” (lu2021whenanaerobesencounter pages 9-11) | Broad mechanism; source enzymes vary by taxon and condition. |
research/traits/environment/obligately_anaerobic-deep-research-falcon.md	269	CHEBI:15379	5	dioxygen	OK_IN_ROW	1.00	| 5 | molecular oxygen (CHEBI:15379) | promotes formation of | hydrogen peroxide (CHEBI:16240) | Lu & Imlay, 10.1038/s41579-021-00583-y (2021) | “molecular O2 oxidizes flavins and metal centers in redox enzymes, producing O2− and H2O2”; “B. thetaiotaomicron generates H2O2 approximately 10-fold faster than E. coli.” (lu2021whenanaerobesencounter pages 9-11) | Broad mechanism with quantitative exemplar from *B. thetaiotaomicron*. |
research/traits/environment/obligately_anaerobic-deep-research-falcon.md	269	CHEBI:16240	5	hydrogen peroxide	OK_IN_ROW	1.00	| 5 | molecular oxygen (CHEBI:15379) | promotes formation of | hydrogen peroxide (CHEBI:16240) | Lu & Imlay, 10.1038/s41579-021-00583-y (2021) | “molecular O2 oxidizes flavins and metal centers in redox enzymes, producing O2− and H2O2”; “B. thetaiotaomicron generates H2O2 approximately 10-fold faster than E. coli.” (lu2021whenanaerobesencounter pages 9-11) | Broad mechanism with quantitative exemplar from *B. thetaiotaomicron*. |
research/traits/environment/obligately_anaerobic-deep-research-falcon.md	270	CHEBI:18421	6	superoxide	OK_IN_ROW	1.00	| 6 | superoxide (CHEBI:18421) | inactivates | fumarase (EC 4.2.1.2) | Lu & Imlay, 10.1038/s41579-021-00583-y (2021) | “endogenous superoxide (O2−) inactivating fumarase specifically.” (lu2021whenanaerobesencounter pages 22-27) | Strong mechanism; enzyme isoform/context may vary. |
research/traits/environment/obligately_anaerobic-deep-research-falcon.md	273	CHEBI:15379	9	dioxygen	OK_LABEL	1.00	| 9 | revRbr2 / reverse rubrerythrin 2 (label-only candidate; *C. difficile* CD1524) | reduces | molecular oxygen (CHEBI:15379) | Caulat et al., 10.1128/mbio.01591-24 (2024) | “revRbr2 is specific to low O2 tensions (<0.4%).” “All four purified enzymes possess O2-reductase activity in vitro.” (caulat2024physiologicalroleand pages 1-2, caulat2024physiologicalroleand pages 2-5) | Taxon-specific: *Clostridioides difficile*; O2-reduction product to water is described at study level. |
research/traits/environment/obligately_anaerobic-deep-research-falcon.md	274	CHEBI:15379	10	dioxygen	OK_IN_ROW	1.00	| 10 | FdpA / flavodiiron protein A (label-only candidate; *C. difficile* CD1157) | reduces | molecular oxygen (CHEBI:15379) | Caulat et al., 10.1128/mbio.01591-24 (2024) | “FdpA to low and intermediate O2 tensions (0.4%–1%).” “All four purified enzymes possess O2-reductase activity in vitro.” (caulat2024physiologicalroleand pages 1-2, caulat2024physiologicalroleand pages 2-5) | Taxon-specific: *C. difficile*. |
research/traits/environment/obligately_anaerobic-deep-research-falcon.md	275	CHEBI:15379	11	dioxygen	OK_IN_ROW	1.00	| 11 | revRbr1 / reverse rubrerythrin 1 (label-only candidate; *C. difficile* CD1474) | reduces | molecular oxygen (CHEBI:15379) | Caulat et al., 10.1128/mbio.01591-24 (2024) | “revRbr1 has a wider spectrum of activity (0.1%–4%).” (caulat2024physiologicalroleand pages 1-2) | Taxon-specific: *C. difficile*. |
research/traits/environment/obligately_anaerobic-deep-research-falcon.md	276	CHEBI:15379	12	dioxygen	OK_IN_ROW	1.00	| 12 | FdpF / flavodiiron protein F (label-only candidate; *C. difficile* CD1623) | reduces | molecular oxygen (CHEBI:15379) | Caulat et al., 10.1128/mbio.01591-24 (2024) | “FdpF is more specific to tensions > 4% and air”; “FdpF is identified as the fastest and most efficient O2-reducing enzyme overall.” (caulat2024physiologicalroleand pages 1-2, caulat2024physiologicalroleand pages 13-15) | Taxon-specific: *C. difficile*; stronger at high O2 than other reductases. |
research/traits/environment/obligately_anaerobic-deep-research-falcon.md	278	GO:0016721	14	oxidoreductase activity, acting on superoxide radicals as acceptor	DRIFT	0.00	| 14 | superoxide reductase / SOR (GO:0016721 candidate) | reduces | superoxide (CHEBI:18421) | Botin et al., 10.1128/aem.00606-23 (2023) | “SORs reduce superoxide anion to H2O2.” (botin2023thetoleranceof pages 2-5) | Mechanistic enzyme-class edge; demonstrated in *Faecalibacterium* genome/phenotype context. |
research/traits/environment/obligately_anaerobic-deep-research-falcon.md	278	CHEBI:18421	14	superoxide	OK_IN_ROW	1.00	| 14 | superoxide reductase / SOR (GO:0016721 candidate) | reduces | superoxide (CHEBI:18421) | Botin et al., 10.1128/aem.00606-23 (2023) | “SORs reduce superoxide anion to H2O2.” (botin2023thetoleranceof pages 2-5) | Mechanistic enzyme-class edge; demonstrated in *Faecalibacterium* genome/phenotype context. |
research/traits/environment/obligately_anaerobic-deep-research-falcon.md	279	CHEBI:15379	15	dioxygen	OK_IN_ROW	1.00	| 15 | flavodiiron proteins / reverse rubrerythrins | reduce | molecular oxygen (CHEBI:15379) to water | Botin et al., 10.1128/aem.00606-23 (2023) | “FDPs and revRbrs reduce O2 to H2O.” (botin2023thetoleranceof pages 2-5) | Gene-class edge from *Faecalibacterium* study; likely broader but curate as supported enzyme-class statement. |
research/traits/environment/obligately_anaerobic-deep-research-falcon.md	280	CHEBI:16240	16	hydrogen peroxide	OK_IN_ROW	1.00	| 16 | rubrerythrin / peroxiredoxin / peroxidases | scavenges | hydrogen peroxide (CHEBI:16240) | Lotoux et al., 10.1128/mbio.03753-24 (2025) | “Rbr… together with the peroxiredoxin, Bcp, plays a central role in the detoxification of H2O2 and promotes the survival of C. difficile in the presence of not only H2O2 but also air or 4% O2.” (from abstract in search results) | Strong but 2025 source; taxon-specific. Consider secondary priority if restricting to ≤2024-only curation. |
research/traits/environment/obligately_anaerobic-deep-research-falcon.md	281	CHEBI:17561	17	L-cysteine	OK_IN_ROW	1.00	| 17 | cysteine (CHEBI:17561) | limits production of | extracellular superoxide (CHEBI:18421) | Botin et al., 10.1128/aem.00606-23 (2023) | “cysteine… limited the production of extracellular O2•− and improved the survival of *Faecalibacterium longum* L2-6 under high O2 tension.” (botin2023thetoleranceof pages 1-2) | Taxon- and assay-specific; useful environmental/modifier edge. |
research/traits/environment/obligately_anaerobic-deep-research-falcon.md	281	CHEBI:18421	17	superoxide	OK_IN_ROW	1.00	| 17 | cysteine (CHEBI:17561) | limits production of | extracellular superoxide (CHEBI:18421) | Botin et al., 10.1128/aem.00606-23 (2023) | “cysteine… limited the production of extracellular O2•− and improved the survival of *Faecalibacterium longum* L2-6 under high O2 tension.” (botin2023thetoleranceof pages 1-2) | Taxon- and assay-specific; useful environmental/modifier edge. |
research/traits/environment/obligately_anaerobic-deep-research-falcon.md	282	CHEBI:17561	18	L-cysteine	OK_IN_ROW	1.00	| 18 | cysteine (CHEBI:17561) | improves | survival under high O2 tension | Botin et al., 10.1128/aem.00606-23 (2023) | Same snippet: cysteine “improved the survival of *Faecalibacterium longum* L2-6 under high O2 tension.” (botin2023thetoleranceof pages 1-2) | Taxon- and assay-specific; likely not universal. |
research/traits/environment/obligately_piezophilic-deep-research-falcon.md	196	ENVO:01000220	environmental factor	tropical woodland biome	DRIFT	0.25	| Environmental factor | high hydrostatic pressure (HHP) | environmental factor | ENVO:01000220 | Elevated pressure required for growth in obligate piezophiles; central external driver shaping membrane, protein, and respiratory adaptations. | (scoma2021functionalgroupsin pages 1-2, scoma2021functionalgroupsin pages 6-7) |
research/traits/environment/obligately_piezophilic-deep-research-falcon.md	197	ENVO:01000017	environmental factor	sand	DRIFT	0.09	| Environmental factor | deep-sea hydrothermal vent | environmental factor | ENVO:01000017 | High-pressure seafloor vent habitat associated with hyperthermophilic obligate piezophiles such as *Pyrococcus yayanosii*. | (michoud2016highhydrostaticpressure pages 1-2, scoma2021functionalgroupsin pages 1-2) |
research/traits/environment/obligately_piezophilic-deep-research-falcon.md	198	ENVO:01000020	environmental factor	estuarine biome	DRIFT	0.36	| Environmental factor | hadal trench | environmental factor | ENVO:01000020 | Extreme deep-ocean trench habitat selecting for psychrophilic obligate piezophiles such as hadal *Colwellia* and *Shewanella*. | (peoples2020distinctivegeneand pages 1-2, peoples2020distinctivegeneand pages 7-9) |
research/traits/environment/obligately_piezophilic-deep-research-falcon.md	209	GO:0006935	gene set	chemotaxis	OK_IN_ROW	1.00	| Gene set | chemotaxis genes | gene set | GO:0006935 | Pressure-responsive motility/signaling genes upregulated in *P. yayanosii* under nonoptimal pressures. | (michoud2016highhydrostaticpressure pages 1-2, michoud2016highhydrostaticpressure pages 3-4) |
research/traits/environment/obligately_piezophilic-deep-research-falcon.md	210	GO:0099048	gene/gene cluster	CRISPR-cas system	DRIFT	0.27	| Gene/gene cluster | CRISPR-Cas clusters | gene cluster | GO:0099048 | Defense-associated loci overrepresented or pressure-responsive in *P. yayanosii*; possible stress-linked regulatory role. | (michoud2016highhydrostaticpressure pages 1-2, michoud2016highhydrostaticpressure pages 4-6) |
research/traits/environment/obligately_piezophilic-deep-research-falcon.md	211	GO:0015992	gene/gene cluster		UNRESOLVED	0.00	| Gene/gene cluster | V-ATPase genes | gene cluster | GO:0015992 | Archaeal ATPase genes upregulated at high pressure in *P. yayanosii*, likely helping ion/proton homeostasis. | (michoud2016highhydrostaticpressure pages 2-3, michoud2016highhydrostaticpressure pages 4-6) |
research/traits/environment/obligately_piezophilic-deep-research-falcon.md	225	CHEBI:32395	chemical/metabolite	arachidonate	DRIFT	0.44	| Chemical/metabolite | unsaturated fatty acids (MUFA, PUFA) | chemical class | CHEBI:32395 | Increased membrane unsaturation counteracts pressure-induced membrane ordering and rigidity. | (oger2010themanyways pages 4-5, tamby2023microbialmembranelipid pages 2-4) |
research/traits/environment/obligately_piezophilic-deep-research-falcon.md	226	CHEBI:25414	chemical/metabolite	monoatomic monocation	DRIFT	0.32	| Chemical/metabolite | eicosapentaenoic acid (EPA; C20:5) | chemical | CHEBI:25414 | Long-chain omega-3 PUFA associated with high-pressure membrane adaptation and cell division support. | (tamby2023microbialmembranelipid pages 2-4, tamby2023microbialmembranelipid pages 10-11) |
research/traits/environment/obligately_piezophilic-deep-research-falcon.md	227	CHEBI:28125	chemical/metabolite	all-cis-docosa-4,7,10,13,16,19-hexaenoic acid	OK_IN_ROW	1.00	| Chemical/metabolite | docosahexaenoic acid (DHA; C22:6) | chemical | CHEBI:28125 | Long-chain omega-3 PUFA frequently associated with pressure-adapted membranes, though not universal. | (tamby2023microbialmembranelipid pages 2-4) |
research/traits/environment/obligately_piezophilic-deep-research-falcon.md	228	CHEBI:35819	chemical/metabolite	branched-chain fatty acid	OK_IN_ROW	1.00	| Chemical/metabolite | branched-chain fatty acids | chemical class | CHEBI:35819 | Membrane lipids that can increase fluidity under pressure in some taxa; not universal among piezophiles. | (tamby2023microbialmembranelipid pages 6-7, tamby2023microbialmembranelipid pages 1-2) |
research/traits/environment/obligately_piezophilic-deep-research-falcon.md	229	CHEBI:17517	chemical/metabolite	phosphatidylglycerol	DRIFT	0.21	| Chemical/metabolite | phosphatidylglycerides | chemical class | CHEBI:17517 | Phospholipid headgroup class reported to increase under high pressure in some piezophiles. | (scheffer2023themysteryof pages 9-10) |
research/traits/environment/obligately_piezophilic-deep-research-falcon.md	230	CHEBI:16038	chemical/metabolite	phosphatidylethanolamine	OK_IN_ROW	1.00	| Chemical/metabolite | phosphatidylethanolamine | chemical class | CHEBI:16038 | Major membrane phospholipid class whose relative abundance can shift during high-pressure adaptation. | (scheffer2023themysteryof pages 9-10) |
research/traits/environment/obligately_piezophilic-deep-research-falcon.md	231	CHEBI:15724	chemical/metabolite	trimethylamine N-oxide	OK_IN_ROW	1.00	| Chemical/metabolite | trimethylamine N-oxide (TMAO) | chemical | CHEBI:15724 | Acts as piezolyte and, in some taxa, respiratory substrate; protects proteins from pressure-induced water intrusion. | (scheffer2023themysteryof pages 9-10, yancey2020cellularresponsesin pages 9-11) |
research/traits/environment/obligately_piezophilic-deep-research-falcon.md	232	CHEBI:63863	chemical/metabolite	3'-N-debenzoyltaxol(1+)	DRIFT	0.35	| Chemical/metabolite | mannosyl-glycerate | chemical | CHEBI:63863 | Compatible solute in Thermococcales; accumulates under low-pressure stress and rigidifies proteins. | (scheffer2023themysteryof pages 9-10, cario2016molecularchaperoneaccumulation pages 4-5) |
research/traits/environment/obligately_piezophilic-deep-research-falcon.md	233	CHEBI:15978	chemical/metabolite	sn-glycerol 3-phosphate	DRIFT	0.33	| Chemical/metabolite | beta-hydroxybutyrate | chemical | CHEBI:15978 | Pressure-associated compatible solute reported in piezophilic systems. | (scheffer2023themysteryof pages 9-10, scheffer2023themysteryof pages 7-9) |
research/traits/environment/obligately_piezophilic-deep-research-falcon.md	234	CHEBI:29985	chemical/metabolite	L-glutamate(1-)	DRIFT	0.39	| Chemical/metabolite | glutamate | chemical | CHEBI:29985 | Common compatible solute/piezolyte contributing to preferential hydration and stress protection. | (scheffer2023themysteryof pages 9-10, scheffer2023themysteryof pages 7-9) |
research/traits/environment/obligately_piezophilic-deep-research-falcon.md	235	CHEBI:17750	chemical/metabolite	glycine betaine	OK_IN_ROW	1.00	| Chemical/metabolite | betaine | chemical | CHEBI:17750 | Compatible solute detected under high-pressure growth; contributes to protein protection. | (scheffer2023themysteryof pages 9-10, scheffer2023themysteryof pages 7-9) |
research/traits/environment/obligately_piezophilic-deep-research-falcon.md	236	CHEBI:15740	chemical/metabolite	formate	OK_IN_ROW	1.00	| Chemical/metabolite | formate | chemical | CHEBI:15740 | Central metabolite in Thermococcales formate/hydrogen metabolism affected by pressure. | (michoud2016highhydrostaticpressure pages 4-6, scheffer2023themysteryof pages 7-9) |
research/traits/environment/obligately_piezophilic-deep-research-falcon.md	237	GO:0016042	biological process	lipid catabolic process	DRIFT	0.63	| Biological process | membrane fluidity maintenance | biological process | GO:0016042 | Adaptive remodeling of membrane lipids to preserve membrane function under compression. | (oger2010themanyways pages 4-5, tamby2023microbialmembranelipid pages 2-4) |
research/traits/environment/obligately_piezophilic-deep-research-falcon.md	239	GO:0006457	biological process	protein folding	OK_IN_ROW	1.00	| Biological process | protein folding under pressure | biological process | GO:0006457 | Chaperone-assisted maintenance of protein structure/function under pressure stress. | (oger2010themanyways pages 2-4, oger2010themanyways pages 6-8) |
research/traits/environment/obligately_piezophilic-deep-research-falcon.md	241	GO:0006935	biological process	chemotaxis	OK_IN_ROW	1.00	| Biological process | chemotaxis | biological process | GO:0006935 | Directed motility/signaling response upregulated in *P. yayanosii* under suboptimal pressures. | (michoud2016highhydrostaticpressure pages 1-2, michoud2016highhydrostaticpressure pages 3-4) |
research/traits/environment/obligately_piezophilic-deep-research-falcon.md	242	GO:0009252	biological process	peptidoglycan biosynthetic process	OK_IN_ROW	1.00	| Biological process | peptidoglycan biosynthesis | biological process | GO:0009252 | Cell wall strengthening/remodeling process linked to piezophile-enriched ddl genes. | (peoples2020distinctivegeneand pages 1-2, peoples2020distinctivegeneand pages 7-9) |
research/traits/environment/obligately_piezophilic-deep-research-falcon.md	243	GO:0006260	biological process	DNA replication	OK_IN_ROW	1.00	| Biological process | DNA replication/repair | biological process | GO:0006260 / GO:0006281 | Replication and repair functions enriched or pressure-responsive in obligate piezophiles. | (peoples2020distinctivegeneand pages 1-2, michoud2016highhydrostaticpressure pages 4-6) |
research/traits/environment/obligately_piezophilic-deep-research-falcon.md	243	GO:0006281	biological process	DNA repair	DRIFT	0.15	| Biological process | DNA replication/repair | biological process | GO:0006260 / GO:0006281 | Replication and repair functions enriched or pressure-responsive in obligate piezophiles. | (peoples2020distinctivegeneand pages 1-2, michoud2016highhydrostaticpressure pages 4-6) |
research/traits/environment/obligately_piezophilic-deep-research-falcon.md	244	GO:0004768	molecular function	stearoyl-CoA 9-desaturase activity	DRIFT	0.34	| Molecular function | fatty acid desaturation | molecular function | GO:0004768 | Introduction of double bonds into fatty acyl chains to increase membrane fluidity under pressure. | (scheffer2023themysteryof pages 6-7, peoples2020distinctivegeneand pages 5-7) |
research/traits/environment/obligately_piezophilic-deep-research-falcon.md	245	GO:0003954	molecular function	NADH dehydrogenase activity	DRIFT	0.36	| Molecular function | NADH oxidation | molecular function | GO:0003954 | Electron transfer from NADH into respiratory chains via Nuo or Na+-NQR complexes. | (oger2010themanyways pages 5-6, peoples2020distinctivegeneand pages 5-7) |
research/traits/environment/obligately_piezophilic-deep-research-falcon.md	246	GO:0015992	molecular function		UNRESOLVED	0.00	| Molecular function | proton gradient generation | molecular function | GO:0015992 | Energy-conserving ion translocation by respiratory complexes, hydrogenases, and V-ATPase. | (michoud2016highhydrostaticpressure pages 2-3, oger2010themanyways pages 5-6) |
research/traits/environment/oxygen_preference-deep-research-falcon.md	282	CHEBI:15379	chebi:15379 dioxygen (o2) availability	dioxygen	OK_LABEL	1.00	| CHEBI:15379 dioxygen (O2) availability | enables | GO:0009060 aerobic respiration | Strong, broad across microbes; trait-defining axis for aerobes vs anaerobes (berg2022howlowcan pages 5-7) |
research/traits/environment/oxygen_preference-deep-research-falcon.md	282	GO:0009060	chebi:15379 dioxygen (o2) availability	aerobic respiration	OK_IN_ROW	1.00	| CHEBI:15379 dioxygen (O2) availability | enables | GO:0009060 aerobic respiration | Strong, broad across microbes; trait-defining axis for aerobes vs anaerobes (berg2022howlowcan pages 5-7) |
research/traits/environment/oxygen_preference-deep-research-falcon.md	283	CHEBI:15379	terminal oxidases (e.g., cytochrome bd, heme-copper oxidases)	dioxygen	OK_IN_ROW	1.00	| terminal oxidases (e.g., cytochrome bd, heme-copper oxidases) | reduces | CHEBI:15379 dioxygen (O2) to CHEBI:15377 water | Strong, broad but enzyme-class level; foundational respiratory mechanism (lu2021whenanaerobesencounter pages 16-17) |
research/traits/environment/oxygen_preference-deep-research-falcon.md	283	CHEBI:15377	terminal oxidases (e.g., cytochrome bd, heme-copper oxidases)	water	OK_IN_ROW	1.00	| terminal oxidases (e.g., cytochrome bd, heme-copper oxidases) | reduces | CHEBI:15379 dioxygen (O2) to CHEBI:15377 water | Strong, broad but enzyme-class level; foundational respiratory mechanism (lu2021whenanaerobesencounter pages 16-17) |
research/traits/environment/oxygen_preference-deep-research-falcon.md	286	CHEBI:15379	chebi:15379 dioxygen (o2) exposure	dioxygen	OK_LABEL	1.00	| CHEBI:15379 dioxygen (O2) exposure | inhibits | pyruvate:ferredoxin oxidoreductase (PFOR) | Strong, but taxon/enzyme-context specific for anaerobes; concentration-dependent inactivation reported (lu2021whenanaerobesencounter pages 8-9) |
research/traits/environment/oxygen_preference-deep-research-falcon.md	287	CHEBI:15379	chebi:15379 dioxygen (o2) exposure	dioxygen	OK_LABEL	1.00	| CHEBI:15379 dioxygen (O2) exposure | inactivates | pyruvate formate-lyase (PFL) | Strong, broad for radical PFL-containing anaerobes; direct O2 toxicity mechanism (lu2021whenanaerobesencounter pages 4-6) |
research/traits/environment/oxygen_preference-deep-research-falcon.md	289	GO:0004784	go:0004784 superoxide dismutase activity	superoxide dismutase activity	OK_LABEL	1.00	| GO:0004784 superoxide dismutase activity | detoxifies | CHEBI:18421 superoxide | Strong, broad; in recent anammox comparison, higher SOD associated with greater O2 tolerance (taxon-specific quantitative support) (okabe2023oxygentoleranceand pages 1-2, okabe2023oxygentoleranceand pages 11-12) |
research/traits/environment/oxygen_preference-deep-research-falcon.md	289	CHEBI:18421	go:0004784 superoxide dismutase activity	superoxide	OK_LABEL	1.00	| GO:0004784 superoxide dismutase activity | detoxifies | CHEBI:18421 superoxide | Strong, broad; in recent anammox comparison, higher SOD associated with greater O2 tolerance (taxon-specific quantitative support) (okabe2023oxygentoleranceand pages 1-2, okabe2023oxygentoleranceand pages 11-12) |
research/traits/environment/oxygen_preference-deep-research-falcon.md	290	GO:0004096	go:0004096 catalase activity / peroxidase activity	catalase activity	OK_LABEL	1.00	| GO:0004096 catalase activity / peroxidase activity | detoxifies | CHEBI:16240 hydrogen peroxide | Strong, broad at functional level; recent anammox data support Cat contribution with SOD-Cat system (okabe2023oxygentoleranceand pages 1-2, okabe2023oxygentoleranceand pages 11-12) |
research/traits/environment/oxygen_preference-deep-research-falcon.md	290	CHEBI:16240	go:0004096 catalase activity / peroxidase activity	hydrogen peroxide	OK_IN_ROW	1.00	| GO:0004096 catalase activity / peroxidase activity | detoxifies | CHEBI:16240 hydrogen peroxide | Strong, broad at functional level; recent anammox data support Cat contribution with SOD-Cat system (okabe2023oxygentoleranceand pages 1-2, okabe2023oxygentoleranceand pages 11-12) |
research/traits/environment/oxygen_preference-deep-research-falcon.md	293	GO:0009061	go:0009061 anaerobic respiration / fermentation	anaerobic respiration	OK_LABEL	1.00	| GO:0009061 anaerobic respiration / fermentation | enables | growth under anoxic conditions | Strong, broad; central route for anaerobes when O2 is absent, with coexistence of anaerobic and aerobic processes in low-O2 systems (berg2022howlowcan pages 5-7, lu2021whenanaerobesencounter pages 4-6) |
research/traits/environment/ph_delta_mid2-deep-research-falcon.md	214	GO:0006885	cellular/cytoplasmic ph homeostasis	regulation of pH	OK_IN_ROW	1.00	| cellular/cytoplasmic pH homeostasis | Biological process | **GO:0006885** (regulation of pH); verify whether a more specific child is preferred |
research/traits/environment/ph_delta_mid2-deep-research-falcon.md	215	GO:1902600	proton transmembrane transport	proton transmembrane transport	OK_LABEL	1.00	| proton transmembrane transport | Biological process | **GO:1902600** |
research/traits/environment/ph_delta_mid2-deep-research-falcon.md	218	GO:0006119	oxidative phosphorylation	oxidative phosphorylation	OK_LABEL	1.00	| oxidative phosphorylation | Biological process | **GO:0006119** |
research/traits/environment/ph_delta_mid2-deep-research-falcon.md	219	GO:0015986	atp synthesis coupled proton transport	proton motive force-driven ATP synthesis	OK_LABEL	1.00	| ATP synthesis coupled proton transport | Biological process | **GO:0015986** |
research/traits/environment/ph_delta_mid2-deep-research-falcon.md	222	CHEBI:8005	cell-wall/peptidoglycan integrity	peptidoglycan	OK_LABEL	1.00	| cell-wall/peptidoglycan integrity | Process/structure | Peptidoglycan: **CHEBI:8005**; process term should be verified |
research/traits/environment/ph_delta_mid2-deep-research-falcon.md	224	GO:0006281	dna repair	DNA repair	OK_LABEL	1.00	| DNA repair | Biological process | **GO:0006281** |
research/traits/environment/ph_delta_mid2-deep-research-falcon.md	252	CHEBI:24636	proton	proton	OK_LABEL	1.00	| proton | **CHEBI:24636** | Central transported/consumed species |
research/traits/environment/ph_delta_mid2-deep-research-falcon.md	253	CHEBI:29101	sodium cation	sodium(1+)	OK_LABEL	1.00	| sodium cation | **CHEBI:29101** | Antiporter counter-ion; salinity confounder |
research/traits/environment/ph_delta_mid2-deep-research-falcon.md	254	CHEBI:29103	potassium cation	potassium(1+)	OK_LABEL	1.00	| potassium cation | **CHEBI:29103** | Alternative antiporter counter-ion |
research/traits/environment/ph_delta_mid2-deep-research-falcon.md	255	CHEBI:29985	l-glutamate	L-glutamate(1-)	OK_LABEL	1.00	| L-glutamate | **CHEBI:29985** | Gad substrate |
research/traits/environment/ph_delta_mid2-deep-research-falcon.md	256	CHEBI:16865	4-aminobutanoate/gaba	gamma-aminobutyric acid	OK_LABEL	1.00	| 4-aminobutanoate/GABA | **CHEBI:16865** | Gad product exported by GadC |
research/traits/environment/ph_delta_mid2-deep-research-falcon.md	257	CHEBI:18050	l-glutamine	L-glutamine	OK_LABEL	1.00	| L-glutamine | **CHEBI:18050** | YbaS substrate |
research/traits/environment/ph_delta_mid2-deep-research-falcon.md	258	CHEBI:16134	ammonia	ammonia	OK_LABEL	1.00	| ammonia | **CHEBI:16134** | Basic product that neutralizes protons |
research/traits/environment/ph_delta_mid2-deep-research-falcon.md	259	CHEBI:16526	carbon dioxide	carbon dioxide	OK_LABEL	1.00	| carbon dioxide | **CHEBI:16526** | Decarboxylation product |
research/traits/environment/ph_delta_mid2-deep-research-falcon.md	260	CHEBI:17148	putrescine	putrescine	OK_LABEL	1.00	| putrescine | **CHEBI:17148** | Community-level, pH-dependent modifier; not a universal breadth determinant |
research/traits/environment/ph_delta_mid2-deep-research-falcon.md	261	CHEBI:15422	atp	ATP	OK_LABEL	1.00	| ATP | **CHEBI:15422** | Energy substrate/product whose role depends on ATPase direction |
research/traits/environment/ph_delta_mid2-deep-research-falcon.md	262	CHEBI:16761	adp	ADP	OK_LABEL	1.00	| ADP | **CHEBI:16761** | ATPase product/substrate |
research/traits/environment/ph_optimum-deep-research-falcon.md	255	CHEBI:15378	external ph	hydron	OK_IN_ROW	1.00	| external pH | determines component balance of | proton motive force (ΔpH/Δψ) | METPO:1000331; CHEBI:15378 hydron; GO:0005886 plasma membrane | Broad mechanistic; foundational review states pH homeostasis demands determine relative PMF components, linking outside pH to bioenergetics and growth range rather than a single taxon (krulwich2011molecularaspectsof pages 1-3, krulwich2011molecularaspectsof pages 3-5) | 10.1038/nrmicro2549 |
research/traits/environment/ph_optimum-deep-research-falcon.md	255	GO:0005886	external ph	plasma membrane	OK_IN_ROW	1.00	| external pH | determines component balance of | proton motive force (ΔpH/Δψ) | METPO:1000331; CHEBI:15378 hydron; GO:0005886 plasma membrane | Broad mechanistic; foundational review states pH homeostasis demands determine relative PMF components, linking outside pH to bioenergetics and growth range rather than a single taxon (krulwich2011molecularaspectsof pages 1-3, krulwich2011molecularaspectsof pages 3-5) | 10.1038/nrmicro2549 |
research/traits/environment/ph_optimum-deep-research-falcon.md	256	GO:0006754	balanced proton motive force	ATP biosynthetic process	OK_IN_ROW	1.00	| balanced proton motive force | enables | growth at pH optimum | METPO:1000331; GO:0006754 ATP biosynthetic process | Broad mechanistic; review identifies PMF as central energy currency and ties maintenance of cytoplasmic pH/PMF to growth-supporting external pH (krulwich2011molecularaspectsof pages 1-3, krulwich2011molecularaspectsof pages 3-5) | 10.1038/nrmicro2549 |
research/traits/environment/ph_optimum-deep-research-falcon.md	257	GO:0005886	mrp na+/h+ antiporter	plasma membrane	OK_IN_ROW	1.00	| Mrp Na+/H+ antiporter | causally supports | alkaline cytoplasmic pH homeostasis | GO:0005886 plasma membrane; CHEBI:29101 sodium(1+); CHEBI:15378 hydron | Strong but taxon-enriched; alkaliphile genetic evidence shows mrpA mutations cause loss of alkaliphilic phenotype, alkaline pH homeostasis, and Na+/H+ antiport (krulwich2011molecularaspectsof pages 12-14) | 10.1038/nrmicro2549 |
research/traits/environment/ph_optimum-deep-research-falcon.md	257	CHEBI:29101	mrp na+/h+ antiporter	sodium(1+)	OK_LABEL	1.00	| Mrp Na+/H+ antiporter | causally supports | alkaline cytoplasmic pH homeostasis | GO:0005886 plasma membrane; CHEBI:29101 sodium(1+); CHEBI:15378 hydron | Strong but taxon-enriched; alkaliphile genetic evidence shows mrpA mutations cause loss of alkaliphilic phenotype, alkaline pH homeostasis, and Na+/H+ antiport (krulwich2011molecularaspectsof pages 12-14) | 10.1038/nrmicro2549 |
research/traits/environment/ph_optimum-deep-research-falcon.md	257	CHEBI:15378	mrp na+/h+ antiporter	hydron	OK_LABEL	1.00	| Mrp Na+/H+ antiporter | causally supports | alkaline cytoplasmic pH homeostasis | GO:0005886 plasma membrane; CHEBI:29101 sodium(1+); CHEBI:15378 hydron | Strong but taxon-enriched; alkaliphile genetic evidence shows mrpA mutations cause loss of alkaliphilic phenotype, alkaline pH homeostasis, and Na+/H+ antiport (krulwich2011molecularaspectsof pages 12-14) | 10.1038/nrmicro2549 |
research/traits/environment/ph_optimum-deep-research-falcon.md	258	CHEBI:15378	alkaline cytoplasmic ph homeostasis	hydron	OK_IN_ROW	1.00	| alkaline cytoplasmic pH homeostasis | supports | growth at high external pH | METPO:1000331; CHEBI:15378 hydron | Strong but mainly from alkaliphile systems; complete pH homeostasis maintains pHi near growth-supporting values, while failure correlates with growth arrest/loss of alkaliphilic phenotype (krulwich2011molecularaspectsof pages 12-14) | 10.1038/nrmicro2549 |
research/traits/environment/ph_optimum-deep-research-falcon.md	259	GO:0005886	f1f0-atpase proton translocation	plasma membrane	OK_IN_ROW	1.00	| F1F0-ATPase proton translocation | contributes to | cytoplasmic pH homeostasis | GO:0005886 plasma membrane; CHEBI:15378 hydron | Broad mechanistic with mixed context; review supports proton extrusion in acid stress and proton uptake during ATP synthesis in alkaliphiles (krulwich2011molecularaspectsof pages 12-14, krulwich2011molecularaspectsof pages 5-6, lund2014copingwithlow pages 7-9) | 10.1038/nrmicro2549 |
research/traits/environment/ph_optimum-deep-research-falcon.md	259	CHEBI:15378	f1f0-atpase proton translocation	hydron	OK_IN_ROW	1.00	| F1F0-ATPase proton translocation | contributes to | cytoplasmic pH homeostasis | GO:0005886 plasma membrane; CHEBI:15378 hydron | Broad mechanistic with mixed context; review supports proton extrusion in acid stress and proton uptake during ATP synthesis in alkaliphiles (krulwich2011molecularaspectsof pages 12-14, krulwich2011molecularaspectsof pages 5-6, lund2014copingwithlow pages 7-9) | 10.1038/nrmicro2549 |
research/traits/environment/ph_optimum-deep-research-falcon.md	261	CHEBI:29985	glutamate decarboxylase system	L-glutamate(1-)	OK_IN_ROW	1.00	| glutamate decarboxylase system | consumes | hydron | CHEBI:29985 L-glutamate; CHEBI:16865 GABA; CHEBI:15378 hydron | Broad acid-stress mechanism; strong in enteric/neutralophilic bacteria, but more clearly supports low-pH survival/tolerance than optimum per se (krulwich2011molecularaspectsof pages 5-6, lund2014copingwithlow pages 7-9, guan2020microbialresponseto pages 2-4, lund2020understandinghowmicroorganisms pages 1-2) | 10.1038/nrmicro2549 |
research/traits/environment/ph_optimum-deep-research-falcon.md	261	CHEBI:16865	glutamate decarboxylase system	gamma-aminobutyric acid	OK_IN_ROW	1.00	| glutamate decarboxylase system | consumes | hydron | CHEBI:29985 L-glutamate; CHEBI:16865 GABA; CHEBI:15378 hydron | Broad acid-stress mechanism; strong in enteric/neutralophilic bacteria, but more clearly supports low-pH survival/tolerance than optimum per se (krulwich2011molecularaspectsof pages 5-6, lund2014copingwithlow pages 7-9, guan2020microbialresponseto pages 2-4, lund2020understandinghowmicroorganisms pages 1-2) | 10.1038/nrmicro2549 |
research/traits/environment/ph_optimum-deep-research-falcon.md	261	CHEBI:15378	glutamate decarboxylase system	hydron	OK_IN_ROW	1.00	| glutamate decarboxylase system | consumes | hydron | CHEBI:29985 L-glutamate; CHEBI:16865 GABA; CHEBI:15378 hydron | Broad acid-stress mechanism; strong in enteric/neutralophilic bacteria, but more clearly supports low-pH survival/tolerance than optimum per se (krulwich2011molecularaspectsof pages 5-6, lund2014copingwithlow pages 7-9, guan2020microbialresponseto pages 2-4, lund2020understandinghowmicroorganisms pages 1-2) | 10.1038/nrmicro2549 |
research/traits/environment/ph_optimum-deep-research-falcon.md	262	CHEBI:29985	glutamate decarboxylase system	L-glutamate(1-)	OK_IN_ROW	1.00	| glutamate decarboxylase system | produces | GABA | CHEBI:29985 L-glutamate; CHEBI:16865 GABA | Broad acid-stress mechanism; linked to proton consumption and acid resistance in multiple reviews (lund2014copingwithlow pages 7-9, guan2020microbialresponseto pages 2-4) | 10.1111/1574-6976.12076 |
research/traits/environment/ph_optimum-deep-research-falcon.md	262	CHEBI:16865	glutamate decarboxylase system	gamma-aminobutyric acid	OK_IN_ROW	1.00	| glutamate decarboxylase system | produces | GABA | CHEBI:29985 L-glutamate; CHEBI:16865 GABA | Broad acid-stress mechanism; linked to proton consumption and acid resistance in multiple reviews (lund2014copingwithlow pages 7-9, guan2020microbialresponseto pages 2-4) | 10.1111/1574-6976.12076 |
research/traits/environment/ph_optimum-deep-research-falcon.md	263	CHEBI:16199	urease	urea	OK_LABEL	1.00	| urease | produces | ammonia | CHEBI:16199 urea; CHEBI:16134 ammonia | Broad but taxon-variable; well established in acid resistance, especially Helicobacter and other acid-challenged taxa (lund2014copingwithlow pages 7-9, guan2020microbialresponseto pages 2-4, guo2019recentadvancesof pages 3-4) | 10.1111/1574-6976.12076 |
research/traits/environment/ph_optimum-deep-research-falcon.md	263	CHEBI:16134	urease	ammonia	OK_IN_ROW	1.00	| urease | produces | ammonia | CHEBI:16199 urea; CHEBI:16134 ammonia | Broad but taxon-variable; well established in acid resistance, especially Helicobacter and other acid-challenged taxa (lund2014copingwithlow pages 7-9, guan2020microbialresponseto pages 2-4, guo2019recentadvancesof pages 3-4) | 10.1111/1574-6976.12076 |
research/traits/environment/ph_optimum-deep-research-falcon.md	264	CHEBI:16134	ammonia	ammonia	OK_LABEL	1.00	| ammonia | neutralizes | excess hydron | CHEBI:16134 ammonia; CHEBI:15378 hydron | Broad acid-stress mechanism; supports intracellular buffering/proton neutralization, more directly tied to acid tolerance than general pH optimum (guan2020microbialresponseto pages 2-4, lund2020understandinghowmicroorganisms pages 1-2) | 10.1007/s00253-019-10226-1 |
research/traits/environment/ph_optimum-deep-research-falcon.md	264	CHEBI:15378	ammonia	hydron	OK_IN_ROW	1.00	| ammonia | neutralizes | excess hydron | CHEBI:16134 ammonia; CHEBI:15378 hydron | Broad acid-stress mechanism; supports intracellular buffering/proton neutralization, more directly tied to acid tolerance than general pH optimum (guan2020microbialresponseto pages 2-4, lund2020understandinghowmicroorganisms pages 1-2) | 10.1007/s00253-019-10226-1 |
research/traits/environment/ph_optimum-deep-research-falcon.md	265	GO:0005886	cyclopropane fatty acids in membrane	plasma membrane	OK_IN_ROW	1.00	| cyclopropane fatty acids in membrane | decreases | proton permeability of plasma membrane | GO:0005886 plasma membrane; CHEBI:15378 hydron | Broad mechanistic but indirect for optimum; multiple reviews link CFA enrichment/remodeling to reduced proton influx under low pH (lund2014copingwithlow pages 7-9, lund2020understandinghowmicroorganisms pages 2-3, guo2019recentadvancesof pages 3-4) | 10.1111/1574-6976.12076 |
research/traits/environment/ph_optimum-deep-research-falcon.md	265	CHEBI:15378	cyclopropane fatty acids in membrane	hydron	OK_IN_ROW	1.00	| cyclopropane fatty acids in membrane | decreases | proton permeability of plasma membrane | GO:0005886 plasma membrane; CHEBI:15378 hydron | Broad mechanistic but indirect for optimum; multiple reviews link CFA enrichment/remodeling to reduced proton influx under low pH (lund2014copingwithlow pages 7-9, lund2020understandinghowmicroorganisms pages 2-3, guo2019recentadvancesof pages 3-4) | 10.1111/1574-6976.12076 |
research/traits/environment/ph_optimum-deep-research-falcon.md	266	GO:0005886	lower proton permeability of plasma membrane	plasma membrane	OK_LABEL	1.00	| lower proton permeability of plasma membrane | supports | cytoplasmic pH homeostasis | GO:0005886 plasma membrane; CHEBI:15378 hydron | Broad mechanistic; membrane remodeling is a passive homeostasis mechanism across acid-stressed microbes (krulwich2011molecularaspectsof pages 5-6, lund2020understandinghowmicroorganisms pages 2-3) | 10.1038/nrmicro2549 |
research/traits/environment/ph_optimum-deep-research-falcon.md	266	CHEBI:15378	lower proton permeability of plasma membrane	hydron	OK_IN_ROW	1.00	| lower proton permeability of plasma membrane | supports | cytoplasmic pH homeostasis | GO:0005886 plasma membrane; CHEBI:15378 hydron | Broad mechanistic; membrane remodeling is a passive homeostasis mechanism across acid-stressed microbes (krulwich2011molecularaspectsof pages 5-6, lund2020understandinghowmicroorganisms pages 2-3) | 10.1038/nrmicro2549 |
research/traits/environment/ph_optimum_low-deep-research-falcon.md	220	CHEBI:17996	chloride exposure	chloride	OK_LABEL	1.00	| chloride exposure | `CHEBI:17996` chloride | Important negative modifier in some acidophiles. |
research/traits/environment/ph_optimum_low-deep-research-falcon.md	227	CHEBI:15378	proton / hydrogen ion	hydron	DRIFT	0.62	| proton / hydrogen ion | `CHEBI:15378` |
research/traits/environment/ph_optimum_low-deep-research-falcon.md	228	CHEBI:29103	potassium ion	potassium(1+)	OK_LABEL	1.00	| potassium ion | `CHEBI:29103` |
research/traits/environment/ph_optimum_low-deep-research-falcon.md	229	CHEBI:26710	sodium ion	sodium chloride	DRIFT	0.61	| sodium ion | `CHEBI:26710` |
research/traits/environment/ph_optimum_low-deep-research-falcon.md	241	GO:0005886	plasma/cytoplasmic membrane	plasma membrane	OK_LABEL	1.00	| plasma/cytoplasmic membrane | `GO:0005886` |
research/traits/environment/ph_optimum_low-deep-research-falcon.md	242	GO:0006818	hydrogen-ion transport		UNRESOLVED	0.00	| hydrogen-ion transport | `GO:0006818` |
research/traits/environment/ph_optimum_low-deep-research-falcon.md	243	GO:0006813	potassium-ion transport	potassium ion transport	DRIFT	1.00	| potassium-ion transport | `GO:0006813` |
research/traits/environment/ph_optimum_low-deep-research-falcon.md	244	GO:0006281	dna repair	DNA repair	OK_LABEL	1.00	| DNA repair | `GO:0006281` |
research/traits/environment/ph_optimum_low-deep-research-falcon.md	245	GO:0006457	protein folding	protein folding	OK_LABEL	1.00	| protein folding | `GO:0006457` |
research/traits/environment/ph_range_low-deep-research-falcon.md	263	CHEBI:15378	external ph 4–6	hydron	DRIFT	0.22	| external pH 4–6 | causes | proton stress | ENVO low-pH condition candidate; CHEBI:15378 proton | 10.1038/nrmicro2549 | “maintain more alkaline internal pH at acidic external pH” and pH homeostasis is required when growth occurs at acidic pH (krulwich2011molecularaspectsof pages 1-3) | Medium; foundational review, not specific to one pH-4–6 assay |
research/traits/environment/ph_range_low-deep-research-falcon.md	264	CHEBI:29103	kdp/kef potassium uptake systems	potassium(1+)	OK_IN_ROW	1.00	| Kdp/Kef potassium uptake systems | promotes | inside-positive membrane potential | CHEBI:29103 potassium ion; kdpDEABC label-only; Kef-type K+ transport label-only | 10.3389/fmicb.2023.1149903; 10.1111/1758-2229.70019 | “candidate genes include kdpDEABC (potassium uptake)” and “aSRB maintain a positive internal membrane potential and accumulate K+ and Na+ to reduce proton influx” (dopson2023eurypsychrophilicacidophilesfrom pages 9-11, valdez‐nunez2024acidophilicsulphate‐reducingbacteria pages 2-4) | Medium; mixed evidence, partly genomic prediction and partly review synthesis |
research/traits/environment/ph_range_low-deep-research-falcon.md	265	CHEBI:15378	inside-positive membrane potential	hydron	DRIFT	0.20	| inside-positive membrane potential | reduces | proton influx | membrane potential label-only; CHEBI:15378 proton | 10.1038/nrmicro2549; 10.1111/1758-2229.70019 | acidophiles show “reversed (inside-positive) membrane potential to offset extreme pH gradients” and accumulated cations “reduce proton influx via electrostatic repulsion” (krulwich2011molecularaspectsof pages 1-3, valdez‐nunez2024acidophilicsulphate‐reducingbacteria pages 2-4) | Medium-high; mechanism well established for acidophiles, not measured specifically for all pH-4–6 taxa |
research/traits/environment/ph_range_low-deep-research-falcon.md	266	CHEBI:29101	nhaa/nhab/clca-like antiporters	sodium(1+)	OK_IN_ROW	1.00	| NhaA/NhaB/ClcA-like antiporters | promotes | pH homeostasis | CHEBI:29101 sodium ion; nhaA label-only; NhaB-like label-only; ClcA-like antiporter label-only; GO:0006885 pH homeostasis | 10.1103/prxlife.2.043015; 10.3389/fmicb.2023.1149903 | “for acidic external pH (pHe 2-5), ClcA-like antiporters dominate; for neutral pH (5-9), NhaB-like antiporters are optimal” and “nhaA (sodium/proton antiporter)” is a candidate acid-adaptation gene (terradot2024escherichiacolimaintains pages 8-9, dopson2023eurypsychrophilicacidophilesfrom pages 9-11) | Medium; strong experimental support in E. coli, genomic-prediction support in acidophiles |
research/traits/environment/ph_range_low-deep-research-falcon.md	266	GO:0006885	nhaa/nhab/clca-like antiporters	regulation of pH	DRIFT	0.20	| NhaA/NhaB/ClcA-like antiporters | promotes | pH homeostasis | CHEBI:29101 sodium ion; nhaA label-only; NhaB-like label-only; ClcA-like antiporter label-only; GO:0006885 pH homeostasis | 10.1103/prxlife.2.043015; 10.3389/fmicb.2023.1149903 | “for acidic external pH (pHe 2-5), ClcA-like antiporters dominate; for neutral pH (5-9), NhaB-like antiporters are optimal” and “nhaA (sodium/proton antiporter)” is a candidate acid-adaptation gene (terradot2024escherichiacolimaintains pages 8-9, dopson2023eurypsychrophilicacidophilesfrom pages 9-11) | Medium; strong experimental support in E. coli, genomic-prediction support in acidophiles |
research/traits/environment/ph_range_low-deep-research-falcon.md	267	CHEBI:15378	respiratory proton pumps / atpase activity	hydron	DRIFT	0.19	| respiratory proton pumps / ATPase activity | promotes | proton extrusion | proton pump label-only; F1Fo ATPase label-only; CHEBI:15378 proton | 10.1038/nrmicro2549; 10.3390/fermentation10060298 | “E. coli up-regulates respiratory chain proton pumps” under acid challenge; LAB use “ATPase-mediated proton extrusion to maintain intracellular pH around 6.0” (krulwich2011molecularaspectsof pages 5-6, sionek2024theimpactof pages 5-6) | Medium-high; broadly supported but taxon-specific implementations differ |
research/traits/environment/ph_range_low-deep-research-falcon.md	268	CHEBI:29985	gadb/gadabc glutamate decarboxylation	L-glutamate(1-)	OK_IN_ROW	1.00	| GadB/GadABC glutamate decarboxylation | causes | proton consumption | gadB/gadABC label-only; CHEBI:29985 L-glutamate; CHEBI:16865 GABA | 10.1038/nrmicro2549; 10.3389/fmicb.2023.1149903 | “Amino acid decarboxylases (particularly GadB) consume cytoplasmic protons” and At. ferrivorans carries “gadABC (glutamate decarboxylase)” (krulwich2011molecularaspectsof pages 5-6, dopson2023eurypsychrophilicacidophilesfrom pages 9-11) | Medium; direct mechanism established in model bacteria, acidophile evidence includes genomic prediction |
research/traits/environment/ph_range_low-deep-research-falcon.md	268	CHEBI:16865	gadb/gadabc glutamate decarboxylation	gamma-aminobutyric acid	OK_IN_ROW	1.00	| GadB/GadABC glutamate decarboxylation | causes | proton consumption | gadB/gadABC label-only; CHEBI:29985 L-glutamate; CHEBI:16865 GABA | 10.1038/nrmicro2549; 10.3389/fmicb.2023.1149903 | “Amino acid decarboxylases (particularly GadB) consume cytoplasmic protons” and At. ferrivorans carries “gadABC (glutamate decarboxylase)” (krulwich2011molecularaspectsof pages 5-6, dopson2023eurypsychrophilicacidophilesfrom pages 9-11) | Medium; direct mechanism established in model bacteria, acidophile evidence includes genomic prediction |
research/traits/environment/ph_range_low-deep-research-falcon.md	269	CHEBI:16199	urease/urei system	urea	OK_LABEL	1.00	| urease/UreI system | causes | ammonia/periplasm buffering | urease label-only; UreI label-only; CHEBI:16199 urea; CHEBI:16134 ammonia | 10.1038/nrmicro2549 | “Urease products (CO2, NH3, NH4+) buffer the periplasm” and UreI recruits urease to the inner membrane for rapid urea access (krulwich2011molecularaspectsof pages 11-12) | Medium-high for Helicobacter; taxon-specific and should be marked uncertain outside urease-positive taxa |
research/traits/environment/ph_range_low-deep-research-falcon.md	269	CHEBI:16134	urease/urei system	ammonia	OK_IN_ROW	1.00	| urease/UreI system | causes | ammonia/periplasm buffering | urease label-only; UreI label-only; CHEBI:16199 urea; CHEBI:16134 ammonia | 10.1038/nrmicro2549 | “Urease products (CO2, NH3, NH4+) buffer the periplasm” and UreI recruits urease to the inner membrane for rapid urea access (krulwich2011molecularaspectsof pages 11-12) | Medium-high for Helicobacter; taxon-specific and should be marked uncertain outside urease-positive taxa |
research/traits/environment/ph_range_low-deep-research-falcon.md	273	GO:0006885	ph homeostasis	regulation of pH	DRIFT	0.69	| pH homeostasis | enables | growth at pH 4–6 | GO:0006885 pH homeostasis | 10.1038/nrmicro2549; 10.3390/fermentation10060298; 10.3390/microorganisms11071733 | “cytoplasmic pH homeostasis enable[s] most bacteria to tolerate or grow at external pH values” and LAB maintain intracellular pH ~6.0 while fungal growth range tracks pH-adaptation capacity (krulwich2011molecularaspectsof pages 11-12, sionek2024theimpactof pages 5-6, ianutsevich2023theroleof pages 1-2) | High at process level; exact cutoffs vary by taxon and assay |
research/traits/environment/psychrophilic-deep-research-falcon.md	265	GO:0006633	fatty-acid desaturase (des); fatty-acid biosynthetic process (go:0006633)	fatty acid biosynthetic process	DRIFT	0.64	| fatty-acid desaturase (`des`); fatty-acid biosynthetic process (GO:0006633) | increases | unsaturated fatty acids | Mechanistic review citing *Bacillus subtilis* desaturase system and cold-induced unsaturation (ramon2023ageneraloverview pages 4-5) | High |
research/traits/environment/psychrophilic-deep-research-falcon.md	270	GO:0006457	molecular chaperones; protein folding (go:0006457)	protein folding	OK_LABEL	1.00	| molecular chaperones; protein folding (GO:0006457) | promotes | protein folding/stabilization during cold stress | Hsc66/Hsp70-family and GroEL/DnaK/GroES/Clp evidence in reviews and *P. fragi* low-temperature response (purwar2024adaptationsofpsychrophilic pages 8-10, purwar2024adaptationsofpsychrophilic pages 6-7, bao2023miningofkey pages 1-2) | High |
research/traits/environment/psychrophilic-deep-research-falcon.md	277	GO:0006979	catalase / superoxide dismutase	response to oxidative stress	OK_IN_ROW	1.00	| catalase / superoxide dismutase | reduces | oxidative damage; response to oxidative stress (GO:0006979) | General antioxidant defense in cold-tolerant microbes and *P. fragi* genome summary (bao2023miningofkey pages 1-2, bao2023miningofkey pages 6-7) | High |
research/traits/environment/salinity_phenotype_with_numerical_limits-deep-research-falcon.md	213	CHEBI:26710	environmental factor	sodium chloride	OK_IN_ROW	1.00	| Environmental factor | NaCl concentration | CHEBI:26710 | Primary assay variable used to define numerical salinity growth/activity limits; should be recorded with units (mM, M, % w/v) and medium context. | Experimental phenotyping used defined NaCl ranges such as 2.5–5.0 M Na+ for *Natranaerobius thermophilus*, 100–400 mM NaCl for *Clostridioides difficile*, 300–500 mM NaCl for engineered *Synechococcus*, and 0.3–21% NaCl range for *Halomonas elongata* background strain descriptions (xing2024thepolyextremophilenatranaerobius pages 1-2, xing2024thepolyextremophilenatranaerobius pages 7-10, michel2022cellularadaptationof pages 2-3, dong2023improvedsalttolerance pages 1-2, khanh2024metabolicpathwayengineering pages 1-2). |
research/traits/environment/salinity_phenotype_with_numerical_limits-deep-research-falcon.md	215	GO:0009651	environmental factor	response to salt stress	DRIFT	0.46	| Environmental factor | Salinity stress | GO:0009651 | Generic external high-salt condition triggering osmoadaptation pathways and transport responses. | Recent experimental and omics studies frame increased external salinity as the upstream driver of K+ uptake, compatible-solute accumulation, antiporter activity, and proteome remodeling (xing2024thepolyextremophilenatranaerobius pages 1-2, pricewhelan2013transcriptionalprofilingof pages 1-2, xing2024thepolyextremophilenatranaerobius pages 23-24). |
research/traits/environment/salinity_phenotype_with_numerical_limits-deep-research-falcon.md	216	GO:0055080	cellular process	monoatomic cation homeostasis	DRIFT	0.31	| Cellular process | Ion homeostasis | GO:0055080 | Maintenance of intracellular Na+/K+ balance under elevated salinity; core intermediate between environmental salt and growth tolerance. | Xing 2024 explicitly links Na+/K+/H+ transporters to intracellular K+ homeostasis under rising salinity; *S. aureus* and *E. faecalis* studies tie K+ transport status to growth under NaCl stress (xing2024thepolyextremophilenatranaerobius pages 1-2, pricewhelan2013transcriptionalprofilingof pages 1-2, acciarri2023redundantpotassiumtransporter pages 1-2). |
research/traits/environment/salinity_phenotype_with_numerical_limits-deep-research-falcon.md	217	GO:0006970	cellular process	response to osmotic stress	OK_IN_ROW	1.00	| Cellular process | Compatible solute biosynthesis | GO:0006970 (broad osmotic stress response; pathway-specific IDs vary) | De novo production of osmoprotective solutes such as ectoine, proline, glutamate, and trehalose that raise cytoplasmic osmotic potential without major macromolecular disruption. | Engineered ectoine synthesis improved cyanobacterial salt tolerance; engineered proline synthesis rescued growth of ectoine-deficient *H. elongata* at high salt; *N. thermophilus* increased glutamate/proline-associated functions with salinity (dong2023improvedsalttolerance pages 1-2, khanh2024metabolicpathwayengineering pages 1-2, xing2024thepolyextremophilenatranaerobius pages 1-2). |
research/traits/environment/salinity_phenotype_with_numerical_limits-deep-research-falcon.md	218	GO:1901700	cellular process	response to oxygen-containing compound	DRIFT	0.26	| Cellular process | Compatible solute uptake | GO:1901700 (response to osmotic stress, broad); transporter-specific grounding preferred | Import of exogenous osmoprotectants such as glycine betaine and related solutes to rapidly relieve osmotic stress. | *C. difficile* relied on OpuF-mediated compatible-solute import under high salinity; *N. thermophilus* used Opu/ProU family transporters and Na+/solute symporters in its dual strategy (michel2022cellularadaptationof pages 2-2, xing2024thepolyextremophilenatranaerobius pages 1-2). |
research/traits/environment/salinity_phenotype_with_numerical_limits-deep-research-falcon.md	219	GO:0006970	cellular process	response to osmotic stress	OK_IN_ROW	1.00	| Cellular process | Osmotic stress response | GO:0006970 | Parent stress-response process encompassing K+ influx, solute accumulation, transcriptional remodeling, and envelope/cell-shape changes. | Multiple studies explicitly discuss osmotic upshift responses and salt adaptation, including *S. aureus* transcriptional remodeling in 2 M NaCl and *C. difficile* morphology/metabolism changes at 350–400 mM NaCl (pricewhelan2013transcriptionalprofilingof pages 1-2, michel2022cellularadaptationof pages 2-3). |
research/traits/environment/salinity_phenotype_with_numerical_limits-deep-research-falcon.md	227	CHEBI:17750	metabolite	glycine betaine	OK_IN_ROW	1.00	| Metabolite | Glycine betaine | CHEBI:17750 | Widely used compatible solute imported or accumulated for osmoprotection in salt-out and hybrid strategies. | *N. thermophilus* accumulated glycine betaine with increasing salinity and used Opu/ProU transporters; compatible-solute import is central to *C. difficile* high-salt adaptation (xing2024thepolyextremophilenatranaerobius pages 1-2, michel2022cellularadaptationof pages 2-2). |
research/traits/environment/salinity_phenotype_with_numerical_limits-deep-research-falcon.md	228	CHEBI:28885	metabolite	butan-1-ol	DRIFT	0.44	| Metabolite | Ectoine | CHEBI:28885 | Canonical compatible solute that enhances salt tolerance when synthesized or accumulated. | Heterologous ectoine synthesis increased *Synechococcus* salt tolerance and restored a sucrose-deficient strain under 300 mM NaCl; ectoine is also a native osmolyte in *Halomonas* species (dong2023improvedsalttolerance pages 1-2, khanh2024metabolicpathwayengineering pages 1-2). |
research/traits/environment/salinity_phenotype_with_numerical_limits-deep-research-falcon.md	229	CHEBI:58199	metabolite	L-homocysteine zwitterion	DRIFT	0.35	| Metabolite | 5-hydroxyectoine | CHEBI:58199 | Hydroxylated derivative of ectoine associated with osmoprotection in some halophiles. | Recent and metagenomic studies list 5-hydroxyectoine/ectD among compatible-solute systems in saline habitats; evidence for direct contribution to this exact trait is weaker than for ectoine and glycine betaine (xamxidin2025metagenomicsassembledgenomesreveal pages 11-12). |
research/traits/environment/salinity_phenotype_with_numerical_limits-deep-research-falcon.md	230	CHEBI:17203	metabolite	L-proline	OK_IN_ROW	1.00	| Metabolite | L-proline | CHEBI:17203 | Organic osmolyte that can function as a major compatible solute under high salinity. | Engineered proline overproduction allowed ectoine-deficient *H. elongata* to grow at 8% NaCl; *N. thermophilus* increased intracellular proline with salinity; *C. difficile* long-term adaptation involved L-proline accumulation (khanh2024metabolicpathwayengineering pages 1-2, xing2024thepolyextremophilenatranaerobius pages 1-2, michel2022cellularadaptationof pages 2-2). |
research/traits/environment/salinity_phenotype_with_numerical_limits-deep-research-falcon.md	231	CHEBI:16015	metabolite	L-glutamic acid	OK_LABEL	1.00	| Metabolite | L-glutamate | CHEBI:16015 | Early or sustained osmoprotective amino acid and precursor for proline/ectoine-linked osmoadaptation. | Xing 2024 reports increased compatible solutes including glutamate under rising salinity; glutamate is repeatedly described as part of bacterial osmoadaptation and proline biosynthesis precursor (xing2024thepolyextremophilenatranaerobius pages 1-2, khanh2024metabolicpathwayengineering pages 1-2). |
research/traits/environment/salinity_phenotype_with_numerical_limits-deep-research-falcon.md	232	CHEBI:16589	metabolite		UNRESOLVED	0.00	| Metabolite | Trehalose | CHEBI:16589 | Compatible solute used by some bacteria/archaea in salt-out or hybrid strategies. | Metagenomic studies of saline systems recover trehalose-related pathways as salt-out features; evidence here is stronger for association than for direct experimental growth-limit manipulation (xamxidin2025metagenomicsassembledgenomesreveal pages 11-12, ionescu2024extremefluctuationsin pages 1-2). |
research/traits/environment/salinity_phenotype_with_numerical_limits-deep-research-falcon.md	233	CHEBI:29103	metabolite	potassium(1+)	OK_IN_ROW	1.00	| Metabolite | K+ | CHEBI:29103 | Principal cation accumulated in salt-in and hybrid strategies to maintain osmotic balance and support growth under high salinity. | K+ accumulation is central in *N. thermophilus*, haloarchaeal salt-in reviews, Trk/Ktr experimental genetics, and estuarine salinity associations (xing2024thepolyextremophilenatranaerobius pages 1-2, matarredona2020theroleof pages 3-4, kraegeloh2005potassiumtransportin pages 1-2, wu2024metagenomicinsightsinto pages 1-2). |
research/traits/environment/salinity_phenotype_with_numerical_limits-deep-research-falcon.md	234	CHEBI:29101	metabolite	sodium(1+)	OK_IN_ROW	1.00	| Metabolite | Na+ | CHEBI:29101 | External stressor ion and intracellular ion-homeostasis challenge; often expelled or balanced by antiporters while contributing to assay-defined salinity. | Studies quantify salinity using NaCl/Na+ and show responses via Na+/H+ antiport and Na+/K+/H+ transporters; *V. cholerae* antiporter work directly addresses Na+ resistance (herz2003rolesofnhaa pages 1-2, xing2024thepolyextremophilenatranaerobius pages 1-2, pricewhelan2013transcriptionalprofilingof pages 1-2). |
research/traits/environment/stenohaline-deep-research-falcon.md	221	CHEBI:26710	sodium chloride	sodium chloride	OK_LABEL	1.00	| sodium chloride | **CHEBI:26710** | NaCl concentration is not interchangeable with total salinity or osmolality. |
research/traits/environment/stenohaline-deep-research-falcon.md	222	GO:0006970	hyperosmotic/salinity upshift	response to osmotic stress	OK_IN_ROW	1.00	| hyperosmotic/salinity upshift | **GO:0006970** response to osmotic stress; **GO:0009651** response to salt stress | Experimental factor/process; keep acute and acclimated exposures separate. |
research/traits/environment/stenohaline-deep-research-falcon.md	222	GO:0009651	hyperosmotic/salinity upshift	response to salt stress	OK_IN_ROW	1.00	| hyperosmotic/salinity upshift | **GO:0006970** response to osmotic stress; **GO:0009651** response to salt stress | Experimental factor/process; keep acute and acclimated exposures separate. |
research/traits/environment/stenohaline-deep-research-falcon.md	223	GO:0006970	hypoosmotic/salinity downshift	response to osmotic stress	DRIFT	0.51	| hypoosmotic/salinity downshift | **GO:0006970** | Relevant to channel-mediated solute release and lysis avoidance. |
research/traits/environment/strictly_anaerobic-deep-research-falcon.md	271	CHEBI:15379	high	dioxygen	OK_IN_ROW	1.00	| High | oxygen (CHEBI:15379) | directly inactivates | pyruvate:formate lyase (PFL) | *Bacteroides thetaiotaomicron*; aeration blocks pyruvate breakdown | Strong, direct primary evidence (khademian2020doreactiveoxygen pages 1-2) | Strongly taxon-grounded here; broader generalization to all strict anaerobes should remain cautious |
research/traits/environment/strictly_anaerobic-deep-research-falcon.md	272	CHEBI:15379	high	dioxygen	OK_IN_ROW	1.00	| High | oxygen (CHEBI:15379) | directly inactivates | pyruvate:ferredoxin oxidoreductase (PFOR) | *B. thetaiotaomicron*; rate unaffected by superoxide/peroxide levels | Strong, direct primary evidence (khademian2020doreactiveoxygen pages 1-2) | Mechanism is direct O2 damage in this organism; enzyme isoforms differ across taxa |
research/traits/environment/strictly_anaerobic-deep-research-falcon.md	292	CHEBI:15379	o₂ (chebi:15379)	dioxygen	DRIFT	0.27	| O₂ (`CHEBI:15379`) | reacts with | PFL glycyl radical | 10.1038/s41579-021-00583-y | “O₂ acts as a diradical that directly reacts with the glycyl radical…causing protein cleavage and inactivation.” | **Strong/general enzyme mechanism**, although physiological importance must be taxon-qualified. Reaction can occur within seconds even at low O₂. (lu2021whenanaerobesencounter pages 4-6) |
research/traits/environment/strictly_anaerobic-deep-research-falcon.md	294	CHEBI:15379	o₂ (chebi:15379)	dioxygen	OK_IN_ROW	1.00	| O₂ (`CHEBI:15379`) | directly inactivates | PFOR | 10.1111/mmi.14516 | “The rate of PFOR damage was unaffected by the level of superoxide or peroxide, showing that molecular oxygen itself is the culprit.” | **High-priority primary edge.** Do not generalize to all PFOR isoenzymes; oxygen-tolerant variants exist. (khademian2020doreactiveoxygen pages 1-2, khademian2020doreactiveoxygen pages 9-10) |
research/traits/environment/temperature_optimum-deep-research-falcon.md	239	GO:0005886	cytoplasmic membrane	plasma membrane	OK_LABEL	1.00	| cytoplasmic membrane | Cellular component | `GO:0005886` |
research/traits/environment/temperature_optimum-deep-research-falcon.md	242	GO:0006636	unsaturated-fatty-acid biosynthesis	unsaturated fatty acid biosynthetic process	DRIFT	1.00	| unsaturated-fatty-acid biosynthesis | Biological process | `GO:0006636` |
research/traits/environment/temperature_optimum-deep-research-falcon.md	243	GO:0006457	protein folding	protein folding	OK_LABEL	1.00	| protein folding | Biological process | `GO:0006457` |
research/traits/environment/temperature_optimum-deep-research-falcon.md	244	GO:0006412	translation	translation	OK_LABEL	1.00	| translation | Biological process | `GO:0006412` |
research/traits/environment/temperature_optimum-deep-research-falcon.md	245	GO:0009266	response to temperature stimulus	response to temperature stimulus	OK_LABEL	1.00	| response to temperature stimulus | Biological process | `GO:0009266` |
research/traits/environment/temperature_optimum-deep-research-falcon.md	267	CHEBI:27208	unsaturated fatty acid	unsaturated fatty acid	OK_LABEL	1.00	| unsaturated fatty acid | Chemical class | `CHEBI:27208` should be locally validated before release |
research/traits/environment/temperature_optimum-deep-research-falcon.md	272	CHEBI:15422	atp	ATP	OK_LABEL	1.00	| ATP | Metabolite/energy donor | `CHEBI:15422` |
research/traits/environment/temperature_optimum_high-deep-research-falcon.md	338	GO:0006457	protein folding	protein folding	OK_LABEL	1.00	| protein folding | **GO:0006457** | Appropriate process node. |
research/traits/environment/temperature_optimum_high-deep-research-falcon.md	339	GO:0051082	unfolded-protein binding	unfolded protein binding	DRIFT	1.00	| unfolded-protein binding | **GO:0051082** | Suitable for molecular chaperones when experimentally supported. |
research/traits/environment/temperature_optimum_high-deep-research-falcon.md	340	GO:0006281	dna repair	DNA repair	OK_LABEL	1.00	| DNA repair | **GO:0006281** | Broad node; use specific repair term if known. |
research/traits/environment/temperature_optimum_high-deep-research-falcon.md	341	GO:0003677	dna binding	DNA binding	OK_LABEL	1.00	| DNA binding | **GO:0003677** | Broad; reverse-gyrase-specific activity should be refined after GO lookup. |
research/traits/environment/temperature_optimum_low-deep-research-falcon.md	207	GO:0016049	microbial growth	cell growth	DRIFT	0.64	| microbial growth | biological process | `GO:0016049` | Prefer growth-rate or biomass endpoint where available. |
research/traits/environment/temperature_optimum_low-deep-research-falcon.md	214	GO:0005886	plasma membrane	plasma membrane	OK_LABEL	1.00	| plasma membrane | cellular component | `GO:0005886` | Principal temperature-sensitive transport and energy-transduction interface. |
research/traits/environment/temperature_optimum_low-deep-research-falcon.md	216	GO:0005840	ribosome	ribosome	OK_LABEL	1.00	| ribosome | cellular component | `GO:0005840` | Translation machinery affected by cooling. |
research/traits/environment/temperature_optimum_low-deep-research-falcon.md	218	GO:0042710	biofilm	biofilm formation	OK_LABEL	1.00	| biofilm | multicellular structure/process | `GO:0042710` for biofilm formation | Evidence is often indirect and taxon-specific. |
research/traits/environment/temperature_optimum_low-deep-research-falcon.md	224	CHEBI:27208	unsaturated fatty acid	unsaturated fatty acid	OK_LABEL	1.00	| unsaturated fatty acid | `CHEBI:27208` | Increases lipid disorder and helps preserve membrane fluidity. |
research/traits/environment/temperature_optimum_low-deep-research-falcon.md	225	CHEBI:27082	trehalose	trehalose	OK_LABEL	1.00	| trehalose | `CHEBI:27082` | Compatible solute/cryoprotectant; transport and accumulation may stabilize cells. |
research/traits/environment/temperature_optimum_low-deep-research-falcon.md	226	CHEBI:17750	glycine betaine	glycine betaine	OK_LABEL	1.00	| glycine betaine | `CHEBI:17750` | Compatible solute supporting osmotic and cold protection. |
research/traits/environment/temperature_optimum_low-deep-research-falcon.md	227	CHEBI:42899	ectoine		UNRESOLVED	0.00	| ectoine | `CHEBI:42899` | Compatible solute implicated in bacterial cold protection. |
research/traits/environment/temperature_optimum_low-deep-research-falcon.md	228	CHEBI:26523	reactive oxygen species	reactive oxygen species	OK_LABEL	1.00	| reactive oxygen species | `CHEBI:26523` | Damaging redox intermediates whose burden may increase during cold stress. |
research/traits/environment/temperature_optimum_low-deep-research-falcon.md	229	CHEBI:15379	oxygen	dioxygen	OK_LABEL	1.00	| oxygen | `CHEBI:15379` | Substrate for desaturation and source context for oxidative stress; relevance depends on taxon and pathway. |
research/traits/environment/temperature_optimum_low-deep-research-falcon.md	237	GO:0016717	fatty-acid desaturase	oxidoreductase activity, acting on paired donors, with oxidation of a pair of donors resulting in the reduction of molecular oxygen to two molecules of water	DRIFT	0.19	| fatty-acid desaturase | `GO:0016717` may be used only when the annotated enzyme satisfies this activity | Strong general mechanism; individual genes require strain-specific annotation. |
research/traits/environment/temperature_optimum_low-deep-research-falcon.md	239	GO:0003724	rna helicase	RNA helicase activity	OK_LABEL	1.00	| RNA helicase | `GO:0003724` | Transcriptomic association in *P. fragi* D12; specific helicase should be identified before gene-level curation. |
research/traits/environment/temperature_optimum_low-deep-research-falcon.md	240	GO:0006412	translation	translation	OK_LABEL	1.00	| translation | `GO:0006412` | Downstream process restored during cold acclimation. |
research/traits/environment/temperature_optimum_low-deep-research-falcon.md	241	GO:0006457	protein folding	protein folding	OK_LABEL	1.00	| protein folding | `GO:0006457` | Chaperone-mediated maintenance process. |
research/traits/environment/temperature_optimum_low-deep-research-falcon.md	246	GO:0004096	catalase activity	catalase activity	OK_LABEL	1.00	| catalase activity | `GO:0004096` | Antioxidant mechanism; *P. fragi* evidence is expression-associated. |
research/traits/environment/temperature_optimum_low-deep-research-falcon.md	247	GO:0004784	superoxide dismutase activity	superoxide dismutase activity	OK_LABEL	1.00	| superoxide dismutase activity | `GO:0004784` | General cold-stress antioxidant mechanism; not directly perturbed in the focal study. |
research/traits/environment/temperature_optimum_low-deep-research-falcon.md	248	GO:0050825	antifreeze/ice-binding protein	ice binding	OK_IN_ROW	1.00	| antifreeze/ice-binding protein | `GO:0050825` for ice binding where applicable | Important near freezing, but peripheral to an optimum of 10–22 °C. |
research/traits/environment/temperature_optimum_mid2-deep-research-falcon.md	215	ENVO:01000205	ambient/growth temperature	subtropical	DRIFT	0.34	| ambient/growth temperature | `ENVO:01000205` (air temperature) only when air is truly the medium; otherwise label-only “incubation temperature” is safer | Experimental/environmental input |
research/traits/environment/temperature_optimum_mid2-deep-research-falcon.md	226	GO:0005886	plasma membrane	plasma membrane	OK_LABEL	1.00	| plasma membrane | `GO:0005886` | Core localization |
research/traits/environment/temperature_optimum_mid2-deep-research-falcon.md	227	GO:0061024	membrane organization	membrane organization	OK_LABEL	1.00	| membrane organization | `GO:0061024` | Broad process |
research/traits/environment/temperature_optimum_mid2-deep-research-falcon.md	228	GO:0009266	response to temperature stimulus	response to temperature stimulus	OK_LABEL	1.00	| response to temperature stimulus | `GO:0009266` | Broad response process |
research/traits/environment/temperature_optimum_mid2-deep-research-falcon.md	229	GO:0009409	response to cold	response to cold	OK_LABEL	1.00	| response to cold | `GO:0009409` | Use only for cold-shift evidence |
research/traits/environment/temperature_optimum_mid2-deep-research-falcon.md	230	GO:0009408	response to heat	response to heat	OK_LABEL	1.00	| response to heat | `GO:0009408` | Use only for heat-shift evidence |
research/traits/environment/temperature_optimum_mid2-deep-research-falcon.md	231	GO:0006457	protein folding	protein folding	OK_LABEL	1.00	| protein folding | `GO:0006457` | Proteostasis module |
research/traits/environment/temperature_optimum_mid2-deep-research-falcon.md	232	GO:0006412	translation	translation	OK_LABEL	1.00	| translation | `GO:0006412` | RNA/ribosome module |
research/traits/environment/temperature_optimum_mid2-deep-research-falcon.md	259	CHEBI:27208	unsaturated fatty acid	unsaturated fatty acid	OK_LABEL	1.00	| unsaturated fatty acid | `CHEBI:27208` | Class-level fluidizing lipid component |
research/traits/environment/temperature_optimum_mid2-deep-research-falcon.md	260	CHEBI:26607	saturated fatty acid	saturated fatty acid	OK_LABEL	1.00	| saturated fatty acid | `CHEBI:26607` | Class-level comparator |
research/traits/environment/temperature_optimum_mid2-deep-research-falcon.md	261	CHEBI:32372	palmitoleic acid (16:1)	palmitoleate	DRIFT	0.67	| palmitoleic acid (16:1) | `CHEBI:32372` | Direct rescue compound in *E. coli* experiments |
research/traits/environment/temperature_optimum_mid2-deep-research-falcon.md	262	CHEBI:15756	palmitic acid (16:0)	hexadecanoic acid	OK_LABEL	1.00	| palmitic acid (16:0) | `CHEBI:15756` | Saturated comparator that did not rescue the cited defect |
research/traits/environment/temperature_optimum_mid2-deep-research-falcon.md	263	CHEBI:36021	cis-vaccenic acid (18:1)	octadec-9-enoic acid	DRIFT	0.63	| cis-vaccenic acid (18:1) | `CHEBI:36021` | Temperature-responsive *E. coli* UFA; verify identifier during implementation if the project requires exact structure/isomer scope |
research/traits/environment/temperature_optimum_very_low-deep-research-falcon.md	254	GO:0016020	low temperature / cold environment	membrane	OK_IN_ROW	1.00	| low temperature / cold environment | activates or is sensed by | membrane state change and two-component cold response | low temperature [label-only]; membrane [GO:0016020]; two-component system [label-only]; cold response [GO:0009409] | Review-level, moderate; mechanistically plausible but mostly generalized, not trait-exclusive (ramon2023ageneraloverview pages 1-2) | Broad bacteria/archaea psychrophile literature | 10.1007/s42770-023-01057-4 |
research/traits/environment/temperature_optimum_very_low-deep-research-falcon.md	254	GO:0009409	low temperature / cold environment	response to cold	DRIFT	0.28	| low temperature / cold environment | activates or is sensed by | membrane state change and two-component cold response | low temperature [label-only]; membrane [GO:0016020]; two-component system [label-only]; cold response [GO:0009409] | Review-level, moderate; mechanistically plausible but mostly generalized, not trait-exclusive (ramon2023ageneraloverview pages 1-2) | Broad bacteria/archaea psychrophile literature | 10.1007/s42770-023-01057-4 |
research/traits/environment/temperature_optimum_very_low-deep-research-falcon.md	257	GO:0006810	membrane fluidity	transport	OK_IN_ROW	1.00	| membrane fluidity | enables | membrane transport and electron transport | membrane fluidity [label-only]; transport [GO:0006810]; electron transport chain [GO:0022900] | Strong review-level physiological claim (moyer2017psychrophilesandpsychrotrophs pages 1-2) | Broad microbes | 10.1016/B978-0-12-809633-8.02282-2 |
research/traits/environment/temperature_optimum_very_low-deep-research-falcon.md	257	GO:0022900	membrane fluidity	electron transport chain	OK_IN_ROW	1.00	| membrane fluidity | enables | membrane transport and electron transport | membrane fluidity [label-only]; transport [GO:0006810]; electron transport chain [GO:0022900] | Strong review-level physiological claim (moyer2017psychrophilesandpsychrotrophs pages 1-2) | Broad microbes | 10.1016/B978-0-12-809633-8.02282-2 |
research/traits/environment/temperature_optimum_very_low-deep-research-falcon.md	258	GO:0003824	cold-adapted enzyme structural flexibility	catalytic activity	OK_IN_ROW	1.00	| cold-adapted enzyme structural flexibility | increases | catalytic activity at low temperature | enzyme flexibility [label-only]; catalytic activity [GO:0003824] | Strong review consensus with explicit caveat that flexibility is not universal (moyer2017psychrophilesandpsychrotrophs pages 2-3, ramon2023ageneraloverview pages 1-2) | Broad psychrophiles | 10.1016/B978-0-12-809633-8.02282-2; 10.1007/s42770-023-01057-4 |
research/traits/environment/temperature_optimum_very_low-deep-research-falcon.md	260	CHEBI:26220	exopolysaccharide (eps)	precocenes	DRIFT	0.35	| exopolysaccharide (EPS) | provides | freeze-thaw cryoprotection | exopolysaccharide [CHEBI:26220] | Moderate review-level evidence; often taxon- and habitat-specific (moyer2017psychrophilesandpsychrotrophs pages 2-3, purwar2024adaptationsofpsychrophilic pages 8-10, bao2023miningofkey pages 1-2) | Broad, including Pseudomonas and sea-ice microbes | 10.1016/B978-0-12-809633-8.02282-2; 10.37256/amtt.5220244537; 10.3389/fmicb.2023.1215837 |
research/traits/environment/temperature_optimum_very_low-deep-research-falcon.md	262	GO:0061077	molecular chaperones / rna chaperones	obsolete chaperone-mediated protein folding	OBSOLETE	1.00	| molecular chaperones / RNA chaperones | maintains | protein and RNA homeostasis | chaperone-mediated protein folding [GO:0061077]; RNA chaperone activity [label-only]; RNA metabolic process [GO:0016070] | Strong review consensus, moderate direct trait specificity (purwar2024adaptationsofpsychrophilic pages 6-7, bao2023miningofkey pages 1-2) | Broad psychrophiles; transcriptomic support in P. fragi D12 | 10.37256/amtt.5220244537; 10.3389/fmicb.2023.1215837 |
research/traits/environment/temperature_optimum_very_low-deep-research-falcon.md	262	GO:0016070	molecular chaperones / rna chaperones	RNA metabolic process	OK_IN_ROW	1.00	| molecular chaperones / RNA chaperones | maintains | protein and RNA homeostasis | chaperone-mediated protein folding [GO:0061077]; RNA chaperone activity [label-only]; RNA metabolic process [GO:0016070] | Strong review consensus, moderate direct trait specificity (purwar2024adaptationsofpsychrophilic pages 6-7, bao2023miningofkey pages 1-2) | Broad psychrophiles; transcriptomic support in P. fragi D12 | 10.37256/amtt.5220244537; 10.3389/fmicb.2023.1215837 |
research/traits/environment/temperature_optimum_very_low-deep-research-falcon.md	263	CHEBI:26523	catalase / superoxide dismutase	reactive oxygen species	OK_IN_ROW	1.00	| catalase / superoxide dismutase | reduces | reactive oxygen species burden | catalase [EC 1.11.1.6]; superoxide dismutase [EC 1.15.1.1]; reactive oxygen species [CHEBI:26523] | Moderate support from review and transcriptomic/physiological studies (bao2023miningofkey pages 1-2) | Broad; explicit in Pseudomonas fragi D12 and low-temperature adaptation studies | 10.3389/fmicb.2023.1215837 |
research/traits/environment/temperature_optimum_very_low-deep-research-falcon.md	265	GO:0006457	groel heterologous expression	protein folding	OK_IN_ROW	1.00	| GroEL heterologous expression | increases | E. coli growth at 10 °C | GroEL [UniProt family label-only]; protein folding [GO:0006457] | Direct functional evidence, stronger than correlative omics; assay-specific and heterologous (li2024mechanismsunderlyingthe pages 12-13) | Recombinant E. coli expressing Rhodococcus sp. RCBS9 gene | 10.3389/fmicb.2024.1465627 |
research/traits/environment/temperature_optimum_very_low-deep-research-falcon.md	267	GO:0042254	increased ribosomal protein production / ribosome-associated proteins	ribosome biogenesis	OK_IN_ROW	1.00	| increased ribosomal protein production / ribosome-associated proteins | supports | translation under cold conditions | ribosome biogenesis [GO:0042254]; translation [GO:0006412] | Moderate primary-study support plus review background; may reflect cold acclimation more than trait-defining mechanism (moyer2017psychrophilesandpsychrotrophs pages 2-3) | Broad psychrophiles | 10.1016/B978-0-12-809633-8.02282-2 |
research/traits/environment/temperature_optimum_very_low-deep-research-falcon.md	267	GO:0006412	increased ribosomal protein production / ribosome-associated proteins	translation	OK_IN_ROW	1.00	| increased ribosomal protein production / ribosome-associated proteins | supports | translation under cold conditions | ribosome biogenesis [GO:0042254]; translation [GO:0006412] | Moderate primary-study support plus review background; may reflect cold acclimation more than trait-defining mechanism (moyer2017psychrophilesandpsychrotrophs pages 2-3) | Broad psychrophiles | 10.1016/B978-0-12-809633-8.02282-2 |
research/traits/environment/temperature_optimum_very_low-deep-research-falcon.md	268	GO:0009409	membrane adaptation + enzyme cold activity + cryoprotectants + chaperones + ros defenses	response to cold	DRIFT	0.21	| membrane adaptation + enzyme cold activity + cryoprotectants + chaperones + ROS defenses | collectively supports | growth at very low temperature (METPO:1000441) | METPO:1000441; cold response [GO:0009409] | Integrative inference only; should be curated cautiously because sources support cold growth/adaptation, not by themselves proof of optimum <=10 C (ramon2023ageneraloverview pages 1-2, bao2023miningofkey pages 1-2, li2024mechanismsunderlyingthe pages 12-13) | Trait-level synthesis across taxa | 10.1007/s42770-023-01057-4; 10.3389/fmicb.2023.1215837; 10.3389/fmicb.2024.1465627 |
research/traits/environment/temperature_range_high-deep-research-falcon.md	198	GO:0016049	sustained microbial growth	cell growth	OK_IN_ROW	1.00	| sustained microbial growth | biological process/assay outcome | `GO:0016049` (cell growth), if consistent with project practice | Prefer growth rate, biomass increase, CFU increase, or serial propagation over survival. |
research/traits/environment/temperature_range_high-deep-research-falcon.md	199	GO:0009408	heat shock	response to heat	OK_LABEL	1.00	| heat shock | experimental factor/process | `GO:0009408` (response to heat) for the response, not the exposure itself | Nearby but distinct from the target trait. |
research/traits/environment/temperature_range_high-deep-research-falcon.md	206	GO:0003918	reverse gyrase (rgy; pf0495 in p. furiosus)	DNA topoisomerase type II (double strand cut, ATP-hydrolyzing) activity	OK_IN_ROW	1.00	| reverse gyrase (`rgy`; PF0495 in *P. furiosus*) | enzyme/topoisomerase | `GO:0003918` DNA topoisomerase type II activity is **not sufficiently specific**; retain gene/protein label or use verified UniProt per strain | Strong, direct, but most relevant above ~90 °C and taxon-specific. |
research/traits/environment/temperature_range_high-deep-research-falcon.md	208	GO:0051082	hsp20/small heat-shock proteins	unfolded protein binding	OK_IN_ROW	1.00	| HSP20/small heat-shock proteins | molecular chaperone family | `GO:0051082` unfolded protein binding may describe function; verify protein accessions individually | Direct effects differ greatly among family members. |
research/traits/environment/temperature_range_high-deep-research-falcon.md	210	GO:1990220	groel–groes	GroEL-GroES complex	DRIFT	0.74	| GroEL–GroES | group I chaperonin complex | `GO:1990220` GroEL–GroES complex | Supportive intervention evidence; smaller shift than CeHSP17. |
research/traits/environment/temperature_range_high-deep-research-falcon.md	211	GO:0005832	thermosome α/β subunits	chaperonin-containing T-complex	OK_IN_ROW	1.00	| thermosome α/β subunits | archaeal group II chaperonin | `GO:0005832` chaperonin-containing T-complex may be considered only after checking ontology scope | Heat-induced in *Sulfolobus*; causal trait evidence remains incomplete. |
research/traits/environment/temperature_range_high-deep-research-falcon.md	215	GO:0006281	dna-repair proteins	DNA repair	OK_IN_ROW	1.00	| DNA-repair proteins | module | `GO:0006281` DNA repair | Biologically plausible module; individual causal genes need direct evidence. |
research/traits/environment/temperature_range_high-deep-research-falcon.md	224	CHEBI:29991	l-aspartate	L-aspartate(1-)	OK_LABEL	1.00	| L-aspartate | compatible solute/metabolite | `CHEBI:29991` | Compensates for DIP loss in *T. kodakarensis*. |
research/traits/environment/temperature_range_high-deep-research-falcon.md	228	CHEBI:15378	proton	hydron	DRIFT	0.50	| proton | chemical | `CHEBI:15378` | Relevant to passive proton permeability and pH homeostasis. |
research/traits/environment/temperature_range_low-deep-research-falcon.md	211	GO:0009409	low-temperature exposure/cold shock	response to cold	OK_IN_ROW	1.00	| low-temperature exposure/cold shock | GO:0009409, response to cold | Mechanistic experimental exposure; not equivalent to the trait |
research/traits/environment/temperature_range_low-deep-research-falcon.md	218	GO:0005886	plasma/cytoplasmic membrane	plasma membrane	OK_LABEL	1.00	| plasma/cytoplasmic membrane | GO:0005886 | Primary site of lipid compensation |
research/traits/environment/temperature_range_low-deep-research-falcon.md	219	GO:0061024	membrane fluidity	membrane organization	OK_IN_ROW	1.00	| membrane fluidity | GO:0061024, membrane organization, is a broader fallback | Phenomenon requiring careful relation modeling |
research/traits/environment/temperature_range_low-deep-research-falcon.md	220	GO:0006636	fatty-acid desaturation	unsaturated fatty acid biosynthetic process	DRIFT	1.00	| fatty-acid desaturation | GO:0006636 | Lipid-remodeling process |
research/traits/environment/temperature_range_low-deep-research-falcon.md	221	GO:0006412	translation	translation	OK_LABEL	1.00	| translation | GO:0006412 | Cold-sensitive process supported by ribosomal/RNA machinery |
research/traits/environment/temperature_range_low-deep-research-falcon.md	222	GO:0003724	rna helicase activity	RNA helicase activity	OK_LABEL	1.00	| RNA helicase activity | GO:0003724 | Unwinds stabilized RNA structures |
research/traits/environment/temperature_range_low-deep-research-falcon.md	223	GO:0051301	cell division	cell division	OK_LABEL	1.00	| cell division | GO:0051301 | EPA-sensitive phenotype in *Shewanella* |
research/traits/environment/temperature_range_low-deep-research-falcon.md	224	GO:0006979	response to oxidative stress	response to oxidative stress	OK_LABEL	1.00	| response to oxidative stress | GO:0006979 | Candidate secondary cold-stress module |
research/traits/environment/temperature_range_low-deep-research-falcon.md	225	GO:0050825	ice binding	ice binding	OK_LABEL	1.00	| ice binding | GO:0050825 | Molecular function of antifreeze/ice-binding proteins |
research/traits/environment/temperature_range_low-deep-research-falcon.md	245	CHEBI:28364	eicosapentaenoic acid (epa)	all-cis-5,8,11,14,17-icosapentaenoic acid	OK_LABEL	1.00	| eicosapentaenoic acid (EPA) | CHEBI:28364 |
research/traits/environment/temperature_range_low-deep-research-falcon.md	246	CHEBI:36005	docosahexaenoic acid (dha)	docosahexaenoic acid	OK_LABEL	1.00	| docosahexaenoic acid (DHA) | CHEBI:36005 |
research/traits/environment/temperature_range_low-deep-research-falcon.md	247	CHEBI:17351	linoleic acid	linoleic acid	OK_LABEL	1.00	| linoleic acid | CHEBI:17351 |
research/traits/environment/temperature_range_low-deep-research-falcon.md	248	CHEBI:27432	α-linolenic acid	alpha-linolenic acid	OK_LABEL	1.00	| α-linolenic acid | CHEBI:27432 |
research/traits/environment/temperature_range_low-deep-research-falcon.md	249	CHEBI:27082	trehalose	trehalose	OK_LABEL	1.00	| trehalose | CHEBI:27082 |
research/traits/environment/temperature_range_low-deep-research-falcon.md	250	CHEBI:17750	glycine betaine	glycine betaine	OK_LABEL	1.00	| glycine betaine | CHEBI:17750 |
research/traits/environment/temperature_range_low-deep-research-falcon.md	251	CHEBI:17754	glycerol	glycerol	OK_LABEL	1.00	| glycerol | CHEBI:17754 |
research/traits/environment/temperature_range_mid2-deep-research-falcon.md	224	GO:0005886	plasma membrane	plasma membrane	OK_LABEL	1.00	| plasma membrane | `GO:0005886` | Site of temperature-dependent lipid-state changes and DesK/Des activity |
research/traits/environment/thermophilic-deep-research-falcon.md	212	ENVO:01000207	elevated environmental temperature	mediterranean	DRIFT	0.31	| elevated environmental temperature | `ENVO:01000207` | Confirm label/version locally; represent measured °C as assay metadata. |
research/traits/environment/thermophilic-deep-research-falcon.md	221	GO:0005886	plasma membrane	plasma membrane	OK_LABEL	1.00	| plasma membrane | `GO:0005886` | Heat-sensitive permeability/fluidity barrier. |
research/traits/environment/thermophilic-deep-research-falcon.md	223	GO:0006457	protein folding	protein folding	OK_LABEL	1.00	| protein folding | `GO:0006457` | Chaperone-supported proteostasis. |
research/traits/environment/thermophilic-deep-research-falcon.md	224	GO:0006281	dna repair	DNA repair	OK_LABEL	1.00	| DNA repair | `GO:0006281` | Counteracts heat-associated chemical damage and breaks. |
research/traits/environment/thermophilic-deep-research-falcon.md	225	GO:0006265	dna topological change	DNA topological change	OK_LABEL	1.00	| DNA topological change | `GO:0006265` | Parent process for reverse-gyrase action. |
research/traits/environment/thermophilic-deep-research-falcon.md	245	CHEBI:15422	atp	ATP	OK_LABEL	1.00	| ATP | `CHEBI:15422` | Energy donor for reverse gyrase and many chaperones. |
research/traits/environment/thermophilic-deep-research-falcon.md	246	CHEBI:27082	trehalose	trehalose	OK_LABEL	1.00	| trehalose | `CHEBI:27082` | Compatible solute; not thermophile-specific. |
research/traits/environment/thermophilic-deep-research-falcon.md	247	CHEBI:16610	spermidine	spermidine	OK_LABEL	1.00	| spermidine | `CHEBI:16610` | Polyamine implicated in nucleic-acid stabilization. |
research/traits/environment/thermophilic-deep-research-falcon.md	248	CHEBI:17148	putrescine	putrescine	OK_LABEL	1.00	| putrescine | `CHEBI:17148` | Polyamine; broad cellular functions. |
research/traits/environment/uv_radiation_tolerant-deep-research-falcon.md	235	CHEBI:26523	reactive oxygen species	reactive oxygen species	OK_LABEL	1.00	| reactive oxygen species | Chemical class | `CHEBI:26523` | Secondary UV damage is plausible, but trait-level causal edges require direct survival evidence. |
research/traits/environment/uv_radiation_tolerant-deep-research-falcon.md	236	CHEBI:16240	hydrogen peroxide	hydrogen peroxide	OK_LABEL	1.00	| hydrogen peroxide | Chemical | `CHEBI:16240` | Relevant to oxidative-stress studies; not a universal UV-lesion intermediate. |
research/traits/environment/uv_radiation_tolerant-deep-research-falcon.md	242	GO:0000719	dna photoreactivation	photoreactive repair	DRIFT	0.72	| DNA photoreactivation | Biological process | `GO:0000719` | Core pathway; verify ontology release before committing. |
research/traits/environment/uv_radiation_tolerant-deep-research-falcon.md	243	GO:0006289	nucleotide-excision repair	nucleotide-excision repair	OK_LABEL	1.00	| nucleotide-excision repair | Biological process | `GO:0006289` | Core light-independent pathway. |
research/traits/environment/uv_radiation_tolerant-deep-research-falcon.md	245	GO:0035825	homologous recombination	homologous recombination	OK_LABEL	1.00	| homologous recombination | Biological process | `GO:0035825` | Important in genome restoration; UV-tolerance contribution is taxon- and lesion-context-dependent. |
research/traits/environment/uv_radiation_tolerant-deep-research-falcon.md	246	GO:0009432	sos response	SOS response	OK_LABEL	1.00	| SOS response | Biological process | `GO:0009432` | Better curated downstream of persistent DNA damage than directly upstream of tolerance. |
research/traits/environment/uv_radiation_tolerant-deep-research-falcon.md	247	GO:0006266	dna ligation	obsolete DNA ligation	OBSOLETE	1.00	| DNA ligation | Biological process | `GO:0006266` | PprA stimulates ligation in *D. radiodurans*. (selvam2013ddraddrdand pages 6-7) |
research/traits/environment/uv_radiation_tolerant-deep-research-falcon.md	248	GO:0009411	response to uv	response to UV	OK_LABEL	1.00	| response to UV | Biological process | `GO:0009411` | Broad response term; not equivalent to the survival trait. |
research/traits/environment/uv_radiation_tolerant-deep-research-falcon.md	254	GO:0003904	cpd photolyase / phr	deoxyribodipyrimidine photo-lyase activity	OK_IN_ROW	1.00	| CPD photolyase / `phr` | Enzyme/gene | `GO:0003904` for photolyase activity; use taxon-specific UniProt only after sequence resolution | Directly supported by deletion phenotypes in *Pseudomonas*, *Synechococcus*, and haloarchaea. (gunasekera2006roleofnucleotide pages 1-2, nag2023genomicanalysisof pages 2-4) |
research/traits/environment/uv_radiation_tolerant-deep-research-falcon.md	258	GO:0006289	uvra–uvrb–uvrc excinuclease	nucleotide-excision repair	OK_IN_ROW	1.00	| UvrA–UvrB–UvrC excinuclease | Protein complex | Use individual verified UniProt accessions plus `GO:0006289` | Core NER module; `uvrA` or `uvrC` deletion greatly reduced haloarchaeal dark repair. (nag2023genomicanalysisof pages 2-4) |
research/traits/environment/uv_radiation_tolerant-deep-research-falcon.md	261	GO:0003697	reca	single-stranded DNA binding	OK_IN_ROW	1.00	| RecA | Recombinase/regulator | Resolve taxon-specific UniProt; `GO:0003697` may describe ssDNA binding but is not protein identity | Persistent lesions induce RecA/SOS; direct survival contribution must be supported per organism. (gunasekera2006roleofnucleotide pages 1-2) |
research/traits/environment/xerophilic-deep-research-falcon.md	201	GO:0006970	high osmolarity / hyperosmotic stress	response to osmotic stress	OK_IN_ROW	1.00	| high osmolarity / hyperosmotic stress | `GO:0006970` (response to osmotic stress), where used as a process | Not identical to low aw; retain environmental context separately. |
research/traits/environment/xerophilic-deep-research-falcon.md	207	GO:0040007	active growth	growth	OK_LABEL	1.00	| active growth | `GO:0040007` (growth) | Prefer direct biomass/colony-extension evidence. |
research/traits/environment/xerophilic-deep-research-falcon.md	208	GO:0051301	cell division	cell division	OK_LABEL	1.00	| cell division | `GO:0051301` | Strong low-aw phenotype endpoint. |
research/traits/environment/xerophilic-deep-research-falcon.md	209	GO:0009847	conidial germination	spore germination	DRIFT	0.69	| conidial germination | `GO:0009847` may apply in appropriate fungal annotation | Verify applicability to the specific organism and assay. |
research/traits/environment/xerophilic-deep-research-falcon.md	215	CHEBI:17754	glycerol	glycerol	OK_LABEL	1.00	| glycerol | `CHEBI:17754` | Principal compatible solute in several low-aw/salt-adapted fungi. |
research/traits/environment/xerophilic-deep-research-falcon.md	216	CHEBI:27082	trehalose	trehalose	OK_LABEL	1.00	| trehalose | `CHEBI:27082` | Compatible solute or stress protectant; response is condition- and taxon-dependent. |
research/traits/environment/xerophilic-deep-research-falcon.md	217	CHEBI:16899	d-mannitol	D-mannitol	OK_LABEL	1.00	| D-mannitol | `CHEBI:16899` | Secondary/stage-dependent polyol. |
research/traits/environment/xerophilic-deep-research-falcon.md	218	CHEBI:17113	erythritol	erythritol	OK_LABEL	1.00	| erythritol | `CHEBI:17113` | Compatible polyol in some fungi. |
research/traits/environment/xerophilic-deep-research-falcon.md	220	CHEBI:29101	sodium ion	sodium(1+)	OK_LABEL	1.00	| sodium ion | `CHEBI:29101` | Ion-homeostasis substrate in saline low-aw conditions. |
research/traits/environment/xerophilic-deep-research-falcon.md	221	CHEBI:29103	potassium ion	potassium(1+)	OK_LABEL	1.00	| potassium ion | `CHEBI:29103` | Cytosolic ion balance. |
research/traits/environment/xerophilic-deep-research-falcon.md	222	CHEBI:26710	sodium chloride	sodium chloride	OK_LABEL	1.00	| sodium chloride | `CHEBI:26710` | Lowers aw but also produces ionic stress. |
research/traits/environment/xerophilic-deep-research-falcon.md	223	CHEBI:17992	sucrose	sucrose	OK_LABEL	1.00	| sucrose | `CHEBI:17992` | Common nonionic aw depressor and xerophile-selection substrate. |
research/traits/environment/xerophilic-deep-research-falcon.md	224	CHEBI:17029	chitin	chitin	OK_LABEL	1.00	| chitin | `CHEBI:17029` | Cell-wall polymer altered under salt/osmotic stress. |
research/traits/environment/xerophilic-deep-research-falcon.md	232	GO:0000165	hog high-osmolarity glycerol pathway	MAPK cascade	OK_IN_ROW	1.00	| HOG high-osmolarity glycerol pathway | `GO:0000165` (MAPK cascade) plus label | Central fungal osmotic-signaling candidate, but xerophile-specific causality is incompletely tested. |
research/traits/environment/xerophilic-deep-research-falcon.md	239	GO:0045300	fatty-acid desaturase	stearoyl-[ACP] desaturase activity	DRIFT	0.60	| fatty-acid desaturase | `GO:0045300` may describe activity only if experimentally assigned | Supports membrane-fluidity remodeling. |
research/traits/environment/xerophilic-deep-research-falcon.md	242	GO:0071470	compatible-solute accumulation	cellular response to osmotic stress	OK_IN_ROW	1.00	| compatible-solute accumulation | `GO:0071470` may be considered for cellular response to osmotic stress | Prefer a process label if GO semantics do not exactly match accumulation. |
research/traits/environment/xerophilic-deep-research-falcon.md	243	GO:0050801	ion homeostasis	monoatomic ion homeostasis	OK_LABEL	1.00	| ion homeostasis | `GO:0050801` | Especially relevant to saline low-aw growth. |
research/traits/environment/xerophilic-deep-research-falcon.md	244	GO:0071555	cell-wall organization/remodeling	cell wall organization	DRIFT	0.80	| cell-wall organization/remodeling | `GO:0071555` | Strong *A. sydowii* stress-response evidence. |
research/traits/environment/zinc_tolerant-deep-research-falcon.md	209	CHEBI:29105	elevated extracellular zn²⁺ exposure	zinc(2+)	DRIFT	0.29	| elevated extracellular Zn²⁺ exposure | Environmental/experimental factor | Zn²⁺: `CHEBI:29105` | Add concentration, salt, medium, pH, and duration as evidence qualifiers. |
research/traits/environment/zinc_tolerant-deep-research-falcon.md	240	CHEBI:29105	zn²⁺	zinc(2+)	DRIFT	0.80	| Zn²⁺ | `CHEBI:29105` | Essential micronutrient and toxic stressor at elevated bioavailable concentration. |
research/traits/environment/zinc_tolerant-deep-research-falcon.md	244	GO:0005886	plasma membrane	plasma membrane	OK_LABEL	1.00	| Plasma membrane | `GO:0005886` | Location of inner-membrane exporters. |
research/traits/environment/zinc_tolerant-deep-research-falcon.md	245	GO:0006882	cellular zinc-ion homeostasis	intracellular zinc ion homeostasis	DRIFT	1.00	| Cellular zinc-ion homeostasis | `GO:0006882` | Broad homeostatic module; verify current GO label/version. |
research/traits/environment/zinc_tolerant-deep-research-falcon.md	246	GO:0071577	zinc-ion transport	zinc ion transmembrane transport	DRIFT	0.80	| Zinc-ion transport | `GO:0071577` | General transport process. |
research/traits/environment/zinc_tolerant-deep-research-falcon.md	247	GO:0010043	response to zinc ion	response to zinc ion	OK_LABEL	1.00	| Response to zinc ion | `GO:0010043` | Regulatory/stress response. |
research/traits/genomics/codon_usage_bias-deep-research-falcon.md	212	PATO:0001954	gccontent	subulate	DRIFT	0.24	| GC_content | trait | PATO:0001954 | Genome or coding-sequence G+C composition, especially GC3, a major determinant of codon frequencies across many microbes (labella2019variationandselection pages 1-2, plotkin2011synonymousbutnot pages 2-3, delgado2024impactofthe pages 1-2). |
research/traits/genomics/codon_usage_bias-deep-research-falcon.md	213	GO:0010467	geneexpressionlevel	gene expression	DRIFT	0.85	| gene_expression_level | trait | GO:0010467 | Relative transcript/protein output of a gene; highly expressed genes often show stronger codon bias and better tRNA adaptation (fu2023codonusagebias pages 20-21, rocha2004codonusagebias pages 1-2). |
research/traits/genomics/codon_usage_bias-deep-research-falcon.md	214	GO:0006281	mutationalbias	DNA repair	DRIFT	0.26	| mutational_bias | process | GO:0006281 | Biased mutation input produced by DNA replication/repair and context-dependent mutational processes; drives background codon usage and GC composition (plotkin2011synonymousbutnot pages 2-3, delgado2024impactofthe pages 1-2). |
research/traits/genomics/codon_usage_bias-deep-research-falcon.md	215	GO:0006412	translationalselection	translation	OK_LABEL	1.00	| translational_selection | process | GO:0006412 | Selection favoring codons that improve translation efficiency/accuracy by matching cellular decoding capacity, especially in highly expressed genes (labella2019variationandselection pages 1-2, rocha2004codonusagebias pages 2-3, rocha2004codonusagebias pages 4-5). |
research/traits/genomics/codon_usage_bias-deep-research-falcon.md	216	GO:0019236	geneticdrift	response to pheromone	DRIFT	0.28	| genetic_drift | process | GO:0019236 | Population-genetic stochasticity that can weaken efficacy of selection on synonymous codons, especially in taxa with reduced effective population size (labella2019variationandselection pages 1-2, sharp2005variationinthe pages 10-10). |
research/traits/genomics/codon_usage_bias-deep-research-falcon.md	217	GO:0006414	translationelongation	translational elongation	DRIFT	1.00	| translation_elongation | process | GO:0006414 | Ribosome decoding and peptide elongation phase; local codon choice alters elongation speed and dwell time (hanson2018codonoptimalitybias pages 1-2, liu2021synonymousbutnot pages 3-4). |
research/traits/genomics/codon_usage_bias-deep-research-falcon.md	218	GO:0006413	translationinitiation	translational initiation	DRIFT	1.00	| translation_initiation | process | GO:0006413 | Start-codon recognition and ribosome loading step; affected by synonymous sequence context and mRNA structure, especially near the 5′ region (liu2021synonymousbutnot pages 3-4, quax2015codonbiasas pages 7-8). |
research/traits/genomics/codon_usage_bias-deep-research-falcon.md	219	GO:0006402	mrnadecay	mRNA catabolic process	DRIFT	1.00	| mRNA_decay | process | GO:0006402 | Enzymatic degradation of mRNA; linked to codon optimality and ribosome movement in both bacterial and eukaryotic systems (hanson2018codonoptimalitybias pages 1-2, duviau2023whentranslationelongation pages 1-2). |
research/traits/genomics/codon_usage_bias-deep-research-falcon.md	220	GO:0090150	cotranslationalproteinfolding	establishment of protein localization to membrane	DRIFT	0.33	| cotranslational_protein_folding | process | GO:0090150 | Folding of nascent polypeptides during translation; modulated by codon-dependent elongation kinetics and pause placement (liu2021synonymousbutnot pages 11-12, hanson2018codonoptimalitybias pages 6-7). |
research/traits/genomics/codon_usage_bias-deep-research-falcon.md	221	GO:0043241	ribosomestalling		UNRESOLVED	0.00	| ribosome_stalling | process | GO:0043241 | Slowdown or pausing of elongating ribosomes caused by poorly decoded codons, starvation, or problematic sequence contexts (liu2021synonymousbutnot pages 26-29, duviau2023whentranslationelongation pages 1-2). |
research/traits/genomics/codon_usage_bias-deep-research-falcon.md	222	GO:0006402	codonoptimalitymediatedmrnadecay	mRNA catabolic process	DRIFT	0.44	| codon_optimality_mediated_mRNA_decay | process | GO:0006402 | Candidate composite process in which nonoptimal codons slow ribosomes and promote transcript destabilization; label-level node for TraitMech curation (hanson2018codonoptimalitybias pages 1-2, hanson2018codonoptimalitybias pages 12-13). |
research/traits/genomics/codon_usage_bias-deep-research-falcon.md	223	GO:0006418	trnapool	tRNA aminoacylation for protein translation	DRIFT	0.40	| tRNA_pool | molecule | GO:0006418 | Cellular abundance/composition of tRNAs available for decoding codons; central determinant of codon optimality and translational selection (rocha2004codonusagebias pages 2-3, liu2021synonymousbutnot pages 7-9). |
research/traits/genomics/codon_usage_bias-deep-research-falcon.md	224	SO:0001272	trnagenecopynumber		UNKNOWN_PREFIX	0.00	| tRNA_gene_copy_number | factor | SO:0001272 | Genomic copy number of tRNA genes; proxy for tRNA abundance and strongly associated with codon bias strength in bacteria (rocha2004codonusagebias pages 2-3, sharp2005variationinthe pages 6-7). |
research/traits/genomics/codon_usage_bias-deep-research-falcon.md	225	GO:0006400	trnaanticodonmodifications	tRNA modification	DRIFT	0.76	| tRNA_anticodon_modifications | molecule | GO:0006400 | Chemical modifications at anticodon/wobble positions that alter decoding range and efficiency, constraining codon preferences (delgado2024impactofthe pages 4-6, liu2021synonymousbutnot pages 9-11). |
research/traits/genomics/codon_usage_bias-deep-research-falcon.md	226	SO:0001263	rrnaoperoncopynumber		UNKNOWN_PREFIX	0.00	| rRNA_operon_copy_number | factor | SO:0001263 | Number of ribosomal RNA operons; linked to rapid growth potential and stronger selected codon usage bias (sharp2005variationinthe pages 1-2, sharp2005variationinthe pages 7-7). |
research/traits/genomics/codon_usage_bias-deep-research-falcon.md	227	GO:0005840	ribosome	ribosome	OK_LABEL	1.00	| ribosome | component | GO:0005840 | Decoding and peptide synthesis complex (70S in bacteria, 80S in eukaryotes) whose dwell time reflects codon optimality (hanson2018codonoptimalitybias pages 1-2, liu2021synonymousbutnot pages 3-4). |
research/traits/genomics/codon_usage_bias-deep-research-falcon.md	228	GO:1990124	rnadegradosome	obsolete messenger ribonucleoprotein complex	OBSOLETE	1.00	| RNA_degradosome | component | GO:1990124 | Bacterial multiprotein mRNA decay complex including RNase E, PNPase, RhlB, and enolase; implicated in translation-coupled destabilization of transcripts (duviau2023whentranslationelongation pages 1-2, duviau2023whentranslationelongation pages 13-14). |
research/traits/genomics/codon_usage_bias-deep-research-falcon.md	230	GO:0030014	ccr4-notcomplex	CCR4-NOT complex	DRIFT	1.00	| Ccr4-Not_complex | component | GO:0030014 | Conserved eukaryotic deadenylase complex linking slow decoding/nonoptimal codons to mRNA deadenylation and decay; included as cross-domain comparative node (hanson2018codonoptimalitybias pages 12-13, liu2021synonymousbutnot pages 16-17). |
research/traits/genomics/codon_usage_bias-deep-research-falcon.md	232	PATO:0001422	growthrate	dead	DRIFT	0.14	| growth_rate | factor | PATO:0001422 | Maximum growth rate or inverse generation time; rapid growth selects for stronger translational optimization and codon bias (rocha2004codonusagebias pages 4-5, rocha2004codonusagebias pages 1-2). |
research/traits/genomics/codon_usage_bias-deep-research-falcon.md	234	ENVO:09200014	growthtemperature	temperature of water	DRIFT	0.73	| growth_temperature | factor | ENVO:09200014 | Optimal growth temperature; environmental variable associated with codon preference and, in some datasets, genomic GC trends (carbone2005codonbiassignatures pages 1-1, carbone2005codonbiassignatures pages 15-15). |
research/traits/genomics/codon_usage_bias-deep-research-falcon.md	235	ENVO:00002036	habitattype	obsolete habitat	OBSOLETE	1.00	| habitat_type | factor | ENVO:00002036 | Broad ecological setting (e.g., aquatic, terrestrial, host-associated, multiple habitats) associated with differences in translational efficiency and codon bias patterns (carbone2005codonbiassignatures pages 13-13, quax2015codonbiasas pages 7-8). |
research/traits/genomics/codon_usage_bias-deep-research-falcon.md	236	GO:0006400	trnamodificationenzymes	tRNA modification	DRIFT	0.82	| tRNA_modification_enzymes | molecule | GO:0006400 | Enzyme class including ADATs, TilS, Trm4, Elongator-related activities, and other wobble-modifying enzymes that reshape decoding and codon preference (liu2021synonymousbutnot pages 9-11, delgado2024impactofthe pages 4-6). |
research/traits/genomics/codon_usage_bias-deep-research-falcon.md	237	GO:0006260	dnareplicationrepairmachinery	DNA replication	DRIFT	0.65	| DNA_replication_repair_machinery | component | GO:0006260 | Replication and repair systems generating mutational biases that indirectly shape GC content and codon usage patterns (delgado2024impactofthe pages 1-2). |
research/traits/genomics/codon_usage_bias-deep-research-falcon.md	238	GO:0004812	aminoacyl-trnasynthetases	aminoacyl-tRNA ligase activity	DRIFT	0.84	| aminoacyl-tRNA_synthetases | molecule | GO:0004812 | Enzymes charging tRNAs with cognate amino acids; define aminoacyl-tRNA supply feeding codon-specific translation efficiency (rocha2004codonusagebias pages 1-2). |
research/traits/genomics/crispr_cas_system-deep-research-falcon.md	219	GO:0032196	foreign/mobile genetic element	transposition	OK_IN_ROW	1.00	| foreign/mobile genetic element | Source and target of spacers | `GO:0032196` transposition is **not** an equivalent; retain label-only or use a suitable mobile-genetic-element ontology term after verification |
research/traits/genomics/crispr_cas_system-deep-research-falcon.md	221	GO:0005727	plasmid	extrachromosomal circular DNA	OK_IN_ROW	1.00	| plasmid | Foreign DNA target/source | `GO:0005727` (extrachromosomal circular DNA) may be useful only where biologically appropriate |
research/traits/genomics/crispr_cas_system-deep-research-falcon.md	227	CHEBI:16991	foreign dna	deoxyribonucleic acid	OK_LABEL	1.00	| foreign DNA | Spacer source and interference target | `CHEBI:16991` DNA |
research/traits/genomics/crispr_cas_system-deep-research-falcon.md	228	CHEBI:33697	foreign rna	ribonucleic acid	OK_LABEL	1.00	| foreign RNA | Type III/VI recognition target | `CHEBI:33697` RNA |
research/traits/genomics/crispr_cas_system-deep-research-falcon.md	231	CHEBI:15422	atp	ATP	OK_LABEL	1.00	| ATP | Substrate for cOA signaling | `CHEBI:15422` |
research/traits/genomics/crispr_cas_system-deep-research-falcon.md	233	CHEBI:15414	s-adenosyl-l-methionine (sam)	S-adenosyl-L-methionine	OK_LABEL	1.00	| S-adenosyl-L-methionine (SAM) | Substrate in the *B. fragilis* SAM-AMP branch | `CHEBI:15414` |
research/traits/genomics/crispr_cas_system-deep-research-falcon.md	234	CHEBI:29035	manganese(2+)	manganese(2+)	OK_LABEL	1.00	| manganese(2+) | Cofactor for the characterized NYN nuclease | `CHEBI:29035` |
research/traits/genomics/gc_content-deep-research-falcon.md	189	GO:0006310	1	DNA recombination	OK_IN_ROW	1.00	| 1 | GO:0006310 DNA recombination | enables | GC-biased gene conversion | strong (lassalle2015gccontentevolutionin pages 4-6, lassalle2015gccontentevolutionin pages 6-9) | Supported by higher GC in recombinant genes/regions; mechanism inferred from recombination-associated fixation bias |
research/traits/genomics/gc_content-deep-research-falcon.md	195	ENVO:09200013	3	wetness of soil	DRIFT	0.00	| 3 | ENVO:09200013 optimal growth temperature | associated with increased | METPO:1000127 genomic GC content | moderate/uncertain (hu2022apositivecorrelation pages 1-2, wu2012onthemolecular pages 2-4) | Correlation reported, but debated and confounded by phylogeny, sample size, and indirect repair effects |
research/traits/genomics/gc_content-deep-research-falcon.md	238	GO:0005574	genomic dna	obsolete DNA	OBSOLETE	1.00	| Genomic DNA | GO:0005574 is not appropriate; use label-only unless the project has a sequence-entity ontology policy | Avoid inventing a DNA-region identifier. |
research/traits/genomics/gc_content-deep-research-falcon.md	239	CHEBI:16235	guanine	guanine	OK_LABEL	1.00	| Guanine | CHEBI:16235 | Verify against the ontology release used by TraitMech. |
research/traits/genomics/gc_content-deep-research-falcon.md	240	CHEBI:16040	cytosine	cytosine	OK_LABEL	1.00	| Cytosine | CHEBI:16040 | Verify locally before committing. |
research/traits/genomics/gc_content-deep-research-falcon.md	241	CHEBI:16708	adenine	adenine	OK_LABEL	1.00	| Adenine | CHEBI:16708 | Verify locally before committing. |
research/traits/genomics/gc_content-deep-research-falcon.md	242	CHEBI:17821	thymine	thymine	OK_LABEL	1.00	| Thymine | CHEBI:17821 | Verify locally before committing. |
research/traits/genomics/gc_content-deep-research-falcon.md	250	GO:0006260	dna replication	DNA replication	OK_LABEL	1.00	| DNA replication | GO:0006260 | Generates replication errors and provides substrates for repair. |
research/traits/genomics/gc_content-deep-research-falcon.md	251	GO:0006281	dna repair	DNA repair	OK_LABEL	1.00	| DNA repair | GO:0006281 | Alters survival/fixation of base substitutions. |
research/traits/genomics/gc_content-deep-research-falcon.md	252	GO:0006298	dna mismatch repair	mismatch repair	OK_LABEL	1.00	| DNA mismatch repair | GO:0006298 | Candidate mechanism underlying repair bias and gBGC. |
research/traits/genomics/gc_content-deep-research-falcon.md	253	GO:0006310	dna recombination	DNA recombination	OK_LABEL	1.00	| DNA recombination | GO:0006310 | Enables heteroduplex formation and gene conversion. |
research/traits/genomics/gc_content-deep-research-falcon.md	254	GO:0035825	homologous recombination	homologous recombination	OK_LABEL	1.00	| Homologous recombination | GO:0035825 | Preferred specific process where supported. |
research/traits/genomics/gc_content-deep-research-falcon.md	255	GO:0006311	gene conversion	meiotic gene conversion	OK_LABEL	1.00	| Gene conversion | GO:0006311 | Parent process for GC-biased gene conversion. |
research/traits/genomics/gc_content-deep-research-falcon.md	257	GO:0006281	mutation	DNA repair	DRIFT	0.24	| Mutation | GO:0006281 is **not** mutation; retain label-only or use a project-approved variation ontology | Avoid misgrounding mutation to repair. |
research/traits/genomics/gc_content-deep-research-falcon.md	258	GO:0044000	horizontal gene transfer	obsolete movement in host	OBSOLETE	1.00	| Horizontal gene transfer | GO:0044000 | Introduces regions with donor-associated composition. |
research/traits/genomics/gc_content-deep-research-falcon.md	273	GO:0003697	reca and homologous-recombination machinery	single-stranded DNA binding	OK_IN_ROW	1.00	| RecA and homologous-recombination machinery | Organism-specific UniProt; GO:0003697 for single-stranded DNA binding is not sufficient by itself | Upstream of recombination, but direct `RecA → GC content` is too coarse. |
research/traits/genomics/gc_content-deep-research-falcon.md	298	GO:0006310	curate	DNA recombination	OK_IN_ROW	1.00	| **Curate** | DNA recombination (`GO:0006310`) → enables → GC-biased gene conversion | Recombinant genes had higher GC in 11 of 14 evaluable groups; intergenic regions adjoining recombining genes were also GC enriched. DOI/preprint: [10.1101/011023](https://doi.org/10.1101/011023), November 2015. (lassalle2015gccontentevolutionin pages 4-6, lassalle2015gccontentevolutionin pages 6-9) | Recombination forms heteroduplex mismatches on which biased repair/conversion can act. |
research/traits/genomics/gc_content-deep-research-falcon.md	304	GO:0044000	qualified	obsolete movement in host	OBSOLETE	1.00	| **Qualified** | horizontal gene transfer (`GO:0044000`) → produces → local GC deviation from recipient genome | *tetA* GC differed significantly from host genomic GC (`p=0.02`), and low-GC pathogenicity islands were described in *Salmonella*. DOI: [10.3389/fmicb.2013.00041](https://doi.org/10.3389/fmicb.2013.00041), March 2013. (hayek2013lateraltransferand pages 2-3) | Best represented as an effect on **local genomic composition**, not necessarily organism-level GC%. Similarity to host GC does not exclude old transfer because of donor similarity or amelioration. |
research/traits/genomics/gc_mid1-deep-research-falcon.md	253	CHEBI:33526	genomic dna	mannonate	DRIFT	0.42	| Genomic DNA | `CHEBI:33526` | Material whose nucleotide composition is assayed. |
research/traits/genomics/gc_mid1-deep-research-falcon.md	262	GO:0006260	dna replication	DNA replication	OK_LABEL	1.00	| DNA replication | `GO:0006260` | Produces initial mismatches. |
research/traits/genomics/gc_mid1-deep-research-falcon.md	263	GO:0006281	dna repair	DNA repair	OK_LABEL	1.00	| DNA repair | `GO:0006281` | Broad repair parent. |
research/traits/genomics/gc_mid1-deep-research-falcon.md	264	GO:0006298	dna mismatch repair	mismatch repair	OK_LABEL	1.00	| DNA mismatch repair | `GO:0006298` | Alters mutation rate and spectrum. |
research/traits/genomics/gc_mid1-deep-research-falcon.md	265	GO:0006310	dna recombination	DNA recombination	OK_LABEL	1.00	| DNA recombination | `GO:0006310` | Generates heteroduplex conversion opportunities. |
research/traits/genomics/gc_mid1-deep-research-falcon.md	266	GO:0000724	homologous-recombination dsb repair	double-strand break repair via homologous recombination	DRIFT	0.92	| Homologous-recombination DSB repair | `GO:0000724` | Candidate upstream process for gBGC. |
research/traits/genomics/gc_mid1-deep-research-falcon.md	267	GO:0006303	non-homologous end joining	double-strand break repair via nonhomologous end joining	DRIFT	0.64	| Non-homologous end joining | `GO:0006303` | Ku/LigD-associated DSB repair; GC link uncertain. |
research/traits/genomics/gc_mid1-deep-research-falcon.md	290	GO:0006302	double-strand-break exposure	double-strand break repair	DRIFT	0.79	| Double-strand-break exposure | `GO:0006302` may be considered for the repair response, but exposure itself is label-only | Proposed driver, not established. |
research/traits/genomics/gc_skew-deep-research-falcon.md	212	GO:0006260	dna replication	DNA replication	OK_LABEL	1.00	| DNA replication | `GO:0006260` | High-confidence broad process. |
research/traits/genomics/gc_skew-deep-research-falcon.md	213	GO:0006270	dna replication initiation	DNA replication initiation	OK_LABEL	1.00	| DNA replication initiation | `GO:0006270` | Broader than bacterial oriC initiation. |
research/traits/genomics/gc_skew-deep-research-falcon.md	216	GO:0006272	leading-strand synthesis	leading strand elongation	DRIFT	0.71	| leading-strand synthesis | `GO:0006272` | Verify ontology release during implementation. |
research/traits/genomics/gc_skew-deep-research-falcon.md	217	GO:0006273	lagging-strand synthesis	lagging strand elongation	DRIFT	0.71	| lagging-strand synthesis | `GO:0006273` | Verify ontology release during implementation. |
research/traits/genomics/gc_skew-deep-research-falcon.md	218	GO:0005657	dna replication fork	replication fork	OK_LABEL	1.00	| DNA replication fork | `GO:0005657` | Cellular component/localization candidate. |
research/traits/genomics/gc_skew-deep-research-falcon.md	227	CHEBI:9160	single-stranded dna	single-stranded DNA	OK_LABEL	1.00	| single-stranded DNA | `CHEBI:9160` | Verify exact ChEBI label/version before YAML insertion. |
research/traits/genomics/gc_skew-deep-research-falcon.md	228	CHEBI:16040	cytosine	cytosine	OK_LABEL	1.00	| cytosine | `CHEBI:16040` | Substrate in spontaneous deamination model. |
research/traits/genomics/gc_skew-deep-research-falcon.md	229	CHEBI:17568	uracil	uracil	OK_LABEL	1.00	| uracil | `CHEBI:17568` | Immediate deamination product; mechanistic intermediate. |
research/traits/genomics/gc_skew-deep-research-falcon.md	233	GO:0006281	dna repair	DNA repair	OK_LABEL	1.00	| DNA repair | `GO:0006281` | Broad modifier; specific strand-direction edges need stronger evidence. |
research/traits/genomics/gc_skew-deep-research-falcon.md	234	GO:0006298	mismatch repair	mismatch repair	OK_LABEL	1.00	| mismatch repair | `GO:0006298` | Candidate modifier, not yet a core causal node. |
research/traits/genomics/gc_skew-deep-research-falcon.md	251	GO:0090543	transcription–replication conflict	Flemming body	DRIFT	0.14	| transcription–replication conflict | `GO:0090543` if confirmed in current GO release | Adjacent mechanism affecting GSB and mutation; not a direct universal cause of GC skew. |
research/traits/genomics/gc_skew-deep-research-falcon.md	253	GO:0044038	horizontal gene transfer	cell wall macromolecule biosynthetic process	DRIFT	0.29	| horizontal gene transfer | `GO:0044038` | Can introduce compositionally atypical segments and distort local skew. |
research/traits/genomics/gc_skew-deep-research-falcon.md	255	SO:0000771	genomic island		UNKNOWN_PREFIX	0.00	| genomic island | `SO:0000771` if confirmed | Application/confounder node rather than causal generator. |
research/traits/genomics/genome_size-deep-research-falcon.md	235	GO:0005623	genome	obsolete cell	OBSOLETE	1.00	| genome | `GO:0005623` is **not** appropriate; use a sequence/genome ontology term only after registry verification | Label-only preferred over an incorrect CURIE |
research/traits/genomics/genome_size-deep-research-falcon.md	236	GO:0005694	chromosome	chromosome	OK_LABEL	1.00	| chromosome | `GO:0005694` | Stable cellular component term |
research/traits/genomics/genome_size-deep-research-falcon.md	239	GO:0018995	mobile genetic element	host cellular component	DRIFT	0.44	| mobile genetic element | `GO:0018995` | Broad MGE category |
research/traits/genomics/genome_size-deep-research-falcon.md	240	SO:0000336	pseudogene		UNKNOWN_PREFIX	0.00	| pseudogene | `SO:0000336` | Verify against the project’s accepted SO release |
research/traits/genomics/genomic_island-deep-research-falcon.md	206	GO:0015074	integrase (int)	DNA integration	OK_IN_ROW	1.00	| Integrase (Int) | GO:0015074 (DNA integration) | Catalyzes site-specific recombination at attL/attR or attP/attB |
research/traits/genomics/genomic_island-deep-research-falcon.md	208	GO:0003918	relaxase (trai)	DNA topoisomerase type II (double strand cut, ATP-hydrolyzing) activity	OK_IN_ROW	1.00	| Relaxase (TraI) | GO:0003918 (DNA topoisomerase type I activity) | Nicks DNA at oriT, forms relaxosome |
research/traits/genomics/genomic_island-deep-research-falcon.md	210	GO:0030254	type iv secretion system (t4ss / mpf)	protein secretion by the type III secretion system	DRIFT	0.70	| Type IV secretion system (T4SS / MPF) | GO:0030254 (protein secretion by the type IV secretion system) | Exports ssDNA-relaxase complex into recipient cell |
research/traits/genomics/genomic_island-deep-research-falcon.md	233	GO:0030254	type iii secretion system (t3ss) effectors	protein secretion by the type III secretion system	DRIFT	0.69	| Type III secretion system (T3SS) effectors | Virulence: avrPphB, hopF1, hopT1, hopO1, hopQ, hopD, hopAR1 | GO:0030254? |
research/traits/genomics/genomic_island-deep-research-falcon.md	236	GO:0015093	feoab system	ferrous iron transmembrane transporter activity	OK_IN_ROW	1.00	| FeoAB system | Ferrous iron transport | GO:0015093 (ferrous iron transmembrane transporter activity) |
research/traits/genomics/mobile_genetic_element-deep-research-falcon.md	235	SO:0000155	plasmid		UNKNOWN_PREFIX	0.00	| plasmid | `SO:0000155` | Extrachromosomal replicon; mobility ranges from nonmobilizable to self-transmissible. |
research/traits/genomics/mobile_genetic_element-deep-research-falcon.md	236	SO:0000101	transposable element		UNKNOWN_PREFIX	0.00	| transposable element | `SO:0000101` | Parent for insertion sequences and transposons. |
research/traits/genomics/mobile_genetic_element-deep-research-falcon.md	249	GO:0009379	relaxase / trai	Holliday junction helicase complex	DRIFT	0.23	| relaxase / TraI | `GO:0009379` where catalytic molecular function is intended | Nicks `oriT`; remains linked to and processes the transferred strand. |
research/traits/genomics/mobile_genetic_element-deep-research-falcon.md	253	GO:0043684	type iv secretion system	type IV secretion system complex	OK_LABEL	1.00	| type IV secretion system | `GO:0043684` | Transfer channel; not specific to conjugation in all organisms. |
research/traits/genomics/mobile_genetic_element-deep-research-falcon.md	255	GO:0004803	transposase	transposase activity	OK_LABEL	1.00	| transposase | `GO:0004803` | Catalyses transposition-associated DNA cleavage/rejoining. |
research/traits/genomics/mobile_genetic_element-deep-research-falcon.md	256	GO:0008907	integrase	integrase activity	OK_LABEL	1.00	| integrase | `GO:0008907` only where site-specific DNA integration activity fits | Use separate sequence-specific UniProt IDs when available. |
research/traits/genomics/mobile_genetic_element-deep-research-falcon.md	269	GO:0009291	bacterial conjugation	unidirectional conjugation	OK_LABEL	1.00	| bacterial conjugation | `GO:0009291` | Intercellular DNA transfer process. |
research/traits/genomics/mobile_genetic_element-deep-research-falcon.md	270	GO:0006313	dna-mediated transposition	DNA transposition	DRIFT	0.80	| DNA-mediated transposition | `GO:0006313` | Intracellular movement process. |
research/traits/genomics/mobile_genetic_element-deep-research-falcon.md	271	GO:0009432	sos response	SOS response	OK_LABEL	1.00	| SOS response | `GO:0009432` | Environmental/experimental mediator of some prophage and integron responses. |
research/traits/genomics/mobile_genetic_element-deep-research-falcon.md	272	GO:0044826	horizontal gene transfer	viral genome integration into host DNA	DRIFT	0.50	| horizontal gene transfer | `GO:0044826` | Broader process, not equivalent to MGE possession. |
research/traits/genomics/mobile_genetic_element-deep-research-falcon.md	273	CHEBI:16991	dna	deoxyribonucleic acid	OK_LABEL	1.00	| DNA | `CHEBI:16991` | Material transferred or transposed. |
research/traits/genomics/mobile_genetic_element-deep-research-falcon.md	276	GO:0005694	chromosome	chromosome	OK_LABEL	1.00	| chromosome | `GO:0005694` | Integration target/localization. |
research/traits/genomics/mobile_genetic_element-deep-research-falcon.md	277	GO:0005737	cytoplasm	cytoplasm	OK_LABEL	1.00	| cytoplasm | `GO:0005737` | Recipient-side plasmid establishment. |
research/traits/genomics/mobile_genetic_element-deep-research-falcon.md	279	GO:0019835	host-cell lysis	cytolysis	OK_LABEL	1.00	| host-cell lysis | `GO:0019835` | Output of productive lytic infection. |
research/traits/genomics/mobile_genetic_element-deep-research-falcon.md	280	GO:0042710	biofilm	biofilm formation	OK_LABEL	1.00	| biofilm | `GO:0042710` | Ecological structure that can raise cell contact and HGT opportunity; effect is system dependent. |
research/traits/genomics/mobile_genetic_element-deep-research-falcon.md	281	GO:0006974	dna damage	DNA damage response	OK_LABEL	1.00	| DNA damage | `GO:0006974` | Upstream stress process for canonical SOS induction. |
research/traits/genomics/mobile_genetic_element-deep-research-falcon.md	282	CHEBI:33281	antibiotic	antimicrobial agent	OK_LABEL	1.00	| antibiotic | `CHEBI:33281` | Selection pressure; individual compounds should use specific CHEBI IDs. |
research/traits/genomics/pangenome_openness-deep-research-falcon.md	213	GO:0042710	horizontal gene transfer	biofilm formation	DRIFT	0.26	| horizontal gene transfer | `GO:0042710` | Umbrella process supplying nonvertical gene gains; verify ontology version. |
research/traits/genomics/pangenome_openness-deep-research-falcon.md	214	GO:0009294	natural transformation	DNA-mediated transformation	DRIFT	0.74	| natural transformation | `GO:0009294` | Uptake and incorporation of exogenous DNA; verify label/version. |
research/traits/genomics/pangenome_openness-deep-research-falcon.md	215	GO:0006310	dna recombination	DNA recombination	OK_LABEL	1.00	| DNA recombination | `GO:0006310` | Incorporation/reshuffling of imported DNA. |
research/traits/genomics/pangenome_openness-deep-research-falcon.md	216	GO:0035825	homologous recombination	homologous recombination	OK_LABEL	1.00	| homologous recombination | `GO:0035825` | Candidate child process; verify before YAML insertion. |
research/traits/genomics/pangenome_openness-deep-research-falcon.md	219	GO:0015074	dna integration	DNA integration	OK_LABEL	1.00	| DNA integration | `GO:0015074` may be relevant | Verify that the intended ontology meaning fits genomic integration. |
research/traits/genomics/pangenome_openness-deep-research-falcon.md	220	GO:0032196	transposition	transposition	OK_LABEL	1.00	| transposition | `GO:0032196` | Movement of transposable elements; verify version. |
research/traits/genomics/rrna_operon_copy_number-deep-research-falcon.md	230	GO:0000428	dna-directed rna polymerase complex	DNA-directed RNA polymerase complex	OK_LABEL	1.00	| DNA-directed RNA polymerase complex | `GO:0000428` | Loads onto and transcribes `rrn` loci; exact ontology term should be verified in the project release. |
research/traits/genomics/rrna_operon_copy_number-deep-research-falcon.md	231	GO:0005840	ribosome	ribosome	OK_LABEL	1.00	| ribosome | `GO:0005840` | Product of rRNA plus ribosomal-protein assembly. |
research/traits/genomics/rrna_operon_copy_number-deep-research-falcon.md	232	GO:0009303	rrna transcription	rRNA transcription	OK_LABEL	1.00	| rRNA transcription | `GO:0009303` | Immediate process enabled by operon templates. |
research/traits/genomics/rrna_operon_copy_number-deep-research-falcon.md	233	GO:0042254	ribosome biogenesis	ribosome biogenesis	OK_LABEL	1.00	| ribosome biogenesis | `GO:0042254` | Downstream assembly process. |
research/traits/genomics/rrna_operon_copy_number-deep-research-falcon.md	234	GO:0006412	translation	translation	OK_LABEL	1.00	| translation | `GO:0006412` | Protein synthesis supported by ribosomes. |
research/traits/genomics/rrna_operon_copy_number-deep-research-falcon.md	235	GO:0006260	dna replication	DNA replication	OK_LABEL	1.00	| DNA replication | `GO:0006260` | Blocked by severe transcription–replication conflict in low-copy mutants. |
research/traits/genomics/rrna_operon_copy_number-deep-research-falcon.md	236	GO:0006281	dna repair	DNA repair	OK_LABEL	1.00	| DNA repair | `GO:0006281` | Increased repair capacity mitigates mortality in the *E. coli* mechanism. |
research/traits/genomics/rrna_operon_copy_number-deep-research-falcon.md	237	GO:0006935	chemotaxis	chemotaxis	OK_LABEL	1.00	| chemotaxis | `GO:0006935` | Comparative correlate of high copy number, not a demonstrated consequence. |
research/traits/metabolism/acetogenesis-deep-research-falcon.md	208	GO:0006084	substrate-level phosphorylation during acetate formation	acetyl-CoA metabolic process	DRIFT	0.23	| Substrate-level phosphorylation during acetate formation | GO:0006084 is acetate metabolism, but not an exact representation | Prefer a process label plus explicit reaction edges. |
research/traits/metabolism/acetogenesis-deep-research-falcon.md	209	GO:0015986	chemiosmotic energy conservation	proton motive force-driven ATP synthesis	OK_IN_ROW	1.00	| Chemiosmotic energy conservation | GO:0015986 is ATP synthesis coupled proton transport | Na⁺-coupled systems require more precise representation. |
research/traits/metabolism/acetogenesis-deep-research-falcon.md	215	CHEBI:16526	carbon dioxide	carbon dioxide	OK_LABEL	1.00	| carbon dioxide | CHEBI:16526 |
research/traits/metabolism/acetogenesis-deep-research-falcon.md	216	CHEBI:17245	carbon monoxide	carbon monoxide	OK_LABEL	1.00	| carbon monoxide | CHEBI:17245 |
research/traits/metabolism/acetogenesis-deep-research-falcon.md	217	CHEBI:18276	dihydrogen	dihydrogen	OK_LABEL	1.00	| dihydrogen | CHEBI:18276 |
research/traits/metabolism/acetogenesis-deep-research-falcon.md	218	CHEBI:15740	formate	formate	OK_LABEL	1.00	| formate | CHEBI:15740 |
research/traits/metabolism/acetogenesis-deep-research-falcon.md	219	CHEBI:30089	acetate	acetate	OK_LABEL	1.00	| acetate | CHEBI:30089 |
research/traits/metabolism/acetogenesis-deep-research-falcon.md	220	CHEBI:15351	acetyl-coa	acetyl-CoA	OK_LABEL	1.00	| acetyl-CoA | CHEBI:15351 |
research/traits/metabolism/acetogenesis-deep-research-falcon.md	221	CHEBI:15346	coenzyme a	coenzyme A	OK_LABEL	1.00	| coenzyme A | CHEBI:15346 |
research/traits/metabolism/acetogenesis-deep-research-falcon.md	222	CHEBI:15422	atp	ATP	OK_LABEL	1.00	| ATP | CHEBI:15422 |
research/traits/metabolism/acetogenesis-deep-research-falcon.md	223	CHEBI:16761	adp	ADP	OK_LABEL	1.00	| ADP | CHEBI:16761 |
research/traits/metabolism/acetogenesis-deep-research-falcon.md	224	CHEBI:20506	tetrahydrofolate	5,6,7,8-tetrahydrofolic acid	OK_LABEL	1.00	| tetrahydrofolate | CHEBI:20506 |
research/traits/metabolism/acetogenesis-deep-research-falcon.md	225	CHEBI:15637	10-formyl-tetrahydrofolate	10-formyltetrahydrofolic acid	DRIFT	1.00	| 10-formyl-tetrahydrofolate | CHEBI:15637 |
research/traits/metabolism/acetogenesis-deep-research-falcon.md	226	CHEBI:1989	5,10-methylene-tetrahydrofolate	(6R)-5,10-methylenetetrahydrofolic acid	DRIFT	1.00	| 5,10-methylene-tetrahydrofolate | CHEBI:1989 |
research/traits/metabolism/acetogenesis-deep-research-falcon.md	227	CHEBI:15641	5-methyl-tetrahydrofolate	5-methyltetrahydrofolic acid	DRIFT	1.00	| 5-methyl-tetrahydrofolate | CHEBI:15641 |
research/traits/metabolism/acetogenesis-deep-research-falcon.md	228	CHEBI:15350	acetyl phosphate	acetyl dihydrogen phosphate	OK_LABEL	1.00	| acetyl phosphate | CHEBI:15350 |
research/traits/metabolism/acetogenesis-deep-research-falcon.md	249	GO:0048038	rnf complex	quinone binding	DRIFT	0.25	| Rnf complex | GO:0048038 is quinone-related and not necessarily appropriate | Use label-only “ferredoxin:NAD⁺ oxidoreductase, ion-translocating” unless a suitable complex ontology term is verified. |
research/traits/metabolism/acetogenesis-deep-research-falcon.md	252	GO:0045259	f-type or v-type atp synthase	proton-transporting ATP synthase complex	DRIFT	0.54	| F-type or V-type ATP synthase | GO:0045259 / complex-specific ontology term | Proton versus sodium coupling is organism-specific. |
research/traits/metabolism/aerobic_respiration-deep-research-falcon.md	211	GO:0009060	aerobic respiration	aerobic respiration	OK_LABEL	1.00	| Aerobic respiration | `METPO:1000801`; `GO:0009060` | Target trait and closely corresponding GO process. Preserve the supplied METPO CURIE verbatim. |
research/traits/metabolism/aerobic_respiration-deep-research-falcon.md	212	GO:0022900	electron transport chain	electron transport chain	OK_LABEL	1.00	| Electron transport chain | `GO:0022900` | General respiratory electron-transfer process. |
research/traits/metabolism/aerobic_respiration-deep-research-falcon.md	213	GO:0006119	oxidative phosphorylation	oxidative phosphorylation	OK_LABEL	1.00	| Oxidative phosphorylation | `GO:0006119` | Energy-conserving coupling of electron transport to ATP synthesis. |
research/traits/metabolism/aerobic_respiration-deep-research-falcon.md	214	GO:0042773	atp synthesis coupled electron transport	ATP synthesis coupled electron transport	OK_LABEL	1.00	| ATP synthesis coupled electron transport | `GO:0042773` | Useful mechanistic process node. |
research/traits/metabolism/aerobic_respiration-deep-research-falcon.md	215	GO:0009055	electron-transfer activity	electron transfer activity	DRIFT	1.00	| Electron-transfer activity | `GO:0009055` | Broad molecular-function node; use specific oxidoreductase terms where possible. |
research/traits/metabolism/aerobic_respiration-deep-research-falcon.md	217	GO:0015986	atp synthesis coupled proton transport	proton motive force-driven ATP synthesis	OK_LABEL	1.00	| ATP synthesis coupled proton transport | `GO:0015986` | Appropriate downstream process. |
research/traits/metabolism/aerobic_respiration-deep-research-falcon.md	223	GO:0008137	nadh dehydrogenase i / complex i	NADH dehydrogenase (ubiquinone) activity	DRIFT	0.66	| NADH dehydrogenase I / complex I | `GO:0008137` | `nuoA–N` | Proton-translocating entry module; not universal. |
research/traits/metabolism/aerobic_respiration-deep-research-falcon.md	226	GO:0000104	succinate dehydrogenase / complex ii	succinate dehydrogenase activity	DRIFT	0.82	| Succinate dehydrogenase / complex II | `GO:0000104` | `sdhABCD` or variants | Donor-entry module linking succinate oxidation to quinone reduction. |
research/traits/metabolism/aerobic_respiration-deep-research-falcon.md	229	GO:0004129	cytochrome-c oxidase activity	cytochrome-c oxidase activity	OK_LABEL	1.00	| Cytochrome-c oxidase activity | `GO:0004129` | aa₃/caa₃ and related HCO genes | Terminal O₂ reductase; family-specific subunits should be taxon grounded. |
research/traits/metabolism/aerobic_respiration-deep-research-falcon.md	230	GO:0008137	cytochrome-o ubiquinol oxidase activity	NADH dehydrogenase (ubiquinone) activity	DRIFT	0.68	| Cytochrome-o ubiquinol oxidase activity | `GO:0008137` is too broad; label-only preferred | `cyoABCDE` | bo₃-type quinol oxidase. |
research/traits/metabolism/aerobic_respiration-deep-research-falcon.md	231	GO:0015002	cytochrome bd ubiquinol oxidase activity	obsolete heme-copper terminal oxidase activity	OBSOLETE	1.00	| Cytochrome bd ubiquinol oxidase activity | `GO:0015002` | `cydAB` plus small subunits such as `cydX/cydH`, or `appCBX` | Direct quinol-to-O₂ route; no pumped protons. |
research/traits/metabolism/aerobic_respiration-deep-research-falcon.md	232	GO:0046933	f₁f₀ atp synthase	proton-transporting ATP synthase activity, rotational mechanism	DRIFT	0.49	| F₁F₀ ATP synthase | `GO:0046933`; `EC:7.1.2.2` | commonly `atpIBEFHAGDC` or variants | Uses PMF for ATP synthesis; operon organization varies. |
research/traits/metabolism/aerobic_respiration-deep-research-falcon.md	233	GO:0098803	respiratory chain complex	respiratory chain complex	OK_LABEL	1.00	| Respiratory chain complex | `GO:0098803` may be considered after ontology verification | — | Do not assign all proteins to a single canonical complex architecture. |
research/traits/metabolism/aerobic_respiration-deep-research-falcon.md	239	CHEBI:15379	dioxygen	dioxygen	OK_LABEL	1.00	| Dioxygen | `CHEBI:15379` | Defining terminal electron acceptor. |
research/traits/metabolism/aerobic_respiration-deep-research-falcon.md	240	CHEBI:15377	water	water	OK_LABEL	1.00	| Water | `CHEBI:15377` | Product of complete four-electron O₂ reduction. |
research/traits/metabolism/aerobic_respiration-deep-research-falcon.md	241	CHEBI:16908	nadh	NADH	OK_LABEL	1.00	| NADH | `CHEBI:16908` should be independently verified before YAML use | Reduced donor to NADH dehydrogenases. |
research/traits/metabolism/aerobic_respiration-deep-research-falcon.md	242	CHEBI:15741	succinate	succinic acid	DRIFT	0.75	| Succinate | `CHEBI:15741` should be independently verified | Donor to succinate dehydrogenase. |
research/traits/metabolism/aerobic_respiration-deep-research-falcon.md	243	CHEBI:16389	ubiquinone / ubiquinol	ubiquinones	OK_LABEL	1.00	| Ubiquinone / ubiquinol | `CHEBI:16389` / `CHEBI:17976` should be independently verified | Membrane electron-carrier couple in many taxa. |
research/traits/metabolism/aerobic_respiration-deep-research-falcon.md	243	CHEBI:17976	ubiquinone / ubiquinol	ubiquinol	OK_LABEL	1.00	| Ubiquinone / ubiquinol | `CHEBI:16389` / `CHEBI:17976` should be independently verified | Membrane electron-carrier couple in many taxa. |
research/traits/metabolism/aerobic_respiration-deep-research-falcon.md	245	CHEBI:15378	proton	hydron	DRIFT	0.50	| Proton | `CHEBI:15378` should be independently verified | Gradient-forming ion. Some prokaryotic chains can use Na⁺-based coupling, so PMF should not be forced universally where data indicate otherwise. |
research/traits/metabolism/aerobic_respiration-deep-research-falcon.md	246	CHEBI:16761	adp	ADP	OK_LABEL	1.00	| ADP | `CHEBI:16761` | ATP-synthase substrate. |
research/traits/metabolism/aerobic_respiration-deep-research-falcon.md	247	CHEBI:43474	phosphate	hydrogenphosphate	OK_LABEL	1.00	| Phosphate | `CHEBI:43474` | ATP-synthase substrate. |
research/traits/metabolism/aerobic_respiration-deep-research-falcon.md	248	CHEBI:15422	atp	ATP	OK_LABEL	1.00	| ATP | `CHEBI:15422` | Energy-conserving product. |
research/traits/metabolism/aerobic_respiration-deep-research-falcon.md	249	CHEBI:17514	cyanide	cyanide	OK_LABEL	1.00	| Cyanide | `CHEBI:17514` should be verified | Inhibitor of many heme–copper oxidases; sensitivity is oxidase- and taxon-dependent. |
research/traits/metabolism/aerobic_respiration-deep-research-falcon.md	250	CHEBI:16480	nitric oxide	nitric oxide	OK_LABEL	1.00	| Nitric oxide | `CHEBI:16480` should be verified | Respiratory-oxidase inhibitor/stressor with reversible effects in some bd enzymes. |
research/traits/metabolism/aerobic_respiration-deep-research-falcon.md	251	CHEBI:16136	hydrogen sulfide	hydrogen sulfide	OK_LABEL	1.00	| Hydrogen sulfide | `CHEBI:16136` should be verified | Inhibitor/stressor; CIO tolerance is conditional. |
research/traits/metabolism/anaerobic_respiration-deep-research-falcon.md	260	GO:0019646	anaerobic electron transport chain	aerobic electron transport chain	OK_LABEL	1.00	"| anaerobic electron transport chain | generates | proton gradient across membrane | subject: GO:0019646; object: label-only | ""electrons from NADH donors are transferred through electron transport chains, with free energy used to drive proton translocation across membranes, generating electrochemical gradients for ATP synthesis"" (bueno2012bacterialadaptationof pages 1-2) | 10.1089/ars.2011.4051 / 2012-04 | broad review; foundational, not trait-specific to one taxon |"
research/traits/metabolism/anaerobic_respiration-deep-research-falcon.md	264	CHEBI:17632	nitrate	nitrate	OK_LABEL	1.00	"| nitrate | stimulates sensing by | NarX/NarL two-component system | subject: CHEBI:17632; object: label-only | ""The Nar two-component system (NarXL and NarPQ) independently senses nitrate and nitrite... with NarX stimulated by nitrate and NarQ by both nitrate and nitrite"" (price2021bacterialapproachesto pages 6-8) | 10.1111/mmi.14795 / 2021-08 | mostly E. coli / enteric paradigm |"
research/traits/metabolism/anaerobic_respiration-deep-research-falcon.md	274	GO:0009061	urocanate	anaerobic respiration	OK_IN_ROW	1.00	"| urocanate | serves as respiratory electron acceptor in | anaerobic respiration | subject: label-only; object: GO:0009061 | ""use formate as an electron donor and urocanate as an organic respiratory electron acceptor"" (little2024dietaryandhostderived pages 3-4) | 10.1038/s41564-023-01560-2 / 2024-11 | gut taxa-specific but experimentally demonstrated |"
research/traits/metabolism/anoxygenic_photosynthesis-deep-research-falcon.md	215	GO:0015979	photosynthesis	photosynthesis	OK_LABEL	1.00	| photosynthesis | `GO:0015979` | Broad parent process; too broad to substitute for the trait. |
research/traits/metabolism/anoxygenic_photosynthesis-deep-research-falcon.md	216	GO:0009767	photosynthetic electron transport	photosynthetic electron transport chain	OK_LABEL	1.00	| photosynthetic electron transport | `GO:0009767` | Broad GO term; annotate reaction-center/taxon context. |
research/traits/metabolism/anoxygenic_photosynthesis-deep-research-falcon.md	217	GO:0009765	light harvesting	photosynthesis, light harvesting	OK_LABEL	1.00	| light harvesting | `GO:0009765` | Antenna-mediated excitation capture. |
research/traits/metabolism/anoxygenic_photosynthesis-deep-research-falcon.md	219	GO:0015986	atp synthesis coupled to proton transport	proton motive force-driven ATP synthesis	DRIFT	0.97	| ATP synthesis coupled to proton transport | `GO:0015986` | Downstream bioenergetic process. |
research/traits/metabolism/anoxygenic_photosynthesis-deep-research-falcon.md	220	GO:0015977	carbon fixation	carbon fixation	OK_LABEL	1.00	| carbon fixation | `GO:0015977` | Optional output, not constitutive of all anoxygenic phototrophy. |
research/traits/metabolism/anoxygenic_photosynthesis-deep-research-falcon.md	223	GO:0019417	sulfur-compound oxidation	sulfur oxidation	DRIFT	0.79	| sulfur-compound oxidation | `GO:0019417` | Donor module, not synonymous with the root trait. |
research/traits/metabolism/anoxygenic_photosynthesis-deep-research-falcon.md	231	ENVO:01001852	light	energy transfer process	DRIFT	0.15	| light | `ENVO:01001852` candidate; validate locally | Required energy input. |
research/traits/metabolism/anoxygenic_photosynthesis-deep-research-falcon.md	232	ENVO:01000179	anoxic environment	desert biome	DRIFT	0.21	| anoxic environment | `ENVO:01000179` | Typical habitat/assay condition for sulfur phototrophs. |
research/traits/metabolism/anoxygenic_photosynthesis-deep-research-falcon.md	234	CHEBI:15379	oxygen	dioxygen	OK_LABEL	1.00	| oxygen | `CHEBI:15379` | Does not arise as product; often represses pigment-system synthesis in anaerobic phototrophs. |
research/traits/metabolism/anoxygenic_photosynthesis-deep-research-falcon.md	242	CHEBI:16136	hydrogen sulfide	hydrogen sulfide	OK_LABEL	1.00	| hydrogen sulfide | `CHEBI:16136` | Major reduced-sulfur electron donor. |
research/traits/metabolism/anoxygenic_photosynthesis-deep-research-falcon.md	243	CHEBI:33403	elemental sulfur	elemental sulfur	OK_LABEL	1.00	| elemental sulfur | `CHEBI:33403` | Intermediate/product of sulfide oxidation. |
research/traits/metabolism/anoxygenic_photosynthesis-deep-research-falcon.md	244	CHEBI:26977	thiosulfate	thiosulfate	OK_LABEL	1.00	| thiosulfate | `CHEBI:26977` | Alternative sulfur donor. |
research/traits/metabolism/anoxygenic_photosynthesis-deep-research-falcon.md	245	CHEBI:16189	sulfate	sulfate	OK_LABEL	1.00	| sulfate | `CHEBI:16189` | Fully oxidized sulfur product. |
research/traits/metabolism/anoxygenic_photosynthesis-deep-research-falcon.md	246	CHEBI:18276	dihydrogen	dihydrogen	OK_LABEL	1.00	| dihydrogen | `CHEBI:18276` | Alternative electron donor. |
research/traits/metabolism/anoxygenic_photosynthesis-deep-research-falcon.md	247	CHEBI:29033	iron(2+)	iron(2+)	OK_LABEL	1.00	| iron(2+) | `CHEBI:29033` | Electron donor in photoferrotrophy. |
research/traits/metabolism/anoxygenic_photosynthesis-deep-research-falcon.md	248	CHEBI:16526	carbon dioxide	carbon dioxide	OK_LABEL	1.00	| carbon dioxide | `CHEBI:16526` | Carbon substrate in photoautotrophy. |
research/traits/metabolism/anoxygenic_photosynthesis-deep-research-falcon.md	249	CHEBI:15422	atp	ATP	OK_LABEL	1.00	| ATP | `CHEBI:15422` | Energy-conservation product. |
research/traits/metabolism/anoxygenic_photosynthesis-deep-research-falcon.md	253	CHEBI:49883	[4fe–4s] cluster	tetra-mu3-sulfido-tetrairon	DRIFT	1.00	| [4Fe–4S] cluster | `CHEBI:49883` candidate; validate | Type I electron acceptor cofactor. |
research/traits/metabolism/anoxygenic_photosynthesis-deep-research-falcon.md	265	GO:0009766	fmo protein	obsolete primary charge separation	OBSOLETE	1.00	| FMO protein | `GO:0009766` may describe primary antenna complex; verify applicability | Transfers chlorosome excitation to the RC in GSB. |
research/traits/metabolism/anoxygenic_photosynthesis-deep-research-falcon.md	266	GO:0046930	chlorosome	pore complex	DRIFT	0.48	| chlorosome | `GO:0046930` candidate; validate | Very large antenna organelle/complex in selected lineages. |
research/traits/metabolism/anoxygenic_photosynthesis-deep-research-falcon.md	273	GO:0005750	cytochrome bc₁ complex	obsolete mitochondrial respiratory chain complex III	OBSOLETE	1.00	| cytochrome bc₁ complex | `GO:0005750` is mitochondrial and unsuitable for bacteria; use label or bacterial complex term | Quinol oxidation and proton translocation in Type II cycling. |
research/traits/metabolism/anoxygenic_photosynthesis-deep-research-falcon.md	274	GO:0016469	f-type atp synthase	proton-transporting two-sector ATPase complex	DRIFT	0.32	| F-type ATP synthase | `GO:0016469` | Uses proton motive force to synthesize ATP. |
research/traits/metabolism/cable_bacteria_metabolism-deep-research-falcon.md	217	CHEBI:16136	hydrogen sulfide	hydrogen sulfide	OK_LABEL	1.00	| Hydrogen sulfide | CHEBI:16136 | Canonical electron donor/substrate. |
research/traits/metabolism/cable_bacteria_metabolism-deep-research-falcon.md	219	CHEBI:15379	oxygen	dioxygen	OK_LABEL	1.00	| Oxygen | CHEBI:15379 | Canonical terminal electron acceptor. |
research/traits/metabolism/cable_bacteria_metabolism-deep-research-falcon.md	220	CHEBI:17632	nitrate	nitrate	OK_LABEL	1.00	| Nitrate | CHEBI:17632 | Alternative acceptor in supported taxa/conditions. |
research/traits/metabolism/cable_bacteria_metabolism-deep-research-falcon.md	221	CHEBI:16301	nitrite	nitrite	OK_LABEL	1.00	| Nitrite | CHEBI:16301 | Candidate DNRA intermediate. |
research/traits/metabolism/cable_bacteria_metabolism-deep-research-falcon.md	222	CHEBI:28938	ammonium	ammonium	OK_LABEL	1.00	| Ammonium | CHEBI:28938 | Candidate nitrate-reduction product. |
research/traits/metabolism/cable_bacteria_metabolism-deep-research-falcon.md	223	CHEBI:16189	sulfate	sulfate	OK_LABEL	1.00	| Sulfate | CHEBI:16189 | Net oxidized sulfur product. |
research/traits/metabolism/cable_bacteria_metabolism-deep-research-falcon.md	224	CHEBI:33403	elemental sulfur	elemental sulfur	OK_LABEL	1.00	| Elemental sulfur | CHEBI:33403 | Taxon/assay-specific donor or disproportionation substrate. |
research/traits/metabolism/cable_bacteria_metabolism-deep-research-falcon.md	225	CHEBI:26977	thiosulfate	thiosulfate	OK_LABEL	1.00	| Thiosulfate | CHEBI:26977 | Taxon/assay-specific sulfur substrate. |
research/traits/metabolism/cable_bacteria_metabolism-deep-research-falcon.md	226	CHEBI:16526	carbon dioxide	carbon dioxide	OK_LABEL	1.00	| Carbon dioxide | CHEBI:16526 | Candidate autotrophic carbon source. |
research/traits/metabolism/cable_bacteria_metabolism-deep-research-falcon.md	228	CHEBI:10545	electron	electron	OK_LABEL	1.00	| Electron | CHEBI:10545 | Transported entity. |
research/traits/metabolism/carbon_fixation-deep-research-falcon.md	215	GO:0015977	carbon fixation	carbon fixation	OK_LABEL	1.00	| carbon fixation | **traitmech:000019**; GO:0015977 | Root trait/process; preserve supplied CURIE verbatim. |
research/traits/metabolism/carbon_fixation-deep-research-falcon.md	218	GO:0009853	photorespiration	photorespiration	OK_LABEL	1.00	| photorespiration | GO:0009853 | Competing/consequent process caused by Rubisco oxygenation. |
research/traits/metabolism/carbon_fixation-deep-research-falcon.md	238	GO:0016984	rbcl, rbcs; rubisco	ribulose-bisphosphate carboxylase activity	DRIFT	0.47	| `rbcL`, `rbcS`; Rubisco | EC:4.1.1.39; GO:0016984 | RuBP carboxylation; key CBB enzyme. |
research/traits/metabolism/carbon_fixation-deep-research-falcon.md	248	GO:0004089	carbonic anhydrase	carbonate dehydratase activity	OK_LABEL	1.00	| carbonic anhydrase | GO:0004089; EC:4.2.1.1 | Interconverts CO2 and bicarbonate; carboxysomal forms supply CO2 to Rubisco. |
research/traits/metabolism/carbon_fixation-deep-research-falcon.md	266	CHEBI:16526	carbon dioxide	carbon dioxide	OK_LABEL	1.00	| carbon dioxide | CHEBI:16526 | Inorganic-carbon substrate. |
research/traits/metabolism/carbon_fixation-deep-research-falcon.md	267	CHEBI:17544	bicarbonate	hydrogencarbonate	OK_LABEL	1.00	| bicarbonate | CHEBI:17544 | Transported inorganic-carbon substrate; favored at alkaline pH. |
research/traits/metabolism/carbon_fixation-deep-research-falcon.md	268	CHEBI:15379	oxygen	dioxygen	OK_LABEL	1.00	| oxygen | CHEBI:15379 | Competes at Rubisco and inhibits oxygen-sensitive anaerobic enzymes. |
research/traits/metabolism/cellulolysis-deep-research-codex.md	70	CHEBI:17234	[chebi:17234](https://www.ebi.ac.uk/chebi/chebi:17234)	glucose	OK_IN_ROW	1.00	| [`CHEBI:17234`](https://www.ebi.ac.uk/chebi/CHEBI:17234) | `glucose` | **Correct.** The graph's label and chemical semantics match. |
research/traits/metabolism/cellulolysis-deep-research-codex.md	71	CHEBI:18246	[chebi:18246](https://www.ebi.ac.uk/chebi/searchid.do?chebiid=18246)	(1->4)-beta-D-glucan	OK_IN_ROW	1.00	| [`CHEBI:18246`](https://www.ebi.ac.uk/chebi/searchId.do?chebiId=18246) | `(1→4)-beta-D-glucan`; `cellulose` is a synonym | **Resolvable and semantically acceptable, but not an exact label match.** Either relabel the node with the primary ChEBI label and retain “cellulose” as display text, or document the synonym use. It represents the polymer, not specifically crystalline cellulose. |
research/traits/metabolism/cellulolysis-deep-research-codex.md	72	GO:0008422	[go:0008422](https://www.ebi.ac.uk/quickgo/term/go:0008422)	beta-glucosidase activity	OK_IN_ROW	1.00	| [`GO:0008422`](https://www.ebi.ac.uk/QuickGO/term/GO:0008422) | `beta-glucosidase activity`, molecular function | **Correct and live.** It grounds an activity, so a `MOLECULAR_FUNCTION` node would be semantically cleaner than a generic protein node. It is broader than cellobiose-only activity. |
research/traits/metabolism/cellulolysis-deep-research-codex.md	73	GO:0043263	[go:0043263](https://www.ebi.ac.uk/quickgo/term/go:0043263)	cellulosome	OK_IN_ROW	1.00	| [`GO:0043263`](https://www.ebi.ac.uk/QuickGO/term/GO:0043263) | `cellulosome`, cellular component; an extracellular multi-enzyme complex | **Correct and live.** The grounding is appropriate for a taxon-agnostic complex; the local `node_type`, not the GO term, is wrong. |
research/traits/metabolism/cellulolysis-deep-research-codex.md	74	RO:0002327	[ro:0002327](https://www.ebi.ac.uk/ols4/ontologies/ro/classes/http%253a%252f%252fpurl.obolibrary.org%252fobo%252fro0002327)		UNKNOWN_PREFIX	0.00	| [`RO:0002327`](https://www.ebi.ac.uk/ols4/ontologies/ro/classes/http%253A%252F%252Fpurl.obolibrary.org%252Fobo%252FRO_0002327) | `enables` | **Correct and live.** Direction is bearer/gene product → function or process enabled. The current subject, an aggregate “cellulase systems,” makes the assertion less precise than the predicate. |
research/traits/metabolism/cellulolysis-deep-research-codex.md	87	GO:0008810	cellulase (“cellulase systems”)	cellulase activity	OK_IN_ROW	1.00	| `cellulase` (“cellulase systems”) | `GENE_OR_PROTEIN`; label-only | **Partly supported, under-specified.** Cellulase systems are coordinated mixtures or complexes, not one gene/protein. Lynd et al. explicitly distinguish noncomplexed and cellulosomal systems ([DOI](https://doi.org/10.1128/MMBR.66.3.506-577.2002)). | Prefer `cellulase activity` as `MOLECULAR_FUNCTION`, `GO:0008810`, or retain a label-only “cellulase system” only as a high-level grouping node. Do not ground it to one accession. |
research/traits/metabolism/cellulolysis-deep-research-codex.md	88	CHEBI:17234	glucose	glucose	OK_LABEL	1.00	| `glucose` | `CHEMICAL`; `CHEBI:17234` | **Correct entity.** It is one possible soluble product and a downstream hydrolytic product, but not the universal extracellular intermediate. | Keep, with branch-specific edges. |
research/traits/metabolism/cellulolysis-deep-research-codex.md	89	CHEBI:18246	cellulose	(1->4)-beta-D-glucan	OK_LABEL	1.00	| `cellulose` | `CHEMICAL`; `CHEBI:18246` | **Semantically correct with a label caveat.** The CURIE's primary label is `(1→4)-beta-D-glucan`. It does not encode crystallinity. | Keep and document synonym; add distinct amorphous/crystalline nodes only where needed. |
research/traits/metabolism/cellulolysis-deep-research-codex.md	90	GO:0008810	endoglucanase	cellulase activity	OK_LABEL	1.00	| `endoglucanase` | `GENE_OR_PROTEIN`; label-only | **Supported but type/grounding mix function and bearer.** Endoglucanases cleave internal cellulose-chain bonds, especially accessible/noncrystalline regions. | Prefer `MOLECULAR_FUNCTION` + [`GO:0008810`](https://www.ebi.ac.uk/QuickGO/term/GO:0008810) (`cellulase activity`; EC 3.2.1.4) if the node denotes activity. Keep label-only only if it denotes the protein class. |
research/traits/metabolism/cellulolysis-deep-research-codex.md	92	GO:0008422	betaglucosidase	beta-glucosidase activity	DRIFT	0.79	| `beta_glucosidase` | `GENE_OR_PROTEIN`; `GO:0008422` | **Claim supported; semantic typing is mixed.** GO grounds the molecular activity, not a protein family. Beta-glucosidases can accept substrates other than cellobiose, so the cellobiose edge is narrower than the GO term. | Change node type to `MOLECULAR_FUNCTION`, or split activity from enzyme bearer. Keep GO term. Add EC 3.2.1.21 as xref after prefix support. |
research/traits/metabolism/cellulolysis-deep-research-codex.md	93	CHEBI:17057	cellobiose	cellobiose	OK_LABEL	1.00	| `cellobiose` | `CHEMICAL`; label-only | **Correct and central, but ungrounded.** Cellobiose is a frequent product/intermediate and inhibitor. It is not the only cellodextrin. | Ground to `CHEBI:17057`; add a broader label-only `cellodextrin` node. |
research/traits/metabolism/cellulolysis-deep-research-codex.md	94	GO:0043263	cellulosome	cellulosome	OK_LABEL	1.00	| `cellulosome` | `CELLULAR_LOCALIZATION`; `GO:0043263` | **Type is wrong.** A cellulosome is an extracellular multi-enzyme macromolecular complex, not a location. The GO CC grounding is correct under the policy for complexes. | Change to `GENE_OR_PROTEIN`; keep `GO:0043263`. |
research/traits/metabolism/cellulolysis-deep-research-codex.md	105	RO:0002327	1		UNKNOWN_PREFIX	0.00	| 1 | `cellulase systems —enables→ cellulolysis` (`RO:0002327`) | **Directionally supported, but underspecified.** | Lynd et al. support coordinated cellulase systems as the machinery for cellulose utilization ([DOI](https://doi.org/10.1128/MMBR.66.3.506-577.2002); PMID [12209002](https://pubmed.ncbi.nlm.nih.gov/12209002/)). The edge is acceptable as a summary edge if `cellulase systems` remains a system-level label. For tighter RO semantics, use concrete cellulase protein/activity nodes. The description “hydrolyze extracellularly” is not universal: cell-surface hydrolysis and intracellular fate matter. |
research/traits/metabolism/cellulolysis-deep-research-codex.md	215	CHEBI:62967	amorphouscellulose	amorphous cellulose	DRIFT	1.00	| `amorphous_cellulose` | `CHEMICAL` | `CHEBI:62967` |
research/traits/metabolism/cellulolysis-deep-research-codex.md	216	CHEBI:62968	crystallinecellulose	crystalline cellulose	DRIFT	1.00	| `crystalline_cellulose` | `CHEMICAL` | `CHEBI:62968` appears in the official ChEBI hierarchy; re-resolve directly before commit |
research/traits/metabolism/cellulolysis-deep-research-codex.md	246	GO:0005737	cytoplasm	cytoplasm	OK_LABEL	1.00	| `cytoplasm` | `CELLULAR_LOCALIZATION` | `GO:0005737` |
research/traits/metabolism/cellulolysis-deep-research-codex.md	305	GO:0008810	endoglucanaseactivity	cellulase activity	DRIFT	1.00	| `endoglucanase_activity` | `MOLECULAR_FUNCTION` | `GO:0008810`; pending xref `EC:3.2.1.4` |
research/traits/metabolism/cellulolysis-deep-research-codex.md	306	GO:0016162	nonreducingendcellobiohydrolaseactivity	cellulose 1,4-beta-cellobiosidase activity	DRIFT	0.78	| `nonreducing_end_cellobiohydrolase_activity` | `MOLECULAR_FUNCTION` | pending `EC:3.2.1.91`; GO candidate `GO:0016162` should be curator-reviewed for exact end semantics |
research/traits/metabolism/cellulolysis-deep-research-codex.md	308	GO:0008422	betaglucosidaseactivity	beta-glucosidase activity	DRIFT	1.00	| `beta_glucosidase_activity` | `MOLECULAR_FUNCTION` | `GO:0008422`; pending xref `EC:3.2.1.21` |
research/traits/metabolism/cellulolysis-deep-research-codex.md	447	GO:0006096	glycolysis	glycolytic process	OK_LABEL	1.00	| `glycolysis` | `PATHWAY` | `GO:0006096` |
research/traits/metabolism/cellulolysis-deep-research-codex.md	478	GO:0043263	cellulosomalcellulasesystem	cellulosome	DRIFT	0.58	| `cellulosomal_cellulase_system` | `GENE_OR_PROTEIN` | `GO:0043263` applies to the complex, not the strategy as a whole |
research/traits/metabolism/cellulolysis-deep-research-falcon.md	266	CHEBI:17057	cellobiohydrolase/exoglucanase	cellobiose	OK_IN_ROW	1.00	| Cellobiohydrolase/exoglucanase | releases | cellobiose and/or glucose from cellulose chain ends | EC 3.2.1.91; CHEBI:17057 cellobiose; CHEBI:17234 glucose | Strong, broad mechanism; product ratio taxon/enzyme dependent (schiml2024microbialconsortiadriving pages 13-14, bautistacruz2024cellulolyticaerobicbacteria pages 5-6) |
research/traits/metabolism/cellulolysis-deep-research-falcon.md	266	CHEBI:17234	cellobiohydrolase/exoglucanase	glucose	OK_IN_ROW	1.00	| Cellobiohydrolase/exoglucanase | releases | cellobiose and/or glucose from cellulose chain ends | EC 3.2.1.91; CHEBI:17057 cellobiose; CHEBI:17234 glucose | Strong, broad mechanism; product ratio taxon/enzyme dependent (schiml2024microbialconsortiadriving pages 13-14, bautistacruz2024cellulolyticaerobicbacteria pages 5-6) |
research/traits/metabolism/cellulolysis-deep-research-falcon.md	267	CHEBI:17057	β-glucosidase	cellobiose	OK_IN_ROW	1.00	| β-Glucosidase | hydrolyzes | cellobiose to glucose | EC 3.2.1.21; CHEBI:17057 cellobiose; CHEBI:17234 glucose | Strong, broad mechanism (schiml2024microbialconsortiadriving pages 13-14, bautistacruz2024cellulolyticaerobicbacteria pages 5-6) |
research/traits/metabolism/cellulolysis-deep-research-falcon.md	267	CHEBI:17234	β-glucosidase	glucose	OK_IN_ROW	1.00	| β-Glucosidase | hydrolyzes | cellobiose to glucose | EC 3.2.1.21; CHEBI:17057 cellobiose; CHEBI:17234 glucose | Strong, broad mechanism (schiml2024microbialconsortiadriving pages 13-14, bautistacruz2024cellulolyticaerobicbacteria pages 5-6) |
research/traits/metabolism/cellulolysis-deep-research-falcon.md	271	GO:0008810	enzyme colocalization in cellulosomes	cellulase activity	OK_IN_ROW	1.00	| Enzyme colocalization in cellulosomes | increases | cellulolytic synergy/efficiency | synergy [label]; GO:0008810 cellulase activity | Moderate-strong; architecture-specific (hsin2024lignocellulosedegradationin pages 11-15, minor2024agenomicanalysis pages 2-3) |
research/traits/metabolism/cellulolysis-deep-research-falcon.md	273	CHEBI:28694	reductant (e.g., ascorbate/cellobiose dehydrogenase)	copper atom	OK_IN_ROW	1.00	| Reductant (e.g., ascorbate/cellobiose dehydrogenase) | reduces | LPMO copper active site | reductant [label]; CHEBI:28694 copper atom | Strong mechanism; exact donor varies by system (bissaro2023lyticpolysaccharidemonooxygenases pages 2-4, bissaro2023lyticpolysaccharidemonooxygenases pages 1-2) |
research/traits/metabolism/cellulolysis-deep-research-falcon.md	274	CHEBI:16240	hydrogen peroxide	hydrogen peroxide	OK_LABEL	1.00	| Hydrogen peroxide | fuels | LPMO catalysis | CHEBI:16240 hydrogen peroxide; LPMO [label] | Strong but mechanistically still debated against O2 in some contexts (bissaro2023lyticpolysaccharidemonooxygenases pages 2-4, bissaro2018oxidoreductasesandreactive pages 6-8) |
research/traits/metabolism/cellulolysis-deep-research-falcon.md	275	CHEBI:16240	excess hydrogen peroxide	hydrogen peroxide	OK_LABEL	1.00	| Excess hydrogen peroxide | inhibits/damages | LPMO | CHEBI:16240 hydrogen peroxide; LPMO [label] | Strong; causes oxidative inactivation (bissaro2023lyticpolysaccharidemonooxygenases pages 4-6, bissaro2023lyticpolysaccharidemonooxygenases pages 6-7) |
research/traits/metabolism/cellulolysis-deep-research-falcon.md	278	CHEBI:17057	gh94 phosphorylase	cellobiose	OK_IN_ROW	1.00	| GH94 phosphorylase | phosphorolyzes | cellodextrins/cellobiose | GH94 phosphorylase [label]; CHEBI:17057 cellobiose | Moderate-strong; especially supported in anaerobic cellulolytic bacteria (schiml2024microbialconsortiadriving pages 13-14, cerisy2019abctransportersrequired pages 9-10) |
research/traits/metabolism/cellulolysis-deep-research-falcon.md	280	CHEBI:17234	glucose/cre1	glucose	OK_LABEL	1.00	| Glucose/CRE1 | represses | cellulase expression | CHEBI:17234 glucose; CRE1 [label] | Strong but fungal-specific carbon catabolite repression (nogueira2024proteomeprofilingof pages 1-2, paula2018newgenomicapproaches pages 3-4) |
research/traits/metabolism/chitinolysis-deep-research-falcon.md	218	CHEBI:17029	chitin	chitin	OK_LABEL	1.00	| Chitin | `CHEBI:17029` | Primary insoluble β-1,4-linked GlcNAc substrate; verify ontology label/version during ingestion. |
research/traits/metabolism/chitinolysis-deep-research-falcon.md	220	CHEBI:28671	n,n′-diacetylchitobiose	cuminaldehyde	DRIFT	0.30	| N,N′-diacetylchitobiose | `CHEBI:28671` | Major dimeric hydrolysis product; verify identifier before release. |
research/traits/metabolism/chitinolysis-deep-research-falcon.md	221	CHEBI:506227	n-acetyl-d-glucosamine (glcnac)	N-acetyl-D-glucosamine	OK_LABEL	1.00	| N-acetyl-D-glucosamine (GlcNAc) | `CHEBI:506227` | Monomer and regulatory signal; verify exact stereochemical CHEBI record. |
research/traits/metabolism/chitinolysis-deep-research-falcon.md	224	CHEBI:15946	d-fructose 6-phosphate	keto-D-fructose 6-phosphate	OK_LABEL	1.00	| D-fructose 6-phosphate | `CHEBI:15946` | Entry point into central carbon metabolism. |
research/traits/metabolism/chitinolysis-deep-research-falcon.md	226	CHEBI:16261	chitosan	chitosan	OK_LABEL	1.00	| Chitosan | `CHEBI:16261` | Boundary substrate; degradation alone should not establish `traitmech:000112`. |
research/traits/metabolism/chitinolysis-deep-research-falcon.md	227	CHEBI:17234	glucose	glucose	OK_LABEL	1.00	| Glucose | `CHEBI:17234` | Preferred carbon source implicated in catabolite repression. |
research/traits/metabolism/chitinolysis-deep-research-falcon.md	235	GO:0004568	chitinase	chitinase activity	OK_LABEL	1.00	| Chitinase | `EC:3.2.1.14`; `GO:0004568` | Hydrolyzes β-1,4 linkages in chitin. GH18/GH19 membership is informative but not equivalent to proven extracellular polymer activity. |
research/traits/metabolism/chitinolysis-deep-research-falcon.md	238	GO:0004563	β-n-acetylhexosaminidase / chitobiase ctb or nagz	beta-N-acetylhexosaminidase activity	DRIFT	0.70	| β-N-acetylhexosaminidase / chitobiase Ctb or NagZ | `EC:3.2.1.52`; `GO:0004563` | Converts short oligomers/chitobiose to GlcNAc; homolog identity and localization vary. |
research/traits/metabolism/dissimilatory_nitrate_reduction_to_ammonium-deep-research-falcon.md	250	CHEBI:17632	nitrate	nitrate	OK_LABEL	1.00	| nitrate | `CHEBI:17632` | Initial electron acceptor |
research/traits/metabolism/dissimilatory_nitrate_reduction_to_ammonium-deep-research-falcon.md	251	CHEBI:16301	nitrite	nitrite	OK_LABEL	1.00	| nitrite | `CHEBI:16301` | Free intermediate and possible toxic/stress signal |
research/traits/metabolism/dissimilatory_nitrate_reduction_to_ammonium-deep-research-falcon.md	252	CHEBI:28938	ammonium	ammonium	OK_LABEL	1.00	| ammonium | `CHEBI:28938` | Predominant product at physiological pH |
research/traits/metabolism/dissimilatory_nitrate_reduction_to_ammonium-deep-research-falcon.md	253	CHEBI:16134	ammonia	ammonia	OK_LABEL	1.00	| ammonia | `CHEBI:16134` | Uncharged conjugate/product terminology used by enzyme literature |
research/traits/metabolism/dissimilatory_nitrate_reduction_to_ammonium-deep-research-falcon.md	254	CHEBI:16480	nitric oxide	nitric oxide	OK_LABEL	1.00	| nitric oxide | `CHEBI:16480` | Side-path intermediate and nitrosative stressor |
research/traits/metabolism/dissimilatory_nitrate_reduction_to_ammonium-deep-research-falcon.md	255	CHEBI:17045	nitrous oxide	dinitrogen oxide	OK_LABEL	1.00	| nitrous oxide | `CHEBI:17045` | Denitrification/side-path product |
research/traits/metabolism/dissimilatory_nitrate_reduction_to_ammonium-deep-research-falcon.md	256	CHEBI:17997	dinitrogen	dinitrogen	OK_LABEL	1.00	| dinitrogen | `CHEBI:17997` | Denitrification endpoint |
research/traits/metabolism/dissimilatory_nitrate_reduction_to_ammonium-deep-research-falcon.md	257	CHEBI:15429	hydroxylamine	hydroxylamine	OK_LABEL	1.00	| hydroxylamine | `CHEBI:15429` | Proposed or assay-tested intermediate; not universal |
research/traits/metabolism/dissimilatory_nitrate_reduction_to_ammonium-deep-research-falcon.md	258	CHEBI:30089	acetate	acetate	OK_LABEL	1.00	| acetate | `CHEBI:30089` | Demonstrated organic electron donor in *T. ammonificans* |
research/traits/metabolism/dissimilatory_nitrate_reduction_to_ammonium-deep-research-falcon.md	259	CHEBI:17754	glycerol	glycerol	OK_LABEL	1.00	| glycerol | `CHEBI:17754` | Electron donor in *A. acetoxydans* experiments |
research/traits/metabolism/dissimilatory_nitrate_reduction_to_ammonium-deep-research-falcon.md	260	CHEBI:18276	dihydrogen	dihydrogen	OK_LABEL	1.00	| dihydrogen | `CHEBI:18276` | Supplemental inorganic electron donor in *T. ammonificans* |
research/traits/metabolism/ethanol_fermentation-deep-research-falcon.md	198	GO:0006096	glycolysis	glycolytic process	OK_LABEL	1.00	| glycolysis | `GO:0006096` | Upstream module in yeast; produces pyruvate, NADH, and ATP. |
research/traits/metabolism/ethanol_fermentation-deep-research-falcon.md	201	GO:0042777	substrate-level phosphorylation	proton motive force-driven plasma membrane ATP synthesis	DRIFT	0.32	| substrate-level phosphorylation | `GO:0042777` | ATP is generated in glycolysis, not by the two terminal ethanol reactions. |
research/traits/metabolism/ethanol_fermentation-deep-research-falcon.md	202	GO:0045333	cellular respiration	cellular respiration	OK_LABEL	1.00	| cellular respiration | `GO:0045333` | Competing process; oxygen availability and glucose repression affect partitioning. |
research/traits/metabolism/ethanol_fermentation-deep-research-falcon.md	203	GO:0006099	tca cycle	tricarboxylic acid cycle	OK_LABEL	1.00	| TCA cycle | `GO:0006099` | Competing respiratory carbon route. |
research/traits/metabolism/fermentation-deep-research-falcon.md	267	GO:0006096	glycolysis	glycolytic process	OK_LABEL	1.00	| Glycolysis | produces | pyruvate + ATP + NADH | GO:0006096; CHEBI:15361 pyruvate; CHEBI:15422 ATP; CHEBI:57945 NADH | 10.5376/be.2024.14.0025 — “Glycolysis (EMP pathway) converts glucose to two pyruvate molecules with net gain of 2 ATP and 2 NADH” (yan2024thebiochemicalbasis pages 1-2) | Moderate; ethanol-focused review but canonical biochemistry |
research/traits/metabolism/fermentation-deep-research-falcon.md	267	CHEBI:15361	glycolysis	pyruvate	OK_IN_ROW	1.00	| Glycolysis | produces | pyruvate + ATP + NADH | GO:0006096; CHEBI:15361 pyruvate; CHEBI:15422 ATP; CHEBI:57945 NADH | 10.5376/be.2024.14.0025 — “Glycolysis (EMP pathway) converts glucose to two pyruvate molecules with net gain of 2 ATP and 2 NADH” (yan2024thebiochemicalbasis pages 1-2) | Moderate; ethanol-focused review but canonical biochemistry |
research/traits/metabolism/fermentation-deep-research-falcon.md	267	CHEBI:15422	glycolysis	ATP	OK_IN_ROW	1.00	| Glycolysis | produces | pyruvate + ATP + NADH | GO:0006096; CHEBI:15361 pyruvate; CHEBI:15422 ATP; CHEBI:57945 NADH | 10.5376/be.2024.14.0025 — “Glycolysis (EMP pathway) converts glucose to two pyruvate molecules with net gain of 2 ATP and 2 NADH” (yan2024thebiochemicalbasis pages 1-2) | Moderate; ethanol-focused review but canonical biochemistry |
research/traits/metabolism/fermentation-deep-research-falcon.md	267	CHEBI:57945	glycolysis	NADH(2-)	OK_IN_ROW	1.00	| Glycolysis | produces | pyruvate + ATP + NADH | GO:0006096; CHEBI:15361 pyruvate; CHEBI:15422 ATP; CHEBI:57945 NADH | 10.5376/be.2024.14.0025 — “Glycolysis (EMP pathway) converts glucose to two pyruvate molecules with net gain of 2 ATP and 2 NADH” (yan2024thebiochemicalbasis pages 1-2) | Moderate; ethanol-focused review but canonical biochemistry |
research/traits/metabolism/fermentation-deep-research-falcon.md	268	CHEBI:15361	pyruvate	pyruvate	OK_LABEL	1.00	| Pyruvate | is electron source for reduced fermentation end products | ethanol, lactate, VFAs, H2 | CHEBI:15361 pyruvate; CHEBI:16236 ethanol; CHEBI:24996 lactate; CHEBI:16240 hydrogen | 10.2166/9781789062304_0009 — “electrons are relocated from pyruvate to end up in organic compounds such as ethanol, lactate, and VFAs, as well as dihydrogen” (weissbrodt2023basicmicrobiologyand pages 16-18) | High; general fermentation summary |
research/traits/metabolism/fermentation-deep-research-falcon.md	268	CHEBI:16236	pyruvate	ethanol	OK_IN_ROW	1.00	| Pyruvate | is electron source for reduced fermentation end products | ethanol, lactate, VFAs, H2 | CHEBI:15361 pyruvate; CHEBI:16236 ethanol; CHEBI:24996 lactate; CHEBI:16240 hydrogen | 10.2166/9781789062304_0009 — “electrons are relocated from pyruvate to end up in organic compounds such as ethanol, lactate, and VFAs, as well as dihydrogen” (weissbrodt2023basicmicrobiologyand pages 16-18) | High; general fermentation summary |
research/traits/metabolism/fermentation-deep-research-falcon.md	268	CHEBI:24996	pyruvate	lactate	OK_IN_ROW	1.00	| Pyruvate | is electron source for reduced fermentation end products | ethanol, lactate, VFAs, H2 | CHEBI:15361 pyruvate; CHEBI:16236 ethanol; CHEBI:24996 lactate; CHEBI:16240 hydrogen | 10.2166/9781789062304_0009 — “electrons are relocated from pyruvate to end up in organic compounds such as ethanol, lactate, and VFAs, as well as dihydrogen” (weissbrodt2023basicmicrobiologyand pages 16-18) | High; general fermentation summary |
research/traits/metabolism/fermentation-deep-research-falcon.md	268	CHEBI:16240	pyruvate	hydrogen peroxide	DRIFT	0.35	| Pyruvate | is electron source for reduced fermentation end products | ethanol, lactate, VFAs, H2 | CHEBI:15361 pyruvate; CHEBI:16236 ethanol; CHEBI:24996 lactate; CHEBI:16240 hydrogen | 10.2166/9781789062304_0009 — “electrons are relocated from pyruvate to end up in organic compounds such as ethanol, lactate, and VFAs, as well as dihydrogen” (weissbrodt2023basicmicrobiologyand pages 16-18) | High; general fermentation summary |
research/traits/metabolism/fermentation-deep-research-falcon.md	269	CHEBI:57945	nadh reoxidation	NADH(2-)	OK_LABEL	1.00	| NADH reoxidation | regenerates | NAD+ | CHEBI:57945 NADH; CHEBI:57540 NAD+ | 10.1017/gmb.2022.3 — “the reduced NADH needs to be regenerated” (louis2022microbiallactateutilisation pages 4-6) | High; general redox balancing principle |
research/traits/metabolism/fermentation-deep-research-falcon.md	269	CHEBI:57540	nadh reoxidation	NAD(1-)	DRIFT	0.61	| NADH reoxidation | regenerates | NAD+ | CHEBI:57945 NADH; CHEBI:57540 NAD+ | 10.1017/gmb.2022.3 — “the reduced NADH needs to be regenerated” (louis2022microbiallactateutilisation pages 4-6) | High; general redox balancing principle |
research/traits/metabolism/fermentation-deep-research-falcon.md	270	CHEBI:15361	lactate dehydrogenase (ldh)	pyruvate	OK_IN_ROW	1.00	| Lactate dehydrogenase (LDH) | redirects carbon flux from pyruvate to | lactate | EC:1.1.1.27; CHEBI:15361 pyruvate; CHEBI:24996 lactate | 10.1128/spectrum.02277-22 — “introduce heterologous lactate dehydrogenase (LDH) genes to redirect carbon flux from pyruvate to LA” (zhu2022metabolicengineeringand pages 1-2) | High; strong but based on engineered yeast context |
research/traits/metabolism/fermentation-deep-research-falcon.md	270	CHEBI:24996	lactate dehydrogenase (ldh)	lactate	OK_LABEL	1.00	| Lactate dehydrogenase (LDH) | redirects carbon flux from pyruvate to | lactate | EC:1.1.1.27; CHEBI:15361 pyruvate; CHEBI:24996 lactate | 10.1128/spectrum.02277-22 — “introduce heterologous lactate dehydrogenase (LDH) genes to redirect carbon flux from pyruvate to LA” (zhu2022metabolicengineeringand pages 1-2) | High; strong but based on engineered yeast context |
research/traits/metabolism/fermentation-deep-research-falcon.md	271	CHEBI:15361	pyruvate decarboxylase (pdc)	pyruvate	OK_LABEL	1.00	| Pyruvate decarboxylase (PDC) | converts | pyruvate to acetaldehyde + CO2 | EC:4.1.1.1; CHEBI:15361 pyruvate; CHEBI:15343 acetaldehyde; CHEBI:16526 CO2 | 10.46991/PYSU:B/2023.57.2.141 — “pyruvate decarboxylase conversion to carbon dioxide and acetaldehyde” (shirvanyan2023evaluationofethanol pages 1-3) | High; canonical yeast ethanol branch |
research/traits/metabolism/fermentation-deep-research-falcon.md	271	CHEBI:15343	pyruvate decarboxylase (pdc)	acetaldehyde	OK_IN_ROW	1.00	| Pyruvate decarboxylase (PDC) | converts | pyruvate to acetaldehyde + CO2 | EC:4.1.1.1; CHEBI:15361 pyruvate; CHEBI:15343 acetaldehyde; CHEBI:16526 CO2 | 10.46991/PYSU:B/2023.57.2.141 — “pyruvate decarboxylase conversion to carbon dioxide and acetaldehyde” (shirvanyan2023evaluationofethanol pages 1-3) | High; canonical yeast ethanol branch |
research/traits/metabolism/fermentation-deep-research-falcon.md	271	CHEBI:16526	pyruvate decarboxylase (pdc)	carbon dioxide	OK_IN_ROW	1.00	| Pyruvate decarboxylase (PDC) | converts | pyruvate to acetaldehyde + CO2 | EC:4.1.1.1; CHEBI:15361 pyruvate; CHEBI:15343 acetaldehyde; CHEBI:16526 CO2 | 10.46991/PYSU:B/2023.57.2.141 — “pyruvate decarboxylase conversion to carbon dioxide and acetaldehyde” (shirvanyan2023evaluationofethanol pages 1-3) | High; canonical yeast ethanol branch |
research/traits/metabolism/fermentation-deep-research-falcon.md	272	CHEBI:15343	alcohol dehydrogenase (adh)	acetaldehyde	OK_IN_ROW	1.00	| Alcohol dehydrogenase (ADH) | reduces | acetaldehyde to ethanol | EC:1.1.1.1; CHEBI:15343 acetaldehyde; CHEBI:16236 ethanol | 10.46991/PYSU:B/2023.57.2.141 — “which is then reduced to ethanol by alcohol dehydrogenase” (shirvanyan2023evaluationofethanol pages 1-3) | High; canonical yeast ethanol branch |
research/traits/metabolism/fermentation-deep-research-falcon.md	272	CHEBI:16236	alcohol dehydrogenase (adh)	ethanol	OK_LABEL	1.00	| Alcohol dehydrogenase (ADH) | reduces | acetaldehyde to ethanol | EC:1.1.1.1; CHEBI:15343 acetaldehyde; CHEBI:16236 ethanol | 10.46991/PYSU:B/2023.57.2.141 — “which is then reduced to ethanol by alcohol dehydrogenase” (shirvanyan2023evaluationofethanol pages 1-3) | High; canonical yeast ethanol branch |
research/traits/metabolism/fermentation-deep-research-falcon.md	273	CHEBI:57945	ethanol branch (adh step)	NADH(2-)	OK_IN_ROW	1.00	| Ethanol branch (ADH step) | regenerates | NAD+ from NADH | CHEBI:57945 NADH; CHEBI:57540 NAD+ | 10.46991/PYSU:B/2023.57.2.141 — “reduced to ethanol by alcohol dehydrogenase while simultaneously releasing NAD+” (shirvanyan2023evaluationofethanol pages 1-3) | High; yeast-specific wording but general ethanol-branch logic |
research/traits/metabolism/fermentation-deep-research-falcon.md	273	CHEBI:57540	ethanol branch (adh step)	NAD(1-)	DRIFT	0.29	| Ethanol branch (ADH step) | regenerates | NAD+ from NADH | CHEBI:57945 NADH; CHEBI:57540 NAD+ | 10.46991/PYSU:B/2023.57.2.141 — “reduced to ethanol by alcohol dehydrogenase while simultaneously releasing NAD+” (shirvanyan2023evaluationofethanol pages 1-3) | High; yeast-specific wording but general ethanol-branch logic |
research/traits/metabolism/fermentation-deep-research-falcon.md	274	GO:0006757	substrate-level phosphorylation	obsolete ATP generation from ADP	OBSOLETE	1.00	| Substrate-level phosphorylation | conserves energy as | ATP in fermentation | GO:0006757; CHEBI:15422 ATP | 10.3389/fmicb.2021.703525 — “substrate level phosphorylation (SLP), by which only part of the available energy could be conserved” (buckel2021energyconservationin pages 1-2) | High; general fermentation energetics |
research/traits/metabolism/fermentation-deep-research-falcon.md	274	CHEBI:15422	substrate-level phosphorylation	ATP	OK_IN_ROW	1.00	| Substrate-level phosphorylation | conserves energy as | ATP in fermentation | GO:0006757; CHEBI:15422 ATP | 10.3389/fmicb.2021.703525 — “substrate level phosphorylation (SLP), by which only part of the available energy could be conserved” (buckel2021energyconservationin pages 1-2) | High; general fermentation energetics |
research/traits/metabolism/fermentation-deep-research-falcon.md	275	GO:1902600	rnf (ferredoxin:nad+ oxidoreductase)	proton transmembrane transport	DRIFT	0.31	| Rnf (ferredoxin:NAD+ oxidoreductase) | generates | Na+/H+ motive force | label-only: Rnf complex; GO:1902600 proton motive force or label-only: Na+/H+ motive force | 10.3389/fmicb.2021.703525 — “anaerobes have enzymes which are able to generate a Na+/H+ motive force… the NAD:ferredoxin oxidoreductase (Rnf)” (buckel2021energyconservationin pages 1-2) | Moderate-High; anaerobic bacterial fermentation, not universal |
research/traits/metabolism/fermentation-deep-research-falcon.md	276	CHEBI:64708	flavin-based electron bifurcation	one-carbon compound	DRIFT	0.34	| Flavin-based electron bifurcation | provides | reduced ferredoxin | label-only: flavin-based electron bifurcation; CHEBI:64708 ferredoxin(reduced) | 10.3389/fmicb.2021.703525 — “Reduced ferredoxin is provided by… the recently discovered flavin based electron bifurcation (FBEB)” (buckel2021energyconservationin pages 1-2) | Moderate-High; anaerobic bacterial fermentation, not universal |
research/traits/metabolism/fermentation-deep-research-falcon.md	277	ENVO:00002009	strict anaerobic environment / oxygen sensitivity	obsolete terrestrial habitat	OBSOLETE	1.00	| Strict anaerobic environment / oxygen sensitivity | constrains occurrence of | oxygen-sensitive fermentation enzymes/pathways | ENVO:00002009 anaerobic environment; label-only: oxygen-sensitive radical enzyme | 10.3389/fmicb.2021.703525 — “2-hydroxyglutaryl-CoA dehydratase is extremely oxygen-sensitive and can only survive in the gut” (buckel2021energyconservationin pages 1-2) | Moderate; pathway-specific, not universal to all fermentation |
research/traits/metabolism/fermentation-deep-research-falcon.md	278	CHEBI:16236	external ph 5 and 30°c	ethanol	OK_IN_ROW	1.00	| External pH 5 and 30°C | increases | ethanol production / biomass relative to tested alternatives | label-only: pH 5; label-only: 30°C; CHEBI:16236 ethanol | 10.46991/PYSU:B/2023.57.2.141 — “at 25℃ and 30℃ pH 5 is optimal for yeast biomass production… At 30℃ ethanol concentration… reached ~117 mM” (shirvanyan2023evaluationofethanol pages 1-3) | Moderate; assay- and strain-specific (S. cerevisiae ATCC 9804/13007) |
research/traits/metabolism/homoacetogenesis-deep-research-falcon.md	211	GO:0015988	chemiosmotic energy conservation	energy coupled proton transmembrane transport, against electrochemical gradient	DRIFT	0.34	| Chemiosmotic energy conservation | `GO:0015988` candidate | Verify exact intended GO scope before committing. |
research/traits/metabolism/homoacetogenesis-deep-research-falcon.md	212	GO:0015986	atp synthesis coupled to ion gradient	proton motive force-driven ATP synthesis	DRIFT	0.79	| ATP synthesis coupled to ion gradient | `GO:0015986` candidate | General process node; Na⁺ versus H⁺ is organism-specific. |
research/traits/metabolism/iron_oxidation-deep-research-falcon.md	200	CHEBI:29033	ferrous ion / fe(ii)	iron(2+)	OK_LABEL	1.00	| ferrous ion / Fe(II) | `CHEBI:29033` | Electron donor and oxidized substrate. Verify identifier during ontology build. |
research/traits/metabolism/iron_oxidation-deep-research-falcon.md	201	CHEBI:29034	ferric ion / fe(iii)	iron(3+)	OK_LABEL	1.00	| ferric ion / Fe(III) | `CHEBI:29034` | Primary oxidation product. Verify identifier during ontology build. |
research/traits/metabolism/iron_oxidation-deep-research-falcon.md	202	CHEBI:15379	dioxygen	dioxygen	OK_LABEL	1.00	| dioxygen | `CHEBI:15379` | Terminal acceptor in aerobic pathways. |
research/traits/metabolism/iron_oxidation-deep-research-falcon.md	203	CHEBI:15377	water	water	OK_LABEL	1.00	| water | `CHEBI:15377` | Product of terminal O₂ reduction. |
research/traits/metabolism/iron_oxidation-deep-research-falcon.md	204	CHEBI:15378	proton	hydron	DRIFT	0.50	| proton | `CHEBI:15378` | Coupled to proton motive force and O₂-to-water chemistry. |
research/traits/metabolism/iron_oxidation-deep-research-falcon.md	207	CHEBI:16526	carbon dioxide	carbon dioxide	OK_LABEL	1.00	| carbon dioxide | `CHEBI:16526` | Carbon source in chemolithoautotrophs. |
research/traits/metabolism/lactic_acid_fermentation-deep-research-falcon.md	266	CHEBI:17234	glucose	glucose	OK_LABEL	1.00	| glucose | feeds | glycolytic process | CHEBI:17234 -> GO:0006096 | Strong, broad fermentation scope in LAB and other lactic-acid producers (gayathri2023roleofaerobic pages 4-6, bintsis2018lacticacidbacteria pages 1-3) |
research/traits/metabolism/lactic_acid_fermentation-deep-research-falcon.md	266	GO:0006096	glucose	glycolytic process	OK_IN_ROW	1.00	| glucose | feeds | glycolytic process | CHEBI:17234 -> GO:0006096 | Strong, broad fermentation scope in LAB and other lactic-acid producers (gayathri2023roleofaerobic pages 4-6, bintsis2018lacticacidbacteria pages 1-3) |
research/traits/metabolism/lactic_acid_fermentation-deep-research-falcon.md	267	GO:0006096	glycolytic process	glycolytic process	OK_LABEL	1.00	| glycolytic process | produces | pyruvate | GO:0006096 -> CHEBI:15361 | Strong; core EMP step in homolactic fermentation (gayathri2023roleofaerobic pages 4-6, bintsis2018lacticacidbacteria pages 1-3) |
research/traits/metabolism/lactic_acid_fermentation-deep-research-falcon.md	267	CHEBI:15361	glycolytic process	pyruvate	OK_IN_ROW	1.00	| glycolytic process | produces | pyruvate | GO:0006096 -> CHEBI:15361 | Strong; core EMP step in homolactic fermentation (gayathri2023roleofaerobic pages 4-6, bintsis2018lacticacidbacteria pages 1-3) |
research/traits/metabolism/lactic_acid_fermentation-deep-research-falcon.md	268	GO:0006096	glycolytic process	glycolytic process	OK_LABEL	1.00	| glycolytic process | produces_by_substrate_level_phosphorylation | ATP | GO:0006096 -> CHEBI:15422 | Strong; homolactic route yields ATP via glycolysis/SLP, often ~2 ATP per glucose (gayathri2023roleofaerobic pages 4-6, gayathri2023roleofaerobic pages 7-8, bintsis2018lacticacidbacteria pages 1-3) |
research/traits/metabolism/lactic_acid_fermentation-deep-research-falcon.md	268	CHEBI:15422	glycolytic process	ATP	OK_IN_ROW	1.00	| glycolytic process | produces_by_substrate_level_phosphorylation | ATP | GO:0006096 -> CHEBI:15422 | Strong; homolactic route yields ATP via glycolysis/SLP, often ~2 ATP per glucose (gayathri2023roleofaerobic pages 4-6, gayathri2023roleofaerobic pages 7-8, bintsis2018lacticacidbacteria pages 1-3) |
research/traits/metabolism/lactic_acid_fermentation-deep-research-falcon.md	269	CHEBI:15361	ec:1.1.1.27 l-lactate dehydrogenase	pyruvate	OK_IN_ROW	1.00	| EC:1.1.1.27 L-lactate dehydrogenase | consumes | pyruvate + NADH | EC:1.1.1.27; CHEBI:15361; CHEBI:16908 | Strong; reaction direction supports pyruvate reduction to L-lactate (melo2024justaroundthe pages 5-6, bintsis2018lacticacidbacteria pages 1-3) |
research/traits/metabolism/lactic_acid_fermentation-deep-research-falcon.md	269	CHEBI:16908	ec:1.1.1.27 l-lactate dehydrogenase	NADH	OK_IN_ROW	1.00	| EC:1.1.1.27 L-lactate dehydrogenase | consumes | pyruvate + NADH | EC:1.1.1.27; CHEBI:15361; CHEBI:16908 | Strong; reaction direction supports pyruvate reduction to L-lactate (melo2024justaroundthe pages 5-6, bintsis2018lacticacidbacteria pages 1-3) |
research/traits/metabolism/lactic_acid_fermentation-deep-research-falcon.md	270	CHEBI:57945	ec:1.1.1.27 l-lactate dehydrogenase	NADH(2-)	DRIFT	0.18	| EC:1.1.1.27 L-lactate dehydrogenase | produces | L-lactate + NAD+ | EC:1.1.1.27; CHEBI:57945; CHEBI:57540 | Strong; canonical homolactic step (melo2024justaroundthe pages 5-6, bintsis2018lacticacidbacteria pages 1-3) |
research/traits/metabolism/lactic_acid_fermentation-deep-research-falcon.md	270	CHEBI:57540	ec:1.1.1.27 l-lactate dehydrogenase	NAD(1-)	DRIFT	0.20	| EC:1.1.1.27 L-lactate dehydrogenase | produces | L-lactate + NAD+ | EC:1.1.1.27; CHEBI:57945; CHEBI:57540 | Strong; canonical homolactic step (melo2024justaroundthe pages 5-6, bintsis2018lacticacidbacteria pages 1-3) |
research/traits/metabolism/lactic_acid_fermentation-deep-research-falcon.md	271	CHEBI:15361	ec:1.1.1.28 d-lactate dehydrogenase	pyruvate	OK_IN_ROW	1.00	| EC:1.1.1.28 D-lactate dehydrogenase | consumes | pyruvate + NADH | EC:1.1.1.28; CHEBI:15361; CHEBI:16908 | Moderate; stereospecific variant present in some taxa, not universal (melo2024justaroundthe pages 5-6) |
research/traits/metabolism/lactic_acid_fermentation-deep-research-falcon.md	271	CHEBI:16908	ec:1.1.1.28 d-lactate dehydrogenase	NADH	OK_IN_ROW	1.00	| EC:1.1.1.28 D-lactate dehydrogenase | consumes | pyruvate + NADH | EC:1.1.1.28; CHEBI:15361; CHEBI:16908 | Moderate; stereospecific variant present in some taxa, not universal (melo2024justaroundthe pages 5-6) |
research/traits/metabolism/lactic_acid_fermentation-deep-research-falcon.md	272	CHEBI:16004	ec:1.1.1.28 d-lactate dehydrogenase	(R)-lactate	OK_LABEL	1.00	| EC:1.1.1.28 D-lactate dehydrogenase | produces | D-lactate + NAD+ | EC:1.1.1.28; CHEBI:16004; CHEBI:57540 | Moderate; taxon-specific D-lactate production (melo2024justaroundthe pages 5-6) |
research/traits/metabolism/lactic_acid_fermentation-deep-research-falcon.md	272	CHEBI:57540	ec:1.1.1.28 d-lactate dehydrogenase	NAD(1-)	DRIFT	0.20	| EC:1.1.1.28 D-lactate dehydrogenase | produces | D-lactate + NAD+ | EC:1.1.1.28; CHEBI:16004; CHEBI:57540 | Moderate; taxon-specific D-lactate production (melo2024justaroundthe pages 5-6) |
research/traits/metabolism/lactic_acid_fermentation-deep-research-falcon.md	273	CHEBI:57540	nad+	NAD(1-)	DRIFT	1.00	| NAD+ | supports | glycolytic process | CHEBI:57540 -> GO:0006096 | Strong; LDH-mediated NAD+ regeneration sustains glycolytic flux (melo2024justaroundthe pages 5-6, bintsis2018lacticacidbacteria pages 1-3, bintsis2018lacticacidbacteria pages 3-7) |
research/traits/metabolism/lactic_acid_fermentation-deep-research-falcon.md	273	GO:0006096	nad+	glycolytic process	OK_IN_ROW	1.00	| NAD+ | supports | glycolytic process | CHEBI:57540 -> GO:0006096 | Strong; LDH-mediated NAD+ regeneration sustains glycolytic flux (melo2024justaroundthe pages 5-6, bintsis2018lacticacidbacteria pages 1-3, bintsis2018lacticacidbacteria pages 3-7) |
research/traits/metabolism/lactic_acid_fermentation-deep-research-falcon.md	275	CHEBI:24996	heterolactic phosphoketolase pathway	lactate	OK_IN_ROW	1.00	| heterolactic phosphoketolase pathway | produces | lactate + carbon dioxide + ethanol/acetate | label-only; CHEBI:24996; CHEBI:16526 | Strong pathway summary, but branch to ethanol vs acetate depends on redox conditions; pathway node ungrounded here (gayathri2023roleofaerobic pages 4-6, gayathri2023roleofaerobic pages 7-8, bintsis2018lacticacidbacteria pages 3-7) |
research/traits/metabolism/lactic_acid_fermentation-deep-research-falcon.md	275	CHEBI:16526	heterolactic phosphoketolase pathway	carbon dioxide	OK_IN_ROW	1.00	| heterolactic phosphoketolase pathway | produces | lactate + carbon dioxide + ethanol/acetate | label-only; CHEBI:24996; CHEBI:16526 | Strong pathway summary, but branch to ethanol vs acetate depends on redox conditions; pathway node ungrounded here (gayathri2023roleofaerobic pages 4-6, gayathri2023roleofaerobic pages 7-8, bintsis2018lacticacidbacteria pages 3-7) |
research/traits/metabolism/lactic_acid_fermentation-deep-research-falcon.md	276	CHEBI:24996	lactate	lactate	OK_LABEL	1.00	| lactate | lowers | extracellular pH | CHEBI:24996 | Strong; accumulation acidifies medium during fermentation (kajfasz2011responsesoflactic pages 1-4, cotter2003survivingtheacid pages 1-4) |
research/traits/metabolism/lactic_acid_fermentation-deep-research-falcon.md	277	GO:0006096	low cytosolic ph	glycolytic process	OK_IN_ROW	1.00	| low cytosolic pH | inhibits | glycolytic process | GO:0006096; GO:0005737 | Moderate-strong; reported as inhibition of glycolytic enzymes under acid stress (cotter2003survivingtheacid pages 1-4) |
research/traits/metabolism/lactic_acid_fermentation-deep-research-falcon.md	277	GO:0005737	low cytosolic ph	cytoplasm	DRIFT	0.43	| low cytosolic pH | inhibits | glycolytic process | GO:0006096; GO:0005737 | Moderate-strong; reported as inhibition of glycolytic enzymes under acid stress (cotter2003survivingtheacid pages 1-4) |
research/traits/metabolism/lactic_acid_fermentation-deep-research-falcon.md	278	GO:0046961	go:0046961 proton-transporting atpase activity	proton-transporting ATPase activity, rotational mechanism	DRIFT	0.76	| GO:0046961 proton-transporting ATPase activity | extrudes | protons to maintain intracellular pH | GO:0046961; GO:0005737 | Strong; F1F0-ATPase-mediated proton extrusion is a core acid-tolerance mechanism in LAB (kajfasz2011responsesoflactic pages 1-4, cotter2003survivingtheacid pages 4-5) |
research/traits/metabolism/lactic_acid_fermentation-deep-research-falcon.md	278	GO:0005737	go:0046961 proton-transporting atpase activity	cytoplasm	DRIFT	0.20	| GO:0046961 proton-transporting ATPase activity | extrudes | protons to maintain intracellular pH | GO:0046961; GO:0005737 | Strong; F1F0-ATPase-mediated proton extrusion is a core acid-tolerance mechanism in LAB (kajfasz2011responsesoflactic pages 1-4, cotter2003survivingtheacid pages 4-5) |
research/traits/metabolism/lactic_acid_fermentation-deep-research-falcon.md	279	CHEBI:24996	lactate transporter	lactate	OK_LABEL	1.00	| lactate transporter | exports | lactate | label-only; CHEBI:24996 | Moderate/uncertain for generic microbial trait node; transporter identity varies across taxa and is better curated taxon-specifically (melo2024justaroundthe pages 11-13) |
research/traits/metabolism/lactic_acid_fermentation-deep-research-falcon.md	280	CHEBI:15361	oxygen	pyruvate	OK_IN_ROW	1.00	| oxygen | redirects_pyruvate_through | oxidative pathways | CHEBI:15361 | Moderate; shown in some Lactobacillus via POX/ACK and related aerobic routes, clearly taxon-specific (zotta2017aerobicmetabolismin pages 11-14) |
research/traits/metabolism/manganese_oxidation-deep-research-falcon.md	242	GO:0055114	oxidation–reduction process	obsolete oxidation-reduction process	OBSOLETE	1.00	| oxidation–reduction process | biological process | `GO:0055114` | Broad grounding only. |
research/traits/metabolism/manganese_oxidation-deep-research-falcon.md	244	GO:0042710	biofilm formation	biofilm formation	OK_LABEL	1.00	| biofilm formation | process | `GO:0042710` | Regulatory/application context, not universally required. |
research/traits/metabolism/manganese_oxidation-deep-research-falcon.md	250	CHEBI:29035	manganese(2+) / mn(ii)	manganese(2+)	OK_LABEL	1.00	| manganese(2+) / Mn(II) | substrate | `CHEBI:29035` | Verify release/version before YAML commit. |
research/traits/metabolism/manganese_oxidation-deep-research-falcon.md	253	CHEBI:15379	molecular oxygen	dioxygen	OK_LABEL	1.00	| molecular oxygen | terminal oxidant | `CHEBI:15379` | Direct MCO branch. |
research/traits/metabolism/manganese_oxidation-deep-research-falcon.md	254	CHEBI:15377	water	water	OK_LABEL	1.00	| water | product | `CHEBI:15377` | Expected from MCO reduction of O₂; reaction stoichiometry should be separately curated. |
research/traits/metabolism/manganese_oxidation-deep-research-falcon.md	256	CHEBI:18421	superoxide	superoxide	OK_LABEL	1.00	| superoxide | ROS/oxidant | `CHEBI:18421` | Alternative indirect branch. |
research/traits/metabolism/manganese_oxidation-deep-research-falcon.md	257	CHEBI:16240	hydrogen peroxide	hydrogen peroxide	OK_LABEL	1.00	| hydrogen peroxide | ROS/modulator | `CHEBI:16240` | Can oppose net Mn oxidation; catalase changes outcome. |
research/traits/metabolism/metabolism-deep-research-falcon.md	254	CHEBI:16908	nadh	NADH	OK_LABEL	1.00	| NADH | electron donor for | respiratory complex I | CHEBI:16908; label: respiratory complex I | 10.3390/ijms252413421 (grivennikova2024protontranslocatingnadh–ubiquinoneoxidoreductase pages 1-2) | High; review states complex I catalyzes oxidation of NADH by ubiquinone |
research/traits/metabolism/metabolism-deep-research-falcon.md	256	CHEBI:15378	respiratory complex i	hydron	OK_IN_ROW	1.00	| respiratory complex I | translocates | 4 H+ | label: respiratory complex I; CHEBI:15378 | 10.3390/ijms252413421 (grivennikova2024protontranslocatingnadh–ubiquinoneoxidoreductase pages 1-2) | High; exact review statement says transfer of four protons |
research/traits/metabolism/metabolism-deep-research-falcon.md	257	CHEBI:57540	proton motive force	NAD(1-)	DRIFT	0.20	| proton motive force | drives | ATP synthesis | CHEBI:57540; GO:0015986 | 10.3390/ijms252413421 (grivennikova2024protontranslocatingnadh–ubiquinoneoxidoreductase pages 1-2) | High; general oxidative phosphorylation mechanism in bacteria and mitochondria |
research/traits/metabolism/metabolism-deep-research-falcon.md	257	GO:0015986	proton motive force	proton motive force-driven ATP synthesis	OK_LABEL	1.00	| proton motive force | drives | ATP synthesis | CHEBI:57540; GO:0015986 | 10.3390/ijms252413421 (grivennikova2024protontranslocatingnadh–ubiquinoneoxidoreductase pages 1-2) | High; general oxidative phosphorylation mechanism in bacteria and mitochondria |
research/traits/metabolism/metabolism-deep-research-falcon.md	258	CHEBI:15422	atp	ATP	OK_LABEL	1.00	| ATP | powers | unfavorable metabolic reactions | CHEBI:15422 | 10.3389/fmicb.2023.1239189 (nicholls2023onthepotential pages 1-2) | High; review states ATP drives unfavorable metabolic reactions and phosphorylates metabolites |
research/traits/metabolism/metabolism-deep-research-falcon.md	259	CHEBI:15422	substrate-level phosphorylation	ATP	OK_IN_ROW	1.00	| substrate-level phosphorylation | synthesizes | ATP | label: substrate-level phosphorylation; CHEBI:15422 | 10.3389/fevo.2020.602809 (seto2020howthermodynamicsilluminates pages 4-6), 10.3389/fmicb.2023.1239189 (nicholls2023onthepotential pages 1-2) | High; broad bioenergetic mechanism, not trait-specific to one taxon |
research/traits/metabolism/metabolism-deep-research-falcon.md	260	CHEBI:15422	chemiosmosis	ATP	OK_IN_ROW	1.00	| chemiosmosis | synthesizes | ATP | label: chemiosmosis; CHEBI:15422 | 10.3389/fevo.2020.602809 (seto2020howthermodynamicsilluminates pages 4-6), 10.3389/fmicb.2023.1239189 (nicholls2023onthepotential pages 1-2) | High; broad bioenergetic mechanism via ion gradient and ATP synthase |
research/traits/metabolism/nitrogen_fixation-deep-research-falcon.md	205	GO:0009399	nitrogen fixation	nitrogen fixation	OK_LABEL	1.00	| nitrogen fixation | `traitmech:000103`; `GO:0009399` | Trait/root biological process |
research/traits/metabolism/oxidative_phosphorylation-deep-research-falcon.md	235	CHEBI:16908	nadh	NADH	OK_LABEL	1.00	| NADH | `CHEBI:16908` |
research/traits/metabolism/oxidative_phosphorylation-deep-research-falcon.md	236	CHEBI:15846	nad⁺	NAD(+)	OK_LABEL	1.00	| NAD⁺ | `CHEBI:15846` |
research/traits/metabolism/oxidative_phosphorylation-deep-research-falcon.md	237	CHEBI:15741	succinate	succinic acid	DRIFT	0.75	| Succinate | `CHEBI:15741` |
research/traits/metabolism/oxidative_phosphorylation-deep-research-falcon.md	238	CHEBI:18012	fumarate	fumaric acid	DRIFT	0.74	| Fumarate | `CHEBI:18012` |
research/traits/metabolism/oxidative_phosphorylation-deep-research-falcon.md	239	CHEBI:16389	ubiquinone	ubiquinones	OK_LABEL	1.00	| Ubiquinone | `CHEBI:16389` |
research/traits/metabolism/oxidative_phosphorylation-deep-research-falcon.md	240	CHEBI:17976	ubiquinol	ubiquinol	OK_LABEL	1.00	| Ubiquinol | `CHEBI:17976` |
research/traits/metabolism/oxidative_phosphorylation-deep-research-falcon.md	242	CHEBI:15379	oxygen	dioxygen	OK_LABEL	1.00	| Oxygen | `CHEBI:15379` |
research/traits/metabolism/oxidative_phosphorylation-deep-research-falcon.md	243	CHEBI:15377	water	water	OK_LABEL	1.00	| Water | `CHEBI:15377` |
research/traits/metabolism/oxidative_phosphorylation-deep-research-falcon.md	244	CHEBI:17632	nitrate	nitrate	OK_LABEL	1.00	| Nitrate | `CHEBI:17632` |
research/traits/metabolism/oxidative_phosphorylation-deep-research-falcon.md	245	CHEBI:16301	nitrite	nitrite	OK_LABEL	1.00	| Nitrite | `CHEBI:16301` |
research/traits/metabolism/oxidative_phosphorylation-deep-research-falcon.md	246	CHEBI:15378	proton	hydron	DRIFT	0.50	| Proton | `CHEBI:15378` |
research/traits/metabolism/oxidative_phosphorylation-deep-research-falcon.md	247	CHEBI:29101	sodium ion	sodium(1+)	OK_LABEL	1.00	| Sodium ion | `CHEBI:29101` |
research/traits/metabolism/oxidative_phosphorylation-deep-research-falcon.md	248	CHEBI:15422	atp	ATP	OK_LABEL	1.00	| ATP | `CHEBI:15422` |
research/traits/metabolism/oxidative_phosphorylation-deep-research-falcon.md	249	CHEBI:16761	adp	ADP	OK_LABEL	1.00	| ADP | `CHEBI:16761` |
research/traits/metabolism/oxidative_phosphorylation-deep-research-falcon.md	250	CHEBI:18367	phosphate	phosphate(3-)	OK_LABEL	1.00	| Phosphate | `CHEBI:18367` |
research/traits/metabolism/oxidative_phosphorylation-deep-research-falcon.md	319	CHEBI:16908	nadh	NADH	OK_LABEL	1.00	| NADH | donates electrons to via | respiratory complex I, reducing quinone to quinol and translocating 4 H+ across the membrane | NADH: CHEBI:16908; respiratory complex I / NDH-1: EC 7.1.1.2; ubiquinone: CHEBI:16389; ubiquinol: CHEBI:17976; proton: CHEBI:15378 | Review-based, broad bacteria/mitochondria evidence; 4 H+ stoichiometry explicit in 2024 review (grivennikova2024protontranslocatingnadh–ubiquinoneoxidoreductase pages 1-2) |
research/traits/metabolism/oxidative_phosphorylation-deep-research-falcon.md	319	CHEBI:16389	nadh	ubiquinones	OK_IN_ROW	1.00	| NADH | donates electrons to via | respiratory complex I, reducing quinone to quinol and translocating 4 H+ across the membrane | NADH: CHEBI:16908; respiratory complex I / NDH-1: EC 7.1.1.2; ubiquinone: CHEBI:16389; ubiquinol: CHEBI:17976; proton: CHEBI:15378 | Review-based, broad bacteria/mitochondria evidence; 4 H+ stoichiometry explicit in 2024 review (grivennikova2024protontranslocatingnadh–ubiquinoneoxidoreductase pages 1-2) |
research/traits/metabolism/oxidative_phosphorylation-deep-research-falcon.md	319	CHEBI:17976	nadh	ubiquinol	OK_IN_ROW	1.00	| NADH | donates electrons to via | respiratory complex I, reducing quinone to quinol and translocating 4 H+ across the membrane | NADH: CHEBI:16908; respiratory complex I / NDH-1: EC 7.1.1.2; ubiquinone: CHEBI:16389; ubiquinol: CHEBI:17976; proton: CHEBI:15378 | Review-based, broad bacteria/mitochondria evidence; 4 H+ stoichiometry explicit in 2024 review (grivennikova2024protontranslocatingnadh–ubiquinoneoxidoreductase pages 1-2) |
research/traits/metabolism/oxidative_phosphorylation-deep-research-falcon.md	319	CHEBI:15378	nadh	hydron	OK_IN_ROW	1.00	| NADH | donates electrons to via | respiratory complex I, reducing quinone to quinol and translocating 4 H+ across the membrane | NADH: CHEBI:16908; respiratory complex I / NDH-1: EC 7.1.1.2; ubiquinone: CHEBI:16389; ubiquinol: CHEBI:17976; proton: CHEBI:15378 | Review-based, broad bacteria/mitochondria evidence; 4 H+ stoichiometry explicit in 2024 review (grivennikova2024protontranslocatingnadh–ubiquinoneoxidoreductase pages 1-2) |
research/traits/metabolism/oxidative_phosphorylation-deep-research-falcon.md	320	CHEBI:15741	succinate	succinic acid	DRIFT	0.75	| succinate | donates electrons to via | succinate dehydrogenase, reducing quinone | succinate: CHEBI:15741; succinate dehydrogenase: EC 7.1.1.2 not appropriate / use label-only + EC 1.3.5.1; quinone: CHEBI:16389 or label-only isoprenoid quinone | Review-based; broad bacterial ETC architecture; SDH usually not PMF-generating itself (borisov2023cytochromebdas pages 1-3, tsviklist2022thecpxstress pages 1-2, kao2022quinonebindingsites pages 1-3) |
research/traits/metabolism/oxidative_phosphorylation-deep-research-falcon.md	320	CHEBI:16389	succinate	ubiquinones	OK_IN_ROW	1.00	| succinate | donates electrons to via | succinate dehydrogenase, reducing quinone | succinate: CHEBI:15741; succinate dehydrogenase: EC 7.1.1.2 not appropriate / use label-only + EC 1.3.5.1; quinone: CHEBI:16389 or label-only isoprenoid quinone | Review-based; broad bacterial ETC architecture; SDH usually not PMF-generating itself (borisov2023cytochromebdas pages 1-3, tsviklist2022thecpxstress pages 1-2, kao2022quinonebindingsites pages 1-3) |
research/traits/metabolism/oxidative_phosphorylation-deep-research-falcon.md	321	CHEBI:17976	quinol	ubiquinol	OK_LABEL	1.00	| quinol | is oxidized by | cytochrome bc1/bcc complex Q-cycle, contributing to proton motive force | quinol: CHEBI:17976 or label-only quinol; cytochrome bc1/bcc complex: GO:0008121 not exact, prefer label-only; proton motive force: GO:0015990 | Review-based; mechanistic support for Mitchellian Q-cycle and proton translocation; exact complex composition varies by taxon (kao2022quinonebindingsites pages 1-3) |
research/traits/metabolism/oxidative_phosphorylation-deep-research-falcon.md	321	GO:0008121	quinol	quinol-cytochrome-c reductase activity	OK_LABEL	1.00	| quinol | is oxidized by | cytochrome bc1/bcc complex Q-cycle, contributing to proton motive force | quinol: CHEBI:17976 or label-only quinol; cytochrome bc1/bcc complex: GO:0008121 not exact, prefer label-only; proton motive force: GO:0015990 | Review-based; mechanistic support for Mitchellian Q-cycle and proton translocation; exact complex composition varies by taxon (kao2022quinonebindingsites pages 1-3) |
research/traits/metabolism/oxidative_phosphorylation-deep-research-falcon.md	321	GO:0015990	quinol	electron transport coupled proton transport	DRIFT	0.13	| quinol | is oxidized by | cytochrome bc1/bcc complex Q-cycle, contributing to proton motive force | quinol: CHEBI:17976 or label-only quinol; cytochrome bc1/bcc complex: GO:0008121 not exact, prefer label-only; proton motive force: GO:0015990 | Review-based; mechanistic support for Mitchellian Q-cycle and proton translocation; exact complex composition varies by taxon (kao2022quinonebindingsites pages 1-3) |
research/traits/metabolism/oxidative_phosphorylation-deep-research-falcon.md	322	CHEBI:15379	quinol	dioxygen	OK_IN_ROW	1.00	| quinol | is oxidized by terminal oxidase, reducing | O2 to H2O and contributing to proton motive force | oxygen: CHEBI:15379; water: CHEBI:15377; terminal oxidase: label-only; proton motive force: GO:0015990 | Broad respiratory evidence; terminal oxidase identity varies (bo3, aa3, bd). For bd, PMF generation occurs without classical proton pumping in some descriptions, so keep mechanism-general (borisov2023cytochromebdas pages 1-3, bajeli2020terminalrespiratoryoxidases pages 1-2) |
research/traits/metabolism/oxidative_phosphorylation-deep-research-falcon.md	322	CHEBI:15377	quinol	water	OK_IN_ROW	1.00	| quinol | is oxidized by terminal oxidase, reducing | O2 to H2O and contributing to proton motive force | oxygen: CHEBI:15379; water: CHEBI:15377; terminal oxidase: label-only; proton motive force: GO:0015990 | Broad respiratory evidence; terminal oxidase identity varies (bo3, aa3, bd). For bd, PMF generation occurs without classical proton pumping in some descriptions, so keep mechanism-general (borisov2023cytochromebdas pages 1-3, bajeli2020terminalrespiratoryoxidases pages 1-2) |
research/traits/metabolism/oxidative_phosphorylation-deep-research-falcon.md	322	GO:0015990	quinol	electron transport coupled proton transport	DRIFT	0.13	| quinol | is oxidized by terminal oxidase, reducing | O2 to H2O and contributing to proton motive force | oxygen: CHEBI:15379; water: CHEBI:15377; terminal oxidase: label-only; proton motive force: GO:0015990 | Broad respiratory evidence; terminal oxidase identity varies (bo3, aa3, bd). For bd, PMF generation occurs without classical proton pumping in some descriptions, so keep mechanism-general (borisov2023cytochromebdas pages 1-3, bajeli2020terminalrespiratoryoxidases pages 1-2) |
research/traits/metabolism/oxidative_phosphorylation-deep-research-falcon.md	323	CHEBI:17632	quinol	nitrate	OK_IN_ROW	1.00	| quinol | donates electrons to via | respiratory nitrate reductase (Nar), reducing nitrate to nitrite and helping maintain an ion gradient | nitrate: CHEBI:17632; nitrite: CHEBI:16301; respiratory nitrate reductase: EC 7.1.1.1 not appropriate / prefer EC 1.7.5.1; Nar: label-only | Taxon-specific, often non-growth maintenance role; supported in Streptomyces and mycobacterial review context; ion-gradient maintenance may be indirect/supercomplex-linked (sawers2019anaerobicnitraterespiration pages 1-2, bajeli2020terminalrespiratoryoxidases pages 1-2) |
research/traits/metabolism/oxidative_phosphorylation-deep-research-falcon.md	323	CHEBI:16301	quinol	nitrite	OK_IN_ROW	1.00	| quinol | donates electrons to via | respiratory nitrate reductase (Nar), reducing nitrate to nitrite and helping maintain an ion gradient | nitrate: CHEBI:17632; nitrite: CHEBI:16301; respiratory nitrate reductase: EC 7.1.1.1 not appropriate / prefer EC 1.7.5.1; Nar: label-only | Taxon-specific, often non-growth maintenance role; supported in Streptomyces and mycobacterial review context; ion-gradient maintenance may be indirect/supercomplex-linked (sawers2019anaerobicnitraterespiration pages 1-2, bajeli2020terminalrespiratoryoxidases pages 1-2) |
research/traits/metabolism/oxidative_phosphorylation-deep-research-falcon.md	324	CHEBI:29101	na+-translocating nadh:quinone oxidoreductase (na+-nqr)	sodium(1+)	OK_LABEL	1.00	| Na+-translocating NADH:quinone oxidoreductase (Na+-NQR) | generates | sodium-motive force | Na+-NQR: label-only; sodium ion: CHEBI:29101; sodium-motive force: label-only | Variant pathway, not universal OxPhos core; review evidence from sodium energetics and downstream drug-target synthesis, conservative grounding only (mulkidjanian2008thepastand pages 1-2, sorescu2025breakthroughsinthe pages 24-25) |
research/traits/metabolism/oxidative_phosphorylation-deep-research-falcon.md	325	CHEBI:15422	h+ motive force or na+ motive force	ATP	OK_IN_ROW	1.00	| H+ motive force or Na+ motive force | drives | F-type ATP synthase or A/V-type ATP synthase to synthesize ATP from ADP + Pi | ATP: CHEBI:15422; ADP: CHEBI:16761; phosphate: CHEBI:18367; F-type ATP synthase: EC 7.1.2.2; A/V-type ATP synthase: label-only | Strong review evidence; proton-coupled core is broad, Na+-coupled forms are valid microbial variants; A/V-type ATP synthase especially relevant in archaea/some bacteria (zharova2023f1·foatpsynthaseatpase pages 1-2, frasch2022f1foatpsynthase pages 1-2, mulkidjanian2008thepastand pages 1-2) |
research/traits/metabolism/oxidative_phosphorylation-deep-research-falcon.md	325	CHEBI:16761	h+ motive force or na+ motive force	ADP	OK_IN_ROW	1.00	| H+ motive force or Na+ motive force | drives | F-type ATP synthase or A/V-type ATP synthase to synthesize ATP from ADP + Pi | ATP: CHEBI:15422; ADP: CHEBI:16761; phosphate: CHEBI:18367; F-type ATP synthase: EC 7.1.2.2; A/V-type ATP synthase: label-only | Strong review evidence; proton-coupled core is broad, Na+-coupled forms are valid microbial variants; A/V-type ATP synthase especially relevant in archaea/some bacteria (zharova2023f1·foatpsynthaseatpase pages 1-2, frasch2022f1foatpsynthase pages 1-2, mulkidjanian2008thepastand pages 1-2) |
research/traits/metabolism/oxidative_phosphorylation-deep-research-falcon.md	325	CHEBI:18367	h+ motive force or na+ motive force	phosphate(3-)	OK_IN_ROW	1.00	| H+ motive force or Na+ motive force | drives | F-type ATP synthase or A/V-type ATP synthase to synthesize ATP from ADP + Pi | ATP: CHEBI:15422; ADP: CHEBI:16761; phosphate: CHEBI:18367; F-type ATP synthase: EC 7.1.2.2; A/V-type ATP synthase: label-only | Strong review evidence; proton-coupled core is broad, Na+-coupled forms are valid microbial variants; A/V-type ATP synthase especially relevant in archaea/some bacteria (zharova2023f1·foatpsynthaseatpase pages 1-2, frasch2022f1foatpsynthase pages 1-2, mulkidjanian2008thepastand pages 1-2) |
research/traits/metabolism/oxidative_phosphorylation-deep-research-falcon.md	326	CHEBI:34908	uncoupler	pentachloronitrobenzene	DRIFT	0.56	| uncoupler | collapses | proton motive force | uncoupler: label-only; CCCP: CHEBI:34908; proton motive force: GO:0015990 | Experimental/assay factor rather than native trait mechanism; supported by bedaquiline-mechanism discussion and standard inhibitor logic (harrison2024remissionspectroscopyresolves pages 1-4) |
research/traits/metabolism/oxidative_phosphorylation-deep-research-falcon.md	326	GO:0015990	uncoupler	electron transport coupled proton transport	DRIFT	0.33	| uncoupler | collapses | proton motive force | uncoupler: label-only; CCCP: CHEBI:34908; proton motive force: GO:0015990 | Experimental/assay factor rather than native trait mechanism; supported by bedaquiline-mechanism discussion and standard inhibitor logic (harrison2024remissionspectroscopyresolves pages 1-4) |
research/traits/metabolism/oxidative_phosphorylation-deep-research-falcon.md	327	CHEBI:67511	bedaquiline	19(E)-9,18-Didemethoxygardneramine	DRIFT	0.30	| bedaquiline | inhibits | mycobacterial ATP synthase | bedaquiline: CHEBI:67511; ATP synthase: EC 7.1.2.2 | Drug/application edge; mycobacteria-specific, clinically important; supported by 2024 live-cell spectroscopy preprint and 2020 review (harrison2024remissionspectroscopyresolves pages 1-4, bajeli2020terminalrespiratoryoxidases pages 1-2) |
research/traits/metabolism/oxygenic_photosynthesis-deep-research-falcon.md	275	CHEBI:30212	light	photon	OK_LABEL	1.00	| light | drives | PSII charge separation | light = CHEBI:30212; PSII = GO:0009523; charge separation = label-only | “Light energy is trapped by photoactive pigments in Reaction Centers (RCs) of PSII and PSI, resulting in charge separation” (shevela2023solarenergyconversion pages 1-2) | 10.1007/s11120-022-00991-y; 2023-02 | High-confidence general mechanism. |
research/traits/metabolism/oxygenic_photosynthesis-deep-research-falcon.md	275	GO:0009523	light	photosystem II	DRIFT	0.11	| light | drives | PSII charge separation | light = CHEBI:30212; PSII = GO:0009523; charge separation = label-only | “Light energy is trapped by photoactive pigments in Reaction Centers (RCs) of PSII and PSI, resulting in charge separation” (shevela2023solarenergyconversion pages 1-2) | 10.1007/s11120-022-00991-y; 2023-02 | High-confidence general mechanism. |
research/traits/metabolism/oxygenic_photosynthesis-deep-research-falcon.md	276	GO:0009523	photosystem ii / oxygen-evolving complex	photosystem II	OK_LABEL	1.00	| Photosystem II / oxygen-evolving complex | enables | photosynthetic water oxidation | PSII = GO:0009523; oxygen-evolving complex = GO:0009654; water oxidation = label-only | “Photosynthetic water oxidation by Photosystem II (PSII)” and “PSII is identified as the critical component for photosynthetic water oxidation” (shevela2023solarenergyconversion pages 1-2) | 10.1007/s11120-022-00991-y; 2023-02 | High-confidence core defining edge. |
research/traits/metabolism/oxygenic_photosynthesis-deep-research-falcon.md	276	GO:0009654	photosystem ii / oxygen-evolving complex	photosystem II oxygen evolving complex	DRIFT	1.00	| Photosystem II / oxygen-evolving complex | enables | photosynthetic water oxidation | PSII = GO:0009523; oxygen-evolving complex = GO:0009654; water oxidation = label-only | “Photosynthetic water oxidation by Photosystem II (PSII)” and “PSII is identified as the critical component for photosynthetic water oxidation” (shevela2023solarenergyconversion pages 1-2) | 10.1007/s11120-022-00991-y; 2023-02 | High-confidence core defining edge. |
research/traits/metabolism/oxygenic_photosynthesis-deep-research-falcon.md	277	CHEBI:15377	mn4cao5 oxygen-evolving complex	water	OK_IN_ROW	1.00	| Mn4CaO5 oxygen-evolving complex | oxidizes | water | Mn4CaO5 oxygen-evolving complex = label-only; water = CHEBI:15377 | “TyrZ (YZ) functions as an electron carrier between P680 and the Mn4CaO5 oxygen-evolving complex (OEC)” and the OEC is the site of water oxidation (shevela2023solarenergyconversion pages 9-10, shevela2023solarenergyconversion pages 1-2) | 10.1007/s11120-022-00991-y; 2023-02 | Mechanistically central; complex composition supported, exact ontology for cluster left label-only. |
research/traits/metabolism/oxygenic_photosynthesis-deep-research-falcon.md	278	CHEBI:15379	water oxidation	dioxygen	OK_IN_ROW	1.00	| water oxidation | produces | O2 + protons + electrons | O2 = CHEBI:15379; proton = CHEBI:15378; electron = CHEBI:10545 | “water and carbon dioxide into organic matter while releasing molecular oxygen” and PQ reduction generates “lumenal protons” in the linear chain from water (shevela2023solarenergyconversion pages 1-2) | 10.1007/s11120-022-00991-y; 2023-02 | Curatable, though exact stoichiometry not quoted here. |
research/traits/metabolism/oxygenic_photosynthesis-deep-research-falcon.md	278	CHEBI:15378	water oxidation	hydron	DRIFT	0.30	| water oxidation | produces | O2 + protons + electrons | O2 = CHEBI:15379; proton = CHEBI:15378; electron = CHEBI:10545 | “water and carbon dioxide into organic matter while releasing molecular oxygen” and PQ reduction generates “lumenal protons” in the linear chain from water (shevela2023solarenergyconversion pages 1-2) | 10.1007/s11120-022-00991-y; 2023-02 | Curatable, though exact stoichiometry not quoted here. |
research/traits/metabolism/oxygenic_photosynthesis-deep-research-falcon.md	278	CHEBI:10545	water oxidation	electron	OK_LABEL	1.00	| water oxidation | produces | O2 + protons + electrons | O2 = CHEBI:15379; proton = CHEBI:15378; electron = CHEBI:10545 | “water and carbon dioxide into organic matter while releasing molecular oxygen” and PQ reduction generates “lumenal protons” in the linear chain from water (shevela2023solarenergyconversion pages 1-2) | 10.1007/s11120-022-00991-y; 2023-02 | Curatable, though exact stoichiometry not quoted here. |
research/traits/metabolism/oxygenic_photosynthesis-deep-research-falcon.md	279	GO:0009523	photosystem ii	photosystem II	OK_LABEL	1.00	| Photosystem II | reduces | plastoquinone to plastoquinol | PSII = GO:0009523; plastoquinone = CHEBI:26214; plastoquinol = CHEBI:60144 | “PSII facilitates the light-induced reactions of water-splitting and plastoquinone reduction” and “QB site accepts two electrons sequentially and two protons to form plastoquinol (PQH2)” (tian2024photosystemia pages 1-2, shevela2023solarenergyconversion pages 9-10) | 10.3390/ijms25168767; 2024-08; 10.1007/s11120-022-00991-y; 2023-02 | High-confidence; QB-mediated step. |
research/traits/metabolism/oxygenic_photosynthesis-deep-research-falcon.md	279	CHEBI:26214	photosystem ii	porphyrins	DRIFT	0.26	| Photosystem II | reduces | plastoquinone to plastoquinol | PSII = GO:0009523; plastoquinone = CHEBI:26214; plastoquinol = CHEBI:60144 | “PSII facilitates the light-induced reactions of water-splitting and plastoquinone reduction” and “QB site accepts two electrons sequentially and two protons to form plastoquinol (PQH2)” (tian2024photosystemia pages 1-2, shevela2023solarenergyconversion pages 9-10) | 10.3390/ijms25168767; 2024-08; 10.1007/s11120-022-00991-y; 2023-02 | High-confidence; QB-mediated step. |
research/traits/metabolism/oxygenic_photosynthesis-deep-research-falcon.md	279	CHEBI:60144	photosystem ii	poly(2-methyl-2-oxazoline) polymer	DRIFT	0.29	| Photosystem II | reduces | plastoquinone to plastoquinol | PSII = GO:0009523; plastoquinone = CHEBI:26214; plastoquinol = CHEBI:60144 | “PSII facilitates the light-induced reactions of water-splitting and plastoquinone reduction” and “QB site accepts two electrons sequentially and two protons to form plastoquinol (PQH2)” (tian2024photosystemia pages 1-2, shevela2023solarenergyconversion pages 9-10) | 10.3390/ijms25168767; 2024-08; 10.1007/s11120-022-00991-y; 2023-02 | High-confidence; QB-mediated step. |
research/traits/metabolism/oxygenic_photosynthesis-deep-research-falcon.md	280	CHEBI:60144	plastoquinol (pqh2)	poly(2-methyl-2-oxazoline) polymer	DRIFT	0.36	| plastoquinol (PQH2) | donates electrons to | cytochrome b6f complex | plastoquinol = CHEBI:60144; cytochrome b6f complex = GO:0009512 | “PQH2 diffuses in the membrane to reduce the cytochrome b6f complex” (milrad2024regulationofmicroalgal pages 1-3) | 10.3390/plants13152103; 2024-07 | High-confidence, broadly applicable in oxygenic phototrophs. |
research/traits/metabolism/oxygenic_photosynthesis-deep-research-falcon.md	280	GO:0009512	plastoquinol (pqh2)	cytochrome b6f complex	OK_IN_ROW	1.00	| plastoquinol (PQH2) | donates electrons to | cytochrome b6f complex | plastoquinol = CHEBI:60144; cytochrome b6f complex = GO:0009512 | “PQH2 diffuses in the membrane to reduce the cytochrome b6f complex” (milrad2024regulationofmicroalgal pages 1-3) | 10.3390/plants13152103; 2024-07 | High-confidence, broadly applicable in oxygenic phototrophs. |
research/traits/metabolism/oxygenic_photosynthesis-deep-research-falcon.md	281	GO:0009512	cytochrome b6f complex	cytochrome b6f complex	OK_LABEL	1.00	| cytochrome b6f complex | increases | proton motive force across thylakoid membrane | cytochrome b6f complex = GO:0009512; proton motive force = GO:0015990; thylakoid membrane = GO:0042651 | “reduce the cytochrome b6f complex, increasing proton motive force (pmf) generation across the thylakoid membrane” (milrad2024regulationofmicroalgal pages 1-3) | 10.3390/plants13152103; 2024-07 | High-confidence energetic coupling edge. |
research/traits/metabolism/oxygenic_photosynthesis-deep-research-falcon.md	281	GO:0015990	cytochrome b6f complex	electron transport coupled proton transport	DRIFT	0.31	| cytochrome b6f complex | increases | proton motive force across thylakoid membrane | cytochrome b6f complex = GO:0009512; proton motive force = GO:0015990; thylakoid membrane = GO:0042651 | “reduce the cytochrome b6f complex, increasing proton motive force (pmf) generation across the thylakoid membrane” (milrad2024regulationofmicroalgal pages 1-3) | 10.3390/plants13152103; 2024-07 | High-confidence energetic coupling edge. |
research/traits/metabolism/oxygenic_photosynthesis-deep-research-falcon.md	281	GO:0042651	cytochrome b6f complex	thylakoid membrane	OK_IN_ROW	1.00	| cytochrome b6f complex | increases | proton motive force across thylakoid membrane | cytochrome b6f complex = GO:0009512; proton motive force = GO:0015990; thylakoid membrane = GO:0042651 | “reduce the cytochrome b6f complex, increasing proton motive force (pmf) generation across the thylakoid membrane” (milrad2024regulationofmicroalgal pages 1-3) | 10.3390/plants13152103; 2024-07 | High-confidence energetic coupling edge. |
research/traits/metabolism/oxygenic_photosynthesis-deep-research-falcon.md	282	GO:0015990	proton motive force	electron transport coupled proton transport	DRIFT	0.32	| proton motive force | powers | ATP synthase ATP production | proton motive force = GO:0015990; ATP synthase = GO:0015986; ATP = CHEBI:15422 | the chain generates “lumenal protons needed for NADPH and ATP synthesis” and “an increased generation of ATP by the ATP synthase” (shevela2023solarenergyconversion pages 1-2) | 10.1007/s11120-022-00991-y; 2023-02 | Strong but somewhat indirect in gathered snippets; still standard and curatable. |
research/traits/metabolism/oxygenic_photosynthesis-deep-research-falcon.md	282	GO:0015986	proton motive force	proton motive force-driven ATP synthesis	OK_LABEL	1.00	| proton motive force | powers | ATP synthase ATP production | proton motive force = GO:0015990; ATP synthase = GO:0015986; ATP = CHEBI:15422 | the chain generates “lumenal protons needed for NADPH and ATP synthesis” and “an increased generation of ATP by the ATP synthase” (shevela2023solarenergyconversion pages 1-2) | 10.1007/s11120-022-00991-y; 2023-02 | Strong but somewhat indirect in gathered snippets; still standard and curatable. |
research/traits/metabolism/oxygenic_photosynthesis-deep-research-falcon.md	282	CHEBI:15422	proton motive force	ATP	OK_IN_ROW	1.00	| proton motive force | powers | ATP synthase ATP production | proton motive force = GO:0015990; ATP synthase = GO:0015986; ATP = CHEBI:15422 | the chain generates “lumenal protons needed for NADPH and ATP synthesis” and “an increased generation of ATP by the ATP synthase” (shevela2023solarenergyconversion pages 1-2) | 10.1007/s11120-022-00991-y; 2023-02 | Strong but somewhat indirect in gathered snippets; still standard and curatable. |
research/traits/metabolism/oxygenic_photosynthesis-deep-research-falcon.md	283	GO:0009522	plastocyanin or cytochrome c6	photosystem I	OK_IN_ROW	1.00	| plastocyanin or cytochrome c6 | donates electrons to | Photosystem I | plastocyanin = label-only; cytochrome c6 = label-only; PSI = GO:0009522 | “Electron transfer from cytochrome b6f to PSI is mediated by either plastocyanin (Pc) or cytochrome c6 (Cytc6)” and PSI is replenished by “plastocyanin or cytochrome” (milrad2024regulationofmicroalgal pages 1-3, tian2024photosystemia pages 1-2) | 10.3390/plants13152103; 2024-07; 10.3390/ijms25168767; 2024-08 | High-confidence; choice of donor can depend on metal availability/environment. |
research/traits/metabolism/oxygenic_photosynthesis-deep-research-falcon.md	284	GO:0009522	photosystem i	photosystem I	OK_LABEL	1.00	| Photosystem I | reduces | ferredoxin | PSI = GO:0009522; ferredoxin = label-only | “PSI functions as the light-driven plastocyanin-ferredoxin oxidoreductase” and “Electrons are transferred… to ferredoxin” (tian2024photosystemia pages 1-2) | 10.3390/ijms25168767; 2024-08 | High-confidence defining PSI function. |
research/traits/metabolism/oxygenic_photosynthesis-deep-research-falcon.md	285	CHEBI:16474	linear electron transfer chain	NADPH	OK_IN_ROW	1.00	| linear electron transfer chain | supports | NADPH production | linear electron transfer chain = label-only; NADPH = CHEBI:16474 | “The linear electron transfer chain (Z-scheme) transfers electrons from H2O through PSII to NADP+ reduction” and generates components “needed for NADPH and ATP synthesis” (shevela2023solarenergyconversion pages 1-2) | 10.1007/s11120-022-00991-y; 2023-02 | High-confidence, but FNR not directly evidenced in retrieved snippets. |
research/traits/metabolism/oxygenic_photosynthesis-deep-research-falcon.md	286	CHEBI:15422	atp + nadph	ATP	OK_LABEL	1.00	| ATP + NADPH | powers | Calvin-Benson(-Bassham) CO2 fixation | ATP = CHEBI:15422; NADPH = CHEBI:16474; CO2 = CHEBI:16526; Calvin-Benson-Bassham cycle = GO:0019253 | oxygenic photosynthesis uses water as electron donor for “CO2 fixation via the Calvin-Benson-Bassham cycle” and reduced ferredoxin provides reducing power used in “CO2 fixation” (milrad2024regulationofmicroalgal pages 1-3, tian2024photosystemia pages 1-2) | 10.3390/plants13152103; 2024-07; 10.3390/ijms25168767; 2024-08 | High-confidence phenotype-level output edge. |
research/traits/metabolism/oxygenic_photosynthesis-deep-research-falcon.md	286	CHEBI:16474	atp + nadph	NADPH	OK_LABEL	1.00	| ATP + NADPH | powers | Calvin-Benson(-Bassham) CO2 fixation | ATP = CHEBI:15422; NADPH = CHEBI:16474; CO2 = CHEBI:16526; Calvin-Benson-Bassham cycle = GO:0019253 | oxygenic photosynthesis uses water as electron donor for “CO2 fixation via the Calvin-Benson-Bassham cycle” and reduced ferredoxin provides reducing power used in “CO2 fixation” (milrad2024regulationofmicroalgal pages 1-3, tian2024photosystemia pages 1-2) | 10.3390/plants13152103; 2024-07; 10.3390/ijms25168767; 2024-08 | High-confidence phenotype-level output edge. |
research/traits/metabolism/oxygenic_photosynthesis-deep-research-falcon.md	286	CHEBI:16526	atp + nadph	carbon dioxide	OK_IN_ROW	1.00	| ATP + NADPH | powers | Calvin-Benson(-Bassham) CO2 fixation | ATP = CHEBI:15422; NADPH = CHEBI:16474; CO2 = CHEBI:16526; Calvin-Benson-Bassham cycle = GO:0019253 | oxygenic photosynthesis uses water as electron donor for “CO2 fixation via the Calvin-Benson-Bassham cycle” and reduced ferredoxin provides reducing power used in “CO2 fixation” (milrad2024regulationofmicroalgal pages 1-3, tian2024photosystemia pages 1-2) | 10.3390/plants13152103; 2024-07; 10.3390/ijms25168767; 2024-08 | High-confidence phenotype-level output edge. |
research/traits/metabolism/oxygenic_photosynthesis-deep-research-falcon.md	286	GO:0019253	atp + nadph	reductive pentose-phosphate cycle	DRIFT	0.21	| ATP + NADPH | powers | Calvin-Benson(-Bassham) CO2 fixation | ATP = CHEBI:15422; NADPH = CHEBI:16474; CO2 = CHEBI:16526; Calvin-Benson-Bassham cycle = GO:0019253 | oxygenic photosynthesis uses water as electron donor for “CO2 fixation via the Calvin-Benson-Bassham cycle” and reduced ferredoxin provides reducing power used in “CO2 fixation” (milrad2024regulationofmicroalgal pages 1-3, tian2024photosystemia pages 1-2) | 10.3390/plants13152103; 2024-07; 10.3390/ijms25168767; 2024-08 | High-confidence phenotype-level output edge. |
research/traits/metabolism/oxygenic_photosynthesis-deep-research-falcon.md	287	GO:0009522	reduced psaab expression / low psi abundance	photosystem I	DRIFT	0.08	| reduced psaAB expression / low PSI abundance | decreases likelihood of | photoautotrophic growth | psaAB = label-only; PSI = GO:0009522; photoautotrophic growth = label-only | “Mutants with 25-70% wild-type PSI levels remained photoautotrophic” but “strains with less than 10% PSI became obligate photoheterotrophs” (moore2024functionalconsequencesof pages 1-2); “photoautotrophy requires PSI:PSII ratios higher than 1:5” (moore2024functionalconsequencesof pages 13-15) | 10.1128/jb.00454-23; 2024-05 | Strong experimental edge, but taxon-specific to *Synechocystis* PCC 6803; mark uncertain for universal threshold. |
research/traits/metabolism/oxygenic_photosynthesis-deep-research-falcon.md	288	ENVO:01001242	high light	canopy	DRIFT	0.00	| high light | causes | PSII photodamage / D1 repair cycle activation | high light = ENVO:01001242; PSII = GO:0009523; D1/PsbA = label-only | “High light stress decreases the photosynthetic rate… due to photooxidative damage to photosynthetic apparatus, photoinhibition of PSII” and “degradation of the D1 protein of PSII and its repair cycle help” (from retrieved 2023 review summary) | 10.32615/ps.2023.021; 2023-06 | Useful stress-regulation edge, but evidence here is broader than microbes and should be marked uncertain pending cyanobacteria-specific primary support. |
research/traits/metabolism/oxygenic_photosynthesis-deep-research-falcon.md	288	GO:0009523	high light	photosystem II	DRIFT	0.27	| high light | causes | PSII photodamage / D1 repair cycle activation | high light = ENVO:01001242; PSII = GO:0009523; D1/PsbA = label-only | “High light stress decreases the photosynthetic rate… due to photooxidative damage to photosynthetic apparatus, photoinhibition of PSII” and “degradation of the D1 protein of PSII and its repair cycle help” (from retrieved 2023 review summary) | 10.32615/ps.2023.021; 2023-06 | Useful stress-regulation edge, but evidence here is broader than microbes and should be marked uncertain pending cyanobacteria-specific primary support. |
research/traits/metabolism/proteolysis-deep-research-falcon.md	227	GO:0030163	proteolysis / protein catabolic process	protein catabolic process	OK_LABEL	1.00	| proteolysis / protein catabolic process | `GO:0030163` | Broader process; localization and nutritional context must be added. |
research/traits/metabolism/proteolysis-deep-research-falcon.md	228	GO:0008233	peptidase activity	peptidase activity	OK_LABEL	1.00	| peptidase activity | `GO:0008233` | Generic molecular function. |
research/traits/metabolism/proteolysis-deep-research-falcon.md	230	GO:0006857	oligopeptide transport	oligopeptide transport	OK_LABEL	1.00	| oligopeptide transport | `GO:0006857` | Downstream assimilation module; verify applicability to each transporter. |
research/traits/metabolism/proteolysis-deep-research-falcon.md	245	CHEBI:33709	amino acid	amino acid	OK_LABEL	1.00	| amino acid | `CHEBI:33709` candidate | Verify against the current ChEBI release before committing. |
research/traits/metabolism/proteolysis-deep-research-falcon.md	274	GO:0043952	sec secretion system	protein transport by the Sec complex	OK_IN_ROW	1.00	| Sec secretion system | `GO:0043952` candidate for protein transport by the Sec complex | Use only where the source establishes Sec-dependent export. |
research/traits/metabolism/proteolysis-deep-research-falcon.md	275	SO:0000418	signal peptide		UNKNOWN_PREFIX	0.00	| signal peptide | `SO:0000418` candidate | Enabling feature rather than an enzyme. |
research/traits/metabolism/proteorhodopsin_phototrophy-deep-research-falcon.md	216	GO:0015078	proteorhodopsin holoprotein	proton transmembrane transporter activity	OK_IN_ROW	1.00	| proteorhodopsin holoprotein | Light-activated integral-membrane proton pump | GO:0015078, proton transmembrane transporter activity; optionally label-only for protein identity |
research/traits/metabolism/proteorhodopsin_phototrophy-deep-research-falcon.md	222	GO:0015986	f-type h⁺-transporting atp synthase	proton motive force-driven ATP synthesis	OK_IN_ROW	1.00	| F-type H⁺-transporting ATP synthase | Uses PMF to phosphorylate ADP | GO:0015986, ATP synthesis coupled proton transport |
research/traits/metabolism/proteorhodopsin_phototrophy-deep-research-falcon.md	231	CHEBI:30212	light / photon	photon	OK_LABEL	1.00	| light / photon | CHEBI:30212 (photon) |
research/traits/metabolism/proteorhodopsin_phototrophy-deep-research-falcon.md	232	CHEBI:15035	all-trans-retinal	retinal	OK_LABEL	1.00	| all-trans-retinal | CHEBI:15035 |
research/traits/metabolism/proteorhodopsin_phototrophy-deep-research-falcon.md	233	CHEBI:17579	β-carotene	beta-carotene	DRIFT	0.80	| β-carotene | CHEBI:17579 |
research/traits/metabolism/proteorhodopsin_phototrophy-deep-research-falcon.md	234	CHEBI:15378	proton (h⁺)	hydron	DRIFT	0.46	| proton (H⁺) | CHEBI:15378 |
research/traits/metabolism/proteorhodopsin_phototrophy-deep-research-falcon.md	235	CHEBI:15422	atp	ATP	OK_LABEL	1.00	| ATP | CHEBI:15422 |
research/traits/metabolism/proteorhodopsin_phototrophy-deep-research-falcon.md	236	CHEBI:16761	adp	ADP	OK_LABEL	1.00	| ADP | CHEBI:16761 |
research/traits/metabolism/proteorhodopsin_phototrophy-deep-research-falcon.md	237	CHEBI:43474	phosphate	hydrogenphosphate	OK_LABEL	1.00	| phosphate | CHEBI:43474 |
research/traits/metabolism/proteorhodopsin_phototrophy-deep-research-falcon.md	239	CHEBI:27547	zeaxanthin	zeaxanthin	OK_LABEL	1.00	| zeaxanthin | CHEBI:27547 |
research/traits/metabolism/proteorhodopsin_phototrophy-deep-research-falcon.md	241	CHEBI:3259	cccp protonophore	CCCP	OK_LABEL	1.00	| CCCP protonophore | CHEBI:3259; useful as an experimental perturbation node |
research/traits/metabolism/proteorhodopsin_phototrophy-deep-research-falcon.md	247	GO:0018298	light absorption / retinal photoisomerization	obsolete protein-chromophore linkage	OBSOLETE	1.00	| light absorption / retinal photoisomerization | GO:0018298 may be considered for protein–chromophore linkage; otherwise label-only process |
research/traits/metabolism/proteorhodopsin_phototrophy-deep-research-falcon.md	248	GO:1902600	proton transmembrane transport	proton transmembrane transport	OK_LABEL	1.00	| proton transmembrane transport | GO:1902600 |
research/traits/metabolism/proteorhodopsin_phototrophy-deep-research-falcon.md	250	GO:0015986	atp synthesis coupled proton transport	proton motive force-driven ATP synthesis	OK_LABEL	1.00	| ATP synthesis coupled proton transport | GO:0015986 |
research/traits/metabolism/proteorhodopsin_phototrophy-deep-research-falcon.md	251	GO:0005886	cytoplasmic membrane	plasma membrane	OK_LABEL	1.00	| cytoplasmic membrane | GO:0005886 |
research/traits/metabolism/proteorhodopsin_phototrophy-deep-research-falcon.md	253	GO:0055085	substrate uptake	transmembrane transport	OK_IN_ROW	1.00	| substrate uptake | GO:0055085, transmembrane transport, or substrate-specific term |
research/traits/metabolism/proteorhodopsin_phototrophy-deep-research-falcon.md	254	GO:0001539	flagellar motility	cilium or flagellum-dependent cell motility	OK_LABEL	1.00	| flagellar motility | GO:0001539 where applicable |
research/traits/metabolism/proteorhodopsin_phototrophy-deep-research-falcon.md	283	GO:0015986	f-type atp synthase	proton motive force-driven ATP synthesis	DRIFT	0.43	| F-type ATP synthase | phosphorylates | ADP + phosphate to ATP | **Core** | Feng 2023 | PMF “drives ATP synthesis via F0F1-ATPase” | Use GO:0015986; biochemical stoichiometry should not be asserted without system-specific data. (feng2023isproteorhodopsina pages 17-23) |
research/traits/metabolism/respiration-deep-research-falcon.md	199	GO:0022900	canonical chemiosmosis	electron transport chain	OK_IN_ROW	1.00	| Canonical chemiosmosis | electron donor oxidation → membrane electron transport chain → electrochemical ion gradient / proton motive force → ATP synthase-driven ATP production (simon2008theorganisationof pages 1-3, little2024dietaryandhostderived pages 1-3) | GO:0022900 electron transport chain; GO:0015992 proton transport; GO:0006754 ATP biosynthetic process; ATP synthase (label-only); NADH (CHEBI:16908); quinone/quinol pool (label-only) | Strong, broad trait-defining mechanism from foundational review and 2024 respiration definition; applies across many prokaryotes but exact ion/protein architecture varies by taxon (simon2008theorganisationof pages 1-3, little2024dietaryandhostderived pages 1-3) |
research/traits/metabolism/respiration-deep-research-falcon.md	199	GO:0015992	canonical chemiosmosis		UNRESOLVED	0.00	| Canonical chemiosmosis | electron donor oxidation → membrane electron transport chain → electrochemical ion gradient / proton motive force → ATP synthase-driven ATP production (simon2008theorganisationof pages 1-3, little2024dietaryandhostderived pages 1-3) | GO:0022900 electron transport chain; GO:0015992 proton transport; GO:0006754 ATP biosynthetic process; ATP synthase (label-only); NADH (CHEBI:16908); quinone/quinol pool (label-only) | Strong, broad trait-defining mechanism from foundational review and 2024 respiration definition; applies across many prokaryotes but exact ion/protein architecture varies by taxon (simon2008theorganisationof pages 1-3, little2024dietaryandhostderived pages 1-3) |
research/traits/metabolism/respiration-deep-research-falcon.md	199	GO:0006754	canonical chemiosmosis	ATP biosynthetic process	OK_IN_ROW	1.00	| Canonical chemiosmosis | electron donor oxidation → membrane electron transport chain → electrochemical ion gradient / proton motive force → ATP synthase-driven ATP production (simon2008theorganisationof pages 1-3, little2024dietaryandhostderived pages 1-3) | GO:0022900 electron transport chain; GO:0015992 proton transport; GO:0006754 ATP biosynthetic process; ATP synthase (label-only); NADH (CHEBI:16908); quinone/quinol pool (label-only) | Strong, broad trait-defining mechanism from foundational review and 2024 respiration definition; applies across many prokaryotes but exact ion/protein architecture varies by taxon (simon2008theorganisationof pages 1-3, little2024dietaryandhostderived pages 1-3) |
research/traits/metabolism/respiration-deep-research-falcon.md	199	CHEBI:16908	canonical chemiosmosis	NADH	OK_IN_ROW	1.00	| Canonical chemiosmosis | electron donor oxidation → membrane electron transport chain → electrochemical ion gradient / proton motive force → ATP synthase-driven ATP production (simon2008theorganisationof pages 1-3, little2024dietaryandhostderived pages 1-3) | GO:0022900 electron transport chain; GO:0015992 proton transport; GO:0006754 ATP biosynthetic process; ATP synthase (label-only); NADH (CHEBI:16908); quinone/quinol pool (label-only) | Strong, broad trait-defining mechanism from foundational review and 2024 respiration definition; applies across many prokaryotes but exact ion/protein architecture varies by taxon (simon2008theorganisationof pages 1-3, little2024dietaryandhostderived pages 1-3) |
research/traits/metabolism/respiration-deep-research-falcon.md	200	CHEBI:15379	aerobic terminal oxidation	dioxygen	OK_IN_ROW	1.00	| Aerobic terminal oxidation | reduced carriers / cytochrome c or quinol → terminal oxidase → O2 reduction to H2O + proton translocation → pmf contribution (wikstrom2018oxygenactivationand pages 1-2, ford2024theelectrontransport pages 1-2) | oxygen (CHEBI:15379); water (CHEBI:15377); cytochrome c oxidase (label-only); GO:0004129 cytochrome-c oxidase activity | Strong for aerobic respiration; proton-pumping type A oxidases directly supported, but oxidase classes and efficiencies differ among bacteria (wikstrom2018oxygenactivationand pages 1-2) |
research/traits/metabolism/respiration-deep-research-falcon.md	200	CHEBI:15377	aerobic terminal oxidation	water	OK_IN_ROW	1.00	| Aerobic terminal oxidation | reduced carriers / cytochrome c or quinol → terminal oxidase → O2 reduction to H2O + proton translocation → pmf contribution (wikstrom2018oxygenactivationand pages 1-2, ford2024theelectrontransport pages 1-2) | oxygen (CHEBI:15379); water (CHEBI:15377); cytochrome c oxidase (label-only); GO:0004129 cytochrome-c oxidase activity | Strong for aerobic respiration; proton-pumping type A oxidases directly supported, but oxidase classes and efficiencies differ among bacteria (wikstrom2018oxygenactivationand pages 1-2) |
research/traits/metabolism/respiration-deep-research-falcon.md	200	GO:0004129	aerobic terminal oxidation	cytochrome-c oxidase activity	OK_IN_ROW	1.00	| Aerobic terminal oxidation | reduced carriers / cytochrome c or quinol → terminal oxidase → O2 reduction to H2O + proton translocation → pmf contribution (wikstrom2018oxygenactivationand pages 1-2, ford2024theelectrontransport pages 1-2) | oxygen (CHEBI:15379); water (CHEBI:15377); cytochrome c oxidase (label-only); GO:0004129 cytochrome-c oxidase activity | Strong for aerobic respiration; proton-pumping type A oxidases directly supported, but oxidase classes and efficiencies differ among bacteria (wikstrom2018oxygenactivationand pages 1-2) |
research/traits/metabolism/respiration-deep-research-falcon.md	201	CHEBI:17632	anaerobic soluble acceptors	nitrate	OK_IN_ROW	1.00	| Anaerobic soluble acceptors | organic or inorganic donor oxidation → quinone-linked / membrane-associated reductases → alternative terminal acceptor reduction under low O2 (little2024dietaryandhostderived pages 1-3, little2024dietaryandhostderived pages 3-4, sina2024persistentactivityof pages 1-2) | nitrate (CHEBI:17632); nitrite (CHEBI:16301); fumarate (CHEBI:18012); dimethyl sulfoxide (CHEBI:28262); formate (CHEBI:15740); fumarate reductase/UrdA/periplasmic reductases (label-only) | Strong that alternative acceptors support anaerobic respiration; specific reductase-substrate pairs can be taxon-specific, especially organic acceptors in gut lineages (little2024dietaryandhostderived pages 3-4, little2024dietaryandhostderived pages 1-3) |
research/traits/metabolism/respiration-deep-research-falcon.md	201	CHEBI:16301	anaerobic soluble acceptors	nitrite	OK_IN_ROW	1.00	| Anaerobic soluble acceptors | organic or inorganic donor oxidation → quinone-linked / membrane-associated reductases → alternative terminal acceptor reduction under low O2 (little2024dietaryandhostderived pages 1-3, little2024dietaryandhostderived pages 3-4, sina2024persistentactivityof pages 1-2) | nitrate (CHEBI:17632); nitrite (CHEBI:16301); fumarate (CHEBI:18012); dimethyl sulfoxide (CHEBI:28262); formate (CHEBI:15740); fumarate reductase/UrdA/periplasmic reductases (label-only) | Strong that alternative acceptors support anaerobic respiration; specific reductase-substrate pairs can be taxon-specific, especially organic acceptors in gut lineages (little2024dietaryandhostderived pages 3-4, little2024dietaryandhostderived pages 1-3) |
research/traits/metabolism/respiration-deep-research-falcon.md	201	CHEBI:18012	anaerobic soluble acceptors	fumaric acid	DRIFT	0.36	| Anaerobic soluble acceptors | organic or inorganic donor oxidation → quinone-linked / membrane-associated reductases → alternative terminal acceptor reduction under low O2 (little2024dietaryandhostderived pages 1-3, little2024dietaryandhostderived pages 3-4, sina2024persistentactivityof pages 1-2) | nitrate (CHEBI:17632); nitrite (CHEBI:16301); fumarate (CHEBI:18012); dimethyl sulfoxide (CHEBI:28262); formate (CHEBI:15740); fumarate reductase/UrdA/periplasmic reductases (label-only) | Strong that alternative acceptors support anaerobic respiration; specific reductase-substrate pairs can be taxon-specific, especially organic acceptors in gut lineages (little2024dietaryandhostderived pages 3-4, little2024dietaryandhostderived pages 1-3) |
research/traits/metabolism/respiration-deep-research-falcon.md	201	CHEBI:28262	anaerobic soluble acceptors	dimethyl sulfoxide	OK_IN_ROW	1.00	| Anaerobic soluble acceptors | organic or inorganic donor oxidation → quinone-linked / membrane-associated reductases → alternative terminal acceptor reduction under low O2 (little2024dietaryandhostderived pages 1-3, little2024dietaryandhostderived pages 3-4, sina2024persistentactivityof pages 1-2) | nitrate (CHEBI:17632); nitrite (CHEBI:16301); fumarate (CHEBI:18012); dimethyl sulfoxide (CHEBI:28262); formate (CHEBI:15740); fumarate reductase/UrdA/periplasmic reductases (label-only) | Strong that alternative acceptors support anaerobic respiration; specific reductase-substrate pairs can be taxon-specific, especially organic acceptors in gut lineages (little2024dietaryandhostderived pages 3-4, little2024dietaryandhostderived pages 1-3) |
research/traits/metabolism/respiration-deep-research-falcon.md	201	CHEBI:15740	anaerobic soluble acceptors	formate	OK_IN_ROW	1.00	| Anaerobic soluble acceptors | organic or inorganic donor oxidation → quinone-linked / membrane-associated reductases → alternative terminal acceptor reduction under low O2 (little2024dietaryandhostderived pages 1-3, little2024dietaryandhostderived pages 3-4, sina2024persistentactivityof pages 1-2) | nitrate (CHEBI:17632); nitrite (CHEBI:16301); fumarate (CHEBI:18012); dimethyl sulfoxide (CHEBI:28262); formate (CHEBI:15740); fumarate reductase/UrdA/periplasmic reductases (label-only) | Strong that alternative acceptors support anaerobic respiration; specific reductase-substrate pairs can be taxon-specific, especially organic acceptors in gut lineages (little2024dietaryandhostderived pages 3-4, little2024dietaryandhostderived pages 1-3) |
research/traits/metabolism/respiration-deep-research-falcon.md	202	CHEBI:16189	sulfate respiration	sulfate	OK_LABEL	1.00	| Sulfate respiration | sulfate uptake/activation → APS reduction → sulfite reduction via Dsr system → energy conservation during anaerobic sulfur respiration (diao2023globaldiversityand pages 1-2, dyksma2023oxygenrespirationand pages 1-2) | sulfate (CHEBI:16189); sulfite (CHEBI:18498); sulfide (CHEBI:16134); sat (label-only); aprAB (label-only); qmoABC (label-only); dsrAB/dsrC/dsrMKJOP (label-only) | Strong for sulfate/sulfite-respiring guilds; genomic prediction alone may not resolve reductive vs oxidative direction in some Dsr-containing taxa, so some edges need taxon/context qualification (diao2023globaldiversityand pages 1-2) |
research/traits/metabolism/respiration-deep-research-falcon.md	202	CHEBI:18498	sulfate respiration		UNRESOLVED	0.00	| Sulfate respiration | sulfate uptake/activation → APS reduction → sulfite reduction via Dsr system → energy conservation during anaerobic sulfur respiration (diao2023globaldiversityand pages 1-2, dyksma2023oxygenrespirationand pages 1-2) | sulfate (CHEBI:16189); sulfite (CHEBI:18498); sulfide (CHEBI:16134); sat (label-only); aprAB (label-only); qmoABC (label-only); dsrAB/dsrC/dsrMKJOP (label-only) | Strong for sulfate/sulfite-respiring guilds; genomic prediction alone may not resolve reductive vs oxidative direction in some Dsr-containing taxa, so some edges need taxon/context qualification (diao2023globaldiversityand pages 1-2) |
research/traits/metabolism/respiration-deep-research-falcon.md	202	CHEBI:16134	sulfate respiration	ammonia	DRIFT	0.46	| Sulfate respiration | sulfate uptake/activation → APS reduction → sulfite reduction via Dsr system → energy conservation during anaerobic sulfur respiration (diao2023globaldiversityand pages 1-2, dyksma2023oxygenrespirationand pages 1-2) | sulfate (CHEBI:16189); sulfite (CHEBI:18498); sulfide (CHEBI:16134); sat (label-only); aprAB (label-only); qmoABC (label-only); dsrAB/dsrC/dsrMKJOP (label-only) | Strong for sulfate/sulfite-respiring guilds; genomic prediction alone may not resolve reductive vs oxidative direction in some Dsr-containing taxa, so some edges need taxon/context qualification (diao2023globaldiversityand pages 1-2) |
research/traits/metabolism/respiration-deep-research-falcon.md	203	CHEBI:18009	extracellular electron transfer	NADP(+)	DRIFT	0.33	| Extracellular electron transfer | intracellular donor oxidation → quinol pool → CymA/periplasmic carriers → outer-membrane conduit → extracellular acceptor reduction (minerals/electrode) (ford2024theelectrontransport pages 1-2, shaw2025independentlyevolvedextracellular pages 1-2, soares2025toolsforenhancing pages 5-8) | Fe(III) (label-only); Mn(IV) (label-only); electrode/anode (label-only); menaquinone (CHEBI:18009); ubiquinone (CHEBI:16389); MtrCAB (label-only); CymA (label-only); Omc/Pcc pathways (label-only) | Strong for electroactive taxa such as Shewanella/Geobacter relatives; not a universal respiration mechanism. Quantitative support includes measured single-cell/current outputs in BES literature, but transfer architectures are lineage-specific (ford2024theelectrontransport pages 1-2, soares2025toolsforenhancing pages 5-8) |
research/traits/metabolism/respiration-deep-research-falcon.md	203	CHEBI:16389	extracellular electron transfer	ubiquinones	OK_IN_ROW	1.00	| Extracellular electron transfer | intracellular donor oxidation → quinol pool → CymA/periplasmic carriers → outer-membrane conduit → extracellular acceptor reduction (minerals/electrode) (ford2024theelectrontransport pages 1-2, shaw2025independentlyevolvedextracellular pages 1-2, soares2025toolsforenhancing pages 5-8) | Fe(III) (label-only); Mn(IV) (label-only); electrode/anode (label-only); menaquinone (CHEBI:18009); ubiquinone (CHEBI:16389); MtrCAB (label-only); CymA (label-only); Omc/Pcc pathways (label-only) | Strong for electroactive taxa such as Shewanella/Geobacter relatives; not a universal respiration mechanism. Quantitative support includes measured single-cell/current outputs in BES literature, but transfer architectures are lineage-specific (ford2024theelectrontransport pages 1-2, soares2025toolsforenhancing pages 5-8) |
research/traits/metabolism/respiration-deep-research-falcon.md	204	CHEBI:15379	respiratory flexibility / switching	dioxygen	OK_IN_ROW	1.00	| Respiratory flexibility / switching | environmental O2 availability shift → transcriptional/metabolic switch between terminal acceptors (e.g., sulfate ↔ oxygen; denitrification/fermentation under anoxia) (dyksma2023oxygenrespirationand pages 1-2, sina2024persistentactivityof pages 1-2) | oxygen (CHEBI:15379); sulfate (CHEBI:16189); nitrate (CHEBI:17632); nitrite (CHEBI:16301); denitrification (GO:0019363) | Moderate-to-strong but context-dependent; directly shown in specific systems, so curate as facultative or taxon-scoped rather than universal for respiration trait (dyksma2023oxygenrespirationand pages 1-2, sina2024persistentactivityof pages 1-2) |
research/traits/metabolism/respiration-deep-research-falcon.md	204	CHEBI:16189	respiratory flexibility / switching	sulfate	OK_IN_ROW	1.00	| Respiratory flexibility / switching | environmental O2 availability shift → transcriptional/metabolic switch between terminal acceptors (e.g., sulfate ↔ oxygen; denitrification/fermentation under anoxia) (dyksma2023oxygenrespirationand pages 1-2, sina2024persistentactivityof pages 1-2) | oxygen (CHEBI:15379); sulfate (CHEBI:16189); nitrate (CHEBI:17632); nitrite (CHEBI:16301); denitrification (GO:0019363) | Moderate-to-strong but context-dependent; directly shown in specific systems, so curate as facultative or taxon-scoped rather than universal for respiration trait (dyksma2023oxygenrespirationand pages 1-2, sina2024persistentactivityof pages 1-2) |
research/traits/metabolism/respiration-deep-research-falcon.md	204	CHEBI:17632	respiratory flexibility / switching	nitrate	OK_IN_ROW	1.00	| Respiratory flexibility / switching | environmental O2 availability shift → transcriptional/metabolic switch between terminal acceptors (e.g., sulfate ↔ oxygen; denitrification/fermentation under anoxia) (dyksma2023oxygenrespirationand pages 1-2, sina2024persistentactivityof pages 1-2) | oxygen (CHEBI:15379); sulfate (CHEBI:16189); nitrate (CHEBI:17632); nitrite (CHEBI:16301); denitrification (GO:0019363) | Moderate-to-strong but context-dependent; directly shown in specific systems, so curate as facultative or taxon-scoped rather than universal for respiration trait (dyksma2023oxygenrespirationand pages 1-2, sina2024persistentactivityof pages 1-2) |
research/traits/metabolism/respiration-deep-research-falcon.md	204	CHEBI:16301	respiratory flexibility / switching	nitrite	OK_IN_ROW	1.00	| Respiratory flexibility / switching | environmental O2 availability shift → transcriptional/metabolic switch between terminal acceptors (e.g., sulfate ↔ oxygen; denitrification/fermentation under anoxia) (dyksma2023oxygenrespirationand pages 1-2, sina2024persistentactivityof pages 1-2) | oxygen (CHEBI:15379); sulfate (CHEBI:16189); nitrate (CHEBI:17632); nitrite (CHEBI:16301); denitrification (GO:0019363) | Moderate-to-strong but context-dependent; directly shown in specific systems, so curate as facultative or taxon-scoped rather than universal for respiration trait (dyksma2023oxygenrespirationand pages 1-2, sina2024persistentactivityof pages 1-2) |
research/traits/metabolism/respiration-deep-research-falcon.md	204	GO:0019363	respiratory flexibility / switching	pyridine nucleotide biosynthetic process	DRIFT	0.31	| Respiratory flexibility / switching | environmental O2 availability shift → transcriptional/metabolic switch between terminal acceptors (e.g., sulfate ↔ oxygen; denitrification/fermentation under anoxia) (dyksma2023oxygenrespirationand pages 1-2, sina2024persistentactivityof pages 1-2) | oxygen (CHEBI:15379); sulfate (CHEBI:16189); nitrate (CHEBI:17632); nitrite (CHEBI:16301); denitrification (GO:0019363) | Moderate-to-strong but context-dependent; directly shown in specific systems, so curate as facultative or taxon-scoped rather than universal for respiration trait (dyksma2023oxygenrespirationand pages 1-2, sina2024persistentactivityof pages 1-2) |
research/traits/metabolism/respiration-deep-research-falcon.md	205	CHEBI:50366	assay boundaries / non-defining proxies	6-methylprednisolone	DRIFT	0.22	| Assay boundaries / non-defining proxies | resazurin/tetrazolium reduction or generic metabolic dye conversion ↛ direct evidence of O2 respiration or respiration trait state; methane oxidation under anoxia may involve fermentation or denitrification after O2-dependent activation step (braissant2020areviewof pages 1-2, sina2024persistentactivityof pages 1-2) | resazurin (CHEBI:50366); tetrazolium salts (label-only); oxygen consumption assay (label-only) | Strong caution: assay readouts can reflect metabolism without directly measuring respiration, and some pathways mix respiratory and non-respiratory energetics; avoid curating assay proxy as causal trait edge (braissant2020areviewof pages 1-2, sina2024persistentactivityof pages 1-2) |
research/traits/metabolism/respiration-deep-research-falcon.md	219	GO:0022900	electron transport chain	electron transport chain	OK_LABEL	1.00	| electron transport chain | `GO:0022900` | Broad process node. |
research/traits/metabolism/respiration-deep-research-falcon.md	220	GO:0015992	proton transport		UNRESOLVED	0.00	| proton transport | `GO:0015992` | Use beneath broader electrochemical-ion-gradient formation. |
research/traits/metabolism/respiration-deep-research-falcon.md	221	GO:0006754	atp biosynthetic process	ATP biosynthetic process	OK_LABEL	1.00	| ATP biosynthetic process | `GO:0006754` | Productive energy-conservation output. |
research/traits/metabolism/respiration-deep-research-falcon.md	222	GO:0019363	denitrification	pyridine nucleotide biosynthetic process	DRIFT	0.38	| denitrification | `GO:0019363` | Anaerobic respiratory specialization. |
research/traits/metabolism/respiration-deep-research-falcon.md	232	CHEBI:15379	oxygen	dioxygen	OK_LABEL	1.00	| oxygen | `CHEBI:15379` | Aerobic terminal acceptor. |
research/traits/metabolism/respiration-deep-research-falcon.md	233	CHEBI:15377	water	water	OK_LABEL	1.00	| water | `CHEBI:15377` | Product of oxygen reduction. |
research/traits/metabolism/respiration-deep-research-falcon.md	234	CHEBI:17632	nitrate	nitrate	OK_LABEL	1.00	| nitrate | `CHEBI:17632` | Alternative acceptor. |
research/traits/metabolism/respiration-deep-research-falcon.md	235	CHEBI:16301	nitrite	nitrite	OK_LABEL	1.00	| nitrite | `CHEBI:16301` | Acceptor/intermediate in nitrogen respiration. |
research/traits/metabolism/respiration-deep-research-falcon.md	236	CHEBI:18012	fumarate	fumaric acid	DRIFT	0.74	| fumarate | `CHEBI:18012` | Organic terminal acceptor. |
research/traits/metabolism/respiration-deep-research-falcon.md	237	CHEBI:16189	sulfate	sulfate	OK_LABEL	1.00	| sulfate | `CHEBI:16189` | Sulfate-respiration acceptor/substrate. |
research/traits/metabolism/respiration-deep-research-falcon.md	238	CHEBI:18498	sulfite		UNRESOLVED	0.00	| sulfite | `CHEBI:18498` | Activated downstream acceptor in Dsr pathway. |
research/traits/metabolism/respiration-deep-research-falcon.md	239	CHEBI:16134	sulfide	ammonia	DRIFT	0.17	| sulfide | `CHEBI:16134` | Reduced sulfur product. |
research/traits/metabolism/respiration-deep-research-falcon.md	240	CHEBI:28262	dimethyl sulfoxide	dimethyl sulfoxide	OK_LABEL	1.00	| dimethyl sulfoxide | `CHEBI:28262` | Alternative acceptor. |
research/traits/metabolism/respiration-deep-research-falcon.md	241	CHEBI:16908	nadh	NADH	OK_LABEL	1.00	| NADH | `CHEBI:16908` | Soluble electron donor/carrier. |
research/traits/metabolism/respiration-deep-research-falcon.md	242	CHEBI:15740	formate	formate	OK_LABEL	1.00	| formate | `CHEBI:15740` | Respiratory electron donor in several systems. |
research/traits/metabolism/respiration-deep-research-falcon.md	243	CHEBI:18009	menaquinone	NADP(+)	DRIFT	0.27	| menaquinone | `CHEBI:18009` | Membrane electron carrier. |
research/traits/metabolism/respiration-deep-research-falcon.md	244	CHEBI:16389	ubiquinone	ubiquinones	OK_LABEL	1.00	| ubiquinone | `CHEBI:16389` | Membrane electron carrier. |
research/traits/metabolism/respiration-deep-research-falcon.md	245	CHEBI:50366	resazurin	6-methylprednisolone	DRIFT	0.29	| resazurin | `CHEBI:50366` | Assay reagent, not a defining trait node. |
research/traits/metabolism/respiration-deep-research-falcon.md	256	GO:0004129	aerobic terminal branch	cytochrome-c oxidase activity	OK_IN_ROW	1.00	| Aerobic terminal branch | cytochrome-c oxidase; quinol oxidases; heme–copper oxidases | `GO:0004129` may ground cytochrome-c oxidase activity. Type A CcO evidence is strongest; do not generalize identical proton-pumping stoichiometry to every oxidase (wikstrom2018oxygenactivationand pages 1-2). |
research/traits/metabolism/starch_degradation-deep-research-falcon.md	191	CHEBI:28017	substrate	starch	OK_IN_ROW	1.00	| SUBSTRATE | starch (amylose + amylopectin) | CHEBI:28017 | Primary polymeric substrate of the trait; α-glucan composed of linear amylose and branched amylopectin targeted by microbial amylases and related enzymes (foley2016thesusoperon pages 1-2, sidar2020carbohydratebindingmodules pages 2-3) |
research/traits/metabolism/starch_degradation-deep-research-falcon.md	192	CHEBI:62174	substrate	alpha-D-ManpNAc-(1-P-6)-alpha-D-ManpNAc-(1-P-6)-alpha-D-ManpNAc	DRIFT	0.11	| SUBSTRATE | maltodextrins | CHEBI:62174 | Soluble linear or branched starch hydrolysis products transported and further metabolized intracellularly/periplasmically; major intermediates in bacterial starch use (dippel2005themaltodextrinsystem pages 1-2, dippel2005themaltodextrinsystem pages 2-2) |
research/traits/metabolism/starch_degradation-deep-research-falcon.md	194	CHEBI:33116	substrate	iodine(1+)	DRIFT	0.19	| SUBSTRATE | cyclodextrins | CHEBI:33116 | Cyclic maltooligosaccharides formed from starch by CGTases and degraded by cyclodextrinases/cyclomaltodextrinases in some bacteria (mascelli2024geneticandenzymatic pages 7-8, mascelli2024geneticandenzymatic pages 12-13) |
research/traits/metabolism/starch_degradation-deep-research-falcon.md	196	CHEBI:17234	product / intermediate	glucose	OK_IN_ROW	1.00	| PRODUCT / INTERMEDIATE | glucose | CHEBI:17234 | End product of exo-acting glucosidases/glucoamylases and central metabolite imported into cytoplasm for glycolysis (sidar2020carbohydratebindingmodules pages 2-3, foley2016thesusoperon pages 2-3) |
research/traits/metabolism/starch_degradation-deep-research-falcon.md	197	CHEBI:17306	product / intermediate	maltose	OK_IN_ROW	1.00	| PRODUCT / INTERMEDIATE | maltose | CHEBI:17306 | Common product of starch hydrolysis and substrate for ABC or PTS uptake systems and maltose phosphorylase-dependent catabolism (mokhtari2013enterococcusfaecalisutilizes pages 1-2) |
research/traits/metabolism/starch_degradation-deep-research-falcon.md	198	CHEBI:63533	product / intermediate	gonadotropin releasing hormone agonist	DRIFT	0.37	| PRODUCT / INTERMEDIATE | maltotriose | CHEBI:63533 | Important maltooligosaccharide intermediate and inducer of the mal regulon in enterobacteria (dippel2005themaltodextrinsystem pages 7-8, dippel2005themaltodextrinsystem pages 2-2) |
research/traits/metabolism/starch_degradation-deep-research-falcon.md	199	CHEBI:64342	product / intermediate	3-hydroxypicolinic acid	DRIFT	0.32	| PRODUCT / INTERMEDIATE | maltotetraose | CHEBI:64342 | Intermediate maltooligosaccharide substrate for MalP and related intracellular maltodextrin catabolic enzymes (dippel2005themaltodextrinsystem pages 4-5) |
research/traits/metabolism/starch_degradation-deep-research-falcon.md	200	CHEBI:4170	product / intermediate	D-glucopyranose 6-phosphate	DRIFT	0.45	| PRODUCT / INTERMEDIATE | glucose-1-phosphate | CHEBI:4170 | Product of phosphorolysis by maltodextrin phosphorylase or maltose phosphorylase; converted to glucose-6-phosphate before glycolysis (dippel2005themaltodextrinsystem pages 2-2) |
research/traits/metabolism/starch_degradation-deep-research-falcon.md	201	CHEBI:61548	product / intermediate	D-glucopyranose 6-phosphate(2-)	DRIFT	0.38	| PRODUCT / INTERMEDIATE | glucose-6-phosphate | CHEBI:61548 | Central metabolic intermediate generated from glucose or glucose-1-phosphate and fed into glycolysis (mokhtari2013enterococcusfaecalisutilizes pages 2-4, dippel2005themaltodextrinsystem pages 2-2) |
research/traits/metabolism/starch_degradation-deep-research-falcon.md	202	CHEBI:15603	product / intermediate	L-leucine	OK_IN_ROW	1.00	| PRODUCT / INTERMEDIATE | maltose-6-phosphate | CHEBI:15603 | PTS-derived intracellular intermediate in some Firmicutes; dephosphorylated by MapP or hydrolyzed by phospho-α-glucosidases (mokhtari2013enterococcusfaecalisutilizes pages 1-2) |
research/traits/metabolism/starch_degradation-deep-research-falcon.md	203	CHEBI:27714	product / intermediate	6-acetyl-2-amino-3,7,8,9-tetrahydropyrimido[4,5-b][1,4]diazepin-4-one	DRIFT	0.28	| PRODUCT / INTERMEDIATE | panose | CHEBI:27714 | Trisaccharide product formed when SusG accommodates α-1,6 linkages while acting on pullulan-like substrates; useful marker of mixed-linkage processing (foley2016thesusoperon pages 5-7) |
research/traits/metabolism/starch_degradation-deep-research-falcon.md	222	GO:0009401	regulatory	phosphoenolpyruvate-dependent sugar phosphotransferase system	DRIFT	0.21	| REGULATORY | carbon catabolite repression | GO:0009401 | Global carbon-source control mechanism repressing maltose/starch utilization genes in the presence of preferred carbohydrates such as glucose (davidson2010bindingproteindependentuptake pages 2-4) |
research/traits/metabolism/starch_degradation-deep-research-falcon.md	232	GO:2001070	molecular function	starch binding	OK_IN_ROW	1.00	| MOLECULAR FUNCTION | starch binding | GO:2001070 | Molecular function enabling capture of starch or related α-glucans at the cell surface or via CBMs (foley2016thesusoperon pages 8-10, foley2016thesusoperon pages 5-7) |
research/traits/metabolism/starch_degradation-deep-research-falcon.md	233	GO:0004556	molecular function	alpha-amylase activity	DRIFT	0.33	| MOLECULAR FUNCTION | α-1,4-glucan hydrolysis | GO:0004556 | Hydrolysis of internal or terminal α-1,4 linkages in starch-derived glucans by α-amylases, glucoamylases, and related enzymes (foley2016thesusoperon pages 5-7, sidar2020carbohydratebindingmodules pages 2-3) |
research/traits/metabolism/starch_degradation-deep-research-falcon.md	235	GO:0004645	molecular function	1,4-alpha-oligoglucan phosphorylase activity	DRIFT	0.37	| MOLECULAR FUNCTION | phosphorolysis | GO:0004645 | Cleavage of glycosidic bonds with phosphate to yield sugar phosphates, as in MalP and maltose phosphorylase reactions (dippel2005themaltodextrinsystem pages 2-2, mokhtari2013enterococcusfaecalisutilizes pages 4-5) |
research/traits/metabolism/starch_degradation-deep-research-falcon.md	236	GO:0005576	cellular localization	extracellular region	OK_IN_ROW	1.00	| CELLULAR LOCALIZATION | extracellular | GO:0005576 | Compartment where secreted or cell-surface-tethered amylases can initially contact polymeric starch, especially in Gram-positive and fungal systems (sidar2020carbohydratebindingmodules pages 2-3, foley2016thesusoperon pages 7-8) |
research/traits/metabolism/starch_degradation-deep-research-falcon.md	237	GO:0019867	cellular localization	outer membrane	OK_IN_ROW	1.00	| CELLULAR LOCALIZATION | outer membrane | GO:0019867 | Location of SusC/D/E/F/G and LamB-mediated substrate capture, hydrolysis, and transport in Gram-negative bacteria (foley2016thesusoperon pages 2-3, dippel2005themaltodextrinsystem pages 1-2) |
research/traits/metabolism/starch_degradation-deep-research-falcon.md	238	GO:0042597	cellular localization	periplasmic space	OK_IN_ROW	1.00	| CELLULAR LOCALIZATION | periplasm | GO:0042597 | Compartment where Bacteroides SusA and SusB or enterobacterial MalE-mediated processing/transport steps occur (foley2016thesusoperon pages 2-3, brown2024acarboseimpairsgut pages 1-3) |
research/traits/metabolism/starch_degradation-deep-research-falcon.md	239	GO:0005737	cellular localization	cytoplasm	OK_IN_ROW	1.00	| CELLULAR LOCALIZATION | cytoplasm | GO:0005737 | Site of intracellular maltodextrin metabolism by MalP, MalQ, MalZ and downstream entry of glucose-6-phosphate into glycolysis (dippel2005themaltodextrinsystem pages 2-2) |
research/traits/metabolism/starch_degradation-deep-research-falcon.md	304	CHEBI:28017	starch	starch	OK_LABEL	1.00	| Starch | CHEBI:28017 |
research/traits/metabolism/starch_degradation-deep-research-falcon.md	305	CHEBI:17234	glucose	glucose	OK_LABEL	1.00	| Glucose | CHEBI:17234 |
research/traits/metabolism/starch_degradation-deep-research-falcon.md	306	CHEBI:17306	maltose	maltose	OK_LABEL	1.00	| Maltose | CHEBI:17306 |
research/traits/metabolism/starch_degradation-deep-research-falcon.md	307	CHEBI:63533	maltotriose	gonadotropin releasing hormone agonist	DRIFT	0.30	| Maltotriose | CHEBI:63533 |
research/traits/metabolism/starch_degradation-deep-research-falcon.md	308	CHEBI:4170	glucose-1-phosphate	D-glucopyranose 6-phosphate	DRIFT	0.91	| Glucose-1-phosphate | CHEBI:4170 |
research/traits/metabolism/starch_degradation-deep-research-falcon.md	309	CHEBI:61548	glucose-6-phosphate	D-glucopyranose 6-phosphate(2-)	DRIFT	0.97	| Glucose-6-phosphate | CHEBI:61548 |
research/traits/metabolism/starch_degradation-deep-research-falcon.md	310	CHEBI:15603	maltose-6-phosphate	L-leucine	OK_LABEL	1.00	| Maltose-6-phosphate | CHEBI:15603 |
research/traits/metabolism/starch_degradation-deep-research-falcon.md	328	GO:2001070	starch binding	starch binding	OK_LABEL	1.00	| Starch binding | GO:2001070 |
research/traits/metabolism/starch_degradation-deep-research-falcon.md	329	GO:0004556	α-1,4-glucan hydrolysis	alpha-amylase activity	DRIFT	0.54	| α-1,4-glucan hydrolysis | GO:0004556 |
research/traits/metabolism/starch_degradation-deep-research-falcon.md	330	GO:0004645	phosphorolysis	1,4-alpha-oligoglucan phosphorylase activity	DRIFT	0.67	| Phosphorolysis | GO:0004645 |
research/traits/metabolism/starch_degradation-deep-research-falcon.md	331	GO:0009401	ccr	phosphoenolpyruvate-dependent sugar phosphotransferase system	DRIFT	0.03	| CCR | GO:0009401 |
research/traits/metabolism/starch_degradation-deep-research-falcon.md	332	GO:0042597	periplasm	periplasmic space	OK_LABEL	1.00	| Periplasm | GO:0042597 |
research/traits/metabolism/starch_degradation-deep-research-falcon.md	333	GO:0019867	outer membrane	outer membrane	OK_LABEL	1.00	| Outer membrane | GO:0019867 |
research/traits/metabolism/starch_degradation-deep-research-falcon.md	334	GO:0005737	cytoplasm	cytoplasm	OK_LABEL	1.00	| Cytoplasm | GO:0005737 |
research/traits/metabolism/starch_degradation-deep-research-falcon.md	335	GO:0005576	extracellular	extracellular region	OK_LABEL	1.00	| Extracellular | GO:0005576 |
research/traits/metabolism/syntrophy-deep-research-falcon.md	339	CHEBI:15378	syntrophy (metpo:1002006)	hydron	DRIFT	0.33	| Syntrophy (METPO:1002006) | requires removal of | CHEBI:15378 hydrogen; CHEBI:15740 formate | Strong; foundational reviews, broad across methanogenic syntrophy | 10.1111/j.1758-2229.2010.00147.x; 10.1128/aem.00384-23 | “intermediates they exchanged must be kept at a low level for efficient cooperation”; oxidation becomes feasible only when methanogens maintain low H2/formate | Core defining edge for trait scope; broad and curatable at class level (muller2010syntrophicbutyrateand pages 1-2, jin2023syntrophicpropionateoxidation pages 1-2) |
research/traits/metabolism/syntrophy-deep-research-falcon.md	339	CHEBI:15740	syntrophy (metpo:1002006)	formate	OK_IN_ROW	1.00	| Syntrophy (METPO:1002006) | requires removal of | CHEBI:15378 hydrogen; CHEBI:15740 formate | Strong; foundational reviews, broad across methanogenic syntrophy | 10.1111/j.1758-2229.2010.00147.x; 10.1128/aem.00384-23 | “intermediates they exchanged must be kept at a low level for efficient cooperation”; oxidation becomes feasible only when methanogens maintain low H2/formate | Core defining edge for trait scope; broad and curatable at class level (muller2010syntrophicbutyrateand pages 1-2, jin2023syntrophicpropionateoxidation pages 1-2) |
research/traits/metabolism/wood_ljungdahl_pathway-deep-research-falcon.md	221	CHEBI:16526	carbon dioxide	carbon dioxide	OK_LABEL	1.00	| carbon dioxide | `CHEBI:16526` |
research/traits/metabolism/wood_ljungdahl_pathway-deep-research-falcon.md	222	CHEBI:17245	carbon monoxide	carbon monoxide	OK_LABEL	1.00	| carbon monoxide | `CHEBI:17245` |
research/traits/metabolism/wood_ljungdahl_pathway-deep-research-falcon.md	223	CHEBI:15740	formate	formate	OK_LABEL	1.00	| formate | `CHEBI:15740` |
research/traits/metabolism/wood_ljungdahl_pathway-deep-research-falcon.md	224	CHEBI:18276	hydrogen	dihydrogen	OK_LABEL	1.00	| hydrogen | `CHEBI:18276` |
research/traits/metabolism/wood_ljungdahl_pathway-deep-research-falcon.md	225	CHEBI:15346	coenzyme a	coenzyme A	OK_LABEL	1.00	| coenzyme A | `CHEBI:15346` |
research/traits/metabolism/wood_ljungdahl_pathway-deep-research-falcon.md	226	CHEBI:15351	acetyl-coa	acetyl-CoA	OK_LABEL	1.00	| acetyl-CoA | `CHEBI:15351` |
research/traits/metabolism/wood_ljungdahl_pathway-deep-research-falcon.md	227	CHEBI:30089	acetate	acetate	OK_LABEL	1.00	| acetate | `CHEBI:30089` |
research/traits/metabolism/wood_ljungdahl_pathway-deep-research-falcon.md	228	CHEBI:15361	pyruvate	pyruvate	OK_LABEL	1.00	| pyruvate | `CHEBI:15361` |
research/traits/metabolism/wood_ljungdahl_pathway-deep-research-falcon.md	229	CHEBI:15422	atp	ATP	OK_LABEL	1.00	| ATP | `CHEBI:15422` |
research/traits/metabolism/wood_ljungdahl_pathway-deep-research-falcon.md	230	CHEBI:16761	adp	ADP	OK_LABEL	1.00	| ADP | `CHEBI:16761` |
research/traits/metabolism/wood_ljungdahl_pathway-deep-research-falcon.md	231	CHEBI:15635	tetrahydrofolate	(6S)-5,6,7,8-tetrahydrofolic acid	OK_LABEL	1.00	| tetrahydrofolate | `CHEBI:15635` |
research/traits/metabolism/wood_ljungdahl_pathway-deep-research-falcon.md	257	GO:0045259	atp synthase	proton-transporting ATP synthase complex	OK_LABEL	1.00	| ATP synthase | `GO:0045259` candidate | Converts ion motive force to ATP. |
research/traits/metabolism/xylan_degradation-deep-research-falcon.md	180	CHEBI:18336	xylan	4-(phosphonooxy)-L-threonine	DRIFT	0.29	| Xylan | substrate/chemical | CHEBI:18336 | Core hemicellulosic polymer degraded in this trait; β-1,4-linked xylopyranosyl backbone with variable substitutions (liu2024intracellularremovalof pages 1-2, leschonski2024structuredependentstimulationof pages 2-4) |
research/traits/metabolism/xylan_degradation-deep-research-falcon.md	185	CHEBI:15440	d-xylose	squalene	DRIFT	0.27	| D-Xylose | substrate/chemical | CHEBI:15440 | Major monomer released from xylan and substrate for downstream catabolism (liu2022selfishuptakeversus pages 9-12, liu2023theweimbergpathway pages 1-3) |
research/traits/metabolism/xylan_degradation-deep-research-falcon.md	186	CHEBI:30851	l-arabinose	keto-phenylpyruvic acid	DRIFT	0.41	| L-Arabinose | substrate/chemical | CHEBI:30851 | Side-chain sugar released by arabinofuranosidases during arabinoxylan debranching (liu2022selfishuptakeversus pages 9-12, liu2022selfishuptakeversus pages 6-9) |
research/traits/metabolism/xylan_degradation-deep-research-falcon.md	188	CHEBI:15366	acetic acid	acetic acid	OK_LABEL	1.00	| Acetic acid | substrate/chemical | CHEBI:15366 | Product of acetyl xylan esterase activity on acetylated xylan/AXOS (liu2024intracellularremovalof pages 1-2, leschonski2024structuredependentstimulationof pages 2-4) |
research/traits/metabolism/xylan_degradation-deep-research-falcon.md	189	CHEBI:17620	ferulic acid	trans-ferulic acid	OK_LABEL	1.00	| Ferulic acid | substrate/chemical | CHEBI:17620 | Phenolic substituent removed by feruloyl esterases; can cross-link arabinoxylans (liu2024intracellularremovalof pages 1-2, leschonski2024structuredependentstimulationof pages 2-4) |
research/traits/metabolism/xylan_degradation-deep-research-falcon.md	190	CHEBI:32974	p-coumaric acid		UNRESOLVED	0.00	| p-Coumaric acid | substrate/chemical | CHEBI:32974 | Phenolic decoration removed from acylated AXOS in some systems such as XuaH-containing clusters (liu2024intracellularremovalof pages 1-2) |
research/traits/metabolism/xylan_degradation-deep-research-falcon.md	192	CHEBI:16810	α-ketoglutarate	2-oxoglutarate(2-)	DRIFT	0.96	| α-Ketoglutarate | metabolite | CHEBI:16810 | Downstream product of the Weimberg pathway in non-phosphorylative xylose catabolism (liu2023theweimbergpathway pages 1-3) |
research/traits/metabolism/xylan_degradation-deep-research-falcon.md	216	GO:0046177	cellulosome	obsolete D-gluconate catabolic process	OBSOLETE	1.00	| Cellulosome | biological process/module | GO:0046177 | Extracellular multienzyme complex used by some anaerobes for coordinated plant cell wall/xylan deconstruction (lindic2025structuralandfunctional pages 9-10) |
research/traits/metabolism/xylan_degradation-deep-research-falcon.md	219	GO:0005576	extracellular	extracellular region	OK_LABEL	1.00	| Extracellular | cellular localization | GO:0005576 | Frequent location for secreted xylanases, esterases, and cellulosomal attack on polymeric xylan (liu2022selfishuptakeversus pages 1-2, lindic2025structuralandfunctional pages 9-10) |
research/traits/metabolism/xylan_degradation-deep-research-falcon.md	220	GO:0042597	periplasm	periplasmic space	OK_LABEL	1.00	| Periplasm | cellular localization | GO:0042597 | Bacteroidetes compartment where imported xylan-derived oligosaccharides undergo further processing (zhang2014xylanutilizationin pages 2-2) |
research/traits/metabolism/xylan_degradation-deep-research-falcon.md	221	GO:0005737	cytoplasm	cytoplasm	OK_LABEL	1.00	| Cytoplasm | cellular localization | GO:0005737 | Site of Xua-mediated AXOS degradation and xylose catabolic pathways such as xylA/xylB or Weimberg (liu2022selfishuptakeversus pages 9-12, liu2023theweimbergpathway pages 1-3) |
research/traits/metabolism/xylan_degradation-deep-research-falcon.md	222	GO:0009279	cell surface (outer membrane)	cell outer membrane	DRIFT	0.83	| Cell surface (outer membrane) | cellular localization | GO:0009279 | Site of SusC/SusD-like binding, outer-membrane transport, and initial glycan capture in Bacteroidetes (martin2025metabolismofhemicelluloses pages 3-5, zhang2014xylanutilizationin pages 6-7) |
research/traits/morphology/capsule-deep-research-falcon.md	192	GO:0009255	repeat-unit assembly	Entner-Doudoroff pathway through 6-phosphogluconate	DRIFT	0.25	| repeat-unit assembly | process | GO:0009255 | Closest generic GO process is polysaccharide biosynthetic process; use more specific label-only child if needed (whitfield2020assemblyofbacterial pages 5-6) |
research/traits/morphology/capsule-deep-research-falcon.md	193	GO:0015774	capsular polysaccharide export	polysaccharide transport	OK_IN_ROW	1.00	| capsular polysaccharide export | process | GO:0015774 | GO term likely too generic for polysaccharide transport; label-only may be safer unless exact GO term is verified (kuklewicz2024molecularinsightsinto pages 1-2, whitfield2020assemblyofbacterial pages 9-10) |
research/traits/morphology/capsule-deep-research-falcon.md	196	CHEBI:16460	undecaprenyl phosphate	polyprenol phosphate	DRIFT	0.75	| undecaprenyl phosphate | chemical | CHEBI:16460 | Conservative CHEBI for undecaprenyl phosphate carrier lipid; verify if diphosphate form is needed in curation (rendueles2020decipheringtherole pages 2-4, whitfield2020assemblyofbacterial pages 5-6) |
research/traits/morphology/capsule-deep-research-falcon.md	197	CHEBI:17517	phosphatidylglycerol	phosphatidylglycerol	OK_LABEL	1.00	| phosphatidylglycerol | chemical | CHEBI:17517 | Conserved lipid acceptor for Kdo-linked ABC-pathway anchors (whitfield2020assemblyofbacterial pages 10-11, kuklewicz2024molecularinsightsinto pages 1-2) |
research/traits/morphology/capsule-deep-research-falcon.md	198	CHEBI:58711	kdo	4-azaniumyl-4-deoxy-alpha-L-arabinopyranosyl undecaprenyl phosphate	DRIFT	0.07	| Kdo | chemical | CHEBI:58711 | 3-deoxy-D-manno-oct-2-ulosonic acid; central in ABC-pathway linker glycolipid (kuklewicz2024molecularinsightsinto pages 1-2, whitfield2020assemblyofbacterial pages 10-11) |
research/traits/morphology/capsule-deep-research-falcon.md	203	GO:0004576	phosphoglycosyltransferase activity	oligosaccharyl transferase activity	DRIFT	0.72	| phosphoglycosyltransferase activity | function | GO:0004576 | Broad transferase-on-phosphorus-containing-groups term may be imperfect; keep label-only if exact GO not verified (whitfield2020assemblyofbacterial pages 5-6, whitfield2020assemblyofbacterial pages 7-9) |
research/traits/morphology/capsule-deep-research-falcon.md	206	GO:0097502	lipid-linked oligosaccharide flipping	obsolete mannosylation	OBSOLETE	1.00	| lipid-linked oligosaccharide flipping | process | GO:0097502 | Candidate GO for membrane translocation of lipid-linked oligosaccharides; verify exact applicability before formal curation (whitfield2020assemblyofbacterial pages 5-6) |
research/traits/morphology/capsule-deep-research-falcon.md	208	GO:0033692	polysaccharide polymerization	obsolete cellular polysaccharide biosynthetic process	OBSOLETE	1.00	| polysaccharide polymerization | process | GO:0033692 | Candidate generic GO; verify exact term fit for capsule polymerization (whitfield2020assemblyofbacterial pages 5-6, lee2024singlemissensemutations pages 1-2) |
research/traits/morphology/capsule-deep-research-falcon.md	210	GO:0004713	bacterial tyrosine kinase activity	protein tyrosine kinase activity	DRIFT	0.83	| bacterial tyrosine kinase activity | function | GO:0004713 | Broad kinase activity term; usable for Wzc-like phosphorylation with caution (whitfield2020assemblyofbacterial pages 7-9, whitfield2020assemblyofbacterial pages 9-10) |
research/traits/morphology/capsule-deep-research-falcon.md	220	GO:0016887	atp hydrolysis	ATP hydrolysis activity	OK_LABEL	1.00	| ATP hydrolysis | process | GO:0016887 | Mechanistic driver of KpsMT conformational rearrangements (kuklewicz2024molecularinsightsinto pages 1-2) |
research/traits/morphology/capsule-deep-research-falcon.md	237	GO:0045861	camp-dependent catabolite repression	negative regulation of proteolysis	DRIFT	0.31	| cAMP-dependent catabolite repression | process | GO:0045861 | Regulatory input reported for K. pneumoniae capsule synthesis; GO term may require verification (gao2024bacterialcapsulesoccurrence pages 9-10) |
research/traits/morphology/capsule-deep-research-falcon.md	238	GO:0009372	quorum sensing	quorum sensing	OK_LABEL	1.00	| quorum sensing | process | GO:0009372 | Regulatory input affecting capsule synthesis in some taxa (gao2024bacterialcapsulesoccurrence pages 9-10) |
research/traits/morphology/capsule-deep-research-falcon.md	240	CHEBI:26710	nacl concentration	sodium chloride	OK_LABEL	1.00	| NaCl concentration | environmental_factor | CHEBI:26710 | Experimental factor modulating Vi expression and O-acetylation in S. Typhi; chemical grounding for NaCl is straightforward (lee2024singlemissensemutations pages 1-2) |
research/traits/morphology/capsule-deep-research-falcon.md	241	GO:0098542	complement resistance	defense response to other organism	DRIFT	0.42	| complement resistance | function | GO:0098542 | Candidate host-defense evasion function; verify exact GO before formal grounding (whitfield2020assemblyofbacterial pages 2-4, yang2025identificationofa pages 1-2) |
research/traits/morphology/capsule-deep-research-falcon.md	242	GO:0050777	phagocytosis resistance	negative regulation of immune response	DRIFT	0.38	| phagocytosis resistance | function | GO:0050777 | GO may be too generic; label-only may be safer for capsule-mediated anti-phagocytic phenotype (whitfield2020assemblyofbacterial pages 2-4, lee2024singlemissensemutations pages 1-2) |
research/traits/morphology/capsule-deep-research-falcon.md	243	GO:0009269	desiccation resistance	response to desiccation	DRIFT	0.78	| desiccation resistance | function | GO:0009269 | Broad stress-response grounding may be possible, but phenotype node may be best kept label-only (roberts1996thebiochemistryand pages 1-3, haudiquet2024capsulesandtheir pages 1-2) |
research/traits/morphology/capsule-deep-research-falcon.md	244	GO:0044406	adhesion to host cells	adhesion of symbiont to host	OK_LABEL	1.00	| adhesion to host cells | function | GO:0044406 | Broad host-cell adhesion process; capsule can increase or mask adhesion depending on taxon, so annotate carefully (gao2024bacterialcapsulesoccurrence pages 9-10, lee2024singlemissensemutations pages 5-6) |
research/traits/morphology/capsule-deep-research-falcon.md	245	GO:0042710	biofilm formation	biofilm formation	OK_LABEL	1.00	| biofilm formation | process | GO:0042710 | Widely used GO term; capsule contributes in some systems but not universally (gao2024bacterialcapsulesoccurrence pages 3-3, yang2025identificationofa pages 1-2) |
research/traits/morphology/capsule-deep-research-falcon.md	247	GO:0000746	plasmid conjugation efficiency	obsolete conjugation	OBSOLETE	1.00	| plasmid conjugation efficiency | function | GO:0000746 | GO covers conjugation, but 'efficiency' is assay-level phenotype; use label-only phenotype if preferred (haudiquet2024capsulesandtheir pages 1-2) |
research/traits/morphology/cell_length_large-deep-research-falcon.md	221	GO:0005525	ftsz	GTP binding	OK_IN_ROW	1.00	| FtsZ | Tubulin-family GTPase; Z-ring scaffold and organizer of septal synthesis | Use a species-specific UniProt CURIE when taxon is known; molecular function may use `GO:0005525` (GTP binding), but verify annotation before YAML insertion. |
research/traits/morphology/cell_length_large-deep-research-falcon.md	222	GO:0000940	z-ring	outer kinetochore	DRIFT	0.29	| Z-ring | Supramolecular division structure | `GO:0000940` is a candidate; verify against the current GO release. |
research/traits/morphology/cell_length_large-deep-research-falcon.md	223	GO:0032153	divisome	cell division site	DRIFT	0.58	| divisome | Cell-division complex | `GO:0032153` is a candidate; verify before curation. |
research/traits/morphology/cell_length_large-deep-research-falcon.md	245	GO:0005886	cytoplasmic membrane	plasma membrane	OK_LABEL	1.00	| cytoplasmic membrane | `GO:0005886` may be used where appropriate. |
research/traits/morphology/cell_length_large-deep-research-falcon.md	255	EFO:0005092	crispr interference		UNKNOWN_PREFIX	0.00	| CRISPR interference | Experimental knockdown | `EFO:0005092` is a candidate mapping for CRISPR interference; verify current ontology. |
research/traits/morphology/cell_length_small-deep-research-falcon.md	249	CHEBI:18066	udp-glucose	UDP-D-glucose	OK_LABEL	1.00	| UDP-glucose | **CHEBI:18066** | Carbon-status signal activating OpgH/UgtP size-control branch |
research/traits/morphology/cell_length_small-deep-research-falcon.md	250	CHEBI:15996	gtp	GTP	OK_LABEL	1.00	| GTP | **CHEBI:15996** | FtsZ polymerization/GTPase substrate |
research/traits/morphology/cell_length_small-deep-research-falcon.md	251	CHEBI:15361	pyruvate	pyruvate	OK_LABEL	1.00	| pyruvate | **CHEBI:15361** | Candidate glycolysis-to-division signal in *B. subtilis* |
research/traits/morphology/cell_width-deep-research-falcon.md	194	GO:0032153	rod complex (elongasome)	cell division site	OK_IN_ROW	1.00	| **Rod complex (elongasome)** | Multiprotein assembly including MreB, RodZ, MreC, MreD, RodA, PBP2 | *E. coli*, *Salmonella*, *B. subtilis* | Label-only or GO:0032153 (cell division site) partially relevant | Dynamic, membrane-associated machine inserting lateral PG to maintain rod shape; activity inversely correlates with PG structural defects (ago2023relationshipbetweenthe pages 14-16, ago2023relationshipbetweenthe media c5a06158) |
research/traits/morphology/cell_width-deep-research-falcon.md	197	GO:0008955	class a pbps (apbps)	peptidoglycan glycosyltransferase activity	OK_IN_ROW	1.00	"| **Class A PBPs (aPBPs)** | Bifunctional PG synthases with glycosyltransferase and transpeptidase domains | Gram-negative bacteria | GO:0008955 (peptidoglycan glycosyltransferase activity) | Proposed ""fattening"" activity opposing MreB-directed thinning (hussain2017mrebfilamentscreate pages 35-39) |"
research/traits/morphology/cell_width-deep-research-falcon.md	203	GO:0009274	peptidoglycan (pg)	peptidoglycan-based cell wall	OK_LABEL	1.00	| **Peptidoglycan (PG)** | Bacterial cell wall polymer of glycan chains crosslinked by peptide bridges | GO:0009274 (peptidoglycan-based cell wall) | Structural scaffold resisting turgor; PG pore size inversely correlates with Rod complex activity (ago2023relationshipbetweenthe pages 14-16, ago2023relationshipbetweenthe media c5a06158) |
research/traits/morphology/cell_width-deep-research-falcon.md	204	CHEBI:64722	lipid ii	L-glutaminiumyl group	DRIFT	0.25	| **Lipid II** | Lipid-linked PG precursor | CHEBI:64722 (undecaprenyl diphospho-N-acetylmuramoyl-(N-acetylglucosamine)-L-alanyl-gamma-D-glutamyl-meso-2,6-diaminopimeloyl-D-alanyl-D-alanine) | Substrate for RodA polymerization | Extracellular precursor flipped across inner membrane; polymerized by RodA (indirect relevance to width) |
research/traits/morphology/cell_width-deep-research-falcon.md	205	CHEBI:25017	lipopolysaccharide (lps)	leucine	OK_LABEL	1.00	| **Lipopolysaccharide (LPS)** | Outer leaflet lipid of Gram-negative outer membrane | CHEBI:25017 (lipopolysaccharide) | Increasing LPS concentration stiffens outer membrane, enabling proper MreB orientation in *mreC* mutants (fivenson2023arolefor pages 3-5, fivenson2023arolefor pages 2-3, fivenson2023arolefor pages 7-8) |
research/traits/morphology/cell_width-deep-research-falcon.md	207	CHEBI:15422	atp/gtp	ATP	OK_LABEL	1.00	| **ATP/GTP** | Nucleotides | CHEBI:15422 (ATP), CHEBI:15996 (GTP) | Required for MreB polymerization on lipid surfaces; hydrolysis sustains dynamic filament turnover (mao2023ontherole pages 2-3, mao2023ontherole pages 14-15) |
research/traits/morphology/cell_width-deep-research-falcon.md	207	CHEBI:15996	atp/gtp	GTP	OK_LABEL	1.00	| **ATP/GTP** | Nucleotides | CHEBI:15422 (ATP), CHEBI:15996 (GTP) | Required for MreB polymerization on lipid surfaces; hydrolysis sustains dynamic filament turnover (mao2023ontherole pages 2-3, mao2023ontherole pages 14-15) |
research/traits/morphology/cell_width-deep-research-falcon.md	221	GO:0016020	inner (cytoplasmic) membrane	membrane	OK_LABEL	1.00	| **Inner (cytoplasmic) membrane** | Lipid bilayer housing MreB filaments and Rod complex | GO:0016020 (membrane), GO:0005886 (plasma membrane) | MreB binds via N-terminal amphipathic helix or hydrophobic loop (mao2023ontherole pages 2-3) |
research/traits/morphology/cell_width-deep-research-falcon.md	221	GO:0005886	inner (cytoplasmic) membrane	plasma membrane	OK_IN_ROW	1.00	| **Inner (cytoplasmic) membrane** | Lipid bilayer housing MreB filaments and Rod complex | GO:0016020 (membrane), GO:0005886 (plasma membrane) | MreB binds via N-terminal amphipathic helix or hydrophobic loop (mao2023ontherole pages 2-3) |
research/traits/morphology/cell_width-deep-research-falcon.md	222	GO:0030288	periplasmic space	outer membrane-bounded periplasmic space	OK_LABEL	1.00	| **Periplasmic space** | Compartment between inner and outer membranes in Gram-negatives | GO:0030288 (outer membrane-bounded periplasmic space) | Site of PG synthesis and crosslinking by PBP2 (shlosman2023allostericactivationof pages 2-3) |
research/traits/morphology/cell_width-deep-research-falcon.md	223	GO:0009279	outer membrane (om)	cell outer membrane	OK_IN_ROW	1.00	| **Outer membrane (OM)** | Second lipid bilayer unique to Gram-negatives | GO:0009279 (cell outer membrane) | Provides mechanical stability; stiffness modulates MreB-directed PG synthesis (fivenson2023arolefor pages 3-5, fivenson2023arolefor pages 7-8) |
research/traits/morphology/cell_width-deep-research-falcon.md	224	GO:0008360	cell shape determination	regulation of cell shape	OK_IN_ROW	1.00	| **Cell shape determination** | Biological process | GO:0008360 (regulation of cell shape) | Overarching process integrating PG synthesis, membrane mechanics, and MreB dynamics |
research/traits/morphology/cell_width-deep-research-falcon.md	225	GO:0009252	peptidoglycan biosynthetic process	peptidoglycan biosynthetic process	OK_LABEL	1.00	| **Peptidoglycan biosynthetic process** | Metabolic process | GO:0009252 (peptidoglycan biosynthetic process) | Core pathway; lateral synthesis by Rod complex determines width |
research/traits/morphology/cell_width-deep-research-falcon.md	296	GO:0009274	peptidoglycan-based cell wall	peptidoglycan-based cell wall	OK_LABEL	1.00	| Peptidoglycan-based cell wall | GO:0009274 | Established GO term |
research/traits/morphology/cell_width-deep-research-falcon.md	297	GO:0008360	regulation of cell shape	regulation of cell shape	OK_LABEL	1.00	| Regulation of cell shape | GO:0008360 | Overarching biological process |
research/traits/morphology/cell_width-deep-research-falcon.md	298	GO:0009252	peptidoglycan biosynthetic process	peptidoglycan biosynthetic process	OK_LABEL	1.00	| Peptidoglycan biosynthetic process | GO:0009252 | Core metabolic pathway |
research/traits/morphology/cell_width-deep-research-falcon.md	299	GO:0030288	outer membrane-bounded periplasmic space	outer membrane-bounded periplasmic space	OK_LABEL	1.00	| Outer membrane-bounded periplasmic space | GO:0030288 | Cellular component |
research/traits/morphology/cell_width-deep-research-falcon.md	300	GO:0016020	membrane	membrane	OK_LABEL	1.00	| Membrane | GO:0016020 | Generic membrane term |
research/traits/morphology/cell_width-deep-research-falcon.md	301	CHEBI:25017	lipopolysaccharide	leucine	OK_LABEL	1.00	| Lipopolysaccharide | CHEBI:25017 | Chemical entity |
research/traits/morphology/cell_width-deep-research-falcon.md	302	CHEBI:64722	lipid ii (full name)	L-glutaminiumyl group	DRIFT	0.30	| Lipid II (full name) | CHEBI:64722 | PG precursor |
research/traits/morphology/cell_width-deep-research-falcon.md	303	CHEBI:15422	atp	ATP	OK_LABEL	1.00	| ATP | CHEBI:15422 | Nucleotide energy source |
research/traits/morphology/cell_width-deep-research-falcon.md	304	CHEBI:15996	gtp	GTP	OK_LABEL	1.00	| GTP | CHEBI:15996 | Alternative nucleotide |
research/traits/morphology/cream_pigmented-deep-research-falcon.md	275	CHEBI:33019	environment	diphosphate(3-)	DRIFT	0.33	"| environment | oxygen -> up-regulates carotenoid biosynthesis genes/process | CHEBI:33019 | Direct in purple bacteria: ""crtI-crtB operon is transcriptionally up-regulated by oxygen"" and carotenoid biosynthesis is up-regulated under aerobic conditions (sandmann2023genesandpathway pages 3-5) | Regulatory evidence from purple bacteria, not direct colony-cream evidence |"
research/traits/morphology/cream_pigmented-deep-research-falcon.md	276	GO:0016117	process	carotenoid biosynthetic process	OK_LABEL	1.00	| process | carotenoid biosynthetic process | GO:0016117 | Strong direct pathway review evidence across bacteria (sandmann2023genesandpathway pages 5-6, sandmann2023genesandpathway pages 3-5) | Broad process node; specific branch to cream remains indirect |
research/traits/morphology/cream_pigmented-deep-research-falcon.md	277	CHEBI:35186	chemical class	terpene	DRIFT	0.19	| chemical class | carotenoids | CHEBI:35186 | Direct: visibility depends on pigment concentration; carotenoids are major pigments in NTM and detected in pigmented *S. capitis* extracts (tran2020broughttoyou pages 7-9, siems2023identificationofstaphyloxanthin pages 4-6) | Different carotenoids yield different hues |
research/traits/morphology/cream_pigmented-deep-research-falcon.md	278	CHEBI:35186	pathway edge	terpene	DRIFT	0.33	"| pathway edge | carotenoid abundance/concentration -> visible colony pigmentation | CHEBI:35186 | Direct: ""Whether the pigment is visible by the naked eye ... depends on its concentration within an organism""; pigmented strains had several carotenoid peaks while unpigmented strains had only one minor/indistinct peak (tran2020broughttoyou pages 7-9, siems2023identificationofstaphyloxanthin pages 4-6) | Supports abundance-intensity relation, not a universal cream threshold |"
research/traits/morphology/cream_pigmented-deep-research-falcon.md	287	CHEBI:35186	phenotype comparison	terpene	DRIFT	0.37	| phenotype comparison | multiple carotenoid peaks -> yellow-pigmented strains; single minor/indistinct peak -> nonpigmented strains | CHEBI:35186 | Direct HPLC/Raman contrast in *S. capitis* (siems2023identificationofstaphyloxanthin pages 4-6, siems2023identificationofstaphyloxanthin pages 3-4) | Contrasts yellow vs nonpigmented more clearly than cream vs yellow |
research/traits/morphology/cream_pigmented-deep-research-falcon.md	288	CHEBI:35186	application/function	terpene	DRIFT	0.16	| application/function | carotenoid pigmentation -> oxidative/UV/cold-stress protection and possible virulence relevance | CHEBI:35186 | Direct/strong but taxon-specific: inverse carotene-UV sensitivity correlation; sigF mutants more sensitive to H2O2; pigmented *S. capitis* had higher long-term survival at −20°C; staphyloxanthin is an anti-virulence target (tran2020broughttoyou pages 7-9, siems2023identificationofstaphyloxanthin pages 1-2, siems2023identificationofstaphyloxanthin pages 4-6) | Functional relevance does not itself define cream phenotype |
research/traits/morphology/dumbbell_shaped-deep-research-falcon.md	234	GO:0000917	ftsz	division septum assembly	OK_IN_ROW	1.00	| FtsZ | Tubulin-like divisome scaffold | GO:0000917 may ground the broader cellular process “division septum assembly”; use organism-specific protein identifier for the entity |
research/traits/morphology/dumbbell_shaped-deep-research-falcon.md	244	CHEBI:8005	peptidoglycan	peptidoglycan	OK_LABEL	1.00	| peptidoglycan | CHEBI:8005 |
research/traits/morphology/dumbbell_shaped-deep-research-falcon.md	245	GO:0005618	cell wall	cell wall	OK_LABEL	1.00	| cell wall | GO:0005618 |
research/traits/morphology/dumbbell_shaped-deep-research-falcon.md	246	GO:0030428	division septum	cell septum	OK_LABEL	1.00	| division septum | GO:0030428 |
research/traits/morphology/dumbbell_shaped-deep-research-falcon.md	247	GO:0071555	peptidoglycan-based cell wall biogenesis	cell wall organization	DRIFT	0.52	| peptidoglycan-based cell wall biogenesis | GO:0071555 |
research/traits/morphology/dumbbell_shaped-deep-research-falcon.md	248	GO:0051301	cell division	cell division	OK_LABEL	1.00	| cell division | GO:0051301 |
research/traits/morphology/ellipsoidal-deep-research-falcon.md	203	GO:0009252	septal pg synthesis	peptidoglycan biosynthetic process	DRIFT	0.67	| septal PG synthesis | biological process | ovococci, especially *S. pneumoniae* | GO:0009252 | Produces septal cross-wall separating daughter cells | Strong process-level support; shape contribution inferred from balance with peripheral synthesis rather than single direct edge to trait (perez2021organizationofpeptidoglycan pages 1-5, trouve2021nanoscaledynamicsof pages 1-3) |
research/traits/morphology/ellipsoidal-deep-research-falcon.md	214	CHEBI:28971	amoxicillin	ampicillin	DRIFT	0.86	| amoxicillin | chemical / beta-lactam antibiotic | *L. lactis* assay context | CHEBI:28971 | Experimental inhibitor that selectively inhibits peripheral growth under tested conditions, causing significantly rounder cells without obvious septation misplacement | Strong assay-specific perturbation in *L. lactis*; not a natural causal determinant of trait, best as experimental factor node (david2018pbp2bplaysa pages 16-18) |
research/traits/morphology/ellipsoidal-deep-research-falcon.md	215	CHEBI:6827	methicillin	methicillin	OK_LABEL	1.00	| methicillin | chemical / beta-lactam antibiotic | *L. lactis* assay context | CHEBI:6827 | Experimental perturbation used to uncouple elongation from division and induce filamentation while tracking PBP2b/FtsZ dynamics | Strong as assay factor; mechanism and targets complex, so avoid over-curating as direct trait cause (david2018pbp2bplaysa pages 1-2, david2018pbp2bplaysa pages 11-13) |
research/traits/morphology/filament_shaped-deep-research-falcon.md	252	CHEBI:8005	peptidoglycan	peptidoglycan	OK_LABEL	1.00	| peptidoglycan | **CHEBI:8005** | Load-bearing wall polymer and product/site of localized synthesis. |
research/traits/morphology/flagellar_arrangement-deep-research-falcon.md	361	GO:0009288	bacterial-type flagellum	bacterial-type flagellum	OK_LABEL	1.00	| Bacterial-type flagellum | `GO:0009288` | Whole organelle. |
research/traits/morphology/flagellar_arrangement-deep-research-falcon.md	362	GO:0009425	bacterial-type flagellum basal body	bacterial-type flagellum basal body	OK_LABEL	1.00	| Bacterial-type flagellum basal body | `GO:0009425` | Suitable parent for MS/C-ring structural nodes. |
research/traits/morphology/flagellar_arrangement-deep-research-falcon.md	363	GO:0009424	bacterial-type flagellum hook	bacterial-type flagellum hook	OK_LABEL	1.00	| Bacterial-type flagellum hook | `GO:0009424` | Structural readout in microscopy studies. |
research/traits/morphology/flagellar_arrangement-deep-research-falcon.md	364	GO:0009420	bacterial-type flagellum filament	bacterial-type flagellum filament	OK_LABEL	1.00	| Bacterial-type flagellum filament | `GO:0009420` | Distinct from arrangement. |
research/traits/morphology/flagellar_arrangement-deep-research-falcon.md	365	GO:0005525	gtp binding	GTP binding	OK_LABEL	1.00	| GTP binding | `GO:0005525` | FlhF molecular function. |
research/traits/morphology/flagellar_arrangement-deep-research-falcon.md	366	GO:0005524	atp binding	ATP binding	OK_LABEL	1.00	| ATP binding | `GO:0005524` | FlhG/FleN molecular function. |
research/traits/morphology/flagellar_arrangement-deep-research-falcon.md	367	GO:0005886	plasma membrane	plasma membrane	OK_LABEL	1.00	| Plasma membrane | `GO:0005886` | FipA and FliF localization. |
research/traits/morphology/flagellar_arrangement-deep-research-falcon.md	368	GO:0005737	cytoplasm	cytoplasm	OK_LABEL	1.00	| Cytoplasm | `GO:0005737` | FlhG and C-ring context. |
research/traits/morphology/flagellar_arrangement-deep-research-falcon.md	369	GO:0051301	cell division	cell division	OK_LABEL	1.00	| Cell division | `GO:0051301` | Contextual process, not a core arrangement output. |
research/traits/morphology/flagellar_arrangement-deep-research-falcon.md	370	GO:0003774	motor activity	cytoskeletal motor activity	OK_LABEL	1.00	| Motor activity | `GO:0003774` | Downstream functional node if needed. |
research/traits/morphology/gliding-deep-research-falcon.md	267	doi:10	proton gradient component of pmf		UNKNOWN_PREFIX	0.00	| proton gradient component of PMF | powers | gliding motility | *Flavobacterium johnsoniae* / Bacteroidota gliding | “F. johnsoniae gliding motility is powered by the pH gradient component of the PMF” (vincent2022dynamicprotondependentmotors pages 1-2) | Vincent et al., 2022, PLoS Biol. doi:10.1371/journal.pbio.3001443 | High; direct experiment; taxon-specific but central curatable edge |
research/traits/morphology/gliding-deep-research-falcon.md	268	doi:10	gldl/gldm dynamic membrane channels		UNKNOWN_PREFIX	0.00	| GldL/GldM dynamic membrane channels | power | T9SS-dependent secretion of SprB | *F. johnsoniae* / GldLM-T9SS motor | “GldL and GldM assemble dynamic membrane channels that use the proton gradient to power both T9SS-dependent secretion of SprB” (vincent2022dynamicprotondependentmotors pages 1-2) | doi:10.1371/journal.pbio.3001443 | High; direct experiment |
research/traits/morphology/gliding-deep-research-falcon.md	269	doi:10	gldl/gldm dynamic membrane channels		UNKNOWN_PREFIX	0.00	| GldL/GldM dynamic membrane channels | power | SprB motion at the cell surface | *F. johnsoniae* / GldLM-T9SS motor | “use the proton gradient to power both T9SS-dependent secretion of SprB and its motion at the cell surface” (vincent2022dynamicprotondependentmotors pages 1-2) | doi:10.1371/journal.pbio.3001443 | High; direct experiment |
research/traits/morphology/gliding-deep-research-falcon.md	270	doi:10	type ix secretion system (t9ss)		UNKNOWN_PREFIX	0.00	| type IX secretion system (T9SS) | transports to cell surface | SprB adhesin | *F. johnsoniae* / secretion-linked gliding | “SprB and other adhesins involved in gliding motility are transported to the cell surface by a multiprotein secretion apparatus, named type IX secretion system (T9SS)” (vincent2022dynamicprotondependentmotors pages 1-2) | doi:10.1371/journal.pbio.3001443 | High; direct background in primary paper |
research/traits/morphology/gliding-deep-research-falcon.md	271	doi:10	sprb motion relative to cell + sprb attachment to substratum		UNKNOWN_PREFIX	0.00	| SprB motion relative to cell + SprB attachment to substratum | displaces cell / enables | gliding motility | *F. johnsoniae* / adhesin-driven gliding | “binding of SprB to the substratum generates adhesion points and hence that SprB motion relative to the cell displaces the cell body in a forward screw-like motion” (vincent2022dynamicprotondependentmotors pages 1-2) | doi:10.1371/journal.pbio.3001443 | High; mechanism stated in primary paper, widely accepted for this branch |
research/traits/morphology/gliding-deep-research-falcon.md	272	doi:10	conserved glutamate residues in gldl tmh2		UNKNOWN_PREFIX	0.00	| conserved glutamate residues in GldL TMH2 | are essential for | gliding motility | *F. johnsoniae* / GldLM motor chemistry | “conserved glutamate residues in GldL TMH2 are essential for gliding motility” (vincent2022dynamicprotondependentmotors pages 1-2) | doi:10.1371/journal.pbio.3001443 | High; direct mutational evidence |
research/traits/morphology/gliding-deep-research-falcon.md	273	doi:10	cccp / pmf dissipation		UNKNOWN_PREFIX	0.00	| CCCP / PMF dissipation | halts | cell displacement / SprB dynamics | *F. johnsoniae* / energetic inhibition assay | “inhibitors that dissipate the PMF prevent substrate secretion and halt cell displacement” (vincent2022dynamicprotondependentmotors pages 1-2) | doi:10.1371/journal.pbio.3001443 | High; assay-specific inhibitor edge; curate as experimental factor |
research/traits/morphology/gliding-deep-research-falcon.md	274	doi:10	δsprb deletion		UNKNOWN_PREFIX	0.00	| ΔsprB deletion | causes reduced gliding and | nonspreading colonies | *Flavobacterium columnare* / virulence-linked gliding | “sprB and sprF deletion mutants were partially defective in gliding and formed nonspreading colonies” (thunes2024glidingmotilityproteins pages 1-2) | Thunes et al., 2024, J Bacteriol. doi:10.1128/jb.00068-24 | High; direct mutant phenotype; taxon-specific |
research/traits/morphology/gliding-deep-research-falcon.md	275	doi:10	δsprf deletion		UNKNOWN_PREFIX	0.00	| ΔsprF deletion | causes reduced gliding and | nonspreading colonies | *F. columnare* / virulence-linked gliding | “sprB and sprF deletion mutants were partially defective in gliding and formed nonspreading colonies” (thunes2024glidingmotilityproteins pages 1-2) | doi:10.1128/jb.00068-24 | High; direct mutant phenotype; taxon-specific |
research/traits/morphology/gliding-deep-research-falcon.md	276	doi:10	δsprb or δsprf		UNKNOWN_PREFIX	0.00	| ΔsprB or ΔsprF | retains | extracellular proteolytic activity / secretion competence | *F. columnare* / separating motility from secretion | “Wild-type cells and cells of the ΔsprB and ΔsprF mutants produced similar levels of secreted proteolytic activity” (thunes2024glidingmotilityproteins pages 2-5) | doi:10.1128/jb.00068-24 | High; useful negative/control edge to separate mechanisms |
research/traits/morphology/gliding-deep-research-falcon.md	277	doi:10	gldj563 truncation		UNKNOWN_PREFIX	0.00	| gldJ563 truncation | causes loss of | gliding motility while secretion is retained | *F. columnare* / track-associated factor | “gldJ563, which produces GldJ truncated at amino acid 563, was defective for gliding but was competent for secretion” (thunes2024glidingmotilityproteins pages 1-2) | doi:10.1128/jb.00068-24 | High; direct separation-of-function evidence |
research/traits/morphology/gliding-deep-research-falcon.md	278	doi:10	gliding motility		UNKNOWN_PREFIX	0.00	| gliding motility | contributes to | virulence in rainbow trout fry | *F. columnare* / real-world host interaction | “This mutant displayed reduced virulence in rainbow trout fry, suggesting that motility contributes to virulence” (thunes2024glidingmotilityproteins pages 1-2) | doi:10.1128/jb.00068-24 | High for *F. columnare* virulence context; not core mechanism of motility itself |
research/traits/morphology/gliding-deep-research-falcon.md	279	doi:10	gldl/gldm motor		UNKNOWN_PREFIX	0.00	| GldL/GldM motor | is thought to function directly in | protein secretion and cell movement | *F. columnare* (inferred from *F. johnsoniae* framework) | “The GldLM motor is thought to function directly in both protein secretion and in cell movement” (thunes2024glidingmotilityproteins pages 1-2) | doi:10.1128/jb.00068-24 | Medium; review/background statement in species-focused paper; use cautiously |
research/traits/morphology/gliding-deep-research-falcon.md	280	doi:10	agar and glucose concentrations		UNKNOWN_PREFIX	0.00	| agar and glucose concentrations | drastically affect | colony spreading behavior | *F. johnsoniae* / assay-environment effect | “Colony spreading… is drastically affected by agar and glucose concentrations” (sato2021colonyspreadingof pages 1-3) | Sato et al., 2021, Sci Rep. doi:10.1038/s41598-020-79762-5 | Medium; assay-specific environmental modulation, not universal gliding mechanism |
research/traits/morphology/gliding-deep-research-falcon.md	281	doi:10	glucose presence on soft agar		UNKNOWN_PREFIX	0.00	| glucose presence on soft agar | permits | spreading dendritic colonies in ΔsprB background | *F. johnsoniae* / assay-specific SprB-independent spreading | “Wild-type (WT) and ΔsprB mutant cells formed nonspreading colonies on soft agar, but spreading dendritic colonies on soft agar containing glucose” (sato2021colonyspreadingof pages 1-3) | doi:10.1038/s41598-020-79762-5 | Medium; assay-specific and partly SprB-independent branch; do not overgeneralize |
research/traits/morphology/gliding-deep-research-falcon.md	282	doi:10	aglr/aglq/agls proton channel		UNKNOWN_PREFIX	0.00	| AglR/AglQ/AglS proton channel | powers | Myxococcus gliding machinery | *Myxococcus xanthus* / A-motility | “Gliding of Myxococcus xanthus is powered by a proton channel homologous to the stators in the bacterial flagellar motor” (chen2022flagellarmotortransformed pages 1-2) | Chen & Nan, 2022, Front Microbiol. doi:10.3389/fmicb.2022.891694 | Medium; perspective-derived synthesis, but grounded in prior experiments |
research/traits/morphology/gliding-deep-research-falcon.md	283	doi:10	mreb		UNKNOWN_PREFIX	0.00	| MreB | is required for | helical motor motion and gliding motility | *M. xanthus* / intracellular organization | “Disruption of MreB abolishes the helical motion of the motors and blocks gliding motility” (chen2022flagellarmotortransformed pages 1-2) | doi:10.3389/fmicb.2022.891694 | Medium; perspective citing prior work; curate as supported but indirect in this source |
research/traits/morphology/gliding-deep-research-falcon.md	284	doi:10	agl–glt complex trafficking to ventral side + cglb engagement		UNKNOWN_PREFIX	0.00	| Agl–Glt complex trafficking to ventral side + CglB engagement | causes | immobilization at bFA sites | *M. xanthus* / focal adhesion mechanism | “Upon reaching the ventral side… the motorized Agl–Glt apparatus becomes coupled to the substratum via… adhesin CglB… Engagement of CglB results in Agl–Glt complex immobilization at bFA sites” (jolivet2023integrinlikeadhesincgld pages 1-3) | Jolivet et al., 2023, bioRxiv. doi:10.1101/2023.10.19.562135 | Medium; preprint-derived but mechanistically detailed |
research/traits/morphology/gliding-deep-research-falcon.md	285	doi:10	immobilized agl–glt/cglb focal adhesions		UNKNOWN_PREFIX	0.00	| immobilized Agl–Glt/CglB focal adhesions | allow | force transduction and gliding locomotion | *M. xanthus* / focal adhesion mechanism | “allowing for force transduction across the cell envelope and gliding locomotion relative to the fixed bFA” (jolivet2023integrinlikeadhesincgld pages 1-3) | doi:10.1101/2023.10.19.562135 | Medium; preprint-derived |
research/traits/morphology/gliding-deep-research-falcon.md	286	doi:10	cgld		UNKNOWN_PREFIX	0.00	| CglD | anchors and stabilizes | Glt–CglB gliding apparatus at bacterial focal adhesions | *M. xanthus* / focal adhesion stabilization | “CglD to be a β-integrin-like outer-membrane lipoprotein that functionally associates with and anchors the trans-envelope Glt–CglB gliding apparatus, stabilizing… this assembly at bFAs” (jolivet2023integrinlikeadhesincgld pages 1-3) | doi:10.1101/2023.10.19.562135 | Medium; preprint-derived; strong candidate but await peer review |
research/traits/morphology/gliding-deep-research-falcon.md	287	doi:10	calcium dependence		UNKNOWN_PREFIX	0.00	| calcium dependence | governs importance of | CglD in focal adhesion function | *M. xanthus* / focal adhesion stabilization | “Calcium dependence governs CglD importance” (jolivet2023integrinlikeadhesincgld pages 1-3) | doi:10.1101/2023.10.19.562135 | Medium-low; preprint-derived and specific; curate with explicit condition note |
research/traits/morphology/gliding-deep-research-falcon.md	288	doi:10	cgld		UNKNOWN_PREFIX	0.00	| CglD | confers | mechanosensory and mechanotransductory capabilities | *M. xanthus* / focal adhesion stabilization | “CglD thus confers mechanosensory and mechanotransductory capabilities to the gliding apparatus” (jolivet2023integrinlikeadhesincgld pages 1-3) | doi:10.1101/2023.10.19.562135 | Medium-low; preprint-derived functional interpretation |
research/traits/morphology/gliding-deep-research-falcon.md	289	doi:10	stationary motor aggregation on harder substrates		UNKNOWN_PREFIX	0.00	| stationary motor aggregation on harder substrates | increases with | substrate stiffness | *M. xanthus* / mechanosensing | “aggregation of stationary motors and motor-associated proteins intensifies on harder substrates” (chen2022flagellarmotortransformed pages 1-2) | doi:10.3389/fmicb.2022.891694 | Low-medium; perspective-derived mechanosensing claim, useful as environment edge if flagged |
research/traits/morphology/gliding-deep-research-falcon.md	290	doi:10	t9ss and gliding machineries		UNKNOWN_PREFIX	0.00	| T9SS and gliding machineries | share components | GldK/GldL/GldM/GldN | Bacteroidota gliding framework | “The T9SS and gliding motility machineries share some, but not all, components” (thunes2024glidingmotilityproteins pages 1-2) | doi:10.1128/jb.00068-24 | High as architectural background; broad but phylum-specific |
research/traits/morphology/gliding-deep-research-falcon.md	291	doi:10	gldj		UNKNOWN_PREFIX	0.00	| GldJ | may form | track along which SprB and other adhesins are propelled | *F. columnare*/*F. johnsoniae* framework | “GldJ, may form the track along which SprB and the other motility adhesins are propelled” (thunes2024glidingmotilityproteins pages 1-2) | doi:10.1128/jb.00068-24 | Low; explicitly speculative (“may form”); warning-level only |
research/traits/morphology/gram_stain-deep-research-falcon.md	221	CHEBI:16236	ethanol	ethanol	OK_LABEL	1.00	| ethanol | `CHEBI:16236` | Organic-solvent decolorizer. |
research/traits/morphology/gram_stain-deep-research-falcon.md	224	GO:0003796	lysozyme	lysozyme activity	OK_LABEL	1.00	| lysozyme | Molecular entity label; activity `GO:0003796` | Experimental peptidoglycan-degrading perturbation. |
research/traits/morphology/gram_stain-deep-research-falcon.md	230	GO:0009274	peptidoglycan-based cell wall	peptidoglycan-based cell wall	OK_LABEL	1.00	| peptidoglycan-based cell wall | `GO:0009274` | Main structural determinant of retention in classical bacteria. |
research/traits/morphology/gram_variable-deep-research-falcon.md	216	CHEBI:16236	ethanol	ethanol	OK_LABEL	1.00	| ethanol | `CHEBI:16236` | Decolorizer in the directly studied protocol; do not generalize without qualification to acetone-containing methods. |
research/traits/morphology/gram_variable-deep-research-falcon.md	222	CHEBI:41688	crystal violet	crystal violet	OK_LABEL	1.00	| crystal violet | `CHEBI:41688` | Primary dye; verify ontology release during implementation. |
research/traits/morphology/gram_variable-deep-research-falcon.md	232	CHEBI:8005	peptidoglycan	peptidoglycan	OK_LABEL	1.00	| peptidoglycan | `CHEBI:8005` | Verify exact current CHEBI record before committing. |
research/traits/morphology/gram_variable-deep-research-falcon.md	233	GO:0009274	peptidoglycan-containing cell wall	peptidoglycan-based cell wall	OK_LABEL	1.00	| peptidoglycan-containing cell wall | `GO:0009274` | Common GO grounding for bacterial cell wall; validate release and taxon scope. |
research/traits/morphology/gram_variable-deep-research-falcon.md	234	GO:0030428	division septum	cell septum	OK_LABEL	1.00	| division septum | `GO:0030428` | Candidate localization for the localized-lesion branch; validate before YAML insertion. |
research/traits/morphology/gram_variable-deep-research-falcon.md	236	GO:0030115	s-layer	S-layer	OK_LABEL	1.00	| S-layer | `GO:0030115` if confirmed in target ontology release; otherwise label-only | Taxon-specific structural modifier in the *Bacillus–Butyrivibrio–Clostridium* branch. |
research/traits/morphology/gram_variable-deep-research-falcon.md	237	GO:0005737	cytoplasm	cytoplasm	OK_LABEL	1.00	| cytoplasm | `GO:0005737` | Source of retained stain precipitate and material lost after envelope breach. |
research/traits/morphology/gram_variable-deep-research-falcon.md	250	GO:0003796	autolysin activity	lysozyme activity	DRIFT	0.67	| autolysin activity | `GO:0003796` only if the exact current definition fits; otherwise label-only | Modern mechanistic context, not directly established as the trait’s universal driver. |
research/traits/morphology/heterocyst-deep-research-falcon.md	217	CHEBI:15379	molecular oxygen	dioxygen	OK_LABEL	1.00	| molecular oxygen | `CHEBI:15379` | Nitrogenase inhibitor and substrate for respiration. |
research/traits/morphology/heterocyst-deep-research-falcon.md	225	CHEBI:16810	2-oxoglutarate	2-oxoglutarate(2-)	OK_LABEL	1.00	| 2-oxoglutarate | `CHEBI:16810` | Carbon/nitrogen-status signal activating NtcA. |
research/traits/morphology/heterocyst-deep-research-falcon.md	226	CHEBI:17997	dinitrogen	dinitrogen	OK_LABEL	1.00	| dinitrogen | `CHEBI:17997` | Nitrogenase substrate. |
research/traits/morphology/heterocyst-deep-research-falcon.md	228	CHEBI:17992	sucrose	sucrose	OK_LABEL	1.00	| sucrose | `CHEBI:17992` | Carbon/reductant-bearing metabolite exchanged toward heterocysts. |
research/traits/morphology/intracellular_inclusion-deep-research-falcon.md	217	GO:0042579	bacterial microcompartment	microbody	DRIFT	0.35	| bacterial microcompartment | `GO:0042579` | High-confidence general BMC compartment grounding. |
research/traits/morphology/intracellular_inclusion-deep-research-falcon.md	218	GO:0031470	carboxysome	carboxysome	OK_LABEL	1.00	| carboxysome | `GO:0031470` | Photosynthetic/autotrophic BMC child. |
research/traits/morphology/intracellular_inclusion-deep-research-falcon.md	219	GO:0031411	gas vesicle	gas vesicle	OK_LABEL	1.00	| gas vesicle | `GO:0031411` | Gas-filled, protein-shell organelle. |
research/traits/morphology/intracellular_inclusion-deep-research-falcon.md	220	GO:0042599	magnetosome	lamellar body	DRIFT	0.61	| magnetosome | `GO:0042599` | Use for the membrane-bounded magnetic-mineral organelle. |
research/traits/morphology/intracellular_inclusion-deep-research-falcon.md	241	CHEBI:16526	carbon dioxide	carbon dioxide	OK_LABEL	1.00	| carbon dioxide | `CHEBI:16526` | Rubisco substrate and carboxysome cargo flux. |
research/traits/morphology/intracellular_inclusion-deep-research-falcon.md	242	CHEBI:17544	hydrogencarbonate/bicarbonate	hydrogencarbonate	OK_LABEL	1.00	| hydrogencarbonate/bicarbonate | `CHEBI:17544` | Imported inorganic-carbon species converted to CO₂ by carbonic anhydrase. |
research/traits/morphology/intracellular_inclusion-deep-research-falcon.md	243	CHEBI:15379	oxygen	dioxygen	OK_LABEL	1.00	| oxygen | `CHEBI:15379` | Competes with CO₂ at Rubisco; also an environmental regulator for some organelles. |
research/traits/morphology/intracellular_inclusion-deep-research-falcon.md	244	CHEBI:15351	acetyl-coa	acetyl-CoA	OK_LABEL	1.00	| acetyl-CoA | `CHEBI:15351` | Central precursor for PHB synthesis. |
research/traits/morphology/intracellular_inclusion-deep-research-falcon.md	246	CHEBI:37054	3-hydroxybutyrate	3-hydroxybutyrate	OK_LABEL	1.00	| 3-hydroxybutyrate | `CHEBI:37054` | PHB mobilization product implicated in stress protection. |
research/traits/morphology/intracellular_inclusion-deep-research-falcon.md	247	CHEBI:16838	polyphosphate	polyphosphate	OK_LABEL	1.00	| polyphosphate | `CHEBI:16838` | Phosphate/energy and cation-storage polymer. |
research/traits/morphology/intracellular_inclusion-deep-research-falcon.md	248	CHEBI:28087	glycogen	glycogen	OK_LABEL	1.00	| glycogen | `CHEBI:28087` | Branched glucose-storage polymer. |
research/traits/morphology/intracellular_inclusion-deep-research-falcon.md	249	CHEBI:46726	magnetite	magnetite	OK_LABEL	1.00	| magnetite | `CHEBI:46726` | Common magnetosome magnetic mineral. |
research/traits/morphology/lophotrichous-deep-research-falcon.md	205	GO:0071973	flagellum-dependent motility	bacterial-type flagellum-dependent cell motility	DRIFT	0.75	| flagellum-dependent motility | biological process | `GO:0071973` | Downstream capacity, not part of the defining morphology. |
research/traits/morphology/magnetosome-deep-research-falcon.md	216	CHEBI:18248	iron atom	iron atom	OK_LABEL	1.00	| iron atom | `CHEBI:18248` |
research/traits/morphology/magnetosome-deep-research-falcon.md	217	CHEBI:29033	ferrous iron / fe(ii)	iron(2+)	OK_LABEL	1.00	| ferrous iron / Fe(II) | `CHEBI:29033` |
research/traits/morphology/magnetosome-deep-research-falcon.md	218	CHEBI:29034	ferric iron / fe(iii)	iron(3+)	OK_LABEL	1.00	| ferric iron / Fe(III) | `CHEBI:29034` |
research/traits/morphology/magnetosome-deep-research-falcon.md	219	CHEBI:46726	magnetite	magnetite	OK_LABEL	1.00	| magnetite | `CHEBI:46726` |
research/traits/morphology/magnetosome-deep-research-falcon.md	220	CHEBI:15379	oxygen	dioxygen	OK_LABEL	1.00	| oxygen | `CHEBI:15379` |
research/traits/morphology/magnetosome-deep-research-falcon.md	221	CHEBI:26523	reactive oxygen species	reactive oxygen species	OK_LABEL	1.00	| reactive oxygen species | `CHEBI:26523` |
research/traits/morphology/monotrichous-deep-research-falcon.md	219	GO:0009288	bacterial-type flagellum	bacterial-type flagellum	OK_LABEL	1.00	| bacterial-type flagellum | cellular component | `GO:0009288` | Mature appendage; verify GO release during implementation. |
research/traits/morphology/monotrichous-deep-research-falcon.md	220	GO:0009425	bacterial flagellar basal body	bacterial-type flagellum basal body	OK_LABEL	1.00	| bacterial flagellar basal body | cellular component | `GO:0009425` | Broad structural parent for motor base. |
research/traits/morphology/monotrichous-deep-research-falcon.md	223	GO:0051286	cell pole	cell tip	DRIFT	0.67	| cell pole | localization | `GO:0051286` | Location at which the polar system is initiated. |
research/traits/morphology/monotrichous-deep-research-falcon.md	224	GO:0005886	cytoplasmic membrane	plasma membrane	OK_LABEL	1.00	| cytoplasmic membrane | localization | `GO:0005886` | FipA and FliF membrane context. |
research/traits/morphology/monotrichous-deep-research-falcon.md	225	GO:0044780	polar flagellum assembly	bacterial-type flagellum assembly	OK_IN_ROW	1.00	| polar flagellum assembly | biological process | `GO:0044780` as broad bacterial-type flagellum assembly | Retain “polar” as contextual qualifier unless a verified narrower term is available. |
research/traits/morphology/monotrichous-deep-research-falcon.md	248	CHEBI:15996	gtp	GTP	OK_LABEL	1.00	| GTP | `CHEBI:15996` | Binding favors active/dimeric FlhF; hydrolysis promotes inactivation/release. |
research/traits/morphology/monotrichous-deep-research-falcon.md	249	CHEBI:17552	gdp	GDP	OK_LABEL	1.00	| GDP | `CHEBI:17552` | FlhF post-hydrolysis nucleotide state. |
research/traits/morphology/monotrichous-deep-research-falcon.md	250	CHEBI:15422	atp	ATP	OK_LABEL	1.00	| ATP | `CHEBI:15422` | Supports FlhG dimerization/membrane-associated regulatory activity. |
research/traits/morphology/monotrichous-deep-research-falcon.md	251	CHEBI:16761	adp	ADP	OK_LABEL	1.00	| ADP | `CHEBI:16761` | Product/state associated with ATPase cycling. |
research/traits/morphology/ovoid_shaped-deep-research-falcon.md	247	GO:0007049	ftsz ring	cell cycle	OK_IN_ROW	1.00	"| FtsZ ring | organizes_at | midcell PG assembly zone | strong | 10.1016/j.cub.2021.04.041 | ""the FtsZ-formed Z-ring at midcell drives localization of elongation and division proteins at the cell cycle's beginning"" (trouve2021nanoscaledynamicsof pages 1-3) | Supports FtsZ as proximal organizer for GO:0007049 cell division in ovococci; object kept label-only because no confident ontology ID was provided. |"
research/traits/morphology/ovoid_shaped-deep-research-falcon.md	248	GO:0009252	pbp2b-roda peripheral pg synthase pair	peptidoglycan biosynthetic process	OK_IN_ROW	1.00	"| PBP2b-RodA peripheral PG synthase pair | enables | peripheral peptidoglycan synthesis → cell elongation | strong | 10.3389/fmicb.2021.737396 | ""The RodA-PBP2b complex includes MreC, MreD, and RodZ and performs sidewall synthesis at the midcell for cell elongation"" (briggs2021thepneumococcaldivisome pages 6-7) | Use as core elongasome edge feeding GO:0009252 peptidoglycan biosynthetic process and ultimately METPO:1000677; taxon focused on S. pneumoniae. |"
research/traits/morphology/ovoid_shaped-deep-research-falcon.md	252	GO:0009252	septal peptidoglycan synthesis + peripheral peptidoglycan synthesis	peptidoglycan biosynthetic process	OK_LABEL	1.00	"| septal peptidoglycan synthesis + peripheral peptidoglycan synthesis | jointly_generate | METPO:1000677 | strong | 10.1016/j.cub.2021.04.041 | ""septal and peripheral peptidoglycan syntheses first occur within a single annular region that later separates in two concentric regions"" and ""ovoid-cell morphogenesis would thus rely on the relative dynamics between peptidoglycan synthesis and cleavage"" (trouve2021nanoscaledynamicsof pages 1-3, trouve2021nanoscaledynamicsof pages 10-11) | Central graph edge for trait definition; maps trait emergence to coordinated GO:0009252 sub-processes. |"
research/traits/morphology/pleomorphic_shaped-deep-research-falcon.md	225	CHEBI:8005	peptidoglycan	peptidoglycan	OK_LABEL	1.00	| peptidoglycan | `CHEBI:8005` | Verify ontology release before commit |
research/traits/morphology/pleomorphic_shaped-deep-research-falcon.md	227	GO:0005886	plasma membrane	plasma membrane	OK_LABEL	1.00	| plasma membrane | `GO:0005886` | Membrane deformation becomes dominant after wall loss |
research/traits/morphology/pleomorphic_shaped-deep-research-falcon.md	228	GO:0000902	cell morphogenesis	cell morphogenesis	OK_LABEL	1.00	| cell morphogenesis | `GO:0000902` | Broad process node |
research/traits/morphology/pleomorphic_shaped-deep-research-falcon.md	229	GO:0009252	peptidoglycan biosynthetic process	peptidoglycan biosynthetic process	OK_LABEL	1.00	| peptidoglycan biosynthetic process | `GO:0009252` | Upstream wall-synthesis module |
research/traits/morphology/pleomorphic_shaped-deep-research-falcon.md	230	GO:0006633	fatty-acid biosynthetic process	fatty acid biosynthetic process	DRIFT	1.00	| fatty-acid biosynthetic process | `GO:0006633` | Supplies excess membrane synthesis |
research/traits/morphology/pleomorphic_shaped-deep-research-falcon.md	268	CHEBI:18420	mg²⁺ and isotonic medium	magnesium(2+)	DRIFT	0.48	| Mg²⁺ and isotonic medium | Osmoprotective culture conditions | `CHEBI:18420` may ground Mg²⁺; verify |
research/traits/morphology/polyphosphate_granule-deep-research-falcon.md	205	CHEBI:16838	inorganic polyphosphate	polyphosphate	OK_LABEL	1.00	| inorganic polyphosphate | **CHEBI:16838** | Polymer stored in the inclusion; confirm identifier during repository validation. |
research/traits/morphology/polyphosphate_granule-deep-research-falcon.md	206	CHEBI:18367	phosphate / orthophosphate	phosphate(3-)	OK_LABEL	1.00	| phosphate / orthophosphate | **CHEBI:18367** | Imported substrate and PPX product. |
research/traits/morphology/polyphosphate_granule-deep-research-falcon.md	207	CHEBI:15422	atp	ATP	OK_LABEL	1.00	| ATP | **CHEBI:15422** | Principal phosphate donor for bacterial PPK1. |
research/traits/morphology/polyphosphate_granule-deep-research-falcon.md	208	CHEBI:16761	adp	ADP	OK_LABEL	1.00	| ADP | **CHEBI:16761** | Product of ATP-dependent polymerization; also regenerated from polyP by some PPK2 enzymes. |
research/traits/morphology/polyphosphate_granule-deep-research-falcon.md	210	CHEBI:29108	calcium ion	calcium(2+)	OK_LABEL	1.00	| calcium ion | **CHEBI:29108** | Common polyP-associated counterion. |
research/traits/morphology/polyphosphate_granule-deep-research-falcon.md	211	CHEBI:18420	magnesium ion	magnesium(2+)	OK_LABEL	1.00	| magnesium ion | **CHEBI:18420** | Common counterion and enzymatic cofactor. |
research/traits/morphology/red_pigmented-deep-research-falcon.md	230	GO:0016117	carotenoid biosynthesis	carotenoid biosynthetic process	OK_LABEL	1.00	| carotenoid biosynthesis | GO:0016117 | Candidate alternative mechanism, not part of the *Serratia* prodigiosin pathway. |
research/traits/morphology/red_pigmented-deep-research-falcon.md	231	GO:0019287	mevalonate pathway	isopentenyl diphosphate biosynthetic process, mevalonate pathway	OK_LABEL	1.00	| mevalonate pathway | GO:0019287 | Relevant to red yeasts; upstream and not sufficient for red appearance. |
research/traits/morphology/red_pigmented-deep-research-falcon.md	232	GO:0019288	methylerythritol-phosphate pathway	isopentenyl diphosphate biosynthetic process, methylerythritol 4-phosphate pathway	DRIFT	0.60	| methylerythritol-phosphate pathway | GO:0019288 | Relevant to many bacterial carotenoids; upstream and not sufficient alone. |
research/traits/morphology/red_pigmented-deep-research-falcon.md	243	GO:0000156	cpxa–cpxr	phosphorelay response regulator activity	DRIFT	0.18	| CpxA–CpxR | Two-component envelope-stress system; CpxR directly represses the `pig` promoter in JNB5-1 | GO:0000156 can ground two-component response-regulator activity only after exact role checking. |
research/traits/morphology/red_pigmented-deep-research-falcon.md	257	CHEBI:17203	l-proline	L-proline	OK_LABEL	1.00	| L-proline | CHEBI:17203 | MBC-branch precursor reported in the retrieved pathway evidence. |
research/traits/morphology/red_pigmented-deep-research-falcon.md	258	CHEBI:15948	lycopene	lycopene	OK_LABEL	1.00	| lycopene | CHEBI:15948 | Red carotenoid; a potential alternative proximal cause. |
research/traits/morphology/rod_shaped-deep-research-falcon.md	247	GO:0009252	mreb/actin cytoskeleton	peptidoglycan biosynthetic process	OK_IN_ROW	1.00	"| MreB/actin cytoskeleton | MreB — actin-like cytoskeleton protein (UniProt: candidate label-only) | organizes | sidewall peptidoglycan synthesis (GO:0009252) | https://doi.org/10.1038/s41579-020-0366-3 | 2020 | Bacteria; emphasized in *E. coli* and rod-shaped taxa | ""MreB filaments are described as responsible for organizing cell wall synthesis"" (egan2020regulationofpeptidoglycan pages 8-9) | Review synthesis connecting MreB localization with discontinuous zones of nascent PG insertion and cylindrical morphogenesis. | inferred, broad-review |"
research/traits/morphology/rod_shaped-deep-research-falcon.md	253	GO:0009252	rod complex and seds/pbp	peptidoglycan biosynthetic process	DRIFT	0.33	"| Rod complex and SEDS/PBP | Rod complex (label-only) | synthesizes | elongation peptidoglycan (GO:0009252) | https://doi.org/10.1002/mbo3.1385 | 2023 | *Escherichia coli* | ""Peptidoglycan for elongation in Escherichia coli is synthesized by the Rod complex"" (ago2023relationshipbetweenthe pages 1-3) | Direct statement from 2023 peer-reviewed paper; central graph backbone. | taxon-specific |"
research/traits/morphology/rod_shaped-deep-research-falcon.md	565	GO:0003779	mreb	actin binding	OK_IN_ROW	1.00	| **MreB** | UniProt: species-specific; GO:0003779 (actin binding) | Actin-like cytoskeleton protein; conserved across rod-shaped bacteria. |
research/traits/morphology/rod_shaped-deep-research-falcon.md	571	CHEBI:8005	peptidoglycan	peptidoglycan	OK_LABEL	1.00	| **Peptidoglycan** | CHEBI:8005; GO:0009274 | Cell-wall polymer determining shape. |
research/traits/morphology/rod_shaped-deep-research-falcon.md	571	GO:0009274	peptidoglycan	peptidoglycan-based cell wall	OK_LABEL	1.00	| **Peptidoglycan** | CHEBI:8005; GO:0009274 | Cell-wall polymer determining shape. |
research/traits/morphology/rod_shaped-deep-research-falcon.md	574	CHEBI:6697	mecillinam	Mascaroside	DRIFT	0.19	| **Mecillinam** | CHEBI:6697 | PBP2 inhibitor. |
research/traits/morphology/rod_shaped-deep-research-falcon.md	575	CHEBI:25385	moenomycin		UNRESOLVED	0.00	| **Moenomycin** | CHEBI:25385 | aPBP inhibitor. |
research/traits/morphology/rod_shaped-deep-research-falcon.md	577	GO:0009252	lateral elongation	peptidoglycan biosynthetic process	DRIFT	0.41	| **Lateral elongation** | GO:0009252 (PG biosynthesis), GO:0000902 (morphogenesis) | Primary rod-growth mode. |
research/traits/morphology/rod_shaped-deep-research-falcon.md	577	GO:0000902	lateral elongation	cell morphogenesis	DRIFT	0.29	| **Lateral elongation** | GO:0009252 (PG biosynthesis), GO:0000902 (morphogenesis) | Primary rod-growth mode. |
research/traits/morphology/rod_shaped-deep-research-falcon.md	579	GO:0005856	bactofilins	cytoskeleton	OK_IN_ROW	1.00	| **Bactofilins** | GO:0005856 (cytoskeleton) | Static filament bundles; tip-growth regulators. |
research/traits/morphology/s_layer-deep-research-falcon.md	205	GO:0005048	signal peptide	signal sequence binding	DRIFT	0.53	| signal peptide | domain/motif | GO:0005048 | N-terminal secretion signal directing S-layer proteins into export pathways such as Sec or accessory SecA2 (kirk2017characteristicsofthe pages 4-5, paillat2023ajourneywith pages 1-3) |
research/traits/morphology/s_layer-deep-research-falcon.md	209	CHEBI:29108	ca2+ ions	calcium(2+)	OK_LABEL	1.00	| Ca2+ ions | chemical | CHEBI:29108 | Divalent cation commonly required for S-layer reassembly and, in EA1 and archaeal systems, structural stabilization/assembly control (sleytr2025slayersfroma pages 19-20, sogues2023structureandfunction pages 2-3) |
research/traits/morphology/s_layer-deep-research-falcon.md	212	CHEBI:24402	lipoteichoic acid (lta)	glycosphingolipid	DRIFT	0.28	| lipoteichoic acid (LTA) | chemical/polymer | CHEBI:24402 | Lactobacillus cell wall polymer serving as S-layer attachment ligand for TAB-containing SlpA proteins (sagmeister2024themoleculararchitecture pages 1-2, sagmeister2024themoleculararchitecture pages 9-9) |
research/traits/morphology/s_layer-deep-research-falcon.md	213	CHEBI:7744	wall teichoic acid (wta)		UNRESOLVED	0.00	| wall teichoic acid (WTA) | chemical/polymer | CHEBI:7744 | Cell wall polymer implicated in Lactobacillus S-layer attachment alongside LTA (sagmeister2024themoleculararchitecture pages 1-2) |
research/traits/morphology/s_layer-deep-research-falcon.md	214	CHEBI:50699	n-glycans	oligosaccharide	DRIFT	0.38	| N-glycans | chemical/glycan | CHEBI:50699 | N-linked glycans decorating archaeal S-layer proteins such as SlaA/SlaB; associated with thermostability and surface properties (gambelli2024structureofthe pages 1-2, gambelli2024structureofthe pages 12-13) |
research/traits/morphology/s_layer-deep-research-falcon.md	216	CHEBI:52722	peptidoglycan	lactacystin	DRIFT	0.25	| peptidoglycan | chemical/polymer | CHEBI:52722 | Structural cell wall polymer beneath many bacterial S-layers; S-layer insertion coordinates with zones of peptidoglycan turnover (herdman2024cellcycledependent pages 1-2, herdman2023cellcycledependent pages 8-11) |
research/traits/morphology/s_layer-deep-research-falcon.md	218	GO:0015031	sec pathway	protein transport	DRIFT	0.24	| Sec pathway | secretion system | GO:0015031 | General secretion pathway exporting signal-peptide-containing proteins across the cytoplasmic membrane; used upstream of several S-layer systems (kirk2017characteristicsofthe pages 4-5, paillat2023ajourneywith pages 1-3) |
research/traits/morphology/s_layer-deep-research-falcon.md	221	GO:0006614	signal peptide-dependent export	SRP-dependent cotranslational protein targeting to membrane	DRIFT	0.39	| signal peptide-dependent export | secretion process | GO:0006614 | Protein export logic in which N-terminal signal peptides target S-layer precursors to translocation pathways (kirk2017characteristicsofthe pages 4-5, paillat2023ajourneywith pages 1-3) |
research/traits/morphology/s_layer-deep-research-falcon.md	223	GO:0043934	self-assembly	sporulation	DRIFT	0.26	| self-assembly | biological process | GO:0043934 | Intrinsic spontaneous assembly of S-layer proteins into ordered arrays on cell surfaces or in vitro (pum2021patternsinnature—slayer pages 2-4, pum2013slayerproteinselfassembly pages 4-6) |
research/traits/morphology/s_layer-deep-research-falcon.md	226	GO:0046813	cell wall anchoring	receptor-mediated virion attachment to host cell	DRIFT	0.25	| cell wall anchoring | biological process | GO:0046813 | Attachment of assembled S-layer proteins to wall polymers via SLH, CWB2, or TAB-mediated interactions (kirk2017characteristicsofthe pages 4-5, sagmeister2024themoleculararchitecture pages 9-9) |
research/traits/morphology/s_layer-deep-research-falcon.md	227	GO:0016485	post-translational cleavage	protein processing	DRIFT	0.57	| post-translational cleavage | biological process | GO:0016485 | Maturation step in which proteases such as Cwp84 process S-layer precursors after export (kirk2017characteristicsofthe pages 4-5) |
research/traits/morphology/s_layer-deep-research-falcon.md	228	GO:0018279	n-glycosylation	obsolete protein N-linked glycosylation via asparagine	OBSOLETE	1.00	| N-glycosylation | biological process | GO:0018279 | Common archaeal S-layer protein modification; in *Sulfolobus* mediated by AglB and extensive on SlaA/SlaB (gambelli2024structureofthe pages 12-13, gambelli2024structureofthe pages 1-2) |
research/traits/morphology/s_layer-deep-research-falcon.md	229	GO:0006493	o-glycosylation	protein O-linked glycosylation	DRIFT	0.68	| O-glycosylation | biological process | GO:0006493 | Modification of certain bacterial S-layer proteins, notably TfsA/TfsB in *T. forsythia* (paillat2023ajourneywith pages 8-9) |
research/traits/morphology/s_layer-deep-research-falcon.md	230	GO:0007049	cell cycle coordination	cell cycle	OK_LABEL	1.00	| cell cycle coordination | biological process | GO:0007049 | Spatial and temporal coordination of S-layer insertion with growth and division, especially in *C. crescentus* (herdman2024cellcycledependent pages 4-5, herdman2024cellcycledependent pages 1-2) |
research/traits/morphology/s_layer-deep-research-falcon.md	233	GO:0009986	cell surface	cell surface	OK_LABEL	1.00	| cell surface | cellular localization | GO:0009986 | Principal location of mature S-layer lattices as the outermost coat of many bacteria and most archaea (gambelli2024structureofthe pages 2-3, sleytr2025slayersfroma pages 2-4) |
research/traits/morphology/s_layer-deep-research-falcon.md	234	GO:0019867	outer membrane	outer membrane	OK_LABEL	1.00	| outer membrane | cellular localization | GO:0019867 | Relevant location for diderm S-layers such as *Caulobacter* and for T9SS-mediated delivery across the outer membrane (paillat2023ajourneywith pages 1-3, herdman2024cellcycledependent pages 4-5) |
research/traits/morphology/s_layer-deep-research-falcon.md	235	GO:0042597	periplasm	periplasmic space	OK_LABEL	1.00	| periplasm | cellular localization | GO:0042597 | Intermediate compartment for Sec-exported/T9SS-targeted proteins in diderm bacteria; TfsA/TfsB remain here in T9SS mutants (paillat2023ajourneywith pages 8-9, paillat2023ajourneywith pages 1-3) |
research/traits/morphology/s_layer-deep-research-falcon.md	236	GO:0005618	cell wall	cell wall	OK_LABEL	1.00	| cell wall | cellular localization | GO:0005618 | Anchoring substrate for many bacterial S-layers via SCWP, PS-II, or teichoic acids (kirk2017characteristicsofthe pages 4-5, sogues2023structureandfunction pages 1-2) |
research/traits/morphology/s_layer-deep-research-falcon.md	238	GO:0016491	molecular sieve	oxidoreductase activity	DRIFT	0.39	| molecular sieve | functional role | GO:0016491 | Porous S-layer lattice acts as an isoporous molecular sieve controlling passage of molecules (hynonen2013lactobacillussurfacelayer pages 1-2, grillwalcher2025anewage pages 1-2) |
research/traits/morphology/s_layer-deep-research-falcon.md	240	GO:0008360	cell shape determination	regulation of cell shape	DRIFT	0.42	| cell shape determination | functional role | GO:0008360 | Especially in archaea lacking peptidoglycan, S-layers help determine and maintain cell morphology (hynonen2013lactobacillussurfacelayer pages 1-2, grillwalcher2025anewage pages 1-2) |
research/traits/morphology/s_layer-deep-research-falcon.md	241	GO:0009405	virulence factor	obsolete pathogenesis	OBSOLETE	1.00	| virulence factor | functional role | GO:0009405 | In pathogens such as *C. difficile* and *B. anthracis*, S-layer components contribute to host interaction and pathogenicity (grillwalcher2025anewage pages 1-2, chandra2023hostimmuneresponses pages 4-6) |
research/traits/morphology/s_layer-deep-research-falcon.md	242	GO:0022610	adhesion	obsolete biological adhesion	OBSOLETE	1.00	| adhesion | functional role | GO:0022610 | S-layer proteins and associated CWPs mediate binding to host cells, extracellular matrix, or abiotic surfaces (hynonen2013lactobacillussurfacelayer pages 1-2, chandra2023hostimmuneresponses pages 4-6) |
research/traits/morphology/s_layer-deep-research-falcon.md	243	GO:0050776	immune evasion	regulation of immune response	DRIFT	0.51	| immune evasion | functional role | GO:0050776 | S-layers can protect against complement/phagocytosis and contribute to serum resistance or antigenic variation (hynonen2013lactobacillussurfacelayer pages 1-2, barwinskasendra2025evolutionaryplasticityof pages 33-35) |
research/traits/morphology/s_layer-deep-research-falcon.md	244	GO:0006950	protection from environmental stress	response to stress	DRIFT	0.41	| protection from environmental stress | functional role | GO:0006950 | S-layers protect cells from osmotic, pH, oxidative, radiation, predatory, and phage-associated stresses (hynonen2013lactobacillussurfacelayer pages 1-2, grillwalcher2025anewage pages 1-2) |
research/traits/morphology/sarcina_arrangement-deep-research-falcon.md	208	CHEBI:18246	extracellular packet-associated cellulose	(1->4)-beta-D-glucan	OK_LABEL	1.00	| extracellular packet-associated cellulose | `CHEBI:18246` for cellulose | Localization/role should remain in the node label or edge annotation. |
research/traits/morphology/sarcina_arrangement-deep-research-falcon.md	210	GO:0000917	division septum	division septum assembly	OK_LABEL	1.00	| division septum | GO process grounding may use `GO:0000917` where appropriate | Ensure the GO term’s scope matches bacterial barrier-septum assembly. |
research/traits/morphology/sarcina_arrangement-deep-research-falcon.md	216	GO:0051301	cell division	cell division	OK_LABEL	1.00	| cell division | `GO:0051301` | General process. |
research/traits/morphology/sarcina_arrangement-deep-research-falcon.md	217	GO:0007049	cell cycle	cell cycle	OK_LABEL	1.00	| cell cycle | `GO:0007049` | Broad contextual process. |
research/traits/morphology/sarcina_arrangement-deep-research-falcon.md	239	CHEBI:17234	glucose	glucose	OK_LABEL	1.00	| glucose | `CHEBI:17234` | General cellulose precursor and fermentable substrate. |
research/traits/morphology/sarcina_arrangement-deep-research-falcon.md	240	CHEBI:18066	udp-α-d-glucose	UDP-D-glucose	DRIFT	1.00	| UDP-α-D-glucose | `CHEBI:18066` | Direct cellulose precursor in general bacterial-cellulose biosynthesis. (moniri2017productionandstatus pages 3-6) |
research/traits/morphology/sarcina_arrangement-deep-research-falcon.md	241	CHEBI:18246	cellulose	(1->4)-beta-D-glucan	OK_LABEL	1.00	| cellulose | `CHEBI:18246` | Directly relevant cohesion material. |
research/traits/morphology/sarcina_arrangement-deep-research-falcon.md	267	CHEBI:17234	glucose (chebi:17234)	glucose	OK_LABEL	1.00	| glucose (CHEBI:17234) | is converted to | UDP-glucose (CHEBI:18066) | General biochemical inference | 10.3390/nano7090257 | **Background only; do not curate yet.** Non-Sarcina-specific cellulose-biosynthesis pathway summary. (moniri2017productionandstatus pages 3-6) |
research/traits/morphology/sarcina_arrangement-deep-research-falcon.md	267	CHEBI:18066	glucose (chebi:17234)	UDP-D-glucose	OK_IN_ROW	1.00	| glucose (CHEBI:17234) | is converted to | UDP-glucose (CHEBI:18066) | General biochemical inference | 10.3390/nano7090257 | **Background only; do not curate yet.** Non-Sarcina-specific cellulose-biosynthesis pathway summary. (moniri2017productionandstatus pages 3-6) |
research/traits/morphology/sarcina_arrangement-deep-research-falcon.md	268	CHEBI:18066	udp-glucose (chebi:18066)	UDP-D-glucose	OK_LABEL	1.00	| UDP-glucose (CHEBI:18066) | serves as precursor for synthesis of | cellulose (CHEBI:18246) | General biochemical inference | 10.3390/nano7090257 | **Background only; do not curate yet.** Valid for bacterial cellulose generally, but no Sarcina-specific synthase/gene evidence here. (moniri2017productionandstatus pages 3-6) |
research/traits/morphology/sarcina_arrangement-deep-research-falcon.md	268	CHEBI:18246	udp-glucose (chebi:18066)	(1->4)-beta-D-glucan	OK_IN_ROW	1.00	| UDP-glucose (CHEBI:18066) | serves as precursor for synthesis of | cellulose (CHEBI:18246) | General biochemical inference | 10.3390/nano7090257 | **Background only; do not curate yet.** Valid for bacterial cellulose generally, but no Sarcina-specific synthase/gene evidence here. (moniri2017productionandstatus pages 3-6) |
research/traits/morphology/sarcina_arrangement-deep-research-falcon.md	269	CHEBI:18246	cellulose (chebi:18246)	(1->4)-beta-D-glucan	OK_LABEL	1.00	| cellulose (CHEBI:18246) | is associated with | cellulose-containing cell wall / outer packet-associated material in Sarcina-like taxa | Direct Sarcina | 10.1038/s41467-021-21012-x | **Curate only as supporting structural association, not full mechanism.** Confirms cellulose-containing material in a Sarcina relative, but does not prove causation of packet formation. (owens2021asarcinabacterium pages 5-6) |
research/traits/morphology/spindle_shaped-deep-research-falcon.md	206	GO:0000902	mreb	cell morphogenesis	DRIFT	0.29	| MreB | Gene/Protein | GO:0000902 | Broad bacterial; especially rod-shaped bacteria | Actin-like cytoskeletal protein that organizes elongasome activity and rod-shape maintenance; loss commonly causes rounding/spherical morphology (wang2025mrebunravelingthe pages 11-12, maharjan2026alaninescanningmutagenesislibrary pages 11-14) |
research/traits/morphology/spindle_shaped-deep-research-falcon.md	224	GO:0009252	peptidoglycan synthesis	peptidoglycan biosynthetic process	OK_LABEL	1.00	| Peptidoglycan synthesis | Biological Process | GO:0009252 | Broad bacterial | Core morphogenetic process; spatial patterning of PG insertion underlies rod, polar, and specialized tapered morphologies (billini2019aspecializedmrebdependent pages 1-2, billini2019aspecializedmrebdependent pages 18-19) |
research/traits/morphology/spindle_shaped-deep-research-falcon.md	226	GO:0009826	cell elongation	unidimensional cell growth	OK_LABEL	1.00	| Cell elongation | Biological Process | GO:0009826 | Broad bacterial | Expansion of cylindrical or polar cell body by PG insertion; controlled by elongasome or tip-growth apparatus (jain2023understandingelongasomeunit pages 2-4, wang2025mrebunravelingthe pages 11-12) |
research/traits/morphology/spindle_shaped-deep-research-falcon.md	229	GO:0008360	cell shape determination	regulation of cell shape	DRIFT	0.42	| Cell shape determination | Biological Process | GO:0008360 | Broad bacterial/archaeal | High-level process encompassing cytoskeletal patterning, PG synthesis, and polar scaffolding (wang2025mrebunravelingthe pages 11-12, richter2023interactingbactofilinsimpact pages 2-4) |
research/traits/morphology/spindle_shaped-deep-research-falcon.md	230	CHEBI:8005	peptidoglycan	peptidoglycan	OK_LABEL	1.00	| Peptidoglycan | Chemical/Metabolic | CHEBI:8005 | Broad bacterial | Structural wall polymer whose local synthesis and remodeling directly determine shape (billini2019aspecializedmrebdependent pages 1-2, billini2019aspecializedmrebdependent pages 7-8) |
research/traits/morphology/spindle_shaped-deep-research-falcon.md	231	CHEBI:16902	lipid ii		UNRESOLVED	0.00	| Lipid II | Chemical/Metabolic | CHEBI:16902 | Broad bacterial | Universal PG precursor used by elongasome/divisome synthases; useful upstream substrate node for cell-wall-growth edges (jain2023understandingelongasomeunit pages 2-4) |
research/traits/morphology/spindle_shaped-deep-research-falcon.md	277	GO:0000902	cell morphogenesis	cell morphogenesis	OK_LABEL	1.00	| cell morphogenesis | GO:0000902 | Gene Ontology |
research/traits/morphology/spindle_shaped-deep-research-falcon.md	278	GO:0008360	cell shape determination	regulation of cell shape	DRIFT	0.42	| cell shape determination | GO:0008360 | Gene Ontology |
research/traits/morphology/spindle_shaped-deep-research-falcon.md	279	GO:0009252	peptidoglycan biosynthetic process	peptidoglycan biosynthetic process	OK_LABEL	1.00	| peptidoglycan biosynthetic process | GO:0009252 | Gene Ontology |
research/traits/morphology/spindle_shaped-deep-research-falcon.md	280	CHEBI:8005	peptidoglycan	peptidoglycan	OK_LABEL	1.00	| peptidoglycan | CHEBI:8005 | ChEBI |
research/traits/morphology/spindle_shaped-deep-research-falcon.md	281	CHEBI:16902	lipid ii		UNRESOLVED	0.00	| lipid II | CHEBI:16902 | ChEBI |
research/traits/morphology/staphylococcus_arrangement-deep-research-falcon.md	215	GO:0051301	ftsz	cell division	OK_IN_ROW	1.00	| FtsZ | Z-ring scaffold; recruits septal synthesis machinery | Gene/protein label plus strain-specific UniProt only after strain selection. Associated process: `GO:0051301` bacterial cell division. |
research/traits/morphology/staphylococcus_arrangement-deep-research-falcon.md	236	CHEBI:8005	peptidoglycan	peptidoglycan	OK_LABEL	1.00	| peptidoglycan | `CHEBI:8005` |
research/traits/morphology/staphylococcus_arrangement-deep-research-falcon.md	237	GO:0009252	peptidoglycan biosynthetic process	peptidoglycan biosynthetic process	OK_LABEL	1.00	| peptidoglycan biosynthetic process | `GO:0009252` |
research/traits/morphology/staphylococcus_arrangement-deep-research-falcon.md	238	GO:0051301	bacterial cell division	cell division	OK_LABEL	1.00	| bacterial cell division | `GO:0051301` |
research/traits/morphology/staphylococcus_arrangement-deep-research-falcon.md	246	CHEBI:15422	atp	ATP	OK_LABEL	1.00	| ATP | `CHEBI:15422` |
research/traits/morphology/staphylococcus_arrangement-deep-research-falcon.md	247	CHEBI:15996	gtp	GTP	OK_LABEL	1.00	| GTP | `CHEBI:15996` |
research/traits/morphology/star_shaped-deep-research-falcon.md	259	GO:0009252	peptidoglycan biosynthetic-complex topology	peptidoglycan biosynthetic process	OK_IN_ROW	1.00	"| Peptidoglycan biosynthetic-complex topology | enables differential local growth that generates non-spherical features | budding / differentiated outgrowths | GO:0009252 peptidoglycan biosynthetic process; label-only: spatially patterned PG incorporation | strong for bacteria generally; uncertain for Stella-specific arm formation | broad bacteria | 10.3389/fmicb.2017.01264 | ""To generate shapes other than a sphere, incorporation must occur at distinct rates in different locations and for defined periods of time. Budding, for instance, would require a faster rate of precursor incorporation at the budding site than in the surrounding area."" (teeseling2017determinantsofbacterial pages 3-4) | Good high-level edge for TraitMech. Mechanistic but generic; use as upstream principle, not Stella-specific proof. |"
research/traits/morphology/star_shaped-deep-research-falcon.md	260	ENVO:00002006	prosthecae	liquid water	DRIFT	0.13	"| Prosthecae | associated_with | oligotrophic aquatic environments | ENVO:00002006 aquatic habitat; ENVO:label-only oligotrophic environment; label-only prostheca | moderate | aquatic prosthecate bacteria, especially Caulobacteraceae | 10.1016/j.tim.2017.09.012 | ""Prosthecae are a common feature in aquatic bacteria living in oligotrophic environments"" (caccamo2018themolecularbasis pages 7-9) | Environmental association, not direct causation. Curate as ecological context edge only if TraitMech supports association predicates. Stella extrapolation uncertain. |"
research/traits/morphology/star_shaped-deep-research-falcon.md	261	GO:0009252	spmx	peptidoglycan biosynthetic process	DRIFT	0.15	"| SpmX | positions and coordinates synthesis of | prosthecae via zonal PG remodeling | label-only SpmX; GO:0009252; label-only prostheca | strong | Asticcacaulis spp. | 10.1016/j.tim.2017.09.012 | ""In Asticcacaulis spp., SpmX (Table 1) has been co-opted as a morphogen to position and coordinate the synthesis of prosthecae through zonal PG remodeling."" (caccamo2018themolecularbasis pages 7-9) | Strong mechanistic edge for multi-prostheca morphogenesis in Caulobacteraceae. Cross-taxon transfer to Stella is uncertain. |"
research/traits/morphology/star_shaped-deep-research-falcon.md	264	GO:0009252	bactofilin deletion	peptidoglycan biosynthetic process	DRIFT	0.30	"| Bactofilin deletion | decreases rate of | prostheca synthesis | label-only bactofilin; GO:0009252; label-only prostheca synthesis | strong | Caulobacter crescentus | 10.1016/j.tim.2017.09.012 | ""deletion mutants exhibit a reduced rate of prostheca synthesis"" (caccamo2018themolecularbasis pages 7-9) | Supports causality from localization scaffold to appendage growth rate. Not evidence for multiple radiating arms per se. |"
research/traits/morphology/star_shaped-deep-research-falcon.md	269	GO:0009252	fluorescent d-amino-acid labeling in prosthecomicrobium hirschii	peptidoglycan biosynthetic process	OK_IN_ROW	1.00	"| Fluorescent D-amino-acid labeling in Prosthecomicrobium hirschii | indicates | polar and mid-cell peptidoglycan synthesis | label-only fluorescent D-amino-acid labeling; GO:0009252; label-only polar and mid-cell PG synthesis | moderate | Prosthecomicrobium hirschii | 10.32469/10355/79574 | ""Fluorescent D-amino acid staining of cells reveals polar and mid-cell peptidoglycan synthesis."" (williams2019mechanismsofpolar pages 71-76) | Imaging-based evidence for spatial PG insertion zones in a multi-stalked bacterium. Strongly relevant to mechanism. |"
research/traits/morphology/star_shaped-deep-research-falcon.md	277	GO:0003779	mreb inhibition	actin binding	OK_IN_ROW	1.00	"| MreB inhibition | causes | morphological defects | GO:0003779 actin binding?; label-only MreB cytoskeleton | moderate | Hyphomonas neptunium | 10.1016/j.tim.2017.09.012 | ""MreB, whose inhibition results in morphological defects"" (caccamo2018themolecularbasis pages 9-11) | Supports cytoskeletal dependence of prosthecate morphogenesis. Not specific to number/placement of arms. |"
research/traits/morphology/sulfur_globule-deep-research-falcon.md	204	GO:0005737	cytoplasm	cytoplasm	OK_LABEL	1.00	| cytoplasm | localization | `GO:0005737` |
research/traits/morphology/sulfur_globule-deep-research-falcon.md	205	GO:0042597	periplasmic space	periplasmic space	OK_LABEL	1.00	| periplasmic space | localization | `GO:0042597` |
research/traits/morphology/swarming_motility-deep-research-falcon.md	186	GO:0001130	flia (sigma-28, σ28)		UNRESOLVED	0.00	| FliA (sigma-28, σ28) | sigma factor protein | GO:0001130 | Broad bacteria; documented in Proteus mirabilis | Flagellar sigma factor activated downstream of FlhDC; drives class III flagellar/chemotaxis genes (yang2024unveilingthehidden pages 6-7, lee2015lossofflil pages 1-2) |
research/traits/morphology/swarming_motility-deep-research-falcon.md	189	GO:0009288	flic	bacterial-type flagellum	DRIFT	0.22	| FliC | flagellin | GO:0009288 | Broad bacteria | Major filament subunit; flagellar output required for swarming; loss perturbs surface sensing programs in P. aeruginosa (kuchma2025geneticanalysisof pages 1-2) |
research/traits/morphology/swarming_motility-deep-research-falcon.md	209	CHEBI:17950	c-di-gmp (cyclic di-gmp)	beta-D-galactosyl-(1->4)-beta-D-glucosyl-(1<->1)-N-acylsphingosine	DRIFT	0.29	| c-di-GMP (cyclic di-GMP) | chemical / second messenger | CHEBI:17950 | Broad bacteria | Central signaling molecule balancing swarming versus sessility; low/intermediate levels can support swarming, high levels inhibit motility and favor biofilm (partridge2013swarmingflexibleroaming pages 7-8, hwang2025cdigmpisrequired pages 1-2, liu2022theeffectof pages 1-2) |
research/traits/morphology/swarming_motility-deep-research-falcon.md	210	CHEBI:29375	surfactin	diprotium oxide	DRIFT	0.26	| Surfactin | lipopeptide biosurfactant | CHEBI:29375 | Bacillus subtilis | Wetting agent essential or strongly supportive for B. subtilis swarming on standard media (daniels2004quorumsensingand pages 6-7, partridge2022surveyingaswarm pages 5-7) |
research/traits/morphology/swarming_motility-deep-research-falcon.md	211	CHEBI:63748	rhamnolipids	N-[4-(4-nitrobenzylphosphono)butanoyl]glycine	DRIFT	0.29	| Rhamnolipids | glycolipid biosurfactant | CHEBI:63748 | Pseudomonas aeruginosa | Canonical swarming surfactants; pathway and abundance modulate swarm expansion/patterning (kohler2000swarmingofpseudomonas pages 3-6, caiazza2005rhamnolipidsmodulateswarming pages 5-6) |
research/traits/morphology/swarming_motility-deep-research-falcon.md	213	CHEBI:78425	c4-hsl (n-butyryl-l-homoserine lactone)	albiglutide	DRIFT	0.26	| C4-HSL (N-butyryl-L-homoserine lactone) | quorum-sensing autoinducer | CHEBI:78425 | Pseudomonas aeruginosa | Autoinducer produced by RhlI; activates RhlR-dependent surfactant/swarming program (daniels2004quorumsensingand pages 8-11, kohler2000swarmingofpseudomonas pages 6-6) |
research/traits/morphology/swarming_motility-deep-research-falcon.md	214	CHEBI:65033	3-oxo-c12-hsl		UNRESOLVED	0.00	| 3-oxo-C12-HSL | quorum-sensing autoinducer | CHEBI:65033 | Pseudomonas aeruginosa | LasI/LasR signal upstream of rhl QS network affecting swarming (kohler2000swarmingofpseudomonas pages 3-6, kohler2000swarmingofpseudomonas pages 6-6) |
research/traits/morphology/swarming_motility-deep-research-falcon.md	216	CHEBI:134179	pqs (pseudomonas quinolone signal)	volatile organic compound	DRIFT	0.23	| PQS (Pseudomonas quinolone signal) | quorum-sensing signal molecule | CHEBI:134179 | Pseudomonas aeruginosa | Links las and rhl systems and can influence swarming-associated regulatory flow (daniels2004quorumsensingand pages 11-12) |
research/traits/morphology/swarming_motility-deep-research-falcon.md	218	GO:0000331	swarming motility	contractile vacuole	DRIFT	0.24	| Swarming motility | biological process / trait | GO:0000331 | Broad bacteria | Target trait: flagella-dependent, multicellular surface translocation on semi-solid surfaces (partridge2013swarmingflexibleroaming pages 5-6, partridge2022surveyingaswarm pages 5-7) |
research/traits/morphology/swarming_motility-deep-research-falcon.md	220	GO:0032989	cell elongation (swarmer differentiation)	cellular anatomical entity morphogenesis	DRIFT	0.44	| Cell elongation (swarmer differentiation) | biological process | GO:0032989 | Especially Proteus mirabilis; also other robust swarmers | Surface-associated differentiation into elongated swarm cells (daniels2004quorumsensingand pages 6-7, lee2015lossofflil pages 1-2) |
research/traits/morphology/swarming_motility-deep-research-falcon.md	221	GO:0009593	surface sensing / mechanosensing	detection of chemical stimulus	DRIFT	0.32	| Surface sensing / mechanosensing | biological process | GO:0009593 | Broad bacteria | Flagellar load/surface contact sensing triggers swarming or biofilm-related responses (kuchma2025geneticanalysisof pages 1-2, lee2015lossofflil pages 12-13) |
research/traits/morphology/swarming_motility-deep-research-falcon.md	222	GO:0009372	quorum sensing	quorum sensing	OK_LABEL	1.00	| Quorum sensing | biological process | GO:0009372 | Broad bacteria | Cell-density signaling controlling surfactant and other swarm-related outputs (daniels2004quorumsensingand pages 6-7, daniels2004quorumsensingand pages 8-11) |
research/traits/morphology/swarming_motility-deep-research-falcon.md	224	GO:0001539	flagellar rotation / motor function	cilium or flagellum-dependent cell motility	DRIFT	0.48	| Flagellar rotation / motor function | biological process | GO:0001539 | Broad bacteria | Torque generation and switching required for propulsion and surface adaptation (kuchma2025geneticanalysisof pages 1-2, lee2015lossofflil pages 12-13) |
research/traits/morphology/swarming_motility-deep-research-falcon.md	225	GO:0006935	chemotaxis signaling	chemotaxis	OK_LABEL	1.00	| Chemotaxis signaling | biological process | GO:0006935 | Broad bacteria | Required or mechanically repurposed in some swarmers; part of class III regulon in enterics (partridge2013swarmingflexibleroaming pages 5-6, yang2024unveilingthehidden pages 6-7) |
research/traits/morphology/swarming_motility-deep-research-falcon.md	226	GO:0042710	biofilm formation	biofilm formation	OK_LABEL	1.00	| Biofilm formation | biological process | GO:0042710 | Broad bacteria | Often antagonistic to swarming; elevated c-di-GMP shifts cells toward biofilm (partridge2013swarmingflexibleroaming pages 7-8, liu2022theeffectof pages 1-2) |
research/traits/morphology/swarming_motility-deep-research-falcon.md	227	ENVO:00000105	semi-solid surface (agar 0.5-1.5%)	lake surface	DRIFT	0.46	| Semi-solid surface (agar 0.5-1.5%) | environmental factor | ENVO:00000105 | Assay/environmental condition | Canonical assay substrate; agar concentration strongly determines whether swarming occurs (partridge2013swarmingflexibleroaming pages 4-4, partridge2022surveyingaswarm pages 3-5) |
research/traits/morphology/swarming_motility-deep-research-falcon.md	231	CHEBI:17234	glucose availability	glucose	OK_LABEL	1.00	| Glucose availability | environmental factor / nutrient | CHEBI:17234 | Especially Escherichia coli, Salmonella enterica | Often required or stimulatory in swarming media; can bypass some regulatory defects in E. coli CA-dependent swarming (hwang2025cdigmpisrequired pages 5-8, partridge2022surveyingaswarm pages 5-7) |
research/traits/morphology/swarming_motility-deep-research-falcon.md	233	PATO:0000146	temperature	temperature	OK_LABEL	1.00	| Temperature | environmental factor | PATO:0000146 | Broad bacteria | Standard swarming assays often at ~30°C; some regulators show temperature-dependent swarming phenotypes (partridge2022surveyingaswarm pages 3-5, lee2015lossofflil pages 1-2) |
research/traits/morphology/tetrad_arrangement-deep-research-falcon.md	209	GO:0000917	division septum	division septum assembly	OK_LABEL	1.00	| division septum | `GO:0000917` (division septum assembly) may ground the process; structure itself may need another ontology | Verify whether TraitMech models structure or assembly process. |
research/traits/morphology/tetrad_arrangement-deep-research-falcon.md	210	GO:0009274	peptidoglycan cell wall	peptidoglycan-based cell wall	OK_LABEL	1.00	| peptidoglycan cell wall | `GO:0009274` | Stable cellular-component candidate. |
research/traits/morphology/tetrad_arrangement-deep-research-falcon.md	219	GO:0051301	bacterial-type cell division	cell division	OK_LABEL	1.00	| bacterial-type cell division | `GO:0051301` | Broad upstream process. |
research/traits/morphology/tetrad_arrangement-deep-research-falcon.md	220	GO:0000910	cytokinesis	cytokinesis	OK_LABEL	1.00	| cytokinesis | `GO:0000910` | Broad process; bacterial child term is preferable when applicable. |
research/traits/morphology/tetrad_arrangement-deep-research-falcon.md	221	GO:0019277	septal peptidoglycan biosynthesis	UDP-N-acetylgalactosamine biosynthetic process	DRIFT	0.52	| septal peptidoglycan biosynthesis | `GO:0019277` | Strong candidate for localized wall synthesis. |
research/traits/morphology/tetrad_arrangement-deep-research-falcon.md	222	GO:0009252	peptidoglycan biosynthetic process	peptidoglycan biosynthetic process	OK_LABEL	1.00	| peptidoglycan biosynthetic process | `GO:0009252` | Use if septal-specific term is unsuitable. |
research/traits/morphology/tetrad_arrangement-deep-research-falcon.md	223	GO:0071555	cell-wall organization or biogenesis	cell wall organization	DRIFT	0.92	| cell-wall organization or biogenesis | `GO:0071555` | Broad remodeling process. |
research/traits/morphology/tetrad_arrangement-deep-research-falcon.md	233	GO:0005525	ftsz	GTP binding	OK_IN_ROW	1.00	| FtsZ | `UniProt` accession must be species-specific; `GO:0005525` describes GTP binding, not the protein | Strong upstream septation factor; no universal accession should be assigned. |
research/traits/morphology/tetrad_arrangement-deep-research-falcon.md	235	GO:0032153	divisome	cell division site	DRIFT	0.58	| divisome | `GO:0032153` | Candidate complex-level node. |
research/traits/morphology/tetrad_arrangement-deep-research-falcon.md	246	CHEBI:8005	peptidoglycan	peptidoglycan	OK_LABEL	1.00	| peptidoglycan | `CHEBI:8005` | Verify release/version before use. |
research/traits/morphology/vibrio_shaped-deep-research-falcon.md	405	GO:0008658	peptidoglycan binding	penicillin binding	DRIFT	0.65	| peptidoglycan binding | GO:0008658 | High | PapS OmpA-like domain function. |
research/traits/morphology/vibrio_shaped-deep-research-falcon.md	406	GO:0009274	peptidoglycan-based cell wall	peptidoglycan-based cell wall	OK_LABEL	1.00	| peptidoglycan-based cell wall | GO:0009274 | High | Structural substrate. |
research/traits/morphology/vibrio_shaped-deep-research-falcon.md	407	GO:0008360	peptidoglycan metabolic process	regulation of cell shape	DRIFT	0.08	| peptidoglycan metabolic process | GO:0008360 | High | Parent process for asymmetric synthesis/editing. |
research/traits/morphology/vibrio_shaped-deep-research-falcon.md	408	GO:0042597	periplasm	periplasmic space	OK_LABEL	1.00	| periplasm | GO:0042597 | High | Localization of CrvA, CrvB, PapS, Bd1075. |
research/traits/morphology/vibrio_shaped-deep-research-falcon.md	409	GO:0042710	biofilm formation	biofilm formation	OK_LABEL	1.00	| biofilm formation | GO:0042710 | High | Functional consequence regulated by VadR and c-di-GMP. |
research/traits/morphology/vibrio_shaped-deep-research-falcon.md	410	GO:0071973	bacterial motility	bacterial-type flagellum-dependent cell motility	DRIFT	0.67	| bacterial motility | GO:0071973 | High | Functional consequence enhanced by curvature. |
research/traits/morphology/vibrio_shaped-deep-research-falcon.md	411	CHEBI:58805	cyclic di-gmp	c-di-GMP(2-)	DRIFT	0.67	| cyclic di-GMP | CHEBI:58805 | High | Second messenger in *V. cholerae* regulation. |
research/traits/morphology/vibrio_shaped-deep-research-falcon.md	412	CHEBI:16488	meso-diaminopimelic acid	meso-2,6-diaminopimelic acid	DRIFT	0.96	| meso-diaminopimelic acid | CHEBI:16488 | Medium-High | PG crosslinker; PapS binding target (confirm stereochemistry). |
research/traits/physiology/autotrophic-deep-research-falcon.md	201	GO:0015977	carbon fixation	carbon fixation	OK_LABEL	1.00	| carbon fixation | GO:0015977 | General inorganic-carbon assimilation process |
research/traits/physiology/autotrophic-deep-research-falcon.md	219	CHEBI:16526	carbon dioxide	carbon dioxide	OK_LABEL	1.00	| carbon dioxide | CHEBI:16526 | Inorganic carbon substrate |
research/traits/physiology/autotrophic-deep-research-falcon.md	220	CHEBI:17544	hydrogencarbonate/bicarbonate	hydrogencarbonate	OK_LABEL	1.00	| hydrogencarbonate/bicarbonate | CHEBI:17544 | Inorganic carbon substrate and CCM pool |
research/traits/physiology/autotrophic-deep-research-falcon.md	221	CHEBI:15379	dioxygen	dioxygen	OK_LABEL	1.00	| dioxygen | CHEBI:15379 | Photosynthetic product, Rubisco competitor, electron acceptor, and pathway constraint |
research/traits/physiology/autotrophic-deep-research-falcon.md	222	CHEBI:15377	water	water	OK_LABEL	1.00	| water | CHEBI:15377 | Oxygenic photosynthesis/CA substrate |
research/traits/physiology/autotrophic-deep-research-falcon.md	223	CHEBI:15422	atp	ATP	OK_LABEL	1.00	| ATP | CHEBI:15422 | Energy currency for fixation and transport |
research/traits/physiology/autotrophic-deep-research-falcon.md	224	CHEBI:16474	nadph	NADPH	OK_LABEL	1.00	| NADPH | CHEBI:16474 | Reducing power for CBB and biosynthesis |
research/traits/physiology/autotrophic-deep-research-falcon.md	242	GO:0004089	carbonic anhydrase	carbonate dehydratase activity	OK_LABEL	1.00	| carbonic anhydrase | EC:4.2.1.1; GO:0004089 | Reversible CO₂/HCO₃⁻ interconversion |
research/traits/physiology/autotrophic-deep-research-falcon.md	260	GO:0031470	carboxysome	carboxysome	OK_LABEL	1.00	| carboxysome | GO:0031470 | Protein microcompartment containing Rubisco and CA |
research/traits/physiology/autotrophic-deep-research-falcon.md	262	GO:0005737	cytoplasm	cytoplasm	OK_LABEL	1.00	| cytoplasm | GO:0005737 | HCO₃⁻ pool and most CBB regeneration reactions |
research/traits/physiology/autotrophic-deep-research-falcon.md	263	GO:0005886	cytoplasmic membrane	plasma membrane	OK_LABEL	1.00	| cytoplasmic membrane | GO:0005886 | Ci transporters |
research/traits/physiology/carboxydotrophic-deep-research-falcon.md	281	CHEBI:17245	carbon monoxide (chebi:17245)	carbon monoxide	OK_LABEL	1.00	| carbon monoxide (CHEBI:17245) | is oxidized by | carbon monoxide dehydrogenase (CODH; EC 1.2.99.2 / EC 1.2.7.4) | aerobic + anaerobic | strong | 10.1007/s00203-008-0382-6 (oelgeschlager2008carbonmonoxidedependentenergy pages 1-2) |
research/traits/physiology/catalase_activity-deep-research-falcon.md	206	GO:0004096	catalase activity	catalase activity	OK_LABEL	1.00	| catalase activity | trait | `traitmech:000075`; `GO:0004096` | GO term grounds molecular function; TraitMech identifier grounds phenotype class. |
research/traits/physiology/catalase_activity-deep-research-falcon.md	209	CHEBI:16240	3% hydrogen peroxide reagent	hydrogen peroxide	OK_LABEL	1.00	| 3% hydrogen peroxide reagent | experimental factor | `CHEBI:16240` for H₂O₂ | Concentration belongs in assay metadata, not the chemical node. |
research/traits/physiology/catalase_activity-deep-research-falcon.md	210	CHEBI:15379	oxygen bubbles	dioxygen	OK_LABEL	1.00	| oxygen bubbles | assay readout | `CHEBI:15379` for dioxygen | Physical bubbling is the observable evidence. |
research/traits/physiology/catalase_activity-deep-research-falcon.md	218	CHEBI:16240	hydrogen peroxide	hydrogen peroxide	OK_LABEL	1.00	| hydrogen peroxide | `CHEBI:16240` | Substrate, stressor, signaling oxidant. |
research/traits/physiology/catalase_activity-deep-research-falcon.md	219	CHEBI:15377	water	water	OK_LABEL	1.00	| water | `CHEBI:15377` | Product. |
research/traits/physiology/catalase_activity-deep-research-falcon.md	220	CHEBI:15379	dioxygen	dioxygen	OK_LABEL	1.00	| dioxygen | `CHEBI:15379` | Product and diagnostic bubble readout. |
research/traits/physiology/catalase_activity-deep-research-falcon.md	222	CHEBI:30413	heme	heme	OK_LABEL	1.00	| heme | `CHEBI:30413` | Cofactor class for typical catalases and KatG; verify a more specific heme species per protein if needed. |
research/traits/physiology/catalase_activity-deep-research-falcon.md	247	GO:0006979	cellular response to oxidative stress	response to oxidative stress	OK_LABEL	1.00	| cellular response to oxidative stress | `GO:0006979` |
research/traits/physiology/catalase_activity-deep-research-falcon.md	248	GO:0006783	heme biosynthetic process	heme biosynthetic process	OK_LABEL	1.00	| heme biosynthetic process | `GO:0006783` |
research/traits/physiology/catalase_activity-deep-research-falcon.md	252	GO:0005737	cytoplasm	cytoplasm	OK_LABEL	1.00	| cytoplasm | `GO:0005737` |
research/traits/physiology/catalase_activity-deep-research-falcon.md	253	GO:0005777	peroxisome	peroxisome	OK_LABEL	1.00	| peroxisome | `GO:0005777`; applicable to microbial eukaryotes, not bacteria |
research/traits/physiology/catalase_activity-deep-research-falcon.md	264	CHEBI:16240	catalase reaction	hydrogen peroxide	OK_IN_ROW	1.00	| catalase reaction | has_input | hydrogen peroxide | EC:1.11.1.6; CHEBI:16240 | review-level, broad catalase families (zamocky2008evolutionofcatalases pages 1-2) | high |
research/traits/physiology/catalase_activity-deep-research-falcon.md	265	CHEBI:15377	catalase reaction	water	OK_IN_ROW	1.00	| catalase reaction | has_output | water + oxygen | EC:1.11.1.6; CHEBI:15377; CHEBI:15379 | review-level, broad catalase families (zamocky2008evolutionofcatalases pages 1-2) | high |
research/traits/physiology/catalase_activity-deep-research-falcon.md	265	CHEBI:15379	catalase reaction	dioxygen	OK_IN_ROW	1.00	| catalase reaction | has_output | water + oxygen | EC:1.11.1.6; CHEBI:15377; CHEBI:15379 | review-level, broad catalase families (zamocky2008evolutionofcatalases pages 1-2) | high |
research/traits/physiology/catalase_activity-deep-research-falcon.md	266	GO:0004096	catalase activity	catalase activity	OK_LABEL	1.00	| catalase activity | enables | catalase reaction | GO:0004096; EC:1.11.1.6 | review-level, broad catalase families (zamocky2008evolutionofcatalases pages 1-2) | high |
research/traits/physiology/catalase_activity-deep-research-falcon.md	267	CHEBI:16240	hydrogen peroxide	hydrogen peroxide	OK_LABEL	1.00	| hydrogen peroxide | activates | OxyR | CHEBI:16240; UniProt:P0ACQ4 | direct/mechanistic, Escherichia coli-focused and review-supported (mancini2015theinductionof pages 1-4) | high |
research/traits/physiology/catalase_activity-deep-research-falcon.md	269	GO:0006783	heme biosynthesis	heme biosynthetic process	OK_LABEL	1.00	| heme biosynthesis | enables | active heme catalase | GO:0006783; CHEBI:30413; EC:1.11.1.6 | direct/mechanistic, Escherichia coli (mancini2015theinductionof pages 1-4, mancini2015theinductionof pages 13-15) | medium-high |
research/traits/physiology/catalase_activity-deep-research-falcon.md	269	CHEBI:30413	heme biosynthesis	heme	OK_LABEL	1.00	| heme biosynthesis | enables | active heme catalase | GO:0006783; CHEBI:30413; EC:1.11.1.6 | direct/mechanistic, Escherichia coli (mancini2015theinductionof pages 1-4, mancini2015theinductionof pages 13-15) | medium-high |
research/traits/physiology/catalase_activity-deep-research-falcon.md	270	CHEBI:16240	catalase reaction	hydrogen peroxide	OK_IN_ROW	1.00	| catalase reaction | decreases | intracellular hydrogen peroxide concentration | EC:1.11.1.6; CHEBI:16240 | review-level plus direct mutant logic, broad microbes/E. coli (mancini2015theinductionof pages 1-4) | high |
research/traits/physiology/catalase_activity-deep-research-falcon.md	271	CHEBI:16240	decreased intracellular hydrogen peroxide	hydrogen peroxide	OK_LABEL	1.00	| decreased intracellular hydrogen peroxide | decreases | oxidative ROS-mediated damage | CHEBI:16240; label-only:oxidative damage | mechanistic inference from iron/DNA damage literature, broad microbes/E. coli (mancini2015theinductionof pages 1-4) | medium |
research/traits/physiology/catalase_activity-deep-research-falcon.md	272	CHEBI:16240	decreased intracellular hydrogen peroxide	hydrogen peroxide	OK_LABEL	1.00	| decreased intracellular hydrogen peroxide | increases | oxidative-stress survival | CHEBI:16240; GO:0006979 | direct, Candida nivariensis and heterologous S. cerevisiae system; review-consistent (qi2024unveilingthesuper pages 5-9) | medium-high |
research/traits/physiology/catalase_activity-deep-research-falcon.md	272	GO:0006979	decreased intracellular hydrogen peroxide	response to oxidative stress	DRIFT	0.35	| decreased intracellular hydrogen peroxide | increases | oxidative-stress survival | CHEBI:16240; GO:0006979 | direct, Candida nivariensis and heterologous S. cerevisiae system; review-consistent (qi2024unveilingthesuper pages 5-9) | medium-high |
research/traits/physiology/catalase_activity-deep-research-falcon.md	273	CHEBI:15379	oxygen bubbles after h2o2 addition	dioxygen	OK_LABEL	1.00	| oxygen bubbles after H2O2 addition | indicates | positive catalase diagnostic test | CHEBI:15379; CHEBI:16240 | assay-specific, microbial identification context (hafezi2024themethodand pages 1-2, hafezi2024themethodand pages 2-5) | high |
research/traits/physiology/catalase_activity-deep-research-falcon.md	273	CHEBI:16240	oxygen bubbles after h2o2 addition	hydrogen peroxide	OK_LABEL	1.00	| oxygen bubbles after H2O2 addition | indicates | positive catalase diagnostic test | CHEBI:15379; CHEBI:16240 | assay-specific, microbial identification context (hafezi2024themethodand pages 1-2, hafezi2024themethodand pages 2-5) | high |
research/traits/physiology/chemoautolithotrophic-deep-research-falcon.md	241	CHEBI:16526	chemoautolithotrophic growth	carbon dioxide	OK_IN_ROW	1.00	| chemoautolithotrophic growth | has_carbon_source | CO2/HCO3- | METPO:1000634; CHEBI:16526 carbon dioxide; CHEBI:17544 bicarbonate | Review + culture | general; multiple taxa | 10.3390/microorganisms12112252 | “grew by aerobic respiration with sulfide, sulfur, or thiosulfate as the electron donor and HCO3−/CO2 as the carbon source” | Strong phenotype-level edge from obligate sulfur oxidizer; broadly consistent across trait definition. |
research/traits/physiology/chemoautolithotrophic-deep-research-falcon.md	241	CHEBI:17544	chemoautolithotrophic growth	hydrogencarbonate	OK_IN_ROW	1.00	| chemoautolithotrophic growth | has_carbon_source | CO2/HCO3- | METPO:1000634; CHEBI:16526 carbon dioxide; CHEBI:17544 bicarbonate | Review + culture | general; multiple taxa | 10.3390/microorganisms12112252 | “grew by aerobic respiration with sulfide, sulfur, or thiosulfate as the electron donor and HCO3−/CO2 as the carbon source” | Strong phenotype-level edge from obligate sulfur oxidizer; broadly consistent across trait definition. |
research/traits/physiology/chemoautolithotrophic-deep-research-falcon.md	246	CHEBI:18276	h2	dihydrogen	OK_LABEL	1.00	| H2 | is_electron_donor_for | hydrogen-oxidizing chemolithoautotrophy | CHEBI:18276 molecular hydrogen | Culture + genomics | Sulfurospirillum sp. strain 1612 | 10.1128/msystems.00148-24 | “strain 1612… as chemolithoautotrophic using H2 and sulfur compounds” (wang2024novelisolatesof pages 12-15) | Strong strain-specific phenotype edge. |
research/traits/physiology/chemoautolithotrophic-deep-research-falcon.md	251	CHEBI:29033	cyc2	iron(2+)	OK_IN_ROW	1.00	| Cyc2 | oxidizes | Fe2+ | label-only Cyc2; CHEBI:29033 Fe2+ | Mechanistic model + transcriptomics | Acidithiobacillus ferrooxidans | 10.3390/microorganisms12030590 | “Fe2+ oxidation by outer-membrane cytochrome c (Cyc2)” (wang2024characterizethegrowth pages 1-2) | Strong candidate edge for acidophilic iron oxidizers; not universal for all iron oxidizers. |
research/traits/physiology/chemoautotrophic-deep-research-falcon.md	235	GO:0006091	reduced inorganic compounds (h2, sulfide, thiosulfate, nh4+, no2-, fe2+)	generation of precursor metabolites and energy	OK_IN_ROW	1.00	| Reduced inorganic compounds (H2, sulfide, thiosulfate, NH4+, NO2-, Fe2+) | enables | generation of precursor metabolites and energy | subject: H2 label-only; sulfide label-only; thiosulfate label-only; NH4+ label-only; NO2- label-only; Fe2+ label-only; object: GO:0006091 | 10.1146/annurev.micro.52.1.191 / 1998 | “key inorganic electron donors including H2, reduced sulfur compounds (H2S, S2O3²⁻), reduced nitrogen (NH4⁺, NO2⁻), and ferrous iron (Fe2⁺)” (shively1998somethingfromalmost pages 3-5) | High for broad trait scope; donor list is review-based and not universal to every taxon. |
research/traits/physiology/chemoautotrophic-deep-research-falcon.md	236	GO:0019646	oxygen	aerobic electron transport chain	OK_IN_ROW	1.00	| Oxygen | acts_as_terminal_electron_acceptor_for | aerobic electron transport chain | subject: label-only oxygen; object: GO:0019646 | 10.1146/annurev.micro.52.1.191 / 1998 | “Primary electron acceptors are oxygen and nitrate” (shively1998somethingfromalmost pages 3-5) | High for many chemoautotrophs; general review statement. |
research/traits/physiology/chemoautotrophic-deep-research-falcon.md	238	GO:0015977	inorganic electron oxidation	carbon fixation	OK_IN_ROW	1.00	| Inorganic electron oxidation | provides_reducing_power_for | carbon fixation | subject: label-only inorganic electron oxidation; object: GO:0015977 | 10.1186/s40168-023-01712-w / 2023 | “Chemolithoautotrophs convert CO2 to organic carbon via oxidation of reduced compounds” (deng2023strategiesofchemolithoautotrophs pages 1-2) | High for trait definition; mechanistic coupling exact route varies by lineage. |
research/traits/physiology/chemoautotrophic-deep-research-falcon.md	239	GO:0015977	ribulose-1,5-bisphosphate carboxylase/oxygenase (rubisco)	carbon fixation	OK_IN_ROW	1.00	| Ribulose-1,5-bisphosphate carboxylase/oxygenase (RuBisCO) | participates_in | carbon fixation | subject: EC:4.1.1.39; object: GO:0015977 | 10.1146/annurev.micro.52.1.191 / 1998 | “The cycle is characterized by three unique enzymatic activities: ribulose bisphosphate carboxylase/oxygenase, phosphoribulokinase...” (shively1998somethingfromalmost pages 3-5) | High for CBB-based chemoautotrophs only; not universal across all chemoautotrophs. |
research/traits/physiology/chemoautotrophic-deep-research-falcon.md	240	GO:0015977	phosphoribulokinase	carbon fixation	OK_IN_ROW	1.00	| Phosphoribulokinase | participates_in | carbon fixation | subject: EC:2.7.1.19; object: GO:0015977 | 10.1146/annurev.micro.52.1.191 / 1998 | “The cycle is characterized by three unique enzymatic activities: ribulose bisphosphate carboxylase/oxygenase, phosphoribulokinase...” (shively1998somethingfromalmost pages 3-5) | High for CBB-based chemoautotrophs only. |
research/traits/physiology/chemoautotrophic-deep-research-falcon.md	242	GO:0015977	calvin-benson-bassham cycle	carbon fixation	OK_IN_ROW	1.00	| Calvin-Benson-Bassham cycle | realizes | carbon fixation | subject: label-only Calvin-Benson-Bassham cycle; object: GO:0015977 | 10.1146/annurev.micro.52.1.191 / 1998 | “CO2 fixation in the chemoautotroph occurs via the Calvin-Benson-Bassham cycle” (shively1998somethingfromalmost pages 3-5) | Moderate for historical/general framing; not exclusive because modern studies also show rTCA and Wood-Ljungdahl in some communities. |
research/traits/physiology/chemoautotrophic-deep-research-falcon.md	243	GO:0015977	reverse tricarboxylic acid cycle (rtca)	carbon fixation	OK_IN_ROW	1.00	| Reverse tricarboxylic acid cycle (rTCA) | realizes | carbon fixation | subject: label-only reverse TCA cycle; object: GO:0015977 | 10.1186/s40168-023-01712-w / 2023 | “Nautiliales... use NAD(H)-linked glutamate dehydrogenase to boost the reverse tricarboxylic acid (rTCA) cycle” (deng2023strategiesofchemolithoautotrophs pages 1-2) | High but taxon-specific to studied hydrothermal lineages. |
research/traits/physiology/chemoautotrophic-deep-research-falcon.md	247	CHEBI:16526	campylobacterales	carbon dioxide	OK_IN_ROW	1.00	| Campylobacterales | fixes | CO2 under 30-45 °C and very low pH | subject: label-only Campylobacterales; object: CHEBI:16526 | 10.1186/s40168-023-01712-w / 2023 | “Campylobacterales actively fixed carbon under both moderately and extremely acidic conditions under 30−45 °C” (deng2023strategiesofchemolithoautotrophs pages 1-2) | High but taxon- and assay-specific (13C-bicarbonate SIP incubations). |
research/traits/physiology/chemoautotrophic-deep-research-falcon.md	250	GO:0015977	reduced sulfur / ammonia / nitrite oxidation genes	carbon fixation	OK_IN_ROW	1.00	| Reduced sulfur / ammonia / nitrite oxidation genes | indicates | chemoautotrophic carbon fixation potential | subject: label-only donor oxidation genes; object: GO:0015977 | 10.1038/s41598-024-68868-9 / 2024 | “Evidence shows inorganic electron donors (reduced sulfur, ammonia, nitrite) and acceptors (O₂, nitrate) support carbon fixation” (atencio2024metabolicadaptationsunderpin pages 6-8) | Moderate; metagenomic inference rather than direct physiology. |
research/traits/physiology/chemoautotrophic-deep-research-falcon.md	251	GO:0015977	calvin-benson-bassham / rtca / wood-ljungdahl pathway genes	carbon fixation	OK_IN_ROW	1.00	| Calvin-Benson-Bassham / rTCA / Wood-Ljungdahl pathway genes | indicates | autotrophic capacity | subject: label-only autotrophic pathway genes; object: GO:0015977 | 10.1038/s41598-024-68868-9 / 2024 | “Sixty percent of MAGs encoded autotrophic carbon fixation genes, predominantly via the Calvin–Benson–Bassham (CBB) cycle, with some encoding reductive Krebs (rTCA) and Wood–Ljungdahl pathways” (atencio2024metabolicadaptationsunderpin pages 6-8) | Moderate; community MAG-based inference. |
research/traits/physiology/chemoautotrophic-deep-research-falcon.md	254	GO:0015977	mtrcab-mediated extracellular electron uptake plus rhodopsin proton pumping	carbon fixation	DRIFT	0.21	| MtrCAB-mediated extracellular electron uptake plus rhodopsin proton pumping | facilitates | CO2 fixation/biomass synthesis | subject: label-only MtrCAB+GR system; object: GO:0015977 | 10.1038/s41467-023-43524-4 / 2023 | “Employing GR and the outer-membrane conduit MtrCAB... facilitating R. eutropha’s biomass synthesis from CO2” (tu2023engineeringartificialphotosynthesis pages 10-11) | High for engineered proof-of-concept; not generalizable to native chemoautotrophs. |
research/traits/physiology/chemolithotrophic-deep-research-falcon.md	256	CHEBI:16526	chemolithotrophic growth	carbon dioxide	OK_IN_ROW	1.00	| chemolithotrophic growth | has defining feature | inorganic electron donor oxidation coupled to autotrophic CO2 fixation | METPO:1000639; CHEBI:16526 (CO2) | 10.1093/ismejo/wrae173 (2024) | “oxidation of these reduced substances to conserve energy that can be utilized for autotrophic CO2 fixation” (laufermeiser2024oxidationofsulfur pages 1-2) | Generic scope statement; supported in hydrothermal vent context but consistent with trait definition. |
research/traits/physiology/chemolithotrophic-deep-research-falcon.md	258	CHEBI:26896	reduced sulfur compounds		UNRESOLVED	0.00	| reduced sulfur compounds | can fuel | chemolithoautotrophic activity | CHEBI:26896 (sulfur compound) | 10.1038/s41396-021-01163-x (2022) | “inorganic electron donors such as reduced nitrogen, iron, and sulfur fuel chemolithoautotrophic activity” (taubert2022bolsteringfitnessvia pages 1-2) | Generic environmental support. |
research/traits/physiology/chemolithotrophic-deep-research-falcon.md	259	CHEBI:16134	ammonia (nh3)	ammonia	OK_LABEL	1.00	| ammonia (NH3) | is substrate for | ammonia monooxygenase (AMO) | CHEBI:16134; GO:0008178? label only for AMO complex | 10.1038/s41396-023-01467-0 (2023) | “Ammonia (NH3), rather than ammonium (NH4+), is the substrate oxidised by the key enzyme ammonia monooxygenase (AMO)” (wright2023nitrificationandbeyond pages 1-2) | Strong for AOA/AOB ammonia oxidation module. |
research/traits/physiology/chemolithotrophic-deep-research-falcon.md	259	GO:0008178	ammonia (nh3)		UNRESOLVED	0.00	| ammonia (NH3) | is substrate for | ammonia monooxygenase (AMO) | CHEBI:16134; GO:0008178? label only for AMO complex | 10.1038/s41396-023-01467-0 (2023) | “Ammonia (NH3), rather than ammonium (NH4+), is the substrate oxidised by the key enzyme ammonia monooxygenase (AMO)” (wright2023nitrificationandbeyond pages 1-2) | Strong for AOA/AOB ammonia oxidation module. |
research/traits/physiology/chemolithotrophic-deep-research-falcon.md	264	CHEBI:18276	[nife] hydrogenase	dihydrogen	OK_LABEL	1.00	| [NiFe] hydrogenase | oxidizes | H2 | EC:1.12.-.- (broad); CHEBI:18276 | 10.3389/fmicb.2020.610836 (2020) | “[NiFe] hydrogenases oxidize hydrogen to two protons and two electrons” (kucera2020amodelof pages 1-2) | Strong for hydrogen-oxidation module in A. ferrooxidans. |
research/traits/physiology/chemolithotrophic-deep-research-falcon.md	265	CHEBI:16389	[nife] hydrogenase	ubiquinones	OK_IN_ROW	1.00	| [NiFe] hydrogenase | reduces | ubiquinone to ubiquinol via associated Fe-S proteins | CHEBI:16389 (ubiquinone-8) label only if specificity uncertain | 10.3389/fmicb.2020.610836 (2020) | “The electrons are used to reduce membrane-soluble ubiquinone to ubiquinol. Genetically associated iron-sulfur proteins mediate electron relay” (kucera2020amodelof pages 1-2) | Strong but taxon-specific to A. ferrooxidans model. |
research/traits/physiology/chemolithotrophic-deep-research-falcon.md	266	GO:0008121	ubiquinol	quinol-cytochrome-c reductase activity	OK_LABEL	1.00	| ubiquinol | transfers electrons to | cytochrome aa3 oxidase via cytochrome bc1 and cytochrome c4 | GO:0008121? label only | 10.3389/fmicb.2020.610836 (2020) | “reduced ubiquinol transfers electrons to either cytochrome aa3 oxidase via cytochrome bc1 complex and cytochrome c4” (kucera2020amodelof pages 1-2) | Aerobic hydrogen oxidation in A. ferrooxidans; taxon-specific. |
research/traits/physiology/chemolithotrophic-deep-research-falcon.md	268	CHEBI:29033	anaerobic hydrogen oxidation	iron(2+)	DRIFT	0.47	| anaerobic hydrogen oxidation | transfers electrons to | ferric iron via outer-membrane cytochrome c / rusticyanin cascade | CHEBI:29033 (Fe3+) label only for proteins | 10.3389/fmicb.2020.610836 (2020) | “transfers electrons to outer membrane cytochrome c (ferrireductase) via… cytochrome c552, rusticyanin, and high potential iron-sulfur protein” (kucera2020amodelof pages 1-2) | Taxon-specific model for A. ferrooxidans. |
research/traits/physiology/chemolithotrophic-deep-research-falcon.md	269	GO:0015992	hydrogen oxidation		UNRESOLVED	0.00	| hydrogen oxidation | generates | proton gradient | GO:0015992 | 10.3389/fmicb.2020.610836 (2020) | “The proton gradient generated by hydrogen oxidation maintains the membrane potential” (kucera2020amodelof pages 1-2) | Strong, taxon-specific. |
research/traits/physiology/chemolithotrophic-deep-research-falcon.md	270	CHEBI:15422	proton gradient	ATP	OK_IN_ROW	1.00	| proton gradient | enables generation of | ATP and NADH | CHEBI:15422 (ATP); CHEBI:57540 (NADH) | 10.3389/fmicb.2020.610836 (2020) | “allows the generation of ATP and NADH” (kucera2020amodelof pages 1-2) | Strong, taxon-specific. |
research/traits/physiology/chemolithotrophic-deep-research-falcon.md	270	CHEBI:57540	proton gradient	NAD(1-)	DRIFT	0.35	| proton gradient | enables generation of | ATP and NADH | CHEBI:15422 (ATP); CHEBI:57540 (NADH) | 10.3389/fmicb.2020.610836 (2020) | “allows the generation of ATP and NADH” (kucera2020amodelof pages 1-2) | Strong, taxon-specific. |
research/traits/physiology/chemolithotrophic-deep-research-falcon.md	271	GO:0019253	hydrogenovibrio strain 104	reductive pentose-phosphate cycle	DRIFT	0.30	| Hydrogenovibrio strain 104 | fixes CO2 via | Calvin-Benson-Bassham cycle | GO:0019253 | 10.1093/ismejo/wrae173 (2024) | “Autotrophic CO2 fixation in Hydrogenovibrio is operated by the Calvin-Benson-Bassham cycle with RubisCO as the key carboxylating enzyme” (laufermeiser2024oxidationofsulfur pages 4-6) | Strong, taxon-specific. |
research/traits/physiology/chemolithotrophic-deep-research-falcon.md	272	GO:0016984	rubisco	ribulose-bisphosphate carboxylase activity	OK_LABEL	1.00	| RubisCO | is key carboxylating enzyme of | Calvin-Benson-Bassham cycle | EC:4.1.1.39; GO:0016984 | 10.1093/ismejo/wrae173 (2024) | “with RubisCO as the key carboxylating enzyme” (laufermeiser2024oxidationofsulfur pages 4-6) | Strong, generalizable. |
research/traits/physiology/chemolithotrophic-deep-research-falcon.md	273	CHEBI:9569	thiosulfate oxidation by hydrogenovibrio strain 104		UNRESOLVED	0.00	| thiosulfate oxidation by Hydrogenovibrio strain 104 | supports | higher CO2 fixation than H2 or Fe(II) oxidation | CHEBI:9569 (thiosulfate) | 10.1093/ismejo/wrae173 (2024) | “The highest rates of 14C-HCO3− fixation… were found when the culture was grown with S2O32−, whereas the lowest… with Fe(II)” (laufermeiser2024oxidationofsulfur pages 4-6) | Quantitative taxon-specific physiology. |
research/traits/physiology/chemolithotrophic-deep-research-falcon.md	286	GO:0019646	3-hydroxypropionate/4-hydroxybutyrate cycle genes	aerobic electron transport chain	DRIFT	0.31	| 3-hydroxypropionate/4-hydroxybutyrate cycle genes | are required for | sulfur chemolithoautotrophy in Sulfolobales | GO:0019646? label only | 10.1111/1462-2920.14712 (2019) | “failed to up-regulate key 3-HP/4-HB cycle genes used by A. brierleyi to drive chemolithoautotrophy” (zeldes2019determinantsofsulfur pages 1-5) | Strong within Sulfolobales; regulatory dependence noted. |
research/traits/physiology/chemolithotrophic-deep-research-falcon.md	287	CHEBI:29033	fe2+ oxidation in a. ferrooxidans	iron(2+)	OK_LABEL	1.00	| Fe2+ oxidation in A. ferrooxidans | supplies energy/reducing power for | obligate chemolithoautotrophic growth | CHEBI:29033? Fe3+/CHEBI:29033 not donor; Fe2+ label only | 10.1186/1471-2180-10-229 (2010) | “gains energy and reducing power from the oxidation of ferrous iron and reduced inorganic sulfur compounds” (esparza2010genesandpathways pages 1-2) | Strong organism-level evidence. |
research/traits/physiology/chemolithotrophic-deep-research-falcon.md	293	GO:0031469	carboxysome proteins	bacterial microcompartment	DRIFT	0.27	| carboxysome proteins | raise concentration of | CO2 around Rubisco | GO:0031469? label only | 10.1371/journal.pcbi.1008742 (2021) | “carboxysome proteins (that raise CO2 concentration around Rubisco)” (asplundsamuelsson2021widerangeof pages 1-2) | Strong general support. |
research/traits/physiology/chemolithotrophic-deep-research-falcon.md	295	CHEBI:17363	aerobic calvin-cycle chemolithoautotrophs	D-ribulose 5-phosphate	DRIFT	0.26	| aerobic Calvin-cycle chemolithoautotrophs | must recycle | 2-phosphoglycolate | CHEBI:17363? label only if uncertain | 10.1073/pnas.2012288117 (2020) | “aerobic chemolithoautotrophic bacteria that operate the Calvin cycle… must also recycle phosphoglycolate” (claassens2020phosphoglycolatesalvagein pages 1-2) | Strong for maintenance submodule. |
research/traits/physiology/chemolithotrophic-deep-research-falcon.md	299	CHEBI:16189	sulfide + nitrate + acetate	sulfate	DRIFT	0.50	| sulfide + nitrate + acetate | supports best growth of | Arcobacter peruensis | CHEBI:16189 (acetate) label only others | 10.1128/AEM.01344-19 (2019) | “grew best on a mix of sulfide, nitrate, and acetate” (callbeck2019arcobacterperuensissp. pages 1-2) | Counterexample showing inorganic donor use without autotrophic carbon sourcing. |
research/traits/physiology/chemolithotrophic-deep-research-falcon.md	305	CHEBI:29033	a. ferrooxidans biomining metabolism	iron(2+)	DRIFT	0.43	| A. ferrooxidans biomining metabolism | generates | Fe(III) ions that react with metal sulfides | CHEBI:29033 (Fe3+) label only for metal sulfides | 10.3390/microorganisms12122407 (2024) | “A. ferrooxidans catalyzes the extraction of elements by generating iron (III) ions in oxic conditions, which are able to react with metal sulfides” (tonietti2024unveilingthebioleaching pages 1-2) | Application-focused review; useful for implementation context, less direct for trait graph. |
research/traits/physiology/chemoorganotrophic-deep-research-falcon.md	289	CHEBI:59999	chemoorganotrophy (metpo:1000663)	chemical substance	DRIFT	0.30	| chemoorganotrophy (METPO:1000663) | has_energy_source | organic compounds (CHEBI:59999) | core | 10.1515/psr-2016-0118 | High; direct definition that chemoorganotrophs use organic compounds for energy and as carbon source; broad microbial applicability (briski2017environmentalmicrobiology pages 1-3) |
research/traits/physiology/chemoorganotrophic-deep-research-falcon.md	297	CHEBI:15379	electron transport pathway	dioxygen	OK_IN_ROW	1.00	| electron transport pathway | ultimately reduces | oxygen (CHEBI:15379) to water (CHEBI:15377) | aerobic respiration | 10.1016/j.bbabio.2008.09.008 | High; direct statement for aerobic respiration branch only (simon2008theorganisationof pages 1-3) |
research/traits/physiology/chemoorganotrophic-deep-research-falcon.md	297	CHEBI:15377	electron transport pathway	water	OK_IN_ROW	1.00	| electron transport pathway | ultimately reduces | oxygen (CHEBI:15379) to water (CHEBI:15377) | aerobic respiration | 10.1016/j.bbabio.2008.09.008 | High; direct statement for aerobic respiration branch only (simon2008theorganisationof pages 1-3) |
research/traits/physiology/chemotaxis-deep-research-falcon.md	197	GO:0006935	chemotaxis	chemotaxis	OK_LABEL	1.00	| chemotaxis | **traitmech:000086**; candidate GO:0006935 | Use the supplied TraitMech CURIE verbatim; validate GO import policy locally. |
research/traits/physiology/chemotaxis-deep-research-falcon.md	198	GO:0071973	flagellum-dependent cell motility	bacterial-type flagellum-dependent cell motility	OK_LABEL	1.00	| flagellum-dependent cell motility | candidate GO:0071973 | Parent/required locomotor capacity, not equivalent to chemotaxis. |
research/traits/physiology/chemotaxis-deep-research-falcon.md	199	GO:0071973	bacterial-type flagellum-dependent cell motility	bacterial-type flagellum-dependent cell motility	OK_LABEL	1.00	| bacterial-type flagellum-dependent cell motility | candidate GO:0071973 | Use only if the graph is restricted to flagellar systems. |
research/traits/physiology/chemotaxis-deep-research-falcon.md	208	GO:0004884	methyl-accepting chemotaxis protein / chemoreceptor		UNRESOLVED	0.00	| methyl-accepting chemotaxis protein / chemoreceptor | receptor family | GO:0004884 is a candidate molecular-function grounding; retain protein-family label where appropriate. |
research/traits/physiology/chemotaxis-deep-research-falcon.md	226	CHEBI:15422	atp	ATP	OK_LABEL	1.00	| ATP | CHEBI:15422 | CheA P4 substrate for autophosphorylation. |
research/traits/physiology/chemotaxis-deep-research-falcon.md	227	CHEBI:16761	adp	ADP	OK_LABEL	1.00	| ADP | CHEBI:16761 | Product of kinase reaction; optional node. |
research/traits/physiology/chemotaxis-deep-research-falcon.md	229	CHEBI:17115	l-serine	L-serine	OK_LABEL	1.00	| L-serine | CHEBI:17115 | Canonical attractant in *E. coli*. |
research/traits/physiology/chemotaxis-deep-research-falcon.md	230	CHEBI:17053	l-aspartate	L-aspartic acid	OK_LABEL	1.00	| L-aspartate | CHEBI:17053 | Canonical attractant in *E. coli*. |
research/traits/physiology/chemotrophic-deep-research-falcon.md	321	GO:0015986	proton-motive force	proton motive force-driven ATP synthesis	DRIFT	0.65	| proton-motive force | powers | ATP synthase-dependent ATP formation | Gupta et al. (2020): proton-motive force is “used by ATP synthase to produce ATP.” (gupta2020extracellularelectronuptake pages 5-6) | **High-confidence core respiratory edge.** Ground process with `GO:0015986`. |
research/traits/physiology/hydrogenotrophic-deep-research-falcon.md	217	CHEBI:18276	molecular hydrogen	dihydrogen	OK_LABEL	1.00	| molecular hydrogen | `CHEBI:18276` |
research/traits/physiology/hydrogenotrophic-deep-research-falcon.md	218	CHEBI:16526	carbon dioxide	carbon dioxide	OK_LABEL	1.00	| carbon dioxide | `CHEBI:16526` |
research/traits/physiology/hydrogenotrophic-deep-research-falcon.md	219	CHEBI:15377	water	water	OK_LABEL	1.00	| water | `CHEBI:15377` |
research/traits/physiology/hydrogenotrophic-deep-research-falcon.md	220	CHEBI:15379	dioxygen	dioxygen	OK_LABEL	1.00	| dioxygen | `CHEBI:15379` |
research/traits/physiology/hydrogenotrophic-deep-research-falcon.md	221	CHEBI:16183	methane	methane	OK_LABEL	1.00	| methane | `CHEBI:16183` |
research/traits/physiology/hydrogenotrophic-deep-research-falcon.md	222	CHEBI:30089	acetate	acetate	OK_LABEL	1.00	| acetate | `CHEBI:30089` |
research/traits/physiology/hydrogenotrophic-deep-research-falcon.md	223	CHEBI:17632	nitrate	nitrate	OK_LABEL	1.00	| nitrate | `CHEBI:17632` |
research/traits/physiology/hydrogenotrophic-deep-research-falcon.md	224	CHEBI:16189	sulfate	sulfate	OK_LABEL	1.00	| sulfate | `CHEBI:16189` |
research/traits/physiology/hydrogenotrophic-deep-research-falcon.md	225	CHEBI:15378	proton	hydron	DRIFT	0.50	| proton | `CHEBI:15378` |
research/traits/physiology/hydrogenotrophic-deep-research-falcon.md	226	CHEBI:15422	atp	ATP	OK_LABEL	1.00	| ATP | `CHEBI:15422` |
research/traits/physiology/hydrogenotrophic-deep-research-falcon.md	227	CHEBI:15846	nad+ / nadh	NAD(+)	OK_LABEL	1.00	| NAD+ / NADH | `CHEBI:15846` / `CHEBI:16908` |
research/traits/physiology/hydrogenotrophic-deep-research-falcon.md	227	CHEBI:16908	nad+ / nadh	NADH	OK_LABEL	1.00	| NAD+ / NADH | `CHEBI:15846` / `CHEBI:16908` |
research/traits/physiology/lithoautotrophic-deep-research-falcon.md	225	CHEBI:16526	carbon dioxide	carbon dioxide	OK_LABEL	1.00	| carbon dioxide | `CHEBI:16526` | Carbon substrate; bicarbonate may be the supplied assay species. |
research/traits/physiology/lithoautotrophic-deep-research-falcon.md	226	CHEBI:17544	hydrogencarbonate/bicarbonate	hydrogencarbonate	OK_LABEL	1.00	| hydrogencarbonate/bicarbonate | `CHEBI:17544` | Common ^14C/^13C tracer substrate. |
research/traits/physiology/lithoautotrophic-deep-research-falcon.md	227	CHEBI:18276	dihydrogen	dihydrogen	OK_LABEL	1.00	| dihydrogen | `CHEBI:18276` | Inorganic electron donor. |
research/traits/physiology/lithoautotrophic-deep-research-falcon.md	228	CHEBI:15379	dioxygen	dioxygen	OK_LABEL	1.00	| dioxygen | `CHEBI:15379` | Common terminal acceptor; also competes with CO2 at Rubisco. |
research/traits/physiology/lithoautotrophic-deep-research-falcon.md	229	CHEBI:17632	nitrate	nitrate	OK_LABEL	1.00	| nitrate | `CHEBI:17632` | Alternative acceptor in several sulfur/hydrogen oxidizers. |
research/traits/physiology/lithoautotrophic-deep-research-falcon.md	230	CHEBI:16301	nitrite	nitrite	OK_LABEL	1.00	| nitrite | `CHEBI:16301` | Product of ammonia oxidation and donor for nitrite oxidizers. |
research/traits/physiology/lithoautotrophic-deep-research-falcon.md	231	CHEBI:28938	ammonium	ammonium	OK_LABEL	1.00	| ammonium | `CHEBI:28938` | Environmentally prevalent ammonia/ammonium substrate pool. |
research/traits/physiology/lithoautotrophic-deep-research-falcon.md	232	GO:0015977	carbon fixation	carbon fixation	OK_LABEL	1.00	| carbon fixation | `GO:0015977` | Broad process node; verify preferred GO label in release. |
research/traits/physiology/lithoautotrophic-deep-research-falcon.md	233	GO:0015975	chemolithotrophy	energy derivation by oxidation of reduced inorganic compounds	OK_LABEL	1.00	| chemolithotrophy | `GO:0015975` | Broad energy-metabolism process; verify ontology release. |
research/traits/physiology/lithotrophic-deep-research-falcon.md	209	GO:0055114	oxidation–reduction process	obsolete oxidation-reduction process	OBSOLETE	1.00	| oxidation–reduction process | GO:0055114 | Broad process; use only if allowed by schema |
research/traits/physiology/lithotrophic-deep-research-falcon.md	210	GO:0022900	electron transport chain	electron transport chain	OK_LABEL	1.00	| electron transport chain | GO:0022900 | Shared energy-conservation module |
research/traits/physiology/lithotrophic-deep-research-falcon.md	211	GO:0022904	respiratory electron transport chain	respiratory electron transport chain	OK_LABEL	1.00	| respiratory electron transport chain | GO:0022904 | Chemolithotrophic branch |
research/traits/physiology/lithotrophic-deep-research-falcon.md	212	GO:0015988	proton motive force / proton electrochemical gradient	energy coupled proton transmembrane transport, against electrochemical gradient	DRIFT	0.60	| proton motive force / proton electrochemical gradient | Label; GO:0015988 may be considered for energy coupled proton transport | Intermediate energetic state |
research/traits/physiology/lithotrophic-deep-research-falcon.md	213	GO:0015986	atp synthesis coupled proton transport	proton motive force-driven ATP synthesis	OK_LABEL	1.00	| ATP synthesis coupled proton transport | GO:0015986 | Conserved energetic output |
research/traits/physiology/lithotrophic-deep-research-falcon.md	214	GO:0015977	carbon fixation	carbon fixation	OK_LABEL	1.00	| carbon fixation | GO:0015977 | Optional downstream process; not part of the defining trait |
research/traits/physiology/lithotrophic-deep-research-falcon.md	236	GO:0042777	energy conversion	proton motive force-driven plasma membrane ATP synthesis	DRIFT	0.31	| Energy conversion | F-, A-, or V-type ATP synthase | GO:0042777/GO:0015986 as appropriate; complex identity is taxon-specific |
research/traits/physiology/lithotrophic-deep-research-falcon.md	236	GO:0015986	energy conversion	proton motive force-driven ATP synthesis	DRIFT	0.29	| Energy conversion | F-, A-, or V-type ATP synthase | GO:0042777/GO:0015986 as appropriate; complex identity is taxon-specific |
research/traits/physiology/methanotrophic-deep-research-falcon.md	253	CHEBI:16183	metpo:1000650	methane	OK_IN_ROW	1.00	| METPO:1000650 | has_primary_substrate | CHEBI:16183 methane | Methanotrophs, general | “methanotrophic bacteria … utilize methane as their sole carbon and energy source” (ahmadi2024recentfindingsin pages 1-2) | 10.1007/s00253-023-12978-3 (Applied Microbiology and Biotechnology, Jan 2024) | High confidence for trait scope; note some facultative methanotrophs can also use multicarbon compounds, so this is primary/defining substrate rather than exclusive substrate in all taxa. |
research/traits/physiology/methanotrophic-deep-research-falcon.md	254	CHEBI:16183	methane monooxygenase (grounding pending)	methane	OK_LABEL	1.00	| methane monooxygenase (grounding pending) | catalyzes_oxidation_of | CHEBI:16183 methane | Aerobic methanotrophs, general | “use methane monooxygenases (MMOs) to activate methane, oxidizing it to methanol” (koo2021biochemistryofaerobic pages 1-2) | 10.1039/d0cs01291b (Chem. Soc. Rev., 2021) | High confidence; core aerobic edge. Enzyme node can later be split into pMMO and sMMO. |
research/traits/physiology/methanotrophic-deep-research-falcon.md	255	CHEBI:15379	chebi:15379 dioxygen	dioxygen	OK_LABEL	1.00	| CHEBI:15379 dioxygen | required_for_initial_activation_of | CHEBI:16183 methane | Aerobic bacterial methanotrophs | “oxygen is required by the MOB for the first step of methane oxidation” and “activate methane … using molecular oxygen” (sina2024persistentactivityof pages 1-2) | 10.1038/s41467-024-49602-5 (Nature Communications, Jun 2024) | High confidence for aerobic bacterial methanotrophy. Do not overgeneralize to all methanotrophs because ANME use MCR-based AOM. |
research/traits/physiology/methanotrophic-deep-research-falcon.md	255	CHEBI:16183	chebi:15379 dioxygen	methane	OK_IN_ROW	1.00	| CHEBI:15379 dioxygen | required_for_initial_activation_of | CHEBI:16183 methane | Aerobic bacterial methanotrophs | “oxygen is required by the MOB for the first step of methane oxidation” and “activate methane … using molecular oxygen” (sina2024persistentactivityof pages 1-2) | 10.1038/s41467-024-49602-5 (Nature Communications, Jun 2024) | High confidence for aerobic bacterial methanotrophy. Do not overgeneralize to all methanotrophs because ANME use MCR-based AOM. |
research/traits/physiology/methanotrophic-deep-research-falcon.md	261	CHEBI:17790	methanol dehydrogenase (mdh; grounding pending)	methanol	OK_LABEL	1.00	| methanol dehydrogenase (MDH; grounding pending) | oxidizes | CHEBI:17790 methanol | Aerobic methanotrophs, general | “methanol … is then oxidized to formaldehyde by methanol dehydrogenase” (semrau2018metalsandmethanotrophy pages 3-5) | 10.1128/AEM.02289-17 (AEM, 2018) | High confidence. |
research/traits/physiology/methanotrophic-deep-research-falcon.md	262	CHEBI:16842	methanol dehydrogenase (mdh; grounding pending)	formaldehyde	OK_IN_ROW	1.00	| methanol dehydrogenase (MDH; grounding pending) | produces | CHEBI:16842 formaldehyde | Aerobic methanotrophs, general | “methanol … is then oxidized to formaldehyde by methanol dehydrogenase” (semrau2018metalsandmethanotrophy pages 3-5) | 10.1128/AEM.02289-17 (AEM, 2018) | High confidence. |
research/traits/physiology/methanotrophic-deep-research-falcon.md	267	CHEBI:16842	chebi:16842 formaldehyde	formaldehyde	OK_LABEL	1.00	| CHEBI:16842 formaldehyde | oxidized_to | CHEBI:15740 formate | Aerobic methanotrophs, general | “formaldehyde to formate via tetrahydrofolate/tetrahydromethanopterin pathways” (semrau2018metalsandmethanotrophy pages 3-5) | 10.1128/AEM.02289-17 (AEM, 2018) | High confidence at pathway level; exact enzyme set may vary. |
research/traits/physiology/methanotrophic-deep-research-falcon.md	267	CHEBI:15740	chebi:16842 formaldehyde	formate	OK_IN_ROW	1.00	| CHEBI:16842 formaldehyde | oxidized_to | CHEBI:15740 formate | Aerobic methanotrophs, general | “formaldehyde to formate via tetrahydrofolate/tetrahydromethanopterin pathways” (semrau2018metalsandmethanotrophy pages 3-5) | 10.1128/AEM.02289-17 (AEM, 2018) | High confidence at pathway level; exact enzyme set may vary. |
research/traits/physiology/methanotrophic-deep-research-falcon.md	268	CHEBI:15740	chebi:15740 formate	formate	OK_LABEL	1.00	| CHEBI:15740 formate | oxidized_to | CHEBI:16526 carbon dioxide | Aerobic methanotrophs, general | “formate to CO2 via formate dehydrogenase” (semrau2018metalsandmethanotrophy pages 3-5) | 10.1128/AEM.02289-17 (AEM, 2018) | High confidence. |
research/traits/physiology/methanotrophic-deep-research-falcon.md	268	CHEBI:16526	chebi:15740 formate	carbon dioxide	OK_IN_ROW	1.00	| CHEBI:15740 formate | oxidized_to | CHEBI:16526 carbon dioxide | Aerobic methanotrophs, general | “formate to CO2 via formate dehydrogenase” (semrau2018metalsandmethanotrophy pages 3-5) | 10.1128/AEM.02289-17 (AEM, 2018) | High confidence. |
research/traits/physiology/methanotrophic-deep-research-falcon.md	269	CHEBI:16842	chebi:16842 formaldehyde	formaldehyde	OK_LABEL	1.00	| CHEBI:16842 formaldehyde | assimilated_via | RuMP pathway (grounding pending) | Type I/X and many aerobic methanotrophs | “Carbon assimilation occurs primarily at the formaldehyde level via ribulose monophosphate … cycles” (semrau2018metalsandmethanotrophy pages 3-5) | 10.1128/AEM.02289-17 (AEM, 2018) | High confidence at general pathway level; not universal to every lineage. |
research/traits/physiology/methanotrophic-deep-research-falcon.md	270	CHEBI:16842	chebi:16842 formaldehyde	formaldehyde	OK_LABEL	1.00	| CHEBI:16842 formaldehyde | assimilated_via | serine cycle (grounding pending) | Type II and many aerobic methanotrophs | “Carbon assimilation occurs primarily at the formaldehyde level via … serine cycles” (semrau2018metalsandmethanotrophy pages 3-5) | 10.1128/AEM.02289-17 (AEM, 2018) | High confidence at general pathway level. |
research/traits/physiology/methanotrophic-deep-research-falcon.md	277	CHEBI:15379	nitric oxide dismutation (grounding pending)	dioxygen	OK_IN_ROW	1.00	| nitric oxide dismutation (grounding pending) | produces | dinitrogen and CHEBI:15379 dioxygen | NC10/Methylomirabilis in N-DAMO | “followed by dismutation of nitric oxide to nitrogen gas and oxygen” (wissink2024probingdenitrifyinganaerobic pages 1-2) | 10.1021/acs.est.3c07197 (Environmental Science & Technology, Mar 29 2024) | High confidence, organism-specific pathway step. |
research/traits/physiology/methanotrophic-deep-research-falcon.md	278	CHEBI:15379	internally produced chebi:15379 dioxygen	dioxygen	OK_LABEL	1.00	| internally produced CHEBI:15379 dioxygen | used_by | pMMO | Ca. Methylomirabilis oxyfera | “this oxygen is directly used by its particulate methane monooxygenase (pMMO) to activate methane” (wissink2024probingdenitrifyinganaerobic pages 1-2) | 10.1021/acs.est.3c07197 (Environmental Science & Technology, Mar 29 2024) | High confidence, organism-specific. |
research/traits/physiology/methanotrophic-deep-research-falcon.md	292	CHEBI:15379	trace chebi:15379 dioxygen	dioxygen	OK_LABEL	1.00	| trace CHEBI:15379 dioxygen | may_be_required_for | initial MMO step under apparent anoxia | Anoxic Methylococcales scenario | “this trace oxygen is likely indispensable for the initial oxidation of methane to methanol by methane monooxygenase” (sina2024persistentactivityof pages 6-7) | 10.1038/s41467-024-49602-5 (Nature Communications, Jun 2024) | Important caution: do not curate truly oxygen-independent bacterial MMO methanotrophy from this study. |
research/traits/physiology/nutrient_adaptation-deep-research-falcon.md	208	CHEBI:18367	phosphate deficiency	phosphate(3-)	OK_LABEL	1.00	| phosphate deficiency | Label plus **CHEBI:18367** for phosphate | Environmental state and chemical should be separate nodes. |
research/traits/physiology/nutrient_adaptation-deep-research-falcon.md	216	CHEBI:18367	phosphate	phosphate(3-)	OK_LABEL	1.00	| phosphate | CHEBI:18367 |
research/traits/physiology/nutrient_adaptation-deep-research-falcon.md	217	CHEBI:28938	ammonium	ammonium	OK_LABEL	1.00	| ammonium | CHEBI:28938 |
research/traits/physiology/nutrient_adaptation-deep-research-falcon.md	218	CHEBI:29985	l-glutamate	L-glutamate(1-)	OK_LABEL	1.00	| L-glutamate | CHEBI:29985 |
research/traits/physiology/nutrient_adaptation-deep-research-falcon.md	219	CHEBI:17750	glycine betaine	glycine betaine	OK_LABEL	1.00	| glycine betaine | CHEBI:17750 |
research/traits/physiology/nutrient_adaptation-deep-research-falcon.md	220	CHEBI:16947	citrate	citrate(3-)	OK_LABEL	1.00	| citrate | CHEBI:16947 |
research/traits/physiology/nutrient_adaptation-deep-research-falcon.md	221	CHEBI:15891	taurine	taurine	OK_LABEL	1.00	| taurine | CHEBI:15891 |
research/traits/physiology/nutrient_adaptation-deep-research-falcon.md	242	GO:0055085	transmembrane transport	transmembrane transport	OK_LABEL	1.00	| transmembrane transport | GO:0055085 |
research/traits/physiology/nutrient_adaptation-deep-research-falcon.md	244	GO:0006807	nitrogen-compound metabolic process	obsolete nitrogen compound metabolic process	OBSOLETE	1.00	| nitrogen-compound metabolic process | GO:0006807 |
research/traits/physiology/nutrient_adaptation-deep-research-falcon.md	245	GO:0031669	cellular response to nutrient levels	cellular response to nutrient levels	OK_LABEL	1.00	| cellular response to nutrient levels | GO:0031669 |
research/traits/physiology/nutrient_adaptation-deep-research-falcon.md	248	GO:0006412	translation / ribosome synthesis	translation	OK_LABEL	1.00	| translation / ribosome synthesis | GO:0006412 plus more specific ribosome-biogenesis terms as appropriate |
research/traits/physiology/nutrient_adaptation-deep-research-falcon.md	249	GO:0042597	periplasm	periplasmic space	OK_LABEL	1.00	| periplasm | GO:0042597 |
research/traits/physiology/nutrient_adaptation-deep-research-falcon.md	250	GO:0005886	plasma membrane	plasma membrane	OK_LABEL	1.00	| plasma membrane | GO:0005886 |
research/traits/physiology/oligotrophic-deep-research-falcon.md	202	GO:0009651	nutrient limitation	response to salt stress	OK_IN_ROW	1.00	| nutrient limitation | environmental/experimental factor | **GO:0009651** (“response to salt stress”) is **not** appropriate; retain label-only unless a suitable ontology term is verified | Do not conflate response with the limiting condition. |
research/traits/physiology/oligotrophic-deep-research-falcon.md	210	GO:0006810	nutrient uptake	transport	OK_IN_ROW	1.00	| nutrient uptake | biological process | **GO:0006810** transport, or a substrate-specific child | Prefer substrate-specific processes where known. |
research/traits/physiology/oligotrophic-deep-research-falcon.md	211	GO:0022857	transmembrane transporter activity	transmembrane transporter activity	OK_LABEL	1.00	| transmembrane transporter activity | molecular function | **GO:0022857** | Generic parent; transporters should be grounded individually. |
research/traits/physiology/oligotrophic-deep-research-falcon.md	218	GO:0000160	two-component signal-transduction system	phosphorelay signal transduction system	DRIFT	0.75	| two-component signal-transduction system | process/system | **GO:0000160** | Quantifiable genomic proxy, not itself a phenotype definition. |
research/traits/physiology/oligotrophic-deep-research-falcon.md	219	GO:0019222	constitutive gene expression	regulation of metabolic process	OK_IN_ROW	1.00	| constitutive gene expression | process | **GO:0019222** is broad regulation of metabolic process; label-only is safer | Particularly supported in SAR11-like organisms. |
research/traits/physiology/oligotrophic-deep-research-falcon.md	220	GO:0036247	riboswitch-mediated regulation	phytochelatin 3 import into vacuole	DRIFT	0.34	| riboswitch-mediated regulation | process | **GO:0036247** may require verification before curation; otherwise label-only | Proposed alternative to costly transcription-factor networks. |
research/traits/physiology/oligotrophic-deep-research-falcon.md	225	GO:0044419	metabolite cross-feeding	biological process involved in interspecies interaction between organisms	OK_IN_ROW	1.00	| metabolite cross-feeding | community process | **GO:0044419** is interspecies interaction; label-only is more precise | Community-context module, not universal oligotrophy. |
research/traits/physiology/oligotrophic-deep-research-falcon.md	232	GO:0015992	proton motive force		UNRESOLVED	0.00	| proton motive force | cellular energetic state | **GO:0015992** proton transport is related but not equivalent; label-only preferred | Intermediate between proteorhodopsin and ATP production. |
research/traits/physiology/oligotrophic-deep-research-falcon.md	233	CHEBI:15422	atp	ATP	OK_LABEL	1.00	| ATP | chemical | **CHEBI:15422** | Energetic product. |
research/traits/physiology/oligotrophic-deep-research-falcon.md	234	CHEBI:57905	dmsp	dehydroepiandrosterone sulfate(1-)	DRIFT	0.12	| DMSP | chemical | **CHEBI:57905** should be verified before production use | SAR11-specific kinetic-regulation example. |
research/traits/physiology/oligotrophic-deep-research-falcon.md	237	CHEBI:18276	molecular hydrogen	dihydrogen	OK_LABEL	1.00	| molecular hydrogen | electron donor | **CHEBI:18276** | Trace-gas module. |
research/traits/physiology/oligotrophic-deep-research-falcon.md	239	CHEBI:33709	amino acids	amino acid	OK_LABEL	1.00	| amino acids | chemical class | **CHEBI:33709** | Cross-fed compounds in recent ocean modeling. |
research/traits/physiology/oligotrophic-deep-research-falcon.md	241	CHEBI:15428	glycine	glycine	OK_LABEL	1.00	| glycine | chemical | **CHEBI:15428** | Reported requirement in streamlined *Pelagibacter*. |
research/traits/physiology/organoheterotrophic-deep-research-falcon.md	266	CHEBI:33229	organic compound	vitamin (role)	DRIFT	0.25	| organic compound | is imported for | organoheterotrophic metabolism | CHEBI:33229; METPO:1000664 | Core trait-defining step; direct support that heterotrophs respire organic compounds to gain energy and build biomass; substrate specificity varies by taxon and transporter repertoire (braun2021reviewsandsyntheses pages 1-2, halloran2024molecularcharacterizationof pages 32-36) |
research/traits/physiology/organoheterotrophic-deep-research-falcon.md	269	CHEBI:15361	glycolysis / empp / edp / ppp	pyruvate	OK_IN_ROW	1.00	| glycolysis / EMPP / EDP / PPP | generates | pyruvate and reducing equivalents | CHEBI:15361; label only for reducing equivalents | Strong review-level support; pathway-level statement appropriate, but specific cofactors and yields are taxon/condition dependent (theodosiou2022exploitationofhetero pages 1-2) |
research/traits/physiology/organoheterotrophic-deep-research-falcon.md	270	CHEBI:15361	pyruvate	pyruvate	OK_LABEL	1.00	| pyruvate | is converted to | acetyl-CoA | CHEBI:15361; CHEBI:15351 | Canonical central-metabolism step implied in TCA-linked heterotrophic growth; curate as general mechanism without taxon-specific enzyme unless source added (theodosiou2022exploitationofhetero pages 1-2) |
research/traits/physiology/organoheterotrophic-deep-research-falcon.md	270	CHEBI:15351	pyruvate	acetyl-CoA	OK_IN_ROW	1.00	| pyruvate | is converted to | acetyl-CoA | CHEBI:15361; CHEBI:15351 | Canonical central-metabolism step implied in TCA-linked heterotrophic growth; curate as general mechanism without taxon-specific enzyme unless source added (theodosiou2022exploitationofhetero pages 1-2) |
research/traits/physiology/organoheterotrophic-deep-research-falcon.md	271	CHEBI:15351	acetyl-coa	acetyl-CoA	OK_LABEL	1.00	| acetyl-CoA | enters | tricarboxylic acid cycle | CHEBI:15351; KEGG:map00020 | Strong review-level support for aerobic heterotrophic central metabolism; extent of complete versus branched TCA varies by lineage (theodosiou2022exploitationofhetero pages 1-2) |
research/traits/physiology/organoheterotrophic-deep-research-falcon.md	273	CHEBI:16908	nadh / fadh2 / nadph	NADH	OK_LABEL	1.00	| NADH / FADH2 / NADPH | donates electrons to | respiratory electron transport chain | CHEBI:16908; CHEBI:37554; CHEBI:16474; GO:0022900 | Strong review-level support; source states reducing equivalents are transferred to O2 via respiratory chain during aerobic growth (theodosiou2022exploitationofhetero pages 1-2) |
research/traits/physiology/organoheterotrophic-deep-research-falcon.md	273	CHEBI:37554	nadh / fadh2 / nadph	fatty acyl-CoA	DRIFT	0.25	| NADH / FADH2 / NADPH | donates electrons to | respiratory electron transport chain | CHEBI:16908; CHEBI:37554; CHEBI:16474; GO:0022900 | Strong review-level support; source states reducing equivalents are transferred to O2 via respiratory chain during aerobic growth (theodosiou2022exploitationofhetero pages 1-2) |
research/traits/physiology/organoheterotrophic-deep-research-falcon.md	273	CHEBI:16474	nadh / fadh2 / nadph	NADPH	OK_LABEL	1.00	| NADH / FADH2 / NADPH | donates electrons to | respiratory electron transport chain | CHEBI:16908; CHEBI:37554; CHEBI:16474; GO:0022900 | Strong review-level support; source states reducing equivalents are transferred to O2 via respiratory chain during aerobic growth (theodosiou2022exploitationofhetero pages 1-2) |
research/traits/physiology/organoheterotrophic-deep-research-falcon.md	273	GO:0022900	nadh / fadh2 / nadph	electron transport chain	OK_IN_ROW	1.00	| NADH / FADH2 / NADPH | donates electrons to | respiratory electron transport chain | CHEBI:16908; CHEBI:37554; CHEBI:16474; GO:0022900 | Strong review-level support; source states reducing equivalents are transferred to O2 via respiratory chain during aerobic growth (theodosiou2022exploitationofhetero pages 1-2) |
research/traits/physiology/organoheterotrophic-deep-research-falcon.md	274	GO:0022900	respiratory electron transport chain	electron transport chain	OK_LABEL	1.00	| respiratory electron transport chain | transfers electrons to | oxygen | GO:0022900; CHEBI:15379 | Strong for aerobic organoheterotrophy; not universal because some organoheterotrophs use alternative acceptors or ferment (theodosiou2022exploitationofhetero pages 1-2, braun2021reviewsandsyntheses pages 1-2) |
research/traits/physiology/organoheterotrophic-deep-research-falcon.md	274	CHEBI:15379	respiratory electron transport chain	dioxygen	OK_IN_ROW	1.00	| respiratory electron transport chain | transfers electrons to | oxygen | GO:0022900; CHEBI:15379 | Strong for aerobic organoheterotrophy; not universal because some organoheterotrophs use alternative acceptors or ferment (theodosiou2022exploitationofhetero pages 1-2, braun2021reviewsandsyntheses pages 1-2) |
research/traits/physiology/organoheterotrophic-deep-research-falcon.md	275	GO:0022900	respiratory electron transport chain	electron transport chain	OK_LABEL	1.00	| respiratory electron transport chain | can transfer electrons to | alternative terminal electron acceptors | GO:0022900; label only | Broad review support for nitrate, ferric iron, sulfate as heterotrophic electron acceptors; curate acceptor-specific edges only when separately sourced (braun2021reviewsandsyntheses pages 1-2) |
research/traits/physiology/organoheterotrophic-deep-research-falcon.md	276	GO:0015986	electron transport chain	proton motive force-driven ATP synthesis	DRIFT	0.54	| electron transport chain | generates | proton motive force | GO:0015986 | Mechanistically standard and supported in respiration-focused literature background, but not explicitly quantified in the retrieved 2023-2024 sources; suitable as medium-confidence general edge (theodosiou2022exploitationofhetero pages 1-2) |
research/traits/physiology/organoheterotrophic-deep-research-falcon.md	277	GO:0015986	proton motive force	proton motive force-driven ATP synthesis	OK_LABEL	1.00	| proton motive force | drives | ATP synthase | GO:0015986; GO:0015986? | Mechanistically canonical for respiration; ontology grounding for ATP synthase complex not established here, so curate cautiously unless additional explicit source is added (theodosiou2022exploitationofhetero pages 1-2) |
research/traits/physiology/organoheterotrophic-deep-research-falcon.md	278	GO:0006754	atp synthesis	ATP biosynthetic process	OK_LABEL	1.00	| ATP synthesis | supports | biomass production | GO:0006754; GO:0009058 | Strong general physiological inference linking energy generation to growth; supported by CUE literature showing allocation to biomass vs respiration (xu2024activemicrobialpopulation pages 1-2, clara2022phylogeneticallyandfunctionally pages 7-8) |
research/traits/physiology/organoheterotrophic-deep-research-falcon.md	278	GO:0009058	atp synthesis	biosynthetic process	OK_LABEL	1.00	| ATP synthesis | supports | biomass production | GO:0006754; GO:0009058 | Strong general physiological inference linking energy generation to growth; supported by CUE literature showing allocation to biomass vs respiration (xu2024activemicrobialpopulation pages 1-2, clara2022phylogeneticallyandfunctionally pages 7-8) |
research/traits/physiology/organoheterotrophic-deep-research-falcon.md	279	GO:0009058	imported organic carbon	biosynthetic process	DRIFT	0.40	| imported organic carbon | is incorporated into | biomass | label only; GO:0009058 | Strong experimental support from DNA-SIP and quantitative heterotrophic studies; incorporation fractions vary by substrate and habitat (campana2021dna‐stableisotopeprobing pages 1-2, braun2021reviewsandsyntheses pages 1-2) |
research/traits/physiology/organoheterotrophic-deep-research-falcon.md	280	GO:0006113	organoheterotrophic metabolism	fermentation	OK_IN_ROW	1.00	| organoheterotrophic metabolism | can proceed by | fermentation | GO:0006113 | Strong but not universal alternative branch; taxon-specific fermentation products documented in recent marine study, indicating anaerobic or microoxic alternative to respiration (li2024arcobacteraceaeareubiquitous pages 10-12) |
research/traits/physiology/organoheterotrophic-deep-research-falcon.md	281	CHEBI:30089	fermentation	acetate	OK_IN_ROW	1.00	| fermentation | produces | acetate / lactate / ethanol | CHEBI:30089; CHEBI:24996; CHEBI:16236 | Recent metatranscriptomic support exists, but this is taxon-specific to marine Arcobacteraceae/mixotroph context and should be marked uncertain for generic TraitMech use (li2024arcobacteraceaeareubiquitous pages 10-12) |
research/traits/physiology/organoheterotrophic-deep-research-falcon.md	281	CHEBI:24996	fermentation	lactate	OK_IN_ROW	1.00	| fermentation | produces | acetate / lactate / ethanol | CHEBI:30089; CHEBI:24996; CHEBI:16236 | Recent metatranscriptomic support exists, but this is taxon-specific to marine Arcobacteraceae/mixotroph context and should be marked uncertain for generic TraitMech use (li2024arcobacteraceaeareubiquitous pages 10-12) |
research/traits/physiology/organoheterotrophic-deep-research-falcon.md	281	CHEBI:16236	fermentation	ethanol	OK_IN_ROW	1.00	| fermentation | produces | acetate / lactate / ethanol | CHEBI:30089; CHEBI:24996; CHEBI:16236 | Recent metatranscriptomic support exists, but this is taxon-specific to marine Arcobacteraceae/mixotroph context and should be marked uncertain for generic TraitMech use (li2024arcobacteraceaeareubiquitous pages 10-12) |
research/traits/physiology/organoheterotrophic-deep-research-falcon.md	283	CHEBI:16526	anaplerotic co2 fixation	carbon dioxide	OK_LABEL	1.00	| anaplerotic CO2 fixation | replenishes | TCA cycle intermediates | CHEBI:16526; KEGG:map00020 | Strong review support via pyruvate carboxylase / PEP carboxylase replenishing oxaloacetate and related intermediates; boundary edge, not evidence of autotrophy (braun2021reviewsandsyntheses pages 2-4, braun2021reviewsandsyntheses pages 1-2) |
research/traits/physiology/organotrophic-deep-research-falcon.md	200	GO:0016054	organic-compound oxidation	organic acid catabolic process	OK_IN_ROW	1.00	| organic-compound oxidation | GO:0016054, *organic acid catabolic process*, only for organic-acid-specific instances | No single GO term safely covers oxidation of every organic donor; retain a label-only generic node if necessary. |
research/traits/physiology/organotrophic-deep-research-falcon.md	201	GO:0006096	glycolytic process	glycolytic process	OK_LABEL	1.00	| glycolytic process | GO:0006096 | Common carbohydrate-catabolism module, not universal. |
research/traits/physiology/organotrophic-deep-research-falcon.md	202	GO:0006099	tricarboxylic-acid cycle	tricarboxylic acid cycle	DRIFT	1.00	| tricarboxylic-acid cycle | GO:0006099 | Respiratory/catabolic module; incomplete or absent in some organotrophs. |
research/traits/physiology/organotrophic-deep-research-falcon.md	203	GO:0045333	cellular respiration	cellular respiration	OK_LABEL	1.00	| cellular respiration | GO:0045333 | Parent process for respiratory branches. |
research/traits/physiology/organotrophic-deep-research-falcon.md	204	GO:0009060	aerobic respiration	aerobic respiration	OK_LABEL	1.00	| aerobic respiration | GO:0009060 | Conditional branch requiring O₂. |
research/traits/physiology/organotrophic-deep-research-falcon.md	205	GO:0009061	anaerobic respiration	anaerobic respiration	OK_LABEL	1.00	| anaerobic respiration | GO:0009061 | Conditional branch requiring a non-O₂ environmental acceptor. |
research/traits/physiology/organotrophic-deep-research-falcon.md	206	GO:0006113	fermentation	fermentation	OK_LABEL	1.00	| fermentation | GO:0006113 | Alternative energy-conservation branch. |
research/traits/physiology/organotrophic-deep-research-falcon.md	207	GO:0006119	oxidative phosphorylation	oxidative phosphorylation	OK_LABEL	1.00	| oxidative phosphorylation | GO:0006119 | Conditional on respiratory or other chemiosmotic machinery. |
research/traits/physiology/organotrophic-deep-research-falcon.md	208	GO:0015986	atp synthesis coupled proton transport	proton motive force-driven ATP synthesis	OK_LABEL	1.00	| ATP synthesis coupled proton transport | GO:0015986 | Proton-driven ATP-synthase branch. |
research/traits/physiology/organotrophic-deep-research-falcon.md	218	CHEBI:17234	glucose	glucose	OK_LABEL	1.00	| glucose | CHEBI:17234 | Model organic donor for respiratory and fermentative examples. |
research/traits/physiology/organotrophic-deep-research-falcon.md	219	CHEBI:15361	pyruvate	pyruvate	OK_LABEL	1.00	| pyruvate | CHEBI:15361 | Central catabolic intermediate and fermentation acceptor. |
research/traits/physiology/organotrophic-deep-research-falcon.md	220	CHEBI:15351	acetyl-coa	acetyl-CoA	OK_LABEL	1.00	| acetyl-CoA | CHEBI:15351 | Links substrate oxidation to TCA, biosynthesis and storage polymers. |
research/traits/physiology/organotrophic-deep-research-falcon.md	221	CHEBI:15846	nad⁺	NAD(+)	OK_LABEL	1.00	| NAD⁺ | CHEBI:15846 | Oxidized soluble redox carrier. |
research/traits/physiology/organotrophic-deep-research-falcon.md	222	CHEBI:16908	nadh	NADH	OK_LABEL	1.00	| NADH | CHEBI:16908 | Reduced carrier generated by many catabolic pathways. |
research/traits/physiology/organotrophic-deep-research-falcon.md	223	CHEBI:15422	atp	ATP	OK_LABEL	1.00	| ATP | CHEBI:15422 | Conserved chemical-energy currency. |
research/traits/physiology/organotrophic-deep-research-falcon.md	224	CHEBI:16761	adp	ADP	OK_LABEL	1.00	| ADP | CHEBI:16761 | ATP-synthesis substrate. |
research/traits/physiology/organotrophic-deep-research-falcon.md	225	CHEBI:15379	oxygen	dioxygen	OK_LABEL	1.00	| oxygen | CHEBI:15379 | Aerobic terminal acceptor; not part of the trait definition. |
research/traits/physiology/organotrophic-deep-research-falcon.md	226	CHEBI:17632	nitrate	nitrate	OK_LABEL	1.00	| nitrate | CHEBI:17632 | Example anaerobic acceptor; taxon/pathway-specific. |
research/traits/physiology/organotrophic-deep-research-falcon.md	227	CHEBI:18012	fumarate	fumaric acid	DRIFT	0.74	| fumarate | CHEBI:18012 | Can serve as a metabolically generated fermentation acceptor or respiratory acceptor, depending on context. |
research/traits/physiology/organotrophic-deep-research-falcon.md	228	CHEBI:30089	acetate	acetate	OK_LABEL	1.00	| acetate | CHEBI:30089 | Substrate, fermentation product, or assimilated carbon source depending on the system. |
research/traits/physiology/organotrophic-deep-research-falcon.md	229	CHEBI:16526	carbon dioxide	carbon dioxide	OK_LABEL	1.00	| carbon dioxide | CHEBI:16526 | Oxidation product and/or separately fixed carbon source. |
research/traits/physiology/oxidase_activity-deep-research-falcon.md	224	GO:0004129	cytochrome c oxidase activity	cytochrome-c oxidase activity	OK_LABEL	1.00	| cytochrome *c* oxidase activity | `GO:0004129`; `EC:7.1.1.9` | Core molecular activity; verify EC release used by TraitMech before committing. |
research/traits/physiology/oxidase_activity-deep-research-falcon.md	225	GO:0045277	cytochrome c oxidase complex	respiratory chain complex IV	OK_LABEL	1.00	| cytochrome *c* oxidase complex | `GO:0045277` | Candidate complex-level grounding; validate applicability to the bacterial subtype. |
research/traits/physiology/oxidase_activity-deep-research-falcon.md	245	CHEBI:15379	molecular oxygen	dioxygen	OK_LABEL	1.00	| molecular oxygen | `CHEBI:15379` | Terminal electron acceptor. |
research/traits/physiology/oxidase_activity-deep-research-falcon.md	246	CHEBI:15377	water	water	OK_LABEL	1.00	| water | `CHEBI:15377` | Product of four-electron oxygen reduction. |
research/traits/physiology/oxidase_activity-deep-research-falcon.md	247	CHEBI:15378	proton	hydron	DRIFT	0.50	| proton | `CHEBI:15378` | Participates in water formation and chemiosmotic coupling. |
research/traits/physiology/oxidase_activity-deep-research-falcon.md	254	CHEBI:16480	nitric oxide	nitric oxide	OK_LABEL	1.00	| nitric oxide | `CHEBI:16480` | Reversible CIO inhibitor in *P. aeruginosa* (nastasi2024cyanideinsensitiveoxidase pages 8-11). |
research/traits/physiology/oxidase_activity-deep-research-falcon.md	255	CHEBI:16136	hydrogen sulfide	hydrogen sulfide	OK_LABEL	1.00	| hydrogen sulfide | `CHEBI:16136` | Terminal-oxidase stressor; CIO activity is comparatively tolerant (nastasi2024cyanideinsensitiveoxidase pages 1-2). |
research/traits/physiology/oxidase_activity-deep-research-falcon.md	256	CHEBI:16240	hydrogen peroxide	hydrogen peroxide	OK_LABEL	1.00	| hydrogen peroxide | `CHEBI:16240` | Stressor against which *bd*-type oxidases can provide protection (nastasi2024cyanideinsensitiveoxidase pages 2-3). |
research/traits/physiology/oxidase_activity-deep-research-falcon.md	262	GO:0019646	aerobic respiratory electron transport chain	aerobic electron transport chain	DRIFT	0.84	| aerobic respiratory electron transport chain | `GO:0019646` candidate | Verify exact GO scope before YAML insertion. |
research/traits/physiology/oxidase_activity-deep-research-falcon.md	264	GO:0015988	proton-motive force generation	energy coupled proton transmembrane transport, against electrochemical gradient	DRIFT	0.33	| proton-motive force generation | `GO:0015988` candidate | General chemiosmotic process; confirm preferred TraitMech granularity. |
research/traits/physiology/oxidase_activity-deep-research-falcon.md	265	GO:0015986	atp synthesis coupled to proton transport	proton motive force-driven ATP synthesis	DRIFT	0.97	| ATP synthesis coupled to proton transport | `GO:0015986` | Downstream consequence, not the diagnostic readout itself. |
research/traits/physiology/oxidase_activity-deep-research-falcon.md	266	GO:0005886	bacterial cytoplasmic membrane	plasma membrane	OK_LABEL	1.00	| bacterial cytoplasmic membrane | `GO:0005886` or a more bacterial-specific location if required | Oxidase subunits and heme-synthesis enzymes are membrane embedded (hederstedt2022diversityofcytochrome pages 4-5, hederstedt2022diversityofcytochrome pages 6-8). |
research/traits/physiology/oxidase_activity-deep-research-falcon.md	267	GO:0042597	periplasm/extracytoplasmic face	periplasmic space	OK_LABEL	1.00	| periplasm/extracytoplasmic face | `GO:0042597` for periplasmic space where applicable | CuA and cytochrome-*c*-interacting domains face outward in diderm systems; do not apply universally to monoderms (hederstedt2022diversityofcytochrome pages 4-5). |
research/traits/physiology/oxidase_activity-deep-research-falcon.md	268	ENVO:00000446	microaerobic condition	terrestrial biome	DRIFT	0.27	| microaerobic condition | `ENVO:00000446` candidate | Verify ENVO term and definition before use; relevant to high-affinity oxidase deployment. |
research/traits/physiology/oxidative_stress_response-deep-research-falcon.md	218	CHEBI:18421	superoxide (o2−)	superoxide	OK_LABEL	1.00	| superoxide (O2−) | Chemicals/ROS | CHEBI:18421 | Primary reactive oxygen species generated by redox enzymes or redox-cycling compounds; damages Fe-S enzymes and activates SoxR/SoxRS-associated responses in many bacteria (imlay2013themolecularmechanisms pages 4-6, imlay2015transcriptionfactorsthat pages 5-6, imlay2013themolecularmechanisms pages 1-2). |
research/traits/physiology/oxidative_stress_response-deep-research-falcon.md	219	CHEBI:16240	hydrogen peroxide (h2o2)	hydrogen peroxide	OK_LABEL	1.00	| hydrogen peroxide (H2O2) | Chemicals/ROS | CHEBI:16240 | Membrane-permeable ROS that activates OxyR or PerR, drives peroxide stress, and can yield hydroxyl radical via iron-dependent chemistry (imlay2013themolecularmechanisms pages 4-6, sen2021howmicrobesdefend pages 10-12, imlay2019whereinthe pages 1-5). |
research/traits/physiology/oxidative_stress_response-deep-research-falcon.md	220	CHEBI:16243	hydroxyl radical (•oh)	quercetin	DRIFT	0.49	| hydroxyl radical (•OH) | Chemicals/ROS | CHEBI:16243 | Highly reactive ROS generated largely through Fenton chemistry; causes DNA, protein, and lipid damage rather than serving as a regulon signal (imlay2019whereinthe pages 1-5, sen2021howmicrobesdefend pages 4-5). |
research/traits/physiology/oxidative_stress_response-deep-research-falcon.md	221	CHEBI:15379	molecular oxygen (o2)	dioxygen	OK_LABEL	1.00	| molecular oxygen (O2) | Chemicals/ROS | CHEBI:15379 | Ultimate oxidant whose adventitious one-electron reduction in cells generates superoxide and downstream ROS, defining the baseline need for oxidative stress defenses (imlay2013themolecularmechanisms pages 1-2, imlay2019whereinthe pages 1-5). |
research/traits/physiology/oxidative_stress_response-deep-research-falcon.md	222	GO:0006979	oxyr	response to oxidative stress	DRIFT	0.21	| OxyR | Transcriptional Regulator | GO:0006979; label-only regulator node | Thiol-based H2O2 sensor/transcription factor activated by oxidation of sensory cysteine(s); induces peroxide defense, iron sequestration, and thiol-maintenance genes such as katG, ahpCF, dps, gor, grxA, trxC, and suf genes (imlay2015transcriptionfactorsthat pages 15-20, imlay2015transcriptionfactorsthat pages 1-3, roth2022transcriptomicanalysisof pages 1-2). |
research/traits/physiology/oxidative_stress_response-deep-research-falcon.md	237	GO:0055114	glutaredoxin (grxa)	obsolete oxidation-reduction process	OBSOLETE	1.00	| glutaredoxin (GrxA) | Enzymes/Proteins | GO:0055114; label-only protein node | Reverses protein glutathionylation and supports cytoplasmic redox maintenance; induced in peroxide defense regulons in bacteria (imlay2015transcriptionfactorsthat pages 15-20, dagah2024exploringimmuneredox pages 14-16). |
research/traits/physiology/oxidative_stress_response-deep-research-falcon.md	238	GO:0004791	thioredoxin (trxc/trxa)	thioredoxin-disulfide reductase (NADPH) activity	DRIFT	0.58	| thioredoxin (TrxC/TrxA) | Enzymes/Proteins | GO:0004791; label-only protein node | Small oxidoreductin that reduces disulfides in proteins and supplies electrons to peroxiredoxins/methionine sulfoxide reductases; central in bacterial and fungal oxidative stress defense (imlay2015transcriptionfactorsthat pages 15-20, hernandezmorfa2023theoxidativestress pages 6-7, dagah2024exploringimmuneredox pages 14-16). |
research/traits/physiology/oxidative_stress_response-deep-research-falcon.md	240	GO:0006879	dps/dpr/mrga iron storage protein	intracellular iron ion homeostasis	DRIFT	0.37	| Dps/Dpr/MrgA iron storage protein | Enzymes/Proteins | GO:0006879; label-only ferritin-like protein node | Ferritin-like iron-sequestering proteins that reduce free iron availability, limit Fenton chemistry, and in some taxa also bind/protect DNA (imlay2015transcriptionfactorsthat pages 15-20, imlay2013themolecularmechanisms pages 8-9, williams2023dpsfunctionsas pages 6-7). |
research/traits/physiology/oxidative_stress_response-deep-research-falcon.md	261	CHEBI:16856	glutathione (gsh)	glutathione	OK_LABEL	1.00	| glutathione (GSH) | Low-Molecular-Weight Thiols | CHEBI:16856 | Major low-molecular-weight thiol in many bacteria/eukaryotes; buffers redox state and supports glutaredoxin/glutathione reductase dependent antioxidant defense (yu2023molecularandregulatory pages 2-3, dagah2024exploringimmuneredox pages 14-16). |
research/traits/physiology/oxidative_stress_response-deep-research-falcon.md	262	CHEBI:138068	bacillithiol (bsh)	ribonucleoside 5'-diphosphate-alpha-D-glucose(2-)	DRIFT	0.18	| bacillithiol (BSH) | Low-Molecular-Weight Thiols | CHEBI:138068 | Gram-positive low-molecular-weight thiol analogous to glutathione; protects protein thiols via S-bacillithiolation and supports bacilliredoxin systems (groot2022thiolreductasesin pages 19-20, groot2022thiolreductasesin pages 20-22). |
research/traits/physiology/oxidative_stress_response-deep-research-falcon.md	263	CHEBI:62041	mycothiol (msh)	P(1),P(5)-bis(5'-adenosyl) pentaphosphate(5-)	DRIFT	0.16	| mycothiol (MSH) | Low-Molecular-Weight Thiols | CHEBI:62041 | Actinomycete low-molecular-weight thiol that functionally parallels glutathione in antioxidant defense and thiol protection (dagah2024exploringimmuneredox pages 14-16). |
research/traits/physiology/oxidative_stress_response-deep-research-falcon.md	264	CHEBI:29035	manganese (mn2+)	manganese(2+)	OK_LABEL	1.00	| manganese (Mn2+) | Metal Ions/Transport | CHEBI:29035 | Protective metal cofactor that can replace iron in some enzymes and supports ROS resistance; intracellular levels often rise during oxidative stress (imlay2013themolecularmechanisms pages 8-9, hernandezmorfa2023theoxidativestress pages 6-7). |
research/traits/physiology/oxidative_stress_response-deep-research-falcon.md	265	CHEBI:29033	iron (fe2+/fe3+)	iron(2+)	OK_LABEL	1.00	| iron (Fe2+/Fe3+) | Metal Ions/Transport | CHEBI:29033 / CHEBI:29034 | Essential but dangerous redox-active metal; free Fe2+ drives Fenton chemistry and iron management is a core oxidative stress defense strategy (imlay2013themolecularmechanisms pages 8-9, williams2023dpsfunctionsas pages 6-7, imlay2019whereinthe pages 1-5). |
research/traits/physiology/oxidative_stress_response-deep-research-falcon.md	265	CHEBI:29034	iron (fe2+/fe3+)	iron(3+)	OK_LABEL	1.00	| iron (Fe2+/Fe3+) | Metal Ions/Transport | CHEBI:29033 / CHEBI:29034 | Essential but dangerous redox-active metal; free Fe2+ drives Fenton chemistry and iron management is a core oxidative stress defense strategy (imlay2013themolecularmechanisms pages 8-9, williams2023dpsfunctionsas pages 6-7, imlay2019whereinthe pages 1-5). |
research/traits/physiology/oxidative_stress_response-deep-research-falcon.md	266	GO:0030001	mnth transporter	metal ion transport	DRIFT	0.69	| MntH transporter | Metal Ions/Transport | GO:0030001; label-only transporter node | Manganese importer induced during oxidative stress in some bacteria, raising Mn availability for ROS-resistant metallation and protection of mononuclear enzymes (imlay2015transcriptionfactorsthat pages 1-3, imlay2013themolecularmechanisms pages 8-9). |
research/traits/physiology/oxidative_stress_response-deep-research-falcon.md	267	GO:0019290	suf system	siderophore biosynthetic process	DRIFT	0.28	| Suf system | Iron-sulfur cluster systems | GO:0019290; label-only pathway node | Oxidative-stress-resistant Fe-S cluster assembly/repair system induced by OxyR and used when the housekeeping Isc system is compromised by peroxide stress (imlay2015transcriptionfactorsthat pages 15-20, imlay2013themolecularmechanisms pages 8-9, williams2023dpsfunctionsas pages 7-8). |
research/traits/physiology/oxidative_stress_response-deep-research-falcon.md	268	GO:0019290	isc system	siderophore biosynthetic process	DRIFT	0.25	| Isc system | Iron-sulfur cluster systems | GO:0019290; label-only pathway node | Housekeeping Fe-S cluster assembly system that becomes vulnerable or less effective during oxidative stress; important as the contrasting baseline to Suf (imlay2013themolecularmechanisms pages 8-9). |
research/traits/physiology/oxidative_stress_response-deep-research-falcon.md	269	GO:0016705	fenton reaction	oxidoreductase activity, acting on paired donors, with incorporation or reduction of molecular oxygen	DRIFT	0.18	| Fenton reaction | Biological Processes | GO:0016705; label-only chemistry/process node | Iron-dependent conversion of H2O2 into hydroxyl radical; a central damage-generating process opposed by iron sequestration and peroxide scavenging (yu2023molecularandregulatory pages 2-3, williams2023dpsfunctionsas pages 6-7, imlay2019whereinthe pages 1-5). |
research/traits/physiology/oxidative_stress_response-deep-research-falcon.md	270	GO:0006979	oxidative stress response	response to oxidative stress	DRIFT	0.62	| oxidative stress response | Biological Processes | GO:0006979 | Broad cellular process encompassing ROS sensing, detoxification, redox maintenance, metal management, and repair of oxidized macromolecules (seixas2022bacterialresponseto pages 6-7, imlay2013themolecularmechanisms pages 4-6, yaakoub2022oxidativestressresponse pages 2-4). |
research/traits/physiology/oxidative_stress_response-deep-research-falcon.md	271	GO:0009432	sos response	SOS response	OK_LABEL	1.00	| SOS response | Biological Processes | GO:0009432 | DNA damage-inducible bacterial response that can be sustained after peroxide stress when oxidative lesions accumulate (roth2022transcriptomicanalysisof pages 1-2). |
research/traits/physiology/oxidative_stress_response-deep-research-falcon.md	272	GO:0006281	dna repair	DNA repair	OK_LABEL	1.00	| DNA repair | Biological Processes | GO:0006281 | Repairs oxidative DNA lesions caused directly or indirectly by ROS, including hydroxyl-radical-mediated strand/base damage (groot2022thiolreductasesin pages 27-28, yu2023molecularandregulatory pages 3-3, williams2023dpsfunctionsas pages 6-7). |
research/traits/physiology/photoautotrophic-deep-research-falcon.md	245	GO:0015979	photosynthesis	photosynthesis	OK_LABEL	1.00	| photosynthesis | GO:0015979 | Broad process; child terms should distinguish oxygenic/anoxygenic implementations where available. |
research/traits/physiology/photoautotrophic-deep-research-falcon.md	247	GO:0015977	carbon fixation	carbon fixation	OK_LABEL	1.00	| carbon fixation | GO:0015977 | Broad process. |
research/traits/physiology/photoautotrophic-deep-research-falcon.md	248	GO:0019253	calvin–benson–bassham cycle	reductive pentose-phosphate cycle	DRIFT	0.63	| Calvin–Benson–Bassham cycle | GO:0019253 | Dominant cyanobacterial and many proteobacterial carbon-fixation module. |
research/traits/physiology/photoautotrophic-deep-research-falcon.md	251	GO:0009853	photorespiration	photorespiration	OK_LABEL	1.00	| photorespiration | GO:0009853 | Competing consequence of Rubisco oxygenation. |
research/traits/physiology/photoautotrophic-deep-research-falcon.md	260	GO:0009523	photosystem ii	photosystem II	OK_LABEL	1.00	| photosystem II | GO:0009523 | Water-oxidizing oxygenic reaction-center complex. |
research/traits/physiology/photoautotrophic-deep-research-falcon.md	261	GO:0009654	oxygen-evolving complex	photosystem II oxygen evolving complex	DRIFT	1.00	| oxygen-evolving complex | GO:0009654 | PSII-associated water oxidation. |
research/traits/physiology/photoautotrophic-deep-research-falcon.md	262	GO:0009522	photosystem i	photosystem I	OK_LABEL	1.00	| photosystem I | GO:0009522 | Light-driven plastocyanin–ferredoxin oxidoreductase. |
research/traits/physiology/photoautotrophic-deep-research-falcon.md	263	GO:0009512	cytochrome b₆f complex	cytochrome b6f complex	DRIFT	0.97	| cytochrome *b*₆*f* complex | GO:0009512 | Electron transport/proton translocation. |
research/traits/physiology/photoautotrophic-deep-research-falcon.md	264	GO:0045259	atp synthase	proton-transporting ATP synthase complex	OK_LABEL	1.00	| ATP synthase | GO:0045259 or taxon-appropriate child | Produces ATP from proton motive force. |
research/traits/physiology/photoautotrophic-deep-research-falcon.md	266	GO:0016984	rubisco	ribulose-bisphosphate carboxylase activity	OK_LABEL	1.00	| Rubisco | GO:0016984; EC:4.1.1.39 | CO₂ fixation and competing oxygenase activity. |
research/traits/physiology/photoautotrophic-deep-research-falcon.md	270	GO:0031470	carboxysome	carboxysome	OK_LABEL	1.00	| carboxysome | GO:0031470 | Protein microcompartment containing Rubisco and carbonic anhydrase. |
research/traits/physiology/photoautotrophic-deep-research-falcon.md	271	GO:0004089	carbonic anhydrase	carbonate dehydratase activity	OK_LABEL	1.00	| carbonic anhydrase | GO:0004089; EC:4.2.1.1 | Direction depends on compartment and physicochemical context. |
research/traits/physiology/photoautotrophic-deep-research-falcon.md	278	GO:0031471	chlorosome	ethanolamine degradation polyhedral organelle	DRIFT	0.47	| chlorosome | GO:0031471 | Green-sulfur and some other anoxygenic phototroph antenna compartment. |
research/traits/physiology/photoautotrophic-deep-research-falcon.md	286	CHEBI:30212	light / photon	photon	OK_LABEL	1.00	| light / photon | CHEBI:30212 for photon; wavelength/intensity as experimental attributes |
research/traits/physiology/photoautotrophic-deep-research-falcon.md	287	CHEBI:16526	carbon dioxide	carbon dioxide	OK_LABEL	1.00	| carbon dioxide | CHEBI:16526 |
research/traits/physiology/photoautotrophic-deep-research-falcon.md	288	CHEBI:17544	hydrogencarbonate/bicarbonate	hydrogencarbonate	OK_LABEL	1.00	| hydrogencarbonate/bicarbonate | CHEBI:17544 |
research/traits/physiology/photoautotrophic-deep-research-falcon.md	289	CHEBI:15377	water	water	OK_LABEL	1.00	| water | CHEBI:15377 |
research/traits/physiology/photoautotrophic-deep-research-falcon.md	290	CHEBI:15379	dioxygen	dioxygen	OK_LABEL	1.00	| dioxygen | CHEBI:15379 |
research/traits/physiology/photoautotrophic-deep-research-falcon.md	291	CHEBI:15422	atp	ATP	OK_LABEL	1.00	| ATP | CHEBI:15422 |
research/traits/physiology/photoautotrophic-deep-research-falcon.md	292	CHEBI:16474	nadph	NADPH	OK_LABEL	1.00	| NADPH | CHEBI:16474 |
research/traits/physiology/photoautotrophic-deep-research-falcon.md	293	CHEBI:16710	ribulose 1,5-bisphosphate	D-ribulose 1,5-bisphosphate	OK_LABEL	1.00	| ribulose 1,5-bisphosphate | CHEBI:16710 |
research/traits/physiology/photoautotrophic-deep-research-falcon.md	297	CHEBI:18276	dihydrogen	dihydrogen	OK_LABEL	1.00	| dihydrogen | CHEBI:18276 |
research/traits/physiology/photoautotrophic-deep-research-falcon.md	298	CHEBI:29033	iron(2+)	iron(2+)	OK_LABEL	1.00	| iron(2+) | CHEBI:29033 |
research/traits/physiology/photoautotrophic-deep-research-falcon.md	300	CHEBI:16480	nitric oxide	nitric oxide	OK_LABEL	1.00	| nitric oxide | CHEBI:16480 |
research/traits/physiology/photoheterotrophic-deep-research-falcon.md	222	GO:0019684	photosynthesis, light reaction	photosynthesis, light reaction	OK_LABEL	1.00	| photosynthesis, light reaction | `GO:0019684` | Broad process; use only if compatible with TraitMech granularity. |
research/traits/physiology/photoheterotrophic-deep-research-falcon.md	223	GO:0009767	photophosphorylation	photosynthetic electron transport chain	DRIFT	0.52	| photophosphorylation | `GO:0009767` | Strong candidate for bacteriochlorophyll reaction-center branch. |
research/traits/physiology/photoheterotrophic-deep-research-falcon.md	224	GO:1902600	proton transmembrane transport	proton transmembrane transport	OK_LABEL	1.00	| proton transmembrane transport | `GO:1902600` | Rhodopsin and respiratory/photosynthetic proton movement. |
research/traits/physiology/photoheterotrophic-deep-research-falcon.md	225	GO:0015986	atp synthesis coupled proton transport	proton motive force-driven ATP synthesis	OK_LABEL	1.00	| ATP synthesis coupled proton transport | `GO:0015986` | PMF-to-ATP edge. |
research/traits/physiology/photoheterotrophic-deep-research-falcon.md	226	GO:0006091	generation of precursor metabolites and energy	generation of precursor metabolites and energy	OK_LABEL	1.00	| generation of precursor metabolites and energy | `GO:0006091` | Broad energetic endpoint. |
research/traits/physiology/photoheterotrophic-deep-research-falcon.md	238	GO:0030089	photosynthetic reaction center l/m complex	phycobilisome	DRIFT	0.28	| photosynthetic reaction center L/M complex | `GO:0030089` may be considered after ontology verification | Photochemical charge separation/electron transfer. |
research/traits/physiology/photoheterotrophic-deep-research-falcon.md	242	GO:0000276	f-type h⁺-transporting atp synthase	obsolete mitochondrial proton-transporting ATP synthase complex, coupling factor F(o)	OBSOLETE	1.00	| F-type H⁺-transporting ATP synthase | `GO:0000276`; taxon-specific subunits/EC records as appropriate | Converts PMF into ATP. |
research/traits/physiology/photoheterotrophic-deep-research-falcon.md	244	GO:0005750	cytochrome bc complex	obsolete mitochondrial respiratory chain complex III	OBSOLETE	1.00	| cytochrome *bc* complex | `GO:0005750` is mitochondrial and unsuitable for bacteria; use label-only bacterial complex | Avoid inappropriate eukaryotic localization identifiers. |
research/traits/physiology/photoheterotrophic-deep-research-falcon.md	253	CHEBI:30212	photon/light	photon	OK_LABEL	1.00	| photon/light | `CHEBI:30212` for photon | Environmental energy input. |
research/traits/physiology/photoheterotrophic-deep-research-falcon.md	255	ENVO:01000155	dissolved organic matter	organic material	DRIFT	0.65	| dissolved organic matter | `ENVO:01000155` if verified in local ontology release | Ecological substrate pool for AAPs. |
research/traits/physiology/photoheterotrophic-deep-research-falcon.md	256	CHEBI:30089	acetate	acetate	OK_LABEL	1.00	| acetate | `CHEBI:30089` | Demonstrated organic co-substrate in *R. rubrum* photoheterotrophic syngas experiments. (hernandezherreros2024boostinghydrogenproduction pages 1-3) |
research/traits/physiology/photoheterotrophic-deep-research-falcon.md	257	CHEBI:24996	lactate	lactate	OK_LABEL	1.00	| lactate | `CHEBI:24996` | PR illumination increased consumption in engineered *S. oneidensis*. (johnson2010enhancementofsurvival pages 1-2) |
research/traits/physiology/photoheterotrophic-deep-research-falcon.md	258	CHEBI:30797	malate	(S)-malic acid	OK_LABEL	1.00	| malate | `CHEBI:30797` | Example organic carbon source for *R. rubrum*. (hernandezherreros2024boostinghydrogenproduction pages 1-3) |
research/traits/physiology/photoheterotrophic-deep-research-falcon.md	259	CHEBI:15035	retinal	retinal	OK_LABEL	1.00	| retinal | `CHEBI:15035` | Rhodopsin chromophore; light-induced isomerization initiates pumping. (johnson2010enhancementofsurvival pages 1-2) |
research/traits/physiology/photoheterotrophic-deep-research-falcon.md	260	CHEBI:15378	proton	hydron	DRIFT	0.50	| proton | `CHEBI:15378` | Transported ion and PMF component. |
research/traits/physiology/photoheterotrophic-deep-research-falcon.md	261	CHEBI:15422	atp	ATP	OK_LABEL	1.00	| ATP | `CHEBI:15422` | Conserved energetic product. |
research/traits/physiology/photoheterotrophic-deep-research-falcon.md	262	CHEBI:16761	adp	ADP	OK_LABEL	1.00	| ADP | `CHEBI:16761` | ATP-synthase substrate. |
research/traits/physiology/photoheterotrophic-deep-research-falcon.md	263	CHEBI:18367	phosphate	phosphate(3-)	OK_LABEL	1.00	| phosphate | `CHEBI:18367` | ATP-synthase substrate; protonation state should be normalized by project policy. |
research/traits/physiology/photoheterotrophic-deep-research-falcon.md	264	CHEBI:15379	oxygen	dioxygen	OK_LABEL	1.00	| oxygen | `CHEBI:15379` | Environmental regulator/boundary factor; AAPs operate aerobically whereas many PNSB photoheterotrophic assays are anaerobic. |
research/traits/physiology/photoheterotrophic-deep-research-falcon.md	265	CHEBI:17245	carbon monoxide	carbon monoxide	OK_LABEL	1.00	| carbon monoxide | `CHEBI:17245` | Syngas energy/electron substrate; not the defining organic biosynthetic carbon source. |
research/traits/physiology/photoheterotrophic-deep-research-falcon.md	266	CHEBI:16526	carbon dioxide	carbon dioxide	OK_LABEL	1.00	| carbon dioxide | `CHEBI:16526` | Product of CO oxidation or autotrophic carbon source; distinguish from organic-carbon assimilation. |
research/traits/physiology/photoheterotrophic-deep-research-falcon.md	267	CHEBI:18276	hydrogen	dihydrogen	OK_LABEL	1.00	| hydrogen | `CHEBI:18276` | Product/substrate in application branches. |
research/traits/physiology/photoheterotrophic-deep-research-falcon.md	269	CHEBI:16908	nadh/nadph	NADH	OK_LABEL	1.00	| NADH/NADPH | `CHEBI:16908` / `CHEBI:16474` | Reducing equivalents; rhodopsin alone does not directly generate reductant. (oh2024effectoflight pages 13-14, tu2023engineeringartificialphotosynthesis pages 1-2) |
research/traits/physiology/photoheterotrophic-deep-research-falcon.md	269	CHEBI:16474	nadh/nadph	NADPH	OK_LABEL	1.00	| NADH/NADPH | `CHEBI:16908` / `CHEBI:16474` | Reducing equivalents; rhodopsin alone does not directly generate reductant. (oh2024effectoflight pages 13-14, tu2023engineeringartificialphotosynthesis pages 1-2) |
research/traits/physiology/phototrophic-deep-research-falcon.md	188	ENVO:01001023	light (photons/solar radiation)	radiation	OK_LABEL	1.00	| Light (photons/solar radiation) | environmental_factor | ENVO:01001023 | Primary external energy input for phototrophy; absorbed by (bacterio)chlorophylls or rhodopsins to initiate energy transduction (yurkov2025phenomenaldiversityof pages 3-5, peterson2023usinglightfor pages 1-5). |
research/traits/physiology/phototrophic-deep-research-falcon.md	189	CHEBI:15379	oxygen (o2)	dioxygen	OK_LABEL	1.00	| Oxygen (O2) | environmental_factor | CHEBI:15379 | Key boundary condition for aerobic anoxygenic phototrophy; influences redox tuning, pigment synthesis, and photooxidative stress (yurkov2025phenomenaldiversityof pages 12-14, yurkov2025phenomenaldiversityof pages 16-18). |
research/traits/physiology/phototrophic-deep-research-falcon.md	222	GO:0045275	cytochrome bc1 complex	respiratory chain complex III	OK_LABEL	1.00	| Cytochrome bc1 complex | enzyme_complex | EC:7.1.1.8; GO:0045275 | Oxidizes quinol in the Q cycle, transfers electrons to cytochrome c2/c-type donors, and contributes to proton translocation (yurkov2025phenomenaldiversityof pages 3-5, blankenship2021molecularmechanismsof pages 114-117). |
research/traits/physiology/phototrophic-deep-research-falcon.md	223	GO:0045259	f1fo-atp synthase	proton-transporting ATP synthase complex	DRIFT	0.47	| F1Fo-ATP synthase | enzyme_complex | EC:7.1.2.2; GO:0045259 | Uses proton motive force generated by photosynthetic electron transport or rhodopsin-mediated pumping to synthesize ATP (yurkov2025phenomenaldiversityof pages 3-5, peterson2023usinglightfor pages 11-15). |
research/traits/physiology/phototrophic-deep-research-falcon.md	225	CHEBI:27888	bacteriochlorophyll a (bchl a)	chlorophyll b	DRIFT	0.65	| Bacteriochlorophyll a (BChl a) | chemical/metabolite | CHEBI:27888 | Principal photopigment in many anoxygenic phototrophs and AAPs; forms special pairs and antenna pigments (yurkov2025phenomenaldiversityof pages 3-5, yurkov2025phenomenaldiversityof pages 1-3). |
research/traits/physiology/phototrophic-deep-research-falcon.md	227	CHEBI:18230	chlorophyll a	chlorophyll a	OK_LABEL	1.00	| Chlorophyll a | chemical/metabolite | CHEBI:18230 | Canonical pigment of oxygenic phototrophs; also present in some unusual anoxygenic systems such as Chloracidobacterium thermophilum (yurkov2025phenomenaldiversityof pages 21-23). |
research/traits/physiology/phototrophic-deep-research-falcon.md	229	CHEBI:23044	carotenoids	carotenoid	OK_LABEL	1.00	| Carotenoids | chemical/metabolite | CHEBI:23044 | Accessory pigments for light capture and photoprotection; scavenge singlet oxygen and quench harmful excited states (yurkov2025phenomenaldiversityof pages 10-12). |
research/traits/physiology/phototrophic-deep-research-falcon.md	230	CHEBI:16389	ubiquinone (coenzyme q)	ubiquinones	OK_LABEL	1.00	| Ubiquinone (Coenzyme Q) | chemical/metabolite | CHEBI:16389 | Quinone electron carrier in Type II phototrophs/AAPs; reduced at QA/QB and reoxidized by cytochrome bc1 complex (yurkov2025phenomenaldiversityof pages 3-5, blankenship2021molecularmechanismsof pages 114-117). |
research/traits/physiology/phototrophic-deep-research-falcon.md	231	CHEBI:18151	menaquinone	menaquinol	OK_LABEL	1.00	| Menaquinone | chemical/metabolite | CHEBI:18151 | Quinone carrier associated with some anoxygenic phototrophs, including green nonsulfur/heliobacterial systems (blankenship2021molecularmechanismsof pages 145-148, niederman2024whatweare pages 22-23). |
research/traits/physiology/phototrophic-deep-research-falcon.md	232	CHEBI:17898	all-trans-retinal	all-trans-retinal	OK_LABEL	1.00	| all-trans-retinal | chemical/metabolite | CHEBI:17898 | Chromophore covalently bound by microbial rhodopsins; required for light absorption in retinalophototrophy (peterson2023usinglightfor pages 1-5, peterson2023usinglightfor pages 11-15). |
research/traits/physiology/phototrophic-deep-research-falcon.md	233	CHEBI:15430	protoporphyrin ix	protoporphyrin	OK_LABEL	1.00	| Protoporphyrin IX | chemical/metabolite | CHEBI:15430 | Tetrapyrrole precursor for Mg-chelatase in chlorophyll/bacteriochlorophyll biosynthesis (nishihara2024illuminatingthecoevolution pages 9-9). |
research/traits/physiology/phototrophic-deep-research-falcon.md	234	CHEBI:15422	atp	ATP	OK_LABEL	1.00	| ATP | chemical/metabolite | CHEBI:15422 | Energy currency generated by photophosphorylation or rhodopsin-driven proton motive force (yurkov2025phenomenaldiversityof pages 3-5, peterson2023usinglightfor pages 11-15). |
research/traits/physiology/phototrophic-deep-research-falcon.md	236	GO:0010598	cyclic electron transport	NAD(P)H dehydrogenase complex (plastoquinone)	DRIFT	0.20	| Cyclic electron transport | biological_process | GO:0010598 | Light-driven cyclic flow around anoxygenic reaction centers generating electrochemical potential without net oxygen evolution (yurkov2025phenomenaldiversityof pages 1-3, yurkov2025phenomenaldiversityof pages 3-5). |
research/traits/physiology/phototrophic-deep-research-falcon.md	238	GO:0015986	photophosphorylation	proton motive force-driven ATP synthesis	DRIFT	0.37	| Photophosphorylation | biological_process | GO:0015986 | ATP synthesis driven by light-generated proton motive force in phototrophic membranes (yurkov2025phenomenaldiversityof pages 1-3, yurkov2025phenomenaldiversityof pages 3-5). |
research/traits/physiology/phototrophic-deep-research-falcon.md	317	ENVO:01001023	light	radiation	DRIFT	0.29	| Light | ENVO:01001023 |
research/traits/physiology/phototrophic-deep-research-falcon.md	318	CHEBI:15379	oxygen	dioxygen	OK_LABEL	1.00	| Oxygen | CHEBI:15379 |
research/traits/physiology/phototrophic-deep-research-falcon.md	319	CHEBI:27888	bacteriochlorophyll a	chlorophyll b	DRIFT	0.69	| Bacteriochlorophyll a | CHEBI:27888 |
research/traits/physiology/phototrophic-deep-research-falcon.md	320	CHEBI:18230	chlorophyll a	chlorophyll a	OK_LABEL	1.00	| Chlorophyll a | CHEBI:18230 |
research/traits/physiology/phototrophic-deep-research-falcon.md	321	CHEBI:23044	carotenoids	carotenoid	OK_LABEL	1.00	| Carotenoids | CHEBI:23044 |
research/traits/physiology/phototrophic-deep-research-falcon.md	322	CHEBI:16389	ubiquinone	ubiquinones	OK_LABEL	1.00	| Ubiquinone | CHEBI:16389 |
research/traits/physiology/phototrophic-deep-research-falcon.md	323	CHEBI:18151	menaquinone	menaquinol	OK_LABEL	1.00	| Menaquinone | CHEBI:18151 |
research/traits/physiology/phototrophic-deep-research-falcon.md	324	CHEBI:17898	all-trans-retinal	all-trans-retinal	OK_LABEL	1.00	| all-trans-retinal | CHEBI:17898 |
research/traits/physiology/phototrophic-deep-research-falcon.md	325	CHEBI:15430	protoporphyrin ix	protoporphyrin	OK_LABEL	1.00	| Protoporphyrin IX | CHEBI:15430 |
research/traits/physiology/phototrophic-deep-research-falcon.md	326	CHEBI:15422	atp	ATP	OK_LABEL	1.00	| ATP | CHEBI:15422 |
research/traits/physiology/phototrophic-deep-research-falcon.md	330	GO:0045275	cytochrome bc1 complex	respiratory chain complex III	OK_LABEL	1.00	| Cytochrome bc1 complex | EC:7.1.1.8 / GO:0045275 |
research/traits/physiology/phototrophic-deep-research-falcon.md	331	GO:0045259	f1fo-atp synthase	proton-transporting ATP synthase complex	DRIFT	0.47	| F1Fo-ATP synthase | EC:7.1.2.2 / GO:0045259 |
research/traits/physiology/phototrophic-deep-research-falcon.md	332	GO:0010598	cyclic electron transport	NAD(P)H dehydrogenase complex (plastoquinone)	DRIFT	0.20	| Cyclic electron transport | GO:0010598 |
research/traits/physiology/phototrophic-deep-research-falcon.md	333	GO:0015986	photophosphorylation	proton motive force-driven ATP synthesis	DRIFT	0.37	| Photophosphorylation | GO:0015986 |
research/traits/physiology/quorum_sensing-deep-research-falcon.md	227	GO:0009372	quorum sensing	quorum sensing	OK_LABEL	1.00	| quorum sensing | `traitmech:000084`; consider `GO:0009372` for bacterial-type QS process | Retain the supplied TraitMech CURIE verbatim. Verify the current GO label/version during implementation. |
research/traits/physiology/quorum_sensing-deep-research-falcon.md	233	GO:0042710	biofilm formation	biofilm formation	OK_LABEL	1.00	| biofilm formation | `GO:0042710` | Downstream phenotype; never use as an identity relation to QS. |
research/traits/physiology/quorum_sensing-deep-research-falcon.md	234	GO:0008218	bioluminescence	bioluminescence	OK_LABEL	1.00	| bioluminescence | `GO:0008218` | Canonical *Aliivibrio fischeri* output. |
research/traits/physiology/spore_germination-deep-research-falcon.md	222	CHEBI:16449	l-alanine	alanine	OK_LABEL	1.00	| L-alanine | chemical germinant | CHEBI:16449 | Canonical nutrient germinant sensed by GerA-family receptors; potent trigger of Bacillus spore germination; D-alanine is inhibitory to this pathway (koopman2022mechanismsandapplications pages 6-8, gao2023bacterialsporegermination pages 3-4, koopman2022mechanismsandapplications pages 5-6) | Mainly Bacillus spp. |
research/traits/physiology/spore_germination-deep-research-falcon.md	223	CHEBI:27266	l-valine	valine	OK_LABEL	1.00	| L-valine | chemical germinant | CHEBI:27266 | Amino-acid germinant that can trigger GerA-dependent germination and, when not catabolized, can cause premature germination during sporulation (kasu2024catabolismofgerminant pages 1-3, kasu2024catabolismofgerminant pages 11-13) | Bacillus subtilis; likely other Bacillus spp. |
research/traits/physiology/spore_germination-deep-research-falcon.md	224	CHEBI:17196	l-asparagine	L-asparagine	OK_LABEL	1.00	| L-asparagine | chemical germinant | CHEBI:17196 | Part of the classic AGFK nutrient germinant mixture used to trigger receptor-dependent germination (koopman2022mechanismsandapplications pages 6-8) | Bacillus spp. |
research/traits/physiology/spore_germination-deep-research-falcon.md	225	CHEBI:4167	d-glucose	D-glucopyranose	OK_LABEL	1.00	| D-glucose | chemical germinant | CHEBI:4167 | Sugar component of AGFK mixture that supports nutrient-triggered germination through germinant receptor pathways (koopman2022mechanismsandapplications pages 6-8) | Bacillus spp. |
research/traits/physiology/spore_germination-deep-research-falcon.md	226	CHEBI:15824	d-fructose	D-fructose	OK_LABEL	1.00	| D-fructose | chemical germinant | CHEBI:15824 | Sugar component of AGFK mixture; contributes to receptor-dependent nutrient germination (koopman2022mechanismsandapplications pages 6-8) | Bacillus spp. |
research/traits/physiology/spore_germination-deep-research-falcon.md	227	CHEBI:32588	kcl	potassium chloride	OK_LABEL	1.00	| KCl | chemical/environmental germinant component | CHEBI:32588 | Potassium chloride component of AGFK; used as a cogerminant factor in nutrient-triggered assays (koopman2022mechanismsandapplications pages 6-8) | Bacillus spp. |
research/traits/physiology/spore_germination-deep-research-falcon.md	228	CHEBI:17596	inosine	inosine	OK_LABEL	1.00	| inosine | chemical germinant | CHEBI:17596 | Purine nucleoside germinant documented especially in B. cereus; can require accessory ion transport functions such as GerN (koopman2022mechanismsandapplications pages 20-22, gao2023bacterialsporegermination pages 6-8) | Bacillus cereus group |
research/traits/physiology/spore_germination-deep-research-falcon.md	229	CHEBI:16124	taurocholate	alpha-L-fucosyl-(1->2)-beta-D-galactosyl group	DRIFT	0.40	| taurocholate | bile-acid germinant | CHEBI:16124 | Major bile-acid germinant sensed by CspC-family systems in C. difficile; important in host intestinal germination (koopman2022mechanismsandapplications pages 6-8, koopman2022mechanismsandapplications pages 20-22) | Clostridioides difficile and related bile-responsive clostridia |
research/traits/physiology/spore_germination-deep-research-falcon.md	230	CHEBI:3098	cholate	bile acid	OK_IN_ROW	1.00	| cholate | bile-acid germinant | CHEBI:3098 | Bile acid reported as a germinant or germinant-related ligand in C. difficile-type systems (koopman2022mechanismsandapplications pages 6-8) | Clostridioides difficile and related clostridia |
research/traits/physiology/spore_germination-deep-research-falcon.md	231	CHEBI:15428	glycine	glycine	OK_LABEL	1.00	| glycine | cogerminant | CHEBI:15428 | Amino-acid cogerminant required with bile-acid signaling in C. difficile germination models (koopman2022mechanismsandapplications pages 6-8, koopman2022mechanismsandapplications pages 20-22) | Clostridioides difficile |
research/traits/physiology/spore_germination-deep-research-falcon.md	232	CHEBI:29108	calcium	calcium(2+)	OK_LABEL	1.00	| calcium | ion / cogerminant | CHEBI:29108 | Divalent cation acting as cogerminant in some clostridial systems and as the major cation chelated with DPA in spores (koopman2022mechanismsandapplications pages 6-8, m.2023sporulationstructureassembly pages 13-15) | Broad in endospore formers; especially clostridia for cogermination |
research/traits/physiology/spore_germination-deep-research-falcon.md	234	CHEBI:83529	dodecylamine	N,O-didesmethylvenlafaxine	DRIFT	0.50	| dodecylamine | non-nutrient germinant | CHEBI:83529 | Small-molecule non-nutrient germinant thought to act directly on SpoVA-related machinery, bypassing canonical nutrient receptors (koopman2022mechanismsandapplications pages 6-8, m.2023sporulationstructureassembly pages 13-15) | Bacillus spp. |
research/traits/physiology/spore_germination-deep-research-falcon.md	260	CHEBI:17573	dpa / dipicolinic acid	glycyrrhetinate	DRIFT	0.24	| DPA / dipicolinic acid | metabolite | CHEBI:17573 | Pyridine-2,6-dicarboxylic acid; abundant spore-core metabolite released during germination and central to dormancy/resistance physiology (gao2023bacterialsporegermination pages 1-3, m.2023sporulationstructureassembly pages 12-13) | Broad in endospore formers |
research/traits/physiology/spore_germination-deep-research-falcon.md	261	CHEBI:64945	muramic acid-δ-lactam	sn-glycero-3-phosphoserine	DRIFT	0.10	| muramic acid-δ-lactam | cortex chemical determinant | CHEBI:64945 | Cortex-specific peptidoglycan modification recognized by cortex lytic enzymes during germination (koopman2022mechanismsandapplications pages 6-8, m.2023sporulationstructureassembly pages 12-13) | Broad in endospore formers |
research/traits/physiology/spore_germination-deep-research-falcon.md	262	CHEBI:29108	ca2+	calcium(2+)	OK_LABEL	1.00	| Ca2+ | ion | CHEBI:29108 | Major cation chelated with DPA in the spore core; released during germination and important in clostridial cogermination (koopman2022mechanismsandapplications pages 6-8, m.2023sporulationstructureassembly pages 13-15) | Broad |
research/traits/physiology/spore_germination-deep-research-falcon.md	263	CHEBI:29103	k+	potassium(1+)	OK_LABEL	1.00	| K+ | ion | CHEBI:29103 | Monovalent cation released early after germinant receptor activation; part of Stage I ion flux (gao2023bacterialsporegermination pages 4-6, m.2023sporulationstructureassembly pages 12-13) | Broad |
research/traits/physiology/spore_germination-deep-research-falcon.md	264	CHEBI:29101	na+	sodium(1+)	OK_LABEL	1.00	| Na+ | ion | CHEBI:29101 | Monovalent cation released during early germination-associated ion flux (gao2023bacterialsporegermination pages 4-6, m.2023sporulationstructureassembly pages 12-13) | Broad |
research/traits/physiology/spore_germination-deep-research-falcon.md	265	CHEBI:15378	h+	hydron	OK_LABEL	1.00	| H+ | ion | CHEBI:15378 | Proton flux is part of early spore ion release during commitment/Stage I germination (m.2023sporulationstructureassembly pages 12-13) | Broad |
research/traits/physiology/spore_germination-deep-research-falcon.md	268	GO:0009276	spore inner membrane	Gram-negative-bacterium-type cell wall	DRIFT	0.72	| spore inner membrane | cellular structure | GO:0009276 | Low-fluidity membrane housing germinant receptors and transport complexes required for germination signaling (m.2023sporulationstructureassembly pages 12-13, koopman2022mechanismsandapplications pages 6-8) | Broad |
research/traits/physiology/spore_germination-deep-research-falcon.md	269	GO:0031160	spore cortex	spore wall	DRIFT	0.80	| spore cortex | cellular structure | GO:0031160 | Specialized peptidoglycan layer degraded during germination to permit water uptake and core expansion (m.2023sporulationstructureassembly pages 12-13, lawler2022thestudyof pages 54-58) | Broad |
research/traits/physiology/spore_germination-deep-research-falcon.md	275	GO:0009651	core rehydration	response to salt stress	DRIFT	0.33	| core rehydration | biological process | GO:0009651 | Rehydration of the spore core following DPA release and cortex degradation, enabling metabolic restart (gao2023bacterialsporegermination pages 1-3, m.2023sporulationstructureassembly pages 12-13) | Broad |
research/traits/physiology/spore_germination-deep-research-falcon.md	277	GO:0009847	outgrowth	spore germination	DRIFT	0.27	| outgrowth | biological process | GO:0009847 | Post-germination transition from rehydrated spore to vegetative growth; distinct from germination proper (m.2023sporulationstructureassembly pages 13-15, kasu2024catabolismofgerminant pages 7-11) | Broad |
research/traits/physiology/stress_response-deep-research-falcon.md	232	GO:0006950	response to stress	response to stress	OK_LABEL	1.00	| response to stress | biological process | `GO:0006950` | Broad process-level grounding; do not treat as microbe-specific. |
research/traits/physiology/stress_response-deep-research-falcon.md	233	GO:0006355	regulation of transcription, dna-templated	regulation of DNA-templated transcription	OK_LABEL	1.00	| regulation of transcription, DNA-templated | process | `GO:0006355` | Suitable for sigma-factor output edges. |
research/traits/physiology/stress_response-deep-research-falcon.md	234	GO:0006508	protein proteolysis	proteolysis	OK_LABEL	1.00	| protein proteolysis | process | `GO:0006508` | Use only where molecular substrate is specified. |
research/traits/physiology/viable_but_nonculturable_state-deep-research-falcon.md	227	ENVO:01001307	nutrient starvation	partially_surrounded_by	DRIFT	0.31	| Nutrient starvation | ENVO:01001307 | Pazos-Rojas et al. 2023 (pazosrojas2023theviablebut pages 1-2) |
research/traits/physiology/viable_but_nonculturable_state-deep-research-falcon.md	228	ENVO:01000992	cold stress / low temperature	shower fixture	DRIFT	0.49	| Cold stress / low temperature | ENVO:01000992 | Prosdocimi et al. 2023 (prosdocimi2023cellphenotypechanges pages 1-2) |
research/traits/physiology/viable_but_nonculturable_state-deep-research-falcon.md	229	GO:0006979	oxidative stress	response to oxidative stress	OK_LABEL	1.00	| Oxidative stress | GO:0006979 | Zhang et al. 2023 (zhang2023currentperspectiveson pages 4-5) |
research/traits/physiology/viable_but_nonculturable_state-deep-research-falcon.md	230	ENVO:3100031	osmotic stress	depth of water	DRIFT	0.24	| Osmotic stress | ENVO:3100031 | Pazos-Rojas et al. 2023 (pazosrojas2023theviablebut pages 1-2) |
research/traits/physiology/viable_but_nonculturable_state-deep-research-falcon.md	231	ENVO:01001050	desiccation	saline sediment environment	DRIFT	0.39	| Desiccation | ENVO:01001050 | Pazos-Rojas et al. 2023 (pazosrojas2023theviablebut pages 11-13) |
research/traits/physiology/viable_but_nonculturable_state-deep-research-falcon.md	232	ENVO:01001322	thermal stress (heat/cold)	estuarine open water lower water column	DRIFT	0.36	| Thermal stress (heat/cold) | ENVO:01001322 | Zhang et al. 2023 (zhang2023currentperspectiveson pages 4-5) |
research/traits/physiology/viable_but_nonculturable_state-deep-research-falcon.md	233	CHEBI:29311	chlorine disinfection	chlorine(.)	DRIFT	0.63	| Chlorine disinfection | CHEBI:29311 | Zhang et al. 2023 (zhang2023currentperspectiveson pages 10-12) |
research/traits/physiology/viable_but_nonculturable_state-deep-research-falcon.md	234	ENVO:01000796	high-pressure co₂	mass plasma flow	DRIFT	0.21	| High-pressure CO₂ | ENVO:01000796 | Pazos-Rojas et al. 2023 (pazosrojas2023theviablebut pages 21-21) |
research/traits/physiology/viable_but_nonculturable_state-deep-research-falcon.md	235	ENVO:01001854	white light exposure	hydrothermal field	DRIFT	0.23	| White light exposure | ENVO:01001854 | Pazos-Rojas et al. 2023 (pazosrojas2023theviablebut pages 1-2) |
research/traits/physiology/viable_but_nonculturable_state-deep-research-falcon.md	241	CHEBI:26523	reactive oxygen species (ros)	reactive oxygen species	OK_LABEL	1.00	| Reactive oxygen species (ROS) | CHEBI:26523 | Increase upon VBNC entry (zhang2023currentperspectiveson pages 4-5) |
research/traits/physiology/viable_but_nonculturable_state-deep-research-falcon.md	242	CHEBI:16240	hydrogen peroxide	hydrogen peroxide	OK_LABEL	1.00	| Hydrogen peroxide | CHEBI:16240 | Prevents resuscitation at 0.007 mM (prosdocimi2023cellphenotypechanges pages 1-2) |
research/traits/physiology/viable_but_nonculturable_state-deep-research-falcon.md	244	CHEBI:16960	sodium pyruvate	ADP-D-ribose	DRIFT	0.40	| Sodium pyruvate | CHEBI:16960 | Radical scavenger; inhibits VBNC production (zhang2023currentperspectiveson pages 4-5) |
research/traits/physiology/viable_but_nonculturable_state-deep-research-falcon.md	245	CHEBI:15422	atp	ATP	OK_LABEL	1.00	| ATP | CHEBI:15422 | Mediates NAD⁺ synthesis in resuscitation (yang2024resuscitationofviable pages 1-2) |
research/traits/physiology/viable_but_nonculturable_state-deep-research-falcon.md	246	CHEBI:15846	nad⁺	NAD(+)	OK_LABEL	1.00	| NAD⁺ | CHEBI:15846 | Critical for TCA cycle, electron transport, resuscitation (yang2024resuscitationofviable pages 9-10) |
research/traits/physiology/viable_but_nonculturable_state-deep-research-falcon.md	247	CHEBI:71190	(p)ppgpp (alarmone)	4-methoxy-4-oxo-3-phenylbutanoate	DRIFT	0.22	| (p)ppGpp (alarmone) | CHEBI:71190 | Stringent response mediator; accumulates during VBNC entry (zhang2023currentperspectiveson pages 4-5) |
research/traits/physiology/viable_but_nonculturable_state-deep-research-falcon.md	248	CHEBI:67078	autoinducer-2 (ai-2)	Delta(9)-tetrahydrocannabinolic acid	DRIFT	0.26	| Autoinducer-2 (AI-2) | CHEBI:67078 | Quorum-sensing molecule; triggers resuscitation in *Vibrio* (prosdocimi2023cellphenotypechanges pages 1-2) |
research/traits/physiology/viable_but_nonculturable_state-deep-research-falcon.md	249	CHEBI:17489	camp	3',5'-cyclic AMP	OK_LABEL	1.00	| cAMP | CHEBI:17489 | Proposed VBNC inducer (pazosrojas2023theviablebut pages 13-14) |
research/traits/physiology/viable_but_nonculturable_state-deep-research-falcon.md	260	GO:0090501	toxin-antitoxin systems	obsolete RNA phosphodiester bond hydrolysis	OBSOLETE	1.00	| **Toxin-antitoxin systems** | GO:0090501 | Inhibit replication, translation, ATP synthesis; drive dormancy (zhang2023currentperspectiveson pages 4-5) |
research/traits/physiology/viable_but_nonculturable_state-deep-research-falcon.md	267	GO:0009435	nad⁺ biosynthesis	NAD+ biosynthetic process	DRIFT	1.00	| **NAD⁺ biosynthesis** | GO:0009435 | |
research/traits/physiology/viable_but_nonculturable_state-deep-research-falcon.md	284	GO:0042626	abc transporters	ATPase-coupled transmembrane transporter activity	DRIFT	0.50	| ABC transporters | GO:0042626 | Maintain selective permeability in VBNC (pazosrojas2023theviablebut pages 11-13) |
research/traits/physiology/viable_but_nonculturable_state-deep-research-falcon.md	293	GO:0006950	stringent response	response to stress	DRIFT	0.48	| Stringent response | GO:0006950 | (p)ppGpp accumulation triggers VBNC entry (zhang2023currentperspectiveson pages 4-5) |
research/traits/physiology/viable_but_nonculturable_state-deep-research-falcon.md	294	GO:0090501	toxin-antitoxin system	obsolete RNA phosphodiester bond hydrolysis	OBSOLETE	1.00	| Toxin-antitoxin system | GO:0090501 | Inhibits core metabolism to conserve energy (zhang2023currentperspectiveson pages 4-5) |
research/traits/physiology/viable_but_nonculturable_state-deep-research-falcon.md	295	GO:0006979	oxidative stress response	response to oxidative stress	DRIFT	0.62	| Oxidative stress response | GO:0006979 | ROS accumulation promotes VBNC entry (zhang2023currentperspectiveson pages 4-5) |
research/traits/physiology/viable_but_nonculturable_state-deep-research-falcon.md	296	GO:0009435	nad⁺ biosynthesis	NAD+ biosynthetic process	DRIFT	1.00	| NAD⁺ biosynthesis | GO:0009435 | Preiss-Handler, salvage, and de novo pathways restore NAD⁺ in resuscitation (yang2024resuscitationofviable pages 9-10) |
research/traits/physiology/viable_but_nonculturable_state-deep-research-falcon.md	297	GO:0006097	glyoxylate cycle	glyoxylate cycle	OK_LABEL	1.00	| Glyoxylate cycle | GO:0006097 | Activated for stress resistance (pazosrojas2023theviablebut pages 13-14) |
research/traits/physiology/viable_but_nonculturable_state-deep-research-falcon.md	298	GO:0070841	protein aggregation	inclusion body assembly	DRIFT	0.26	| Protein aggregation | GO:0070841 | NadB and NadE aggregate in VBNC; disaggregated by DnaK-ClpB during resuscitation (yang2024resuscitationofviable pages 10-13) |
research/traits/physiology/viable_but_nonculturable_state-deep-research-falcon.md	299	GO:0009372	quorum sensing	quorum sensing	OK_LABEL	1.00	| Quorum sensing | GO:0009372 | AI-2 triggers resuscitation in *Vibrio* spp. (prosdocimi2023cellphenotypechanges pages 1-2) |
research/traits/physiology/viable_but_nonculturable_state-deep-research-falcon.md	310	GO:0006950	stringent response (go:0006950)	response to stress	DRIFT	0.43	"| Stringent response (GO:0006950) | positively_regulates | Viable but nonculturable state (traitmech:000081) | Foodborne pathogens | High | 10.3390/foods12061179 (zhang2023currentperspectiveson pages 4-5) | ""(p)ppGpp alarmone synthesis triggered by environmental stress... enhancing stress resistance during VBNC entry."" | Accumulation of alarmones like (p)ppGpp via relA and spoT drives entry into the state. |"
research/traits/physiology/viable_but_nonculturable_state-deep-research-falcon.md	311	GO:0090501	toxin-antitoxin systems (go:0090501)	obsolete RNA phosphodiester bond hydrolysis	OBSOLETE	1.00	"| Toxin-antitoxin systems (GO:0090501) | positively_regulates | Viable but nonculturable state (traitmech:000081) | Foodborne pathogens | High | 10.3390/foods12061179 (zhang2023currentperspectiveson pages 4-5) | ""TA system inhibits DNA replication, translation... driving entry into dormant VBNC state"" | Downregulates core metabolic processes to conserve energy under stress. |"
research/traits/physiology/viable_but_nonculturable_state-deep-research-falcon.md	312	GO:0006979	oxidative stress (go:0006979) / reactive oxygen species	response to oxidative stress	DRIFT	0.43	"| Oxidative stress (GO:0006979) / Reactive oxygen species | positively_regulates | Viable but nonculturable state (traitmech:000081) | Foodborne pathogens | High | 10.3390/foods12061179 (zhang2023currentperspectiveson pages 4-5) | ""ROS production... increases upon VBNC entry"" | Triggered by environmental stress, leading to morphological changes and dormancy. |"
research/traits/physiology/viable_but_nonculturable_state-deep-research-falcon.md	313	CHEBI:16240	hydrogen peroxide (chebi:16240)	hydrogen peroxide	OK_LABEL	1.00	"| Hydrogen peroxide (CHEBI:16240) | negatively_regulates | Resuscitation from VBNC | *Vibrio* spp. | High | 10.1186/s13213-022-01703-6 (prosdocimi2023cellphenotypechanges pages 1-2) | ""Hydrogen peroxide at 0.007 mM concentration prevented resuscitation"" | Maintains the VBNC state or causes irreversible oxidative damage at low doses. |"
research/traits/physiology/viable_but_nonculturable_state-deep-research-falcon.md	315	CHEBI:67078	autoinducer-2 (chebi:67078)	Delta(9)-tetrahydrocannabinolic acid	DRIFT	0.22	"| Autoinducer-2 (CHEBI:67078) | positively_regulates | Resuscitation from VBNC | *Vibrio* spp. | Medium | 10.1186/s13213-022-01703-6 (prosdocimi2023cellphenotypechanges pages 1-2) | ""Quorum-sensing molecule AI-2 triggers resuscitation."" | QS signaling is sufficient to exit dormancy in specific populations. |"
research/traits/physiology/viable_but_nonculturable_state-deep-research-falcon.md	316	CHEBI:16960	sodium pyruvate (chebi:16960)	ADP-D-ribose	DRIFT	0.32	"| Sodium pyruvate (CHEBI:16960) | negatively_regulates | Viable but nonculturable state (traitmech:000081) | *Salmonella* | Medium | 10.3390/foods12061179 (zhang2023currentperspectiveson pages 4-5) | ""sodium pyruvate radical scavenger pretreatment before thermal sonication inhibited VBNC production."" | Acts as a radical scavenger to prevent oxidative stress-induced entry. |"
research/traits/physiology/viable_but_nonculturable_state-deep-research-falcon.md	320	GO:0009435	nad+ biosynthetic process (go:0009435)	NAD+ biosynthetic process	OK_LABEL	1.00	"| NAD+ biosynthetic process (GO:0009435) | positively_regulates | Resuscitation from VBNC | General | Medium | 10.3390/microorganisms12010039 (pazosrojas2023theviablebut pages 21-21) | ""ATP-mediated NAD+ synthesis promoting resuscitation"" | Energy and redox balance restoration is required for exit. |"
research/traits/upper/biological_process-deep-research-falcon.md	195	GO:0008150	biological process	biological_process	OK_LABEL	1.00	| biological process | `GO:0008150` | Cross-ontology grounding candidate for the GO aspect/class. |
research/traits/upper/biological_process-deep-research-falcon.md	196	GO:0003674	molecular function	molecular_function	OK_LABEL	1.00	| molecular function | `GO:0003674` | Activity performed by a gene product or molecular machine. |
research/traits/upper/biological_process-deep-research-falcon.md	197	GO:0005575	cellular component	cellular_component	OK_LABEL	1.00	| cellular component | `GO:0005575` | Location or material cellular structure in which an activity occurs. |
research/traits/upper/quality-deep-research-falcon.md	222	PATO:0000052	shape	shape	OK_LABEL	1.00	| shape | `PATO:0000052` | Verified example of a specific quality | Example only; do not assert as a METPO child without an explicit mapping |
