file	graph_id	defect	severity	detail
data/traits/ecology/biofilm_formation.yaml	biofilm_eps_matrix_community	INCONSISTENT_NODE_TYPE	WARN	node_id='eps_matrix' type=CHEMICAL here — also CELLULAR_LOCALIZATION×1 elsewhere in the corpus
data/traits/environment/aerobic.yaml	aerobic_trait_mechanism	INCONSISTENT_NODE_TYPE	WARN	node_id='terminal_electron_acceptor' type=MOLECULAR_FUNCTION here — also CHEMICAL×3 elsewhere in the corpus
data/traits/environment/alkalotolerant.yaml	alkalotolerant_alkaline_stress_homeostasis	INCONSISTENT_NODE_TYPE	WARN	node_id='electrogenic_na_h_antiport' type=MOLECULAR_FUNCTION here — also BIOLOGICAL_PROCESS×1 elsewhere in the corpus
data/traits/environment/desiccation_tolerant.yaml	desiccation_anhydrobiosis_repair	INCONSISTENT_NODE_TYPE	WARN	node_id='oxidative_stress' type=BIOLOGICAL_PROCESS here — also ENVIRONMENTAL_FACTOR×1 elsewhere in the corpus
data/traits/environment/euryhaline.yaml	euryhaline_wide_salinity_tolerance	INCONSISTENT_NODE_TYPE	WARN	node_id='compatible_solute_transport' type=MOLECULAR_FUNCTION here — also BIOLOGICAL_PROCESS×1 elsewhere in the corpus
data/traits/environment/facultative_oxygen_preference.yaml	facultative_oxygen_preference_switching	INCONSISTENT_NODE_TYPE	WARN	node_id='anaerobic_metabolism_genes' type=PATHWAY here — also GENE_OR_PROTEIN×1 elsewhere in the corpus
data/traits/environment/facultatively_acidophilic.yaml	facultatively_acidophilic_ph_homeostasis	INCONSISTENT_NODE_TYPE	WARN	node_id='glutamate_decarboxylase_system' type=GENE_OR_PROTEIN here — also PATHWAY×2 elsewhere in the corpus
data/traits/environment/facultatively_acidophilic.yaml	facultatively_acidophilic_ph_homeostasis	INCONSISTENT_NODE_TYPE	WARN	node_id='intracellular_ph' type=QUALITY here — also STATE×1 elsewhere in the corpus
data/traits/environment/facultatively_aerobic.yaml	facultative_aerobe_oxygen_flexible_growth	INCONSISTENT_NODE_TYPE	WARN	node_id='anaerobic_metabolism_genes' type=GENE_OR_PROTEIN here — also PATHWAY×1 elsewhere in the corpus
data/traits/environment/growth_range_phenotype_with_numerical_limits.yaml	growth_range_phenotype_descriptor	INCONSISTENT_NODE_TYPE	WARN	node_id='cytoplasm_acidification' type=STATE here — also BIOLOGICAL_PROCESS×2 elsewhere in the corpus
data/traits/environment/growth_range_phenotype_with_numerical_limits.yaml	growth_range_phenotype_descriptor	INCONSISTENT_NODE_TYPE	WARN	node_id='aa_decarboxylase_antiporter' type=MOLECULAR_FUNCTION here — also PATHWAY×1 elsewhere in the corpus
data/traits/environment/haloalkaliphilic.yaml	haloalkaliphilic_salt_alkaline_adaptation	INCONSISTENT_NODE_TYPE	WARN	node_id='na_h_antiport' type=MOLECULAR_FUNCTION here — also BIOLOGICAL_PROCESS×1 elsewhere in the corpus
data/traits/environment/halophilic.yaml	halophilic_osmoadaptation	INCONSISTENT_NODE_TYPE	WARN	node_id='acidified_proteome' type=STATE here — also QUALITY×1 elsewhere in the corpus
data/traits/environment/halophilic.yaml	halophilic_osmoadaptation	INCONSISTENT_NODE_TYPE	WARN	node_id='oxidative_stress' type=BIOLOGICAL_PROCESS here — also ENVIRONMENTAL_FACTOR×1 elsewhere in the corpus
data/traits/environment/halophily_preference.yaml	halophily_preference_osmoadaptation	INCONSISTENT_NODE_TYPE	WARN	node_id='compatible_solute_transport' type=MOLECULAR_FUNCTION here — also BIOLOGICAL_PROCESS×1 elsewhere in the corpus
data/traits/environment/halophily_preference.yaml	halophily_preference_osmoadaptation	INCONSISTENT_NODE_TYPE	WARN	node_id='acidified_proteome' type=QUALITY here — also STATE×1 elsewhere in the corpus
data/traits/environment/halotolerant.yaml	halotolerant_salt_stress_response	INCONSISTENT_NODE_TYPE	WARN	node_id='compatible_solute_transport' type=MOLECULAR_FUNCTION here — also BIOLOGICAL_PROCESS×1 elsewhere in the corpus
data/traits/environment/hyperthermophilic.yaml	hyperthermophilic_thermostability	INCONSISTENT_NODE_TYPE	WARN	node_id='membrane_lipid_composition' type=CELLULAR_LOCALIZATION here — also BIOLOGICAL_PROCESS×1, QUALITY×1 elsewhere in the corpus
data/traits/environment/nacl_delta_mid2.yaml	nacl_delta_mid2_broad_breadth	INCONSISTENT_NODE_TYPE	WARN	node_id='compatible_solute_transport' type=BIOLOGICAL_PROCESS here — also MOLECULAR_FUNCTION×3 elsewhere in the corpus
data/traits/environment/nacl_delta_mid2.yaml	nacl_delta_mid2_broad_breadth	INCONSISTENT_NODE_TYPE	WARN	node_id='eps_matrix' type=CELLULAR_LOCALIZATION here — also CHEMICAL×1 elsewhere in the corpus
data/traits/environment/nacl_optimum.yaml	nacl_optimum_balanced_osmoadaptation	INCONSISTENT_NODE_TYPE	WARN	node_id='compatible_solute_uptake' type=BIOLOGICAL_PROCESS here — also GENE_OR_PROTEIN×1 elsewhere in the corpus
data/traits/environment/nacl_range_low.yaml	nacl_range_low_non_halophile	INCONSISTENT_NODE_TYPE	WARN	node_id='hyperosmotic_stress' type=BIOLOGICAL_PROCESS here — also ENVIRONMENTAL_FACTOR×1 elsewhere in the corpus
data/traits/environment/neutrophilic.yaml	neutrophilic_neutral_ph_homeostasis	INCONSISTENT_NODE_TYPE	WARN	node_id='intracellular_ph' type=STATE here — also QUALITY×1 elsewhere in the corpus
data/traits/environment/non_halophilic.yaml	non_halophilic_salt_stress_response	INCONSISTENT_NODE_TYPE	WARN	node_id='compatible_solute_uptake' type=GENE_OR_PROTEIN here — also BIOLOGICAL_PROCESS×1 elsewhere in the corpus
data/traits/environment/obligately_anaerobic.yaml	obligate_anaerobe_oxygen_toxicity	INCONSISTENT_NODE_TYPE	WARN	node_id='dna_damage' type=BIOLOGICAL_PROCESS here — also ENVIRONMENTAL_FACTOR×1 elsewhere in the corpus
data/traits/environment/optimum_phenotype_with_numerical_limits.yaml	optimum_phenotype_descriptor	INCONSISTENT_NODE_TYPE	WARN	node_id='hyperosmotic_stress' type=ENVIRONMENTAL_FACTOR here — also BIOLOGICAL_PROCESS×1 elsewhere in the corpus
data/traits/environment/ph_delta_high.yaml	ph_delta_high_euryphilic_breadth	INCONSISTENT_NODE_TYPE	WARN	node_id='near_neutral_cytoplasmic_ph' type=QUALITY here — also STATE×1 elsewhere in the corpus
data/traits/environment/ph_delta_low.yaml	ph_delta_low_limited_breadth	INCONSISTENT_NODE_TYPE	WARN	node_id='electrogenic_na_h_antiport' type=BIOLOGICAL_PROCESS here — also MOLECULAR_FUNCTION×1 elsewhere in the corpus
data/traits/environment/ph_delta_mid2.yaml	ph_delta_mid2_broad_breadth	INCONSISTENT_NODE_TYPE	WARN	node_id='glutamate_decarboxylase_system' type=PATHWAY here — also GENE_OR_PROTEIN×1 elsewhere in the corpus
data/traits/environment/ph_delta_mid3.yaml	ph_delta_mid3_wide_breadth	INCONSISTENT_NODE_TYPE	WARN	node_id='na_h_antiport' type=BIOLOGICAL_PROCESS here — also MOLECULAR_FUNCTION×2 elsewhere in the corpus
data/traits/environment/ph_delta_very_low.yaml	ph_delta_very_low_stenotopic	INCONSISTENT_NODE_TYPE	WARN	node_id='glutamate_decarboxylase_system' type=PATHWAY here — also GENE_OR_PROTEIN×1 elsewhere in the corpus
data/traits/environment/ph_growth_preference.yaml	ph_growth_preference_homeostasis	INCONSISTENT_NODE_TYPE	WARN	node_id='na_h_antiport' type=MOLECULAR_FUNCTION here — also BIOLOGICAL_PROCESS×1 elsewhere in the corpus
data/traits/environment/ph_optimum.yaml	ph_optimum_balanced_homeostasis	INCONSISTENT_NODE_TYPE	WARN	node_id='cytoplasm_acidification' type=BIOLOGICAL_PROCESS here — also STATE×1 elsewhere in the corpus
data/traits/environment/ph_optimum.yaml	ph_optimum_balanced_homeostasis	INCONSISTENT_NODE_TYPE	WARN	node_id='internal_ph' type=STATE here — also QUALITY×1 elsewhere in the corpus
data/traits/environment/ph_optimum_mid2.yaml	ph_optimum_mid2_alkaline_tolerant_setpoint	INCONSISTENT_NODE_TYPE	WARN	node_id='respiratory_proton_pumping' type=PATHWAY here — also GENE_OR_PROTEIN×1 elsewhere in the corpus
data/traits/environment/ph_phenotype_with_numerical_limits.yaml	ph_phenotype_numerical_axis	INCONSISTENT_NODE_TYPE	WARN	node_id='aa_decarboxylase_antiporter' type=PATHWAY here — also MOLECULAR_FUNCTION×1 elsewhere in the corpus
data/traits/environment/ph_phenotype_with_numerical_limits.yaml	ph_phenotype_numerical_axis	INCONSISTENT_NODE_TYPE	WARN	node_id='internal_ph' type=STATE here — also QUALITY×1 elsewhere in the corpus
data/traits/environment/ph_range.yaml	ph_range_bounded_homeostasis	INCONSISTENT_NODE_TYPE	WARN	node_id='membrane_potential' type=CHEMICAL here — also BIOLOGICAL_PROCESS×1, QUALITY×1, STATE×1 elsewhere in the corpus
data/traits/environment/ph_range_high.yaml	ph_range_high_extreme_alkaliphile	INCONSISTENT_NODE_TYPE	WARN	node_id='membrane_potential' type=QUALITY here — also BIOLOGICAL_PROCESS×1, CHEMICAL×1, STATE×1 elsewhere in the corpus
data/traits/environment/ph_range_low.yaml	ph_range_low_acidophile_range	INCONSISTENT_NODE_TYPE	WARN	node_id='internal_ph' type=QUALITY here — also STATE×2 elsewhere in the corpus
data/traits/environment/ph_range_mid1.yaml	ph_range_mid1_neutrophile_range	INCONSISTENT_NODE_TYPE	WARN	node_id='respiratory_proton_pumping' type=GENE_OR_PROTEIN here — also PATHWAY×1 elsewhere in the corpus
data/traits/environment/ph_range_mid2.yaml	ph_range_mid2_mild_alkaline_tolerance	INCONSISTENT_NODE_TYPE	WARN	node_id='membrane_potential' type=BIOLOGICAL_PROCESS here — also CHEMICAL×1, QUALITY×1, STATE×1 elsewhere in the corpus
data/traits/environment/ph_range_mid3.yaml	ph_range_mid3_alkaliphile_range	INCONSISTENT_NODE_TYPE	WARN	node_id='cytoplasm_acidification' type=BIOLOGICAL_PROCESS here — also STATE×1 elsewhere in the corpus
data/traits/environment/ph_range_very_low.yaml	ph_range_very_low_extreme_acidophile	INCONSISTENT_NODE_TYPE	WARN	node_id='near_neutral_cytoplasmic_ph' type=STATE here — also QUALITY×1 elsewhere in the corpus
data/traits/environment/temperature_optimum_high.yaml	temperature_optimum_high_thermophile_setpoint	INCONSISTENT_NODE_TYPE	WARN	node_id='membrane_lipid_composition' type=BIOLOGICAL_PROCESS here — also CELLULAR_LOCALIZATION×2, QUALITY×1 elsewhere in the corpus
data/traits/environment/temperature_optimum_low.yaml	temperature_optimum_low_psychrotolerant_setpoint	INCONSISTENT_NODE_TYPE	WARN	node_id='oxidative_stress' type=BIOLOGICAL_PROCESS here — also ENVIRONMENTAL_FACTOR×1 elsewhere in the corpus
data/traits/environment/temperature_optimum_mid4.yaml	temperature_optimum_mid4_warm_mesophile	INCONSISTENT_NODE_TYPE	WARN	node_id='unsaturated_fatty_acid_proportion' type=CHEMICAL here — also QUALITY×1 elsewhere in the corpus
data/traits/environment/temperature_range.yaml	temperature_range_bounded_adaptation	INCONSISTENT_NODE_TYPE	WARN	node_id='chaperone_systems' type=BIOLOGICAL_PROCESS here — also GENE_OR_PROTEIN×1 elsewhere in the corpus
data/traits/environment/temperature_range_low.yaml	temperature_range_low_psychrotolerant	INCONSISTENT_NODE_TYPE	WARN	node_id='unsaturated_fatty_acid_proportion' type=QUALITY here — also CHEMICAL×1 elsewhere in the corpus
data/traits/environment/temperature_range_mid4.yaml	temperature_range_mid4_warm_mesophile	INCONSISTENT_NODE_TYPE	WARN	node_id='membrane_lipid_composition' type=QUALITY here — also BIOLOGICAL_PROCESS×1, CELLULAR_LOCALIZATION×2 elsewhere in the corpus
data/traits/environment/temperature_range_mid4.yaml	temperature_range_mid4_warm_mesophile	INCONSISTENT_NODE_TYPE	WARN	node_id='chaperone_systems' type=GENE_OR_PROTEIN here — also BIOLOGICAL_PROCESS×1 elsewhere in the corpus
data/traits/environment/thermophilic.yaml	thermophilic_heat_adaptation	INCONSISTENT_NODE_TYPE	WARN	node_id='membrane_lipid_composition' type=CELLULAR_LOCALIZATION here — also BIOLOGICAL_PROCESS×1, QUALITY×1 elsewhere in the corpus
data/traits/genomics/prophage.yaml	prophage_lysogeny	INCONSISTENT_NODE_TYPE	WARN	node_id='dna_damage' type=ENVIRONMENTAL_FACTOR here — also BIOLOGICAL_PROCESS×1 elsewhere in the corpus
data/traits/metabolism/anaerobic_respiration.yaml	anaerobic_respiration_denitrification	UNREACHABLE_FROM_TRAIT	WARN	node_id='oxygen_limitation' label='oxygen limitation / anoxic transition' type=ENVIRONMENTAL_FACTOR — in an island with no path to anaerobic_respiration_trait
data/traits/metabolism/anaerobic_respiration.yaml	anaerobic_respiration_denitrification	UNREACHABLE_FROM_TRAIT	WARN	node_id='denitrification_reductases' label='denitrification reductases' type=GENE_OR_PROTEIN — in an island with no path to anaerobic_respiration_trait
data/traits/metabolism/anaerobic_respiration.yaml	anaerobic_respiration_denitrification	UNREACHABLE_FROM_TRAIT	WARN	node_id='nitrate_reductase' label='respiratory nitrate reductase (NarGHI)' type=GENE_OR_PROTEIN — in an island with no path to anaerobic_respiration_trait
data/traits/metabolism/anaerobic_respiration.yaml	anaerobic_respiration_denitrification	UNREACHABLE_FROM_TRAIT	WARN	node_id='nitrate' label='nitrate' type=CHEMICAL — in an island with no path to anaerobic_respiration_trait
data/traits/metabolism/anaerobic_respiration.yaml	anaerobic_respiration_denitrification	UNREACHABLE_FROM_TRAIT	WARN	node_id='nitrite' label='nitrite' type=CHEMICAL — in an island with no path to anaerobic_respiration_trait
data/traits/metabolism/anaerobic_respiration.yaml	anaerobic_respiration_denitrification	UNREACHABLE_FROM_TRAIT	WARN	node_id='nitrous_oxide_reductase' label='nitrous oxide reductase (NosZ)' type=GENE_OR_PROTEIN — in an island with no path to anaerobic_respiration_trait
data/traits/metabolism/anaerobic_respiration.yaml	anaerobic_respiration_denitrification	UNREACHABLE_FROM_TRAIT	WARN	node_id='nitrous_oxide' label='nitrous oxide' type=CHEMICAL — in an island with no path to anaerobic_respiration_trait
data/traits/metabolism/anaerobic_respiration.yaml	anaerobic_respiration_denitrification	UNREACHABLE_FROM_TRAIT	WARN	node_id='dinitrogen' label='dinitrogen' type=CHEMICAL — in an island with no path to anaerobic_respiration_trait
data/traits/metabolism/anaerobic_respiration.yaml	anaerobic_respiration_denitrification	INCONSISTENT_NODE_TYPE	WARN	node_id='terminal_electron_acceptor' type=MOLECULAR_FUNCTION here — also CHEMICAL×3 elsewhere in the corpus
data/traits/metabolism/anaerobic_respiration.yaml	anaerobic_respiration_denitrification	FRAGMENTED_GRAPH	WARN	components=4 of 14 node(s) (sizes: 6, 3, 3, 2) — one record, several unrelated mechanisms
data/traits/metabolism/calvin_benson_bassham_cycle.yaml	cbb_rubisco_co2_fixation	UNREACHABLE_FROM_TRAIT	WARN	node_id='cbbr' label='CbbR transcriptional regulator' type=GENE_OR_PROTEIN — in an island with no path to cbb_trait
data/traits/metabolism/calvin_benson_bassham_cycle.yaml	cbb_rubisco_co2_fixation	UNREACHABLE_FROM_TRAIT	WARN	node_id='cbb_operon' label='cbb operon transcription' type=BIOLOGICAL_PROCESS — in an island with no path to cbb_trait
data/traits/metabolism/calvin_benson_bassham_cycle.yaml	cbb_rubisco_co2_fixation	UNREACHABLE_FROM_TRAIT	WARN	node_id='cytoplasmic_ca' label='cytoplasmic carbonic anhydrase' type=GENE_OR_PROTEIN — in an island with no path to cbb_trait
data/traits/metabolism/calvin_benson_bassham_cycle.yaml	cbb_rubisco_co2_fixation	UNREACHABLE_FROM_TRAIT	WARN	node_id='co2_leakage' label='CO2 leakage' type=BIOLOGICAL_PROCESS — in an island with no path to cbb_trait
data/traits/metabolism/calvin_benson_bassham_cycle.yaml	cbb_rubisco_co2_fixation	DUPLICATE_GROUNDING	WARN	nodes=2;grounding=GO:0004089 (carboxysomal_ca, cytoplasmic_ca)
data/traits/metabolism/calvin_benson_bassham_cycle.yaml	cbb_rubisco_co2_fixation	FRAGMENTED_GRAPH	WARN	components=3 of 13 node(s) (sizes: 9, 2, 2) — one record, several unrelated mechanisms
data/traits/metabolism/carbon_fixation.yaml	carbon_fixation_co2_assimilation	UNREACHABLE_FROM_TRAIT	WARN	node_id='cbb_cycle' label='Calvin-Benson-Bassham cycle' type=PATHWAY — in an island with no path to carbon_fixation_trait
data/traits/metabolism/carbon_fixation.yaml	carbon_fixation_co2_assimilation	UNREACHABLE_FROM_TRAIT	WARN	node_id='rtca_cycle' label='reverse (reductive) tricarboxylic acid cycle' type=PATHWAY — in an island with no path to carbon_fixation_trait
data/traits/metabolism/carbon_fixation.yaml	carbon_fixation_co2_assimilation	UNREACHABLE_FROM_TRAIT	WARN	node_id='hp_hb_cycle' label='3-hydroxypropionate/4-hydroxybutyrate cycle' type=PATHWAY — in an island with no path to carbon_fixation_trait
data/traits/metabolism/carbon_fixation.yaml	carbon_fixation_co2_assimilation	UNREACHABLE_FROM_TRAIT	WARN	node_id='wood_ljungdahl_pathway' label='Wood-Ljungdahl pathway' type=PATHWAY — in an island with no path to carbon_fixation_trait
data/traits/metabolism/carbon_fixation.yaml	carbon_fixation_co2_assimilation	UNREACHABLE_FROM_TRAIT	WARN	node_id='acetyl_coa' label='acetyl-CoA' type=CHEMICAL — in an island with no path to carbon_fixation_trait
data/traits/metabolism/carbon_fixation.yaml	carbon_fixation_co2_assimilation	UNREACHABLE_FROM_TRAIT	WARN	node_id='atp' label='ATP' type=CHEMICAL — in an island with no path to carbon_fixation_trait
data/traits/metabolism/carbon_fixation.yaml	carbon_fixation_co2_assimilation	UNREACHABLE_FROM_TRAIT	WARN	node_id='nadph' label='NADPH' type=CHEMICAL — in an island with no path to carbon_fixation_trait
data/traits/metabolism/carbon_fixation.yaml	carbon_fixation_co2_assimilation	UNREACHABLE_FROM_TRAIT	WARN	node_id='reduced_ferredoxin' label='reduced ferredoxin' type=CHEMICAL — in an island with no path to carbon_fixation_trait
data/traits/metabolism/carbon_fixation.yaml	carbon_fixation_co2_assimilation	UNREACHABLE_FROM_TRAIT	WARN	node_id='atp_citrate_lyase' label='ATP citrate lyase (aclAB)' type=GENE_OR_PROTEIN — in an island with no path to carbon_fixation_trait
data/traits/metabolism/carbon_fixation.yaml	carbon_fixation_co2_assimilation	FRAGMENTED_GRAPH	WARN	components=4 of 15 node(s) (sizes: 6, 4, 3, 2) — one record, several unrelated mechanisms
data/traits/metabolism/dicarboxylate_four_hydroxybutyrate_cycle.yaml	dc_four_hb_anaerobic_archaeal_co2_fixation	UNREACHABLE_FROM_TRAIT	WARN	node_id='bicarbonate' label='bicarbonate' type=CHEMICAL — in an island with no path to dc_four_hb_trait
data/traits/metabolism/dicarboxylate_four_hydroxybutyrate_cycle.yaml	dc_four_hb_anaerobic_archaeal_co2_fixation	UNREACHABLE_FROM_TRAIT	WARN	node_id='pep_carboxylase' label='phosphoenolpyruvate carboxylase' type=GENE_OR_PROTEIN — in an island with no path to dc_four_hb_trait
data/traits/metabolism/dicarboxylate_four_hydroxybutyrate_cycle.yaml	dc_four_hb_anaerobic_archaeal_co2_fixation	UNREACHABLE_FROM_TRAIT	WARN	node_id='phosphoenolpyruvate' label='phosphoenolpyruvate' type=CHEMICAL — in an island with no path to dc_four_hb_trait
data/traits/metabolism/dicarboxylate_four_hydroxybutyrate_cycle.yaml	dc_four_hb_anaerobic_archaeal_co2_fixation	UNREACHABLE_FROM_TRAIT	WARN	node_id='oxaloacetate' label='oxaloacetate' type=CHEMICAL — in an island with no path to dc_four_hb_trait
data/traits/metabolism/dicarboxylate_four_hydroxybutyrate_cycle.yaml	dc_four_hb_anaerobic_archaeal_co2_fixation	FRAGMENTED_GRAPH	WARN	components=2 of 14 node(s) (sizes: 10, 4) — one record, several unrelated mechanisms
data/traits/metabolism/dissimilatory_metal_reduction.yaml	metal_reduction_anaerobic_respiration	UNREACHABLE_FROM_TRAIT	WARN	node_id='organic_matter_oxidation' label='organic compound oxidation' type=BIOLOGICAL_PROCESS — in an island with no path to metal_reduction_trait
data/traits/metabolism/dissimilatory_metal_reduction.yaml	metal_reduction_anaerobic_respiration	UNREACHABLE_FROM_TRAIT	WARN	node_id='fe3_reduction' label='Fe(III) reduction' type=BIOLOGICAL_PROCESS — in an island with no path to metal_reduction_trait
data/traits/metabolism/dissimilatory_metal_reduction.yaml	metal_reduction_anaerobic_respiration	UNREACHABLE_FROM_TRAIT	WARN	node_id='mtrcab_complex' label='MtrCAB outer-membrane complex' type=GENE_OR_PROTEIN — in an island with no path to metal_reduction_trait
data/traits/metabolism/dissimilatory_metal_reduction.yaml	metal_reduction_anaerobic_respiration	UNREACHABLE_FROM_TRAIT	WARN	node_id='extracellular_acceptor' label='extracellular electron acceptor' type=CHEMICAL — in an island with no path to metal_reduction_trait
data/traits/metabolism/dissimilatory_metal_reduction.yaml	metal_reduction_anaerobic_respiration	UNREACHABLE_FROM_TRAIT	WARN	node_id='flavin_shuttle' label='flavin electron shuttle' type=CHEMICAL — in an island with no path to metal_reduction_trait
data/traits/metabolism/dissimilatory_metal_reduction.yaml	metal_reduction_anaerobic_respiration	UNREACHABLE_FROM_TRAIT	WARN	node_id='anaerobic_subsurface_env' label='anaerobic subsurface environment' type=ENVIRONMENTAL_FACTOR — in an island with no path to metal_reduction_trait
data/traits/metabolism/dissimilatory_metal_reduction.yaml	metal_reduction_anaerobic_respiration	FRAGMENTED_GRAPH	WARN	components=3 of 10 node(s) (sizes: 4, 3, 3) — one record, several unrelated mechanisms
data/traits/metabolism/dissimilatory_nitrate_reduction_to_ammonium.yaml	dnra_nitrate_to_ammonium	UNREACHABLE_FROM_TRAIT	WARN	node_id='nitrate' label='nitrate' type=CHEMICAL — in an island with no path to dnra_trait
data/traits/metabolism/dissimilatory_nitrate_reduction_to_ammonium.yaml	dnra_nitrate_to_ammonium	UNREACHABLE_FROM_TRAIT	WARN	node_id='ammonium' label='ammonium' type=CHEMICAL — in an island with no path to dnra_trait
data/traits/metabolism/dissimilatory_nitrate_reduction_to_ammonium.yaml	dnra_nitrate_to_ammonium	UNREACHABLE_FROM_TRAIT	WARN	node_id='nitrite' label='nitrite' type=CHEMICAL — in an island with no path to dnra_trait
data/traits/metabolism/dissimilatory_nitrate_reduction_to_ammonium.yaml	dnra_nitrate_to_ammonium	UNREACHABLE_FROM_TRAIT	WARN	node_id='narghi' label='NarGHI nitrate reductase' type=GENE_OR_PROTEIN — in an island with no path to dnra_trait
data/traits/metabolism/dissimilatory_nitrate_reduction_to_ammonium.yaml	dnra_nitrate_to_ammonium	UNREACHABLE_FROM_TRAIT	WARN	node_id='nrfa' label='NrfA cytochrome c nitrite reductase' type=GENE_OR_PROTEIN — in an island with no path to dnra_trait
data/traits/metabolism/dissimilatory_nitrate_reduction_to_ammonium.yaml	dnra_nitrate_to_ammonium	UNREACHABLE_FROM_TRAIT	WARN	node_id='narx_narl' label='NarX-NarL two-component system' type=GENE_OR_PROTEIN — in an island with no path to dnra_trait
data/traits/metabolism/dissimilatory_nitrate_reduction_to_ammonium.yaml	dnra_nitrate_to_ammonium	UNREACHABLE_FROM_TRAIT	WARN	node_id='fnr' label='FNR regulator' type=GENE_OR_PROTEIN — in an island with no path to dnra_trait
data/traits/metabolism/dissimilatory_nitrate_reduction_to_ammonium.yaml	dnra_nitrate_to_ammonium	UNREACHABLE_FROM_TRAIT	WARN	node_id='nrf_operon' label='nrf operon transcription' type=BIOLOGICAL_PROCESS — in an island with no path to dnra_trait
data/traits/metabolism/dissimilatory_nitrate_reduction_to_ammonium.yaml	dnra_nitrate_to_ammonium	FRAGMENTED_GRAPH	WARN	components=3 of 11 node(s) (sizes: 5, 3, 3) — one record, several unrelated mechanisms
data/traits/metabolism/dissimilatory_sulfate_reduction.yaml	sulfate_reduction_to_sulfide	UNREACHABLE_FROM_TRAIT	WARN	node_id='sulfate' label='sulfate' type=CHEMICAL — in an island with no path to sulfate_reduction_trait
data/traits/metabolism/dissimilatory_sulfate_reduction.yaml	sulfate_reduction_to_sulfide	UNREACHABLE_FROM_TRAIT	WARN	node_id='sulfide' label='sulfide' type=CHEMICAL — in an island with no path to sulfate_reduction_trait
data/traits/metabolism/dissimilatory_sulfate_reduction.yaml	sulfate_reduction_to_sulfide	UNREACHABLE_FROM_TRAIT	WARN	node_id='sat_enzyme' label='ATP sulfurylase (Sat)' type=GENE_OR_PROTEIN — in an island with no path to sulfate_reduction_trait
data/traits/metabolism/dissimilatory_sulfate_reduction.yaml	sulfate_reduction_to_sulfide	UNREACHABLE_FROM_TRAIT	WARN	node_id='aps' label='adenosine-5′-phosphosulfate (APS)' type=CHEMICAL — in an island with no path to sulfate_reduction_trait
data/traits/metabolism/dissimilatory_sulfate_reduction.yaml	sulfate_reduction_to_sulfide	UNREACHABLE_FROM_TRAIT	WARN	node_id='sulfite' label='sulfite' type=CHEMICAL — in an island with no path to sulfate_reduction_trait
data/traits/metabolism/dissimilatory_sulfate_reduction.yaml	sulfate_reduction_to_sulfide	UNREACHABLE_FROM_TRAIT	WARN	node_id='aprab_complex' label='APS reductase AprAB' type=GENE_OR_PROTEIN — in an island with no path to sulfate_reduction_trait
data/traits/metabolism/dissimilatory_sulfate_reduction.yaml	sulfate_reduction_to_sulfide	UNREACHABLE_FROM_TRAIT	WARN	node_id='dsrab_dsrc' label='DsrAB with DsrC' type=GENE_OR_PROTEIN — in an island with no path to sulfate_reduction_trait
data/traits/metabolism/dissimilatory_sulfate_reduction.yaml	sulfate_reduction_to_sulfide	UNREACHABLE_FROM_TRAIT	WARN	node_id='dsrc_trisulfide' label='DsrC-trisulfide' type=CHEMICAL — in an island with no path to sulfate_reduction_trait
data/traits/metabolism/dissimilatory_sulfate_reduction.yaml	sulfate_reduction_to_sulfide	UNREACHABLE_FROM_TRAIT	WARN	node_id='dsrmkjop_complex' label='DsrMK(JOP) membrane complex' type=GENE_OR_PROTEIN — in an island with no path to sulfate_reduction_trait
data/traits/metabolism/dissimilatory_sulfate_reduction.yaml	sulfate_reduction_to_sulfide	UNREACHABLE_FROM_TRAIT	WARN	node_id='srm' label='sulfate/sulfite-reducing microorganisms' type=STATE — in an island with no path to sulfate_reduction_trait
data/traits/metabolism/dissimilatory_sulfate_reduction.yaml	sulfate_reduction_to_sulfide	FRAGMENTED_GRAPH	WARN	components=2 of 12 node(s) (sizes: 10, 2) — one record, several unrelated mechanisms
data/traits/metabolism/electron_transfer.yaml	electron_transfer_redox_carriers	UNREACHABLE_FROM_TRAIT	WARN	node_id='membrane_electron_transport_chain' label='membrane electron transport chain' type=PATHWAY — in an island with no path to electron_transfer_trait
data/traits/metabolism/electron_transfer.yaml	electron_transfer_redox_carriers	UNREACHABLE_FROM_TRAIT	WARN	node_id='terminal_acceptor_reduction' label='terminal acceptor reduction' type=MOLECULAR_FUNCTION — in an island with no path to electron_transfer_trait
data/traits/metabolism/electron_transfer.yaml	electron_transfer_redox_carriers	UNREACHABLE_FROM_TRAIT	WARN	node_id='complex_i' label='NADH dehydrogenase (Complex I)' type=GENE_OR_PROTEIN — in an island with no path to electron_transfer_trait
data/traits/metabolism/electron_transfer.yaml	electron_transfer_redox_carriers	UNREACHABLE_FROM_TRAIT	WARN	node_id='ubiquinone' label='ubiquinone' type=CHEMICAL — in an island with no path to electron_transfer_trait
data/traits/metabolism/electron_transfer.yaml	electron_transfer_redox_carriers	UNREACHABLE_FROM_TRAIT	WARN	node_id='ubiquinol' label='ubiquinol' type=CHEMICAL — in an island with no path to electron_transfer_trait
data/traits/metabolism/electron_transfer.yaml	electron_transfer_redox_carriers	UNREACHABLE_FROM_TRAIT	WARN	node_id='cytochrome_bc1' label='cytochrome bc1 complex' type=GENE_OR_PROTEIN — in an island with no path to electron_transfer_trait
data/traits/metabolism/electron_transfer.yaml	electron_transfer_redox_carriers	UNREACHABLE_FROM_TRAIT	WARN	node_id='cytochrome_c' label='cytochrome c' type=GENE_OR_PROTEIN — in an island with no path to electron_transfer_trait
data/traits/metabolism/electron_transfer.yaml	electron_transfer_redox_carriers	UNREACHABLE_FROM_TRAIT	WARN	node_id='terminal_oxidase' label='terminal oxidase' type=GENE_OR_PROTEIN — in an island with no path to electron_transfer_trait
data/traits/metabolism/electron_transfer.yaml	electron_transfer_redox_carriers	UNREACHABLE_FROM_TRAIT	WARN	node_id='molecular_oxygen' label='oxygen' type=CHEMICAL — in an island with no path to electron_transfer_trait
data/traits/metabolism/electron_transfer.yaml	electron_transfer_redox_carriers	UNREACHABLE_FROM_TRAIT	WARN	node_id='proton_motive_force' label='proton motive force' type=STATE — in an island with no path to electron_transfer_trait
data/traits/metabolism/electron_transfer.yaml	electron_transfer_redox_carriers	FRAGMENTED_GRAPH	WARN	components=4 of 17 node(s) (sizes: 7, 5, 3, 2) — one record, several unrelated mechanisms
data/traits/metabolism/fermentation.yaml	fermentation_redox_energy	UNREACHABLE_FROM_TRAIT	WARN	node_id='glycolysis_emp' label='glycolysis (Embden-Meyerhof-Parnas pathway)' type=PATHWAY — in an island with no path to fermentation_trait
data/traits/metabolism/fermentation.yaml	fermentation_redox_energy	UNREACHABLE_FROM_TRAIT	WARN	node_id='pyruvate' label='pyruvate' type=CHEMICAL — in an island with no path to fermentation_trait
data/traits/metabolism/fermentation.yaml	fermentation_redox_energy	UNREACHABLE_FROM_TRAIT	WARN	node_id='pfor' label='pyruvate:ferredoxin oxidoreductase' type=GENE_OR_PROTEIN — in an island with no path to fermentation_trait
data/traits/metabolism/fermentation.yaml	fermentation_redox_energy	UNREACHABLE_FROM_TRAIT	WARN	node_id='reduced_ferredoxin' label='reduced ferredoxin' type=CHEMICAL — in an island with no path to fermentation_trait
data/traits/metabolism/fermentation.yaml	fermentation_redox_energy	UNREACHABLE_FROM_TRAIT	WARN	node_id='fnor' label='ferredoxin:NAD+ oxidoreductase' type=GENE_OR_PROTEIN — in an island with no path to fermentation_trait
data/traits/metabolism/fermentation.yaml	fermentation_redox_energy	UNREACHABLE_FROM_TRAIT	WARN	node_id='nad_plus' label='NAD+' type=CHEMICAL — in an island with no path to fermentation_trait
data/traits/metabolism/fermentation.yaml	fermentation_redox_energy	UNREACHABLE_FROM_TRAIT	WARN	node_id='flavin_based_electron_bifurcation' label='flavin-based electron bifurcation' type=BIOLOGICAL_PROCESS — in an island with no path to fermentation_trait
data/traits/metabolism/fermentation.yaml	fermentation_redox_energy	FRAGMENTED_GRAPH	WARN	components=4 of 16 node(s) (sizes: 9, 3, 2, 2) — one record, several unrelated mechanisms
data/traits/metabolism/homoacetogenesis.yaml	homoacetogenesis_wood_ljungdahl_acetate	UNREACHABLE_FROM_TRAIT	WARN	node_id='methyl_branch' label='methyl branch of WLP' type=PATHWAY — in an island with no path to homoacetogenesis_trait
data/traits/metabolism/homoacetogenesis.yaml	homoacetogenesis_wood_ljungdahl_acetate	UNREACHABLE_FROM_TRAIT	WARN	node_id='carbonyl_branch' label='carbonyl branch of WLP' type=PATHWAY — in an island with no path to homoacetogenesis_trait
data/traits/metabolism/homoacetogenesis.yaml	homoacetogenesis_wood_ljungdahl_acetate	FRAGMENTED_GRAPH	WARN	components=2 of 21 node(s) (sizes: 19, 2) — one record, several unrelated mechanisms
data/traits/metabolism/iron_oxidation.yaml	iron_oxidation_ferrous_to_ferric	UNREACHABLE_FROM_TRAIT	WARN	node_id='cbb3_oxidase' label='cbb3-type terminal oxidase' type=GENE_OR_PROTEIN — in an island with no path to iron_oxidation_trait
data/traits/metabolism/iron_oxidation.yaml	iron_oxidation_ferrous_to_ferric	UNREACHABLE_FROM_TRAIT	WARN	node_id='bd_oxidase' label='cytochrome bd-type terminal oxidase' type=GENE_OR_PROTEIN — in an island with no path to iron_oxidation_trait
data/traits/metabolism/iron_oxidation.yaml	iron_oxidation_ferrous_to_ferric	UNREACHABLE_FROM_TRAIT	WARN	node_id='microaerobic_conditions' label='microaerobic conditions' type=ENVIRONMENTAL_FACTOR — in an island with no path to iron_oxidation_trait
data/traits/metabolism/iron_oxidation.yaml	iron_oxidation_ferrous_to_ferric	UNREACHABLE_FROM_TRAIT	WARN	node_id='low_oxygen_organic_rich' label='low-oxygen organic-rich niche' type=ENVIRONMENTAL_FACTOR — in an island with no path to iron_oxidation_trait
data/traits/metabolism/iron_oxidation.yaml	iron_oxidation_ferrous_to_ferric	UNREACHABLE_FROM_TRAIT	WARN	node_id='nitrite_no' label='nitrite and nitric oxide' type=CHEMICAL — in an island with no path to iron_oxidation_trait
data/traits/metabolism/iron_oxidation.yaml	iron_oxidation_ferrous_to_ferric	UNREACHABLE_FROM_TRAIT	WARN	node_id='enzymatic_iron_oxidation' label='enzymatic iron oxidation' type=BIOLOGICAL_PROCESS — in an island with no path to iron_oxidation_trait
data/traits/metabolism/iron_oxidation.yaml	iron_oxidation_ferrous_to_ferric	UNREACHABLE_FROM_TRAIT	WARN	node_id='multiheme_cytochromes' label='multiheme c-type cytochromes' type=GENE_OR_PROTEIN — in an island with no path to iron_oxidation_trait
data/traits/metabolism/iron_oxidation.yaml	iron_oxidation_ferrous_to_ferric	UNREACHABLE_FROM_TRAIT	WARN	node_id='extracellular_electron_transfer' label='extracellular electron transfer' type=BIOLOGICAL_PROCESS — in an island with no path to iron_oxidation_trait
data/traits/metabolism/iron_oxidation.yaml	iron_oxidation_ferrous_to_ferric	FRAGMENTED_GRAPH	WARN	components=5 of 12 node(s) (sizes: 4, 2, 2, 2, 2) — one record, several unrelated mechanisms
data/traits/metabolism/lignin_degradation.yaml	lignin_degradation_peroxidase_laccase	UNREACHABLE_FROM_TRAIT	WARN	node_id='laccase' label='laccase' type=GENE_OR_PROTEIN — in an island with no path to lignin_degradation_trait
data/traits/metabolism/lignin_degradation.yaml	lignin_degradation_peroxidase_laccase	UNREACHABLE_FROM_TRAIT	WARN	node_id='dyp_peroxidase' label='DyP-type peroxidase' type=GENE_OR_PROTEIN — in an island with no path to lignin_degradation_trait
data/traits/metabolism/lignin_degradation.yaml	lignin_degradation_peroxidase_laccase	UNREACHABLE_FROM_TRAIT	WARN	node_id='manganese_peroxidase' label='manganese peroxidase' type=GENE_OR_PROTEIN — in an island with no path to lignin_degradation_trait
data/traits/metabolism/lignin_degradation.yaml	lignin_degradation_peroxidase_laccase	UNREACHABLE_FROM_TRAIT	WARN	node_id='lignin_peroxidase' label='lignin peroxidase' type=GENE_OR_PROTEIN — in an island with no path to lignin_degradation_trait
data/traits/metabolism/lignin_degradation.yaml	lignin_degradation_peroxidase_laccase	UNREACHABLE_FROM_TRAIT	WARN	node_id='lignin_depolymerization' label='lignin depolymerization' type=BIOLOGICAL_PROCESS — in an island with no path to lignin_degradation_trait
data/traits/metabolism/lignin_degradation.yaml	lignin_degradation_peroxidase_laccase	UNREACHABLE_FROM_TRAIT	WARN	node_id='mn2_ion' label='Mn2+' type=CHEMICAL — in an island with no path to lignin_degradation_trait
data/traits/metabolism/lignin_degradation.yaml	lignin_degradation_peroxidase_laccase	UNREACHABLE_FROM_TRAIT	WARN	node_id='mn3_oxidant' label='Mn3+ diffusible oxidant' type=CHEMICAL — in an island with no path to lignin_degradation_trait
data/traits/metabolism/lignin_degradation.yaml	lignin_degradation_peroxidase_laccase	UNREACHABLE_FROM_TRAIT	WARN	node_id='small_molecule_mediators' label='small-molecule mediators' type=CHEMICAL — in an island with no path to lignin_degradation_trait
data/traits/metabolism/lignin_degradation.yaml	lignin_degradation_peroxidase_laccase	UNREACHABLE_FROM_TRAIT	WARN	node_id='beta_o4_bond' label='beta-O-4 aryl ether bond' type=CHEMICAL — in an island with no path to lignin_degradation_trait
data/traits/metabolism/lignin_degradation.yaml	lignin_degradation_peroxidase_laccase	UNREACHABLE_FROM_TRAIT	WARN	node_id='ca_cb_bond' label='Calpha-Cbeta bond' type=CHEMICAL — in an island with no path to lignin_degradation_trait
data/traits/metabolism/lignin_degradation.yaml	lignin_degradation_peroxidase_laccase	FRAGMENTED_GRAPH	WARN	components=4 of 13 node(s) (sizes: 5, 3, 3, 2) — one record, several unrelated mechanisms
data/traits/metabolism/metabolism.yaml	metabolism_substrate_to_growth	UNREACHABLE_FROM_TRAIT	WARN	node_id='respiratory_electron_transport' label='respiratory electron transport chain' type=BIOLOGICAL_PROCESS — in an island with no path to metabolism_trait
data/traits/metabolism/metabolism.yaml	metabolism_substrate_to_growth	UNREACHABLE_FROM_TRAIT	WARN	node_id='proton_motive_force' label='proton motive force' type=STATE — in an island with no path to metabolism_trait
data/traits/metabolism/metabolism.yaml	metabolism_substrate_to_growth	UNREACHABLE_FROM_TRAIT	WARN	node_id='atp_synthase' label='ATP synthase' type=GENE_OR_PROTEIN — in an island with no path to metabolism_trait
data/traits/metabolism/metabolism.yaml	metabolism_substrate_to_growth	UNREACHABLE_FROM_TRAIT	WARN	node_id='atp_production' label='ATP production' type=BIOLOGICAL_PROCESS — in an island with no path to metabolism_trait
data/traits/metabolism/metabolism.yaml	metabolism_substrate_to_growth	UNREACHABLE_FROM_TRAIT	WARN	node_id='respiration_energy_cost' label='respiration energy demand' type=BIOLOGICAL_PROCESS — in an island with no path to metabolism_trait
data/traits/metabolism/metabolism.yaml	metabolism_substrate_to_growth	UNREACHABLE_FROM_TRAIT	WARN	node_id='carbon_use_efficiency' label='carbon use efficiency' type=QUALITY — in an island with no path to metabolism_trait
data/traits/metabolism/metabolism.yaml	metabolism_substrate_to_growth	UNREACHABLE_FROM_TRAIT	WARN	node_id='substrate_complexity' label='substrate complexity' type=QUALITY — in an island with no path to metabolism_trait
data/traits/metabolism/metabolism.yaml	metabolism_substrate_to_growth	UNREACHABLE_FROM_TRAIT	WARN	node_id='metabolic_energy_cost' label='energetic cost of metabolism' type=QUALITY — in an island with no path to metabolism_trait
data/traits/metabolism/metabolism.yaml	metabolism_substrate_to_growth	FRAGMENTED_GRAPH	WARN	components=4 of 14 node(s) (sizes: 6, 4, 2, 2) — one record, several unrelated mechanisms
data/traits/metabolism/methanogenesis.yaml	methanogenesis_c1_reduction	UNREACHABLE_FROM_TRAIT	WARN	node_id='carbon_dioxide' label='carbon dioxide' type=CHEMICAL — in an island with no path to methanogenesis_trait
data/traits/metabolism/methanogenesis.yaml	methanogenesis_c1_reduction	UNREACHABLE_FROM_TRAIT	WARN	node_id='molecular_hydrogen' label='molecular hydrogen' type=CHEMICAL — in an island with no path to methanogenesis_trait
data/traits/metabolism/methanogenesis.yaml	methanogenesis_c1_reduction	UNREACHABLE_FROM_TRAIT	WARN	node_id='acetoclastic_methanogenesis' label='acetoclastic methanogenesis' type=PATHWAY — in an island with no path to methanogenesis_trait
data/traits/metabolism/methanogenesis.yaml	methanogenesis_c1_reduction	UNREACHABLE_FROM_TRAIT	WARN	node_id='acetate' label='acetate' type=CHEMICAL — in an island with no path to methanogenesis_trait
data/traits/metabolism/methanogenesis.yaml	methanogenesis_c1_reduction	UNREACHABLE_FROM_TRAIT	WARN	node_id='methyl_based_methanogenesis' label='methyl-based methanogenesis' type=PATHWAY — in an island with no path to methanogenesis_trait
data/traits/metabolism/methanogenesis.yaml	methanogenesis_c1_reduction	UNREACHABLE_FROM_TRAIT	WARN	node_id='methylated_compounds' label='methylated compounds' type=CHEMICAL — in an island with no path to methanogenesis_trait
data/traits/metabolism/methanogenesis.yaml	methanogenesis_c1_reduction	UNREACHABLE_FROM_TRAIT	WARN	node_id='coenzyme_f420' label='coenzyme F420 (F420H2)' type=CHEMICAL — in an island with no path to methanogenesis_trait
data/traits/metabolism/methanogenesis.yaml	methanogenesis_c1_reduction	FRAGMENTED_GRAPH	WARN	components=4 of 14 node(s) (sizes: 7, 3, 2, 2) — one record, several unrelated mechanisms
data/traits/metabolism/mixed_acid_fermentation.yaml	mixed_acid_fermentation_enterobacterial	UNREACHABLE_FROM_TRAIT	WARN	node_id='pta_acka' label='phosphotransacetylase / acetate kinase (Pta/AckA)' type=GENE_OR_PROTEIN — in an island with no path to mixed_acid_fermentation_trait
data/traits/metabolism/mixed_acid_fermentation.yaml	mixed_acid_fermentation_enterobacterial	UNREACHABLE_FROM_TRAIT	WARN	node_id='acetate' label='acetate' type=CHEMICAL — in an island with no path to mixed_acid_fermentation_trait
data/traits/metabolism/mixed_acid_fermentation.yaml	mixed_acid_fermentation_enterobacterial	FRAGMENTED_GRAPH	WARN	components=2 of 15 node(s) (sizes: 13, 2) — one record, several unrelated mechanisms
data/traits/metabolism/oxygenic_photosynthesis.yaml	oxygenic_photosynthesis_water_splitting	UNREACHABLE_FROM_TRAIT	WARN	node_id='water' label='water' type=CHEMICAL — in an island with no path to oxygenic_photosynthesis_trait
data/traits/metabolism/oxygenic_photosynthesis.yaml	oxygenic_photosynthesis_water_splitting	UNREACHABLE_FROM_TRAIT	WARN	node_id='molecular_oxygen' label='molecular oxygen' type=CHEMICAL — in an island with no path to oxygenic_photosynthesis_trait
data/traits/metabolism/oxygenic_photosynthesis.yaml	oxygenic_photosynthesis_water_splitting	UNREACHABLE_FROM_TRAIT	WARN	node_id='photosystem_ii' label='photosystem II' type=GENE_OR_PROTEIN — in an island with no path to oxygenic_photosynthesis_trait
data/traits/metabolism/oxygenic_photosynthesis.yaml	oxygenic_photosynthesis_water_splitting	UNREACHABLE_FROM_TRAIT	WARN	node_id='plastoquinone_pool' label='plastoquinone/plastoquinol pool' type=CHEMICAL — in an island with no path to oxygenic_photosynthesis_trait
data/traits/metabolism/oxygenic_photosynthesis.yaml	oxygenic_photosynthesis_water_splitting	UNREACHABLE_FROM_TRAIT	WARN	node_id='cytochrome_b6f' label='cytochrome b6f complex' type=GENE_OR_PROTEIN — in an island with no path to oxygenic_photosynthesis_trait
data/traits/metabolism/oxygenic_photosynthesis.yaml	oxygenic_photosynthesis_water_splitting	UNREACHABLE_FROM_TRAIT	WARN	node_id='photosystem_i' label='photosystem I' type=GENE_OR_PROTEIN — in an island with no path to oxygenic_photosynthesis_trait
data/traits/metabolism/oxygenic_photosynthesis.yaml	oxygenic_photosynthesis_water_splitting	UNREACHABLE_FROM_TRAIT	WARN	node_id='ferredoxin' label='ferredoxin' type=GENE_OR_PROTEIN — in an island with no path to oxygenic_photosynthesis_trait
data/traits/metabolism/oxygenic_photosynthesis.yaml	oxygenic_photosynthesis_water_splitting	UNREACHABLE_FROM_TRAIT	WARN	node_id='fnr' label='ferredoxin-NADP+ reductase' type=GENE_OR_PROTEIN — in an island with no path to oxygenic_photosynthesis_trait
data/traits/metabolism/oxygenic_photosynthesis.yaml	oxygenic_photosynthesis_water_splitting	UNREACHABLE_FROM_TRAIT	WARN	node_id='nadph' label='NADPH' type=CHEMICAL — in an island with no path to oxygenic_photosynthesis_trait
data/traits/metabolism/oxygenic_photosynthesis.yaml	oxygenic_photosynthesis_water_splitting	FRAGMENTED_GRAPH	WARN	components=3 of 13 node(s) (sizes: 7, 4, 2) — one record, several unrelated mechanisms
data/traits/metabolism/photosynthesis.yaml	photosynthesis_chlorophyll_reaction_center	UNREACHABLE_FROM_TRAIT	WARN	node_id='light_energy' label='light energy' type=ENVIRONMENTAL_FACTOR — in an island with no path to photosynthesis_trait
data/traits/metabolism/photosynthesis.yaml	photosynthesis_chlorophyll_reaction_center	UNREACHABLE_FROM_TRAIT	WARN	node_id='light_harvesting' label='light harvesting / excitation transfer' type=BIOLOGICAL_PROCESS — in an island with no path to photosynthesis_trait
data/traits/metabolism/photosynthesis.yaml	photosynthesis_chlorophyll_reaction_center	UNREACHABLE_FROM_TRAIT	WARN	node_id='charge_separation' label='reaction-center charge separation' type=BIOLOGICAL_PROCESS — in an island with no path to photosynthesis_trait
data/traits/metabolism/photosynthesis.yaml	photosynthesis_chlorophyll_reaction_center	UNREACHABLE_FROM_TRAIT	WARN	node_id='electron_transport' label='photosynthetic electron transport' type=BIOLOGICAL_PROCESS — in an island with no path to photosynthesis_trait
data/traits/metabolism/photosynthesis.yaml	photosynthesis_chlorophyll_reaction_center	UNREACHABLE_FROM_TRAIT	WARN	node_id='proton_gradient' label='transmembrane electrochemical proton gradient' type=STATE — in an island with no path to photosynthesis_trait
data/traits/metabolism/photosynthesis.yaml	photosynthesis_chlorophyll_reaction_center	UNREACHABLE_FROM_TRAIT	WARN	node_id='atp_synthesis' label='ATP synthesis' type=BIOLOGICAL_PROCESS — in an island with no path to photosynthesis_trait
data/traits/metabolism/photosynthesis.yaml	photosynthesis_chlorophyll_reaction_center	UNREACHABLE_FROM_TRAIT	WARN	node_id='photosystem_ii' label='photosystem II' type=GENE_OR_PROTEIN — in an island with no path to photosynthesis_trait
data/traits/metabolism/photosynthesis.yaml	photosynthesis_chlorophyll_reaction_center	FRAGMENTED_GRAPH	WARN	components=2 of 11 node(s) (sizes: 7, 4) — one record, several unrelated mechanisms
data/traits/metabolism/phototrophy.yaml	phototrophy_light_energy_capture	UNREACHABLE_FROM_TRAIT	WARN	node_id='photosystem_ii' label='photosystem II' type=GENE_OR_PROTEIN — in an island with no path to phototrophy_trait
data/traits/metabolism/phototrophy.yaml	phototrophy_light_energy_capture	UNREACHABLE_FROM_TRAIT	WARN	node_id='photosynthetic_electron_transport' label='photosynthetic electron transport chain' type=PATHWAY — in an island with no path to phototrophy_trait
data/traits/metabolism/phototrophy.yaml	phototrophy_light_energy_capture	UNREACHABLE_FROM_TRAIT	WARN	node_id='nadph' label='NADPH' type=CHEMICAL — in an island with no path to phototrophy_trait
data/traits/metabolism/phototrophy.yaml	phototrophy_light_energy_capture	UNREACHABLE_FROM_TRAIT	WARN	node_id='atp' label='ATP' type=CHEMICAL — in an island with no path to phototrophy_trait
data/traits/metabolism/phototrophy.yaml	phototrophy_light_energy_capture	UNREACHABLE_FROM_TRAIT	WARN	node_id='high_light' label='high light intensity' type=ENVIRONMENTAL_FACTOR — in an island with no path to phototrophy_trait
data/traits/metabolism/phototrophy.yaml	phototrophy_light_energy_capture	FRAGMENTED_GRAPH	WARN	components=2 of 11 node(s) (sizes: 6, 5) — one record, several unrelated mechanisms
data/traits/metabolism/propionic_acid_fermentation.yaml	propionic_acid_fermentation_propionate	UNREACHABLE_FROM_TRAIT	WARN	node_id='pyruvate' label='pyruvate' type=CHEMICAL — in an island with no path to propionic_acid_fermentation_trait
data/traits/metabolism/propionic_acid_fermentation.yaml	propionic_acid_fermentation_propionate	UNREACHABLE_FROM_TRAIT	WARN	node_id='oxaloacetate' label='oxaloacetate' type=CHEMICAL — in an island with no path to propionic_acid_fermentation_trait
data/traits/metabolism/propionic_acid_fermentation.yaml	propionic_acid_fermentation_propionate	UNREACHABLE_FROM_TRAIT	WARN	node_id='malate' label='malate' type=CHEMICAL — in an island with no path to propionic_acid_fermentation_trait
data/traits/metabolism/propionic_acid_fermentation.yaml	propionic_acid_fermentation_propionate	UNREACHABLE_FROM_TRAIT	WARN	node_id='fumarate' label='fumarate' type=CHEMICAL — in an island with no path to propionic_acid_fermentation_trait
data/traits/metabolism/propionic_acid_fermentation.yaml	propionic_acid_fermentation_propionate	UNREACHABLE_FROM_TRAIT	WARN	node_id='succinate' label='succinate' type=CHEMICAL — in an island with no path to propionic_acid_fermentation_trait
data/traits/metabolism/propionic_acid_fermentation.yaml	propionic_acid_fermentation_propionate	UNREACHABLE_FROM_TRAIT	WARN	node_id='succinyl_coa' label='succinyl-CoA' type=CHEMICAL — in an island with no path to propionic_acid_fermentation_trait
data/traits/metabolism/propionic_acid_fermentation.yaml	propionic_acid_fermentation_propionate	UNREACHABLE_FROM_TRAIT	WARN	node_id='methylmalonyl_coa' label='methylmalonyl-CoA' type=CHEMICAL — in an island with no path to propionic_acid_fermentation_trait
data/traits/metabolism/propionic_acid_fermentation.yaml	propionic_acid_fermentation_propionate	UNREACHABLE_FROM_TRAIT	WARN	node_id='mmc_carboxytransferase' label='methylmalonyl-CoA carboxytransferase' type=GENE_OR_PROTEIN — in an island with no path to propionic_acid_fermentation_trait
data/traits/metabolism/propionic_acid_fermentation.yaml	propionic_acid_fermentation_propionate	UNREACHABLE_FROM_TRAIT	WARN	node_id='biotin' label='biotin' type=CHEMICAL — in an island with no path to propionic_acid_fermentation_trait
data/traits/metabolism/propionic_acid_fermentation.yaml	propionic_acid_fermentation_propionate	FRAGMENTED_GRAPH	WARN	components=4 of 15 node(s) (sizes: 6, 5, 2, 2) — one record, several unrelated mechanisms
data/traits/metabolism/respiration.yaml	respiration_electron_acceptor_energy_conservation	UNREACHABLE_FROM_TRAIT	WARN	node_id='membrane_electron_transport_chain' label='membrane electron transport chain' type=PATHWAY — in an island with no path to respiration_trait
data/traits/metabolism/respiration.yaml	respiration_electron_acceptor_energy_conservation	UNREACHABLE_FROM_TRAIT	WARN	node_id='proton_motive_force' label='proton motive force' type=STATE — in an island with no path to respiration_trait
data/traits/metabolism/respiration.yaml	respiration_electron_acceptor_energy_conservation	UNREACHABLE_FROM_TRAIT	WARN	node_id='atp_synthase' label='ATP synthase' type=GENE_OR_PROTEIN — in an island with no path to respiration_trait
data/traits/metabolism/respiration.yaml	respiration_electron_acceptor_energy_conservation	UNREACHABLE_FROM_TRAIT	WARN	node_id='atp' label='ATP' type=CHEMICAL — in an island with no path to respiration_trait
data/traits/metabolism/respiration.yaml	respiration_electron_acceptor_energy_conservation	UNREACHABLE_FROM_TRAIT	WARN	node_id='complex_i' label='respiratory Complex I (NADH:quinone oxidoreductase)' type=GENE_OR_PROTEIN — in an island with no path to respiration_trait
data/traits/metabolism/respiration.yaml	respiration_electron_acceptor_energy_conservation	INCONSISTENT_NODE_TYPE	WARN	node_id='terminal_electron_acceptor' type=CHEMICAL here — also MOLECULAR_FUNCTION×2 elsewhere in the corpus
data/traits/metabolism/respiration.yaml	respiration_electron_acceptor_energy_conservation	FRAGMENTED_GRAPH	WARN	components=2 of 13 node(s) (sizes: 8, 5) — one record, several unrelated mechanisms
data/traits/metabolism/substrate_level_phosphorylation.yaml	substrate_level_phosphorylation_direct_atp	UNREACHABLE_FROM_TRAIT	WARN	node_id='high_energy_phosphorylated_intermediate' label='high-energy phosphorylated intermediate' type=CHEMICAL — in an island with no path to substrate_level_phosphorylation_trait
data/traits/metabolism/substrate_level_phosphorylation.yaml	substrate_level_phosphorylation_direct_atp	UNREACHABLE_FROM_TRAIT	WARN	node_id='adp' label='ADP' type=CHEMICAL — in an island with no path to substrate_level_phosphorylation_trait
data/traits/metabolism/substrate_level_phosphorylation.yaml	substrate_level_phosphorylation_direct_atp	UNREACHABLE_FROM_TRAIT	WARN	node_id='kinase_reaction' label='kinase reaction' type=MOLECULAR_FUNCTION — in an island with no path to substrate_level_phosphorylation_trait
data/traits/metabolism/substrate_level_phosphorylation.yaml	substrate_level_phosphorylation_direct_atp	UNREACHABLE_FROM_TRAIT	WARN	node_id='atp' label='ATP' type=CHEMICAL — in an island with no path to substrate_level_phosphorylation_trait
data/traits/metabolism/substrate_level_phosphorylation.yaml	substrate_level_phosphorylation_direct_atp	UNREACHABLE_FROM_TRAIT	WARN	node_id='acetyl_phosphate' label='acetyl phosphate' type=CHEMICAL — in an island with no path to substrate_level_phosphorylation_trait
data/traits/metabolism/substrate_level_phosphorylation.yaml	substrate_level_phosphorylation_direct_atp	UNREACHABLE_FROM_TRAIT	WARN	node_id='acetate_kinase' label='acetate kinase' type=GENE_OR_PROTEIN — in an island with no path to substrate_level_phosphorylation_trait
data/traits/metabolism/substrate_level_phosphorylation.yaml	substrate_level_phosphorylation_direct_atp	UNREACHABLE_FROM_TRAIT	WARN	node_id='acetate' label='acetate' type=CHEMICAL — in an island with no path to substrate_level_phosphorylation_trait
data/traits/metabolism/substrate_level_phosphorylation.yaml	substrate_level_phosphorylation_direct_atp	FRAGMENTED_GRAPH	WARN	components=3 of 13 node(s) (sizes: 6, 5, 2) — one record, several unrelated mechanisms
data/traits/metabolism/syntrophy.yaml	syntrophy_interspecies_electron_transfer	UNREACHABLE_FROM_TRAIT	WARN	node_id='direct_interspecies_electron_transfer' label='direct interspecies electron transfer' type=BIOLOGICAL_PROCESS — in an island with no path to syntrophy_trait
data/traits/metabolism/syntrophy.yaml	syntrophy_interspecies_electron_transfer	UNREACHABLE_FROM_TRAIT	WARN	node_id='hydrogen_pressure_inhibition' label='hydrogen pressure inhibition' type=STATE — in an island with no path to syntrophy_trait
data/traits/metabolism/syntrophy.yaml	syntrophy_interspecies_electron_transfer	UNREACHABLE_FROM_TRAIT	WARN	node_id='conductive_pili' label='conductive pili (e-pili)' type=CELLULAR_LOCALIZATION — in an island with no path to syntrophy_trait
data/traits/metabolism/syntrophy.yaml	syntrophy_interspecies_electron_transfer	UNREACHABLE_FROM_TRAIT	WARN	node_id='multiheme_cytochromes' label='multiheme c-type cytochromes' type=GENE_OR_PROTEIN — in an island with no path to syntrophy_trait
data/traits/metabolism/syntrophy.yaml	syntrophy_interspecies_electron_transfer	FRAGMENTED_GRAPH	WARN	components=2 of 17 node(s) (sizes: 13, 4) — one record, several unrelated mechanisms
data/traits/metabolism/three_hydroxypropionate_bicycle.yaml	three_hp_bicycle_chloroflexus	UNREACHABLE_FROM_TRAIT	WARN	node_id='acetyl_coa_carboxylase' label='acetyl-CoA carboxylase' type=GENE_OR_PROTEIN — in an island with no path to three_hp_bicycle_trait
data/traits/metabolism/three_hydroxypropionate_bicycle.yaml	three_hp_bicycle_chloroflexus	UNREACHABLE_FROM_TRAIT	WARN	node_id='malonyl_coa' label='malonyl-CoA' type=CHEMICAL — in an island with no path to three_hp_bicycle_trait
data/traits/metabolism/three_hydroxypropionate_bicycle.yaml	three_hp_bicycle_chloroflexus	UNREACHABLE_FROM_TRAIT	WARN	node_id='propionyl_coa_carboxylase' label='propionyl-CoA carboxylase' type=GENE_OR_PROTEIN — in an island with no path to three_hp_bicycle_trait
data/traits/metabolism/three_hydroxypropionate_bicycle.yaml	three_hp_bicycle_chloroflexus	UNREACHABLE_FROM_TRAIT	WARN	node_id='methylmalonyl_coa' label='(2S)-methylmalonyl-CoA' type=CHEMICAL — in an island with no path to three_hp_bicycle_trait
data/traits/metabolism/three_hydroxypropionate_bicycle.yaml	three_hp_bicycle_chloroflexus	UNREACHABLE_FROM_TRAIT	WARN	node_id='malonyl_coa_reductase' label='malonyl-CoA reductase' type=GENE_OR_PROTEIN — in an island with no path to three_hp_bicycle_trait
data/traits/metabolism/three_hydroxypropionate_bicycle.yaml	three_hp_bicycle_chloroflexus	UNREACHABLE_FROM_TRAIT	WARN	node_id='three_hydroxypropionate' label='3-hydroxypropionate' type=CHEMICAL — in an island with no path to three_hp_bicycle_trait
data/traits/metabolism/three_hydroxypropionate_bicycle.yaml	three_hp_bicycle_chloroflexus	UNREACHABLE_FROM_TRAIT	WARN	node_id='propionyl_coa_synthase' label='propionyl-CoA synthase' type=GENE_OR_PROTEIN — in an island with no path to three_hp_bicycle_trait
data/traits/metabolism/three_hydroxypropionate_bicycle.yaml	three_hp_bicycle_chloroflexus	UNREACHABLE_FROM_TRAIT	WARN	node_id='propionyl_coa' label='propionyl-CoA' type=CHEMICAL — in an island with no path to three_hp_bicycle_trait
data/traits/metabolism/three_hydroxypropionate_bicycle.yaml	three_hp_bicycle_chloroflexus	FRAGMENTED_GRAPH	WARN	components=5 of 14 node(s) (sizes: 6, 2, 2, 2, 2) — one record, several unrelated mechanisms
data/traits/metabolism/wood_ljungdahl_pathway.yaml	wood_ljungdahl_reductive_acetyl_coa	UNREACHABLE_FROM_TRAIT	WARN	node_id='formyl_thf_synthetase' label='formyl-THF synthetase (FTS/Fhs)' type=GENE_OR_PROTEIN — in an island with no path to wood_ljungdahl_trait
data/traits/metabolism/wood_ljungdahl_pathway.yaml	wood_ljungdahl_reductive_acetyl_coa	UNREACHABLE_FROM_TRAIT	WARN	node_id='atp' label='ATP' type=CHEMICAL — in an island with no path to wood_ljungdahl_trait
data/traits/metabolism/wood_ljungdahl_pathway.yaml	wood_ljungdahl_reductive_acetyl_coa	UNREACHABLE_FROM_TRAIT	WARN	node_id='methyltransferase' label='methyltransferase' type=GENE_OR_PROTEIN — in an island with no path to wood_ljungdahl_trait
data/traits/metabolism/wood_ljungdahl_pathway.yaml	wood_ljungdahl_reductive_acetyl_coa	UNREACHABLE_FROM_TRAIT	WARN	node_id='cofesp' label='corrinoid iron-sulfur protein (CoFeSP)' type=GENE_OR_PROTEIN — in an island with no path to wood_ljungdahl_trait
data/traits/metabolism/wood_ljungdahl_pathway.yaml	wood_ljungdahl_reductive_acetyl_coa	UNREACHABLE_FROM_TRAIT	WARN	node_id='acetyl_coa_synthase' label='acetyl-CoA synthase (ACS)' type=GENE_OR_PROTEIN — in an island with no path to wood_ljungdahl_trait
data/traits/metabolism/wood_ljungdahl_pathway.yaml	wood_ljungdahl_reductive_acetyl_coa	UNREACHABLE_FROM_TRAIT	WARN	node_id='acetyl_coa' label='acetyl-CoA' type=CHEMICAL — in an island with no path to wood_ljungdahl_trait
data/traits/metabolism/wood_ljungdahl_pathway.yaml	wood_ljungdahl_reductive_acetyl_coa	FRAGMENTED_GRAPH	WARN	components=4 of 15 node(s) (sizes: 9, 2, 2, 2) — one record, several unrelated mechanisms
data/traits/morphology/axially_filamented.yaml	axially_filamented_periplasmic_flagella	INCONSISTENT_NODE_TYPE	WARN	node_id='periplasmic_flagella' type=CELLULAR_LOCALIZATION here — also ORGANELLE×2 elsewhere in the corpus
data/traits/morphology/bacillus_shaped.yaml	bacillus_shaped_rod_elongation	INCONSISTENT_NODE_TYPE	WARN	node_id='rod_complex' type=GENE_OR_PROTEIN here — also PATHWAY×2 elsewhere in the corpus
data/traits/morphology/cell_length.yaml	cell_length_division_growth_control	INCONSISTENT_NODE_TYPE	WARN	node_id='ftsz_ring' type=GENE_OR_PROTEIN here — also CELLULAR_LOCALIZATION×2 elsewhere in the corpus
data/traits/morphology/cell_length.yaml	cell_length_division_growth_control	INCONSISTENT_NODE_TYPE	WARN	node_id='elongasome' type=GENE_OR_PROTEIN here — also CELLULAR_LOCALIZATION×1 elsewhere in the corpus
data/traits/morphology/cell_length_medium.yaml	cell_length_medium_growth_rate	INCONSISTENT_NODE_TYPE	WARN	node_id='rod_complex' type=PATHWAY here — also GENE_OR_PROTEIN×3 elsewhere in the corpus
data/traits/morphology/cell_length_medium.yaml	cell_length_medium_growth_rate	INCONSISTENT_NODE_TYPE	WARN	node_id='rod_shape' type=TRAIT here — also QUALITY×1 elsewhere in the corpus
data/traits/morphology/cell_shape.yaml	cell_shape_peptidoglycan_cytoskeleton	INCONSISTENT_NODE_TYPE	WARN	node_id='rod_complex' type=PATHWAY here — also GENE_OR_PROTEIN×3 elsewhere in the corpus
data/traits/morphology/cell_shape.yaml	cell_shape_peptidoglycan_cytoskeleton	INCONSISTENT_NODE_TYPE	WARN	node_id='rod_shape' type=QUALITY here — also TRAIT×1 elsewhere in the corpus
data/traits/morphology/cell_width_very_small.yaml	cell_width_very_small_streamlining	INCONSISTENT_NODE_TYPE	WARN	node_id='rod_complex' type=GENE_OR_PROTEIN here — also PATHWAY×2 elsewhere in the corpus
data/traits/morphology/ellipsoidal.yaml	ellipsoidal_ovococcal_elongation	INCONSISTENT_NODE_TYPE	WARN	node_id='elongasome' type=GENE_OR_PROTEIN here — also CELLULAR_LOCALIZATION×1 elsewhere in the corpus
data/traits/morphology/flask_shaped.yaml	flask_shaped_asymmetric_polar_growth	INCONSISTENT_NODE_TYPE	WARN	node_id='bactofilin_lmdc_module' type=PATHWAY here — also GENE_OR_PROTEIN×1 elsewhere in the corpus
data/traits/morphology/fusiform_shaped.yaml	fusiform_shaped_tapered_polar_growth	INCONSISTENT_NODE_TYPE	WARN	node_id='elongasome' type=CELLULAR_LOCALIZATION here — also GENE_OR_PROTEIN×2 elsewhere in the corpus
data/traits/morphology/magnetosome.yaml	magnetosome_magnetotaxis	UNREACHABLE_FROM_TRAIT	WARN	node_id='mamb_protein' label='MamB' type=GENE_OR_PROTEIN — in an island with no path to magnetosome_trait
data/traits/morphology/magnetosome.yaml	magnetosome_magnetotaxis	UNREACHABLE_FROM_TRAIT	WARN	node_id='membrane_invagination' label='magnetosome membrane invagination' type=BIOLOGICAL_PROCESS — in an island with no path to magnetosome_trait
data/traits/morphology/magnetosome.yaml	magnetosome_magnetotaxis	UNREACHABLE_FROM_TRAIT	WARN	node_id='low_sulfide_environment' label='oxygen-poor, low-sulfide environment' type=ENVIRONMENTAL_FACTOR — in an island with no path to magnetosome_trait
data/traits/morphology/magnetosome.yaml	magnetosome_magnetotaxis	UNREACHABLE_FROM_TRAIT	WARN	node_id='magnetite_magnetosome' label='magnetite magnetosome' type=CHEMICAL — in an island with no path to magnetosome_trait
data/traits/morphology/magnetosome.yaml	magnetosome_magnetotaxis	UNREACHABLE_FROM_TRAIT	WARN	node_id='sulfide_rich_habitat' label='sulfide-rich habitat' type=ENVIRONMENTAL_FACTOR — in an island with no path to magnetosome_trait
data/traits/morphology/magnetosome.yaml	magnetosome_magnetotaxis	UNREACHABLE_FROM_TRAIT	WARN	node_id='greigite_magnetosome' label='greigite magnetosome' type=CHEMICAL — in an island with no path to magnetosome_trait
data/traits/morphology/magnetosome.yaml	magnetosome_magnetotaxis	FRAGMENTED_GRAPH	WARN	components=4 of 14 node(s) (sizes: 8, 2, 2, 2) — one record, several unrelated mechanisms
data/traits/morphology/motile.yaml	motile_energy_dependent_locomotion	INCONSISTENT_NODE_TYPE	WARN	node_id='type_iv_pilus' type=GENE_OR_PROTEIN here — also CELLULAR_LOCALIZATION×1 elsewhere in the corpus
data/traits/morphology/motile.yaml	motile_energy_dependent_locomotion	INCONSISTENT_NODE_TYPE	WARN	node_id='twitching_motility' type=BIOLOGICAL_PROCESS here — also TRAIT×1 elsewhere in the corpus
data/traits/morphology/motility.yaml	motility_locomotion_machinery	INCONSISTENT_NODE_TYPE	WARN	node_id='type_iv_pilus' type=GENE_OR_PROTEIN here — also CELLULAR_LOCALIZATION×1 elsewhere in the corpus
data/traits/morphology/motility.yaml	motility_locomotion_machinery	INCONSISTENT_NODE_TYPE	WARN	node_id='twitching_motility' type=TRAIT here — also BIOLOGICAL_PROCESS×1 elsewhere in the corpus
data/traits/morphology/orange_pigmented.yaml	orange_pigmented_carotenoid_accumulation	INCONSISTENT_NODE_TYPE	WARN	node_id='oxidative_stress' type=ENVIRONMENTAL_FACTOR here — also BIOLOGICAL_PROCESS×4 elsewhere in the corpus
data/traits/morphology/ovoid_shaped.yaml	ovoid_shaped_midcell_pg_assembly	INCONSISTENT_NODE_TYPE	WARN	node_id='ftsz_ring' type=CELLULAR_LOCALIZATION here — also GENE_OR_PROTEIN×1 elsewhere in the corpus
data/traits/morphology/polyhydroxyalkanoate_granule.yaml	pha_granule_carbon_energy_storage	UNREACHABLE_FROM_TRAIT	WARN	node_id='nutrient_limitation_high_cn' label='nutrient limitation / high C:N ratio' type=ENVIRONMENTAL_FACTOR — in an island with no path to pha_granule_trait
data/traits/morphology/polyhydroxyalkanoate_granule.yaml	pha_granule_carbon_energy_storage	UNREACHABLE_FROM_TRAIT	WARN	node_id='pha_accumulation' label='polyhydroxyalkanoate accumulation' type=BIOLOGICAL_PROCESS — in an island with no path to pha_granule_trait
data/traits/morphology/polyhydroxyalkanoate_granule.yaml	pha_granule_carbon_energy_storage	UNREACHABLE_FROM_TRAIT	WARN	node_id='pha_depolymerase_phaz' label='PHA depolymerase (PhaZ)' type=GENE_OR_PROTEIN — in an island with no path to pha_granule_trait
data/traits/morphology/polyhydroxyalkanoate_granule.yaml	pha_granule_carbon_energy_storage	UNREACHABLE_FROM_TRAIT	WARN	node_id='phb_mobilization' label='PHB mobilization' type=BIOLOGICAL_PROCESS — in an island with no path to pha_granule_trait
data/traits/morphology/polyhydroxyalkanoate_granule.yaml	pha_granule_carbon_energy_storage	UNREACHABLE_FROM_TRAIT	WARN	node_id='carbon_starvation' label='carbon starvation' type=ENVIRONMENTAL_FACTOR — in an island with no path to pha_granule_trait
data/traits/morphology/polyhydroxyalkanoate_granule.yaml	pha_granule_carbon_energy_storage	UNREACHABLE_FROM_TRAIT	WARN	node_id='phb_degradation' label='PHB degradation' type=BIOLOGICAL_PROCESS — in an island with no path to pha_granule_trait
data/traits/morphology/polyhydroxyalkanoate_granule.yaml	pha_granule_carbon_energy_storage	FRAGMENTED_GRAPH	WARN	components=4 of 14 node(s) (sizes: 8, 2, 2, 2) — one record, several unrelated mechanisms
data/traits/morphology/ring_shaped.yaml	ring_shaped_curved_growth_closure	INCONSISTENT_NODE_TYPE	WARN	node_id='bactofilin_lmdc_module' type=GENE_OR_PROTEIN here — also PATHWAY×1 elsewhere in the corpus
data/traits/morphology/rod_shaped.yaml	rod_shaped_mreB_peptidoglycan	INCONSISTENT_NODE_TYPE	WARN	node_id='rod_complex' type=GENE_OR_PROTEIN here — also PATHWAY×2 elsewhere in the corpus
data/traits/morphology/spiral_shaped.yaml	spiral_shaped_curvature_mechanisms	INCONSISTENT_NODE_TYPE	WARN	node_id='periplasmic_flagella' type=ORGANELLE here — also CELLULAR_LOCALIZATION×1 elsewhere in the corpus
data/traits/morphology/spirochete_shaped.yaml	spirochete_shaped_periplasmic_flagella	INCONSISTENT_NODE_TYPE	WARN	node_id='periplasmic_flagella' type=ORGANELLE here — also CELLULAR_LOCALIZATION×1 elsewhere in the corpus
data/traits/morphology/spore_forming.yaml	spore_forming_endospore_assembly	UNREACHABLE_FROM_TRAIT	WARN	node_id='spoIID' label='SpoIID' type=GENE_OR_PROTEIN — in an island with no path to spore_forming_trait
data/traits/morphology/spore_forming.yaml	spore_forming_endospore_assembly	UNREACHABLE_FROM_TRAIT	WARN	node_id='spoIIM' label='SpoIIM' type=GENE_OR_PROTEIN — in an island with no path to spore_forming_trait
data/traits/morphology/spore_forming.yaml	spore_forming_endospore_assembly	UNREACHABLE_FROM_TRAIT	WARN	node_id='spoIIP' label='SpoIIP' type=GENE_OR_PROTEIN — in an island with no path to spore_forming_trait
data/traits/morphology/spore_forming.yaml	spore_forming_endospore_assembly	UNREACHABLE_FROM_TRAIT	WARN	node_id='forespore_engulfment' label='forespore engulfment' type=BIOLOGICAL_PROCESS — in an island with no path to spore_forming_trait
data/traits/morphology/spore_forming.yaml	spore_forming_endospore_assembly	UNREACHABLE_FROM_TRAIT	WARN	node_id='coat_assembly' label='spore coat assembly' type=BIOLOGICAL_PROCESS — in an island with no path to spore_forming_trait
data/traits/morphology/spore_forming.yaml	spore_forming_endospore_assembly	UNREACHABLE_FROM_TRAIT	WARN	node_id='spore_core_dormancy' label='spore core protection and dormancy' type=STATE — in an island with no path to spore_forming_trait
data/traits/morphology/spore_forming.yaml	spore_forming_endospore_assembly	UNREACHABLE_FROM_TRAIT	WARN	node_id='spo0a_phosphorylated' label='phosphorylated Spo0A (Spo0A~P)' type=GENE_OR_PROTEIN — in an island with no path to spore_forming_trait
data/traits/morphology/spore_forming.yaml	spore_forming_endospore_assembly	UNREACHABLE_FROM_TRAIT	WARN	node_id='spo0e_phosphatases' label='Spo0E-family phosphatases' type=GENE_OR_PROTEIN — in an island with no path to spore_forming_trait
data/traits/morphology/spore_forming.yaml	spore_forming_endospore_assembly	FRAGMENTED_GRAPH	WARN	components=4 of 15 node(s) (sizes: 7, 4, 2, 2) — one record, several unrelated mechanisms
data/traits/morphology/spore_shaped.yaml	spore_shaped_endospore_layers	UNREACHABLE_FROM_TRAIT	WARN	node_id='spoiva_protein' label='SpoIVA' type=GENE_OR_PROTEIN — in an island with no path to spore_shaped_trait
data/traits/morphology/spore_shaped.yaml	spore_shaped_endospore_layers	UNREACHABLE_FROM_TRAIT	WARN	node_id='spovm_protein' label='SpoVM' type=GENE_OR_PROTEIN — in an island with no path to spore_shaped_trait
data/traits/morphology/spore_shaped.yaml	spore_shaped_endospore_layers	UNREACHABLE_FROM_TRAIT	WARN	node_id='spovid_protein' label='SpoVID' type=GENE_OR_PROTEIN — in an island with no path to spore_shaped_trait
data/traits/morphology/spore_shaped.yaml	spore_shaped_endospore_layers	UNREACHABLE_FROM_TRAIT	WARN	node_id='spore_encasement' label='spore encasement' type=BIOLOGICAL_PROCESS — in an island with no path to spore_shaped_trait
data/traits/morphology/spore_shaped.yaml	spore_shaped_endospore_layers	UNREACHABLE_FROM_TRAIT	WARN	node_id='cote_protein' label='CotE' type=GENE_OR_PROTEIN — in an island with no path to spore_shaped_trait
data/traits/morphology/spore_shaped.yaml	spore_shaped_endospore_layers	UNREACHABLE_FROM_TRAIT	WARN	node_id='outer_coat' label='outer coat' type=CELLULAR_LOCALIZATION — in an island with no path to spore_shaped_trait
data/traits/morphology/spore_shaped.yaml	spore_shaped_endospore_layers	UNREACHABLE_FROM_TRAIT	WARN	node_id='safa_protein' label='SafA' type=GENE_OR_PROTEIN — in an island with no path to spore_shaped_trait
data/traits/morphology/spore_shaped.yaml	spore_shaped_endospore_layers	UNREACHABLE_FROM_TRAIT	WARN	node_id='inner_coat' label='inner coat' type=CELLULAR_LOCALIZATION — in an island with no path to spore_shaped_trait
data/traits/morphology/spore_shaped.yaml	spore_shaped_endospore_layers	UNREACHABLE_FROM_TRAIT	WARN	node_id='spore_coat_surface' label='spore coat' type=CELLULAR_LOCALIZATION — in an island with no path to spore_shaped_trait
data/traits/morphology/spore_shaped.yaml	spore_shaped_endospore_layers	FRAGMENTED_GRAPH	WARN	components=5 of 18 node(s) (sizes: 9, 3, 2, 2, 2) — one record, several unrelated mechanisms
data/traits/morphology/sporulation.yaml	sporulation_spo0a_sigma_morphogenesis	UNREACHABLE_FROM_TRAIT	WARN	node_id='spoiiie_translocase' label='SpoIIIE' type=GENE_OR_PROTEIN — in an island with no path to sporulation_trait
data/traits/morphology/sporulation.yaml	sporulation_spo0a_sigma_morphogenesis	UNREACHABLE_FROM_TRAIT	WARN	node_id='chromosome_translocation' label='chromosome translocation' type=BIOLOGICAL_PROCESS — in an island with no path to sporulation_trait
data/traits/morphology/sporulation.yaml	sporulation_spo0a_sigma_morphogenesis	UNREACHABLE_FROM_TRAIT	WARN	node_id='forespore_engulfment' label='forespore engulfment' type=BIOLOGICAL_PROCESS — in an island with no path to sporulation_trait
data/traits/morphology/sporulation.yaml	sporulation_spo0a_sigma_morphogenesis	UNREACHABLE_FROM_TRAIT	WARN	node_id='cell_within_cell_state' label='cell-within-a-cell state' type=STATE — in an island with no path to sporulation_trait
data/traits/morphology/sporulation.yaml	sporulation_spo0a_sigma_morphogenesis	UNREACHABLE_FROM_TRAIT	WARN	node_id='sigma_f' label='sigma F' type=GENE_OR_PROTEIN — in an island with no path to sporulation_trait
data/traits/morphology/sporulation.yaml	sporulation_spo0a_sigma_morphogenesis	UNREACHABLE_FROM_TRAIT	WARN	node_id='sigma_e' label='sigma E' type=GENE_OR_PROTEIN — in an island with no path to sporulation_trait
data/traits/morphology/sporulation.yaml	sporulation_spo0a_sigma_morphogenesis	UNREACHABLE_FROM_TRAIT	WARN	node_id='sigma_g' label='sigma G' type=GENE_OR_PROTEIN — in an island with no path to sporulation_trait
data/traits/morphology/sporulation.yaml	sporulation_spo0a_sigma_morphogenesis	UNREACHABLE_FROM_TRAIT	WARN	node_id='sigma_k' label='sigma K' type=GENE_OR_PROTEIN — in an island with no path to sporulation_trait
data/traits/morphology/sporulation.yaml	sporulation_spo0a_sigma_morphogenesis	UNREACHABLE_FROM_TRAIT	WARN	node_id='spore_dna_protection' label='spore DNA protection' type=BIOLOGICAL_PROCESS — in an island with no path to sporulation_trait
data/traits/morphology/sporulation.yaml	sporulation_spo0a_sigma_morphogenesis	UNREACHABLE_FROM_TRAIT	WARN	node_id='spore_coat_cortex' label='spore coat and cortex' type=CELLULAR_LOCALIZATION — in an island with no path to sporulation_trait
data/traits/morphology/sporulation.yaml	sporulation_spo0a_sigma_morphogenesis	UNREACHABLE_FROM_TRAIT	WARN	node_id='stress_resistance' label='heat and chemical resistance' type=QUALITY — in an island with no path to sporulation_trait
data/traits/morphology/sporulation.yaml	sporulation_spo0a_sigma_morphogenesis	FRAGMENTED_GRAPH	WARN	components=6 of 19 node(s) (sizes: 8, 3, 2, 2, 2, 2) — one record, several unrelated mechanisms
data/traits/morphology/staphylococcus_arrangement.yaml	staphylococcus_irregular_division_cluster	INCONSISTENT_NODE_TYPE	WARN	node_id='ftsz_ring' type=CELLULAR_LOCALIZATION here — also GENE_OR_PROTEIN×1 elsewhere in the corpus
data/traits/morphology/twitching_motility.yaml	twitching_type_iv_pilus_retraction	UNREACHABLE_FROM_TRAIT	WARN	node_id='pilb_extension_atpase' label='PilB extension ATPase' type=GENE_OR_PROTEIN — in an island with no path to twitching_trait
data/traits/morphology/twitching_motility.yaml	twitching_type_iv_pilus_retraction	UNREACHABLE_FROM_TRAIT	WARN	node_id='pilus_extension' label='type IV pilus extension' type=BIOLOGICAL_PROCESS — in an island with no path to twitching_trait
data/traits/morphology/twitching_motility.yaml	twitching_type_iv_pilus_retraction	UNREACHABLE_FROM_TRAIT	WARN	node_id='pilq_secretin' label='PilQ secretin' type=GENE_OR_PROTEIN — in an island with no path to twitching_trait
data/traits/morphology/twitching_motility.yaml	twitching_type_iv_pilus_retraction	UNREACHABLE_FROM_TRAIT	WARN	node_id='pilus_filament_surface_exposure' label='type IV pilus surface exposure' type=BIOLOGICAL_PROCESS — in an island with no path to twitching_trait
data/traits/morphology/twitching_motility.yaml	twitching_type_iv_pilus_retraction	UNREACHABLE_FROM_TRAIT	WARN	node_id='pilmnop_alignment_complex' label='PilM/N/O/P alignment complex' type=CELLULAR_LOCALIZATION — in an island with no path to twitching_trait
data/traits/morphology/twitching_motility.yaml	twitching_type_iv_pilus_retraction	UNREACHABLE_FROM_TRAIT	WARN	node_id='t4p_machine' label='type IV pilus machine' type=CELLULAR_LOCALIZATION — in an island with no path to twitching_trait
data/traits/morphology/twitching_motility.yaml	twitching_type_iv_pilus_retraction	INCONSISTENT_NODE_TYPE	WARN	node_id='type_iv_pilus' type=CELLULAR_LOCALIZATION here — also GENE_OR_PROTEIN×2 elsewhere in the corpus
data/traits/morphology/twitching_motility.yaml	twitching_type_iv_pilus_retraction	FRAGMENTED_GRAPH	WARN	components=4 of 11 node(s) (sizes: 5, 2, 2, 2) — one record, several unrelated mechanisms
data/traits/physiology/antibiotic_resistance.yaml	antibiotic_resistance_mechanisms	UNREACHABLE_FROM_TRAIT	WARN	node_id='outer_membrane_porin' label='outer membrane porin' type=GENE_OR_PROTEIN — in an island with no path to antibiotic_resistance_trait
data/traits/physiology/antibiotic_resistance.yaml	antibiotic_resistance_mechanisms	UNREACHABLE_FROM_TRAIT	WARN	node_id='antibiotic_influx' label='antibiotic influx' type=BIOLOGICAL_PROCESS — in an island with no path to antibiotic_resistance_trait
data/traits/physiology/antibiotic_resistance.yaml	antibiotic_resistance_mechanisms	UNREACHABLE_FROM_TRAIT	WARN	node_id='beta_lactamase' label='beta-lactamase' type=GENE_OR_PROTEIN — in an island with no path to antibiotic_resistance_trait
data/traits/physiology/antibiotic_resistance.yaml	antibiotic_resistance_mechanisms	UNREACHABLE_FROM_TRAIT	WARN	node_id='beta_lactam_antibiotic' label='beta-lactam antibiotic' type=CHEMICAL — in an island with no path to antibiotic_resistance_trait
data/traits/physiology/antibiotic_resistance.yaml	antibiotic_resistance_mechanisms	UNREACHABLE_FROM_TRAIT	WARN	node_id='qrdr_mutation' label='QRDR mutation in DNA gyrase/topoisomerase IV' type=GENE_OR_PROTEIN — in an island with no path to antibiotic_resistance_trait
data/traits/physiology/antibiotic_resistance.yaml	antibiotic_resistance_mechanisms	UNREACHABLE_FROM_TRAIT	WARN	node_id='fluoroquinolone' label='fluoroquinolone' type=CHEMICAL — in an island with no path to antibiotic_resistance_trait
data/traits/physiology/antibiotic_resistance.yaml	antibiotic_resistance_mechanisms	UNREACHABLE_FROM_TRAIT	WARN	node_id='rrna_methylation_23s' label='23S rRNA methylation' type=BIOLOGICAL_PROCESS — in an island with no path to antibiotic_resistance_trait
data/traits/physiology/antibiotic_resistance.yaml	antibiotic_resistance_mechanisms	UNREACHABLE_FROM_TRAIT	WARN	node_id='macrolide_antibiotic' label='macrolide antibiotic' type=CHEMICAL — in an island with no path to antibiotic_resistance_trait
data/traits/physiology/antibiotic_resistance.yaml	antibiotic_resistance_mechanisms	FRAGMENTED_GRAPH	WARN	components=5 of 12 node(s) (sizes: 4, 2, 2, 2, 2) — one record, several unrelated mechanisms
data/traits/physiology/autotrophic.yaml	autotrophic_inorganic_carbon_fixation	UNREACHABLE_FROM_TRAIT	WARN	node_id='environmental_ph' label='environmental pH' type=ENVIRONMENTAL_FACTOR — in an island with no path to autotrophic_trait
data/traits/physiology/autotrophic.yaml	autotrophic_inorganic_carbon_fixation	UNREACHABLE_FROM_TRAIT	WARN	node_id='dissolved_inorganic_carbon' label='dissolved inorganic carbon' type=CHEMICAL — in an island with no path to autotrophic_trait
data/traits/physiology/autotrophic.yaml	autotrophic_inorganic_carbon_fixation	FRAGMENTED_GRAPH	WARN	components=2 of 18 node(s) (sizes: 16, 2) — one record, several unrelated mechanisms
data/traits/physiology/carboxydotrophic.yaml	carboxydotrophic_co_oxidation	UNREACHABLE_FROM_TRAIT	WARN	node_id='nife_codh' label='Ni,Fe-carbon monoxide dehydrogenase' type=GENE_OR_PROTEIN — in an island with no path to carboxydotrophic_trait
data/traits/physiology/carboxydotrophic.yaml	carboxydotrophic_co_oxidation	UNREACHABLE_FROM_TRAIT	WARN	node_id='oxygen_sensitivity' label='oxygen sensitivity' type=QUALITY — in an island with no path to carboxydotrophic_trait
data/traits/physiology/carboxydotrophic.yaml	carboxydotrophic_co_oxidation	UNREACHABLE_FROM_TRAIT	WARN	node_id='cooa_regulator' label='CooA' type=GENE_OR_PROTEIN — in an island with no path to carboxydotrophic_trait
data/traits/physiology/carboxydotrophic.yaml	carboxydotrophic_co_oxidation	FRAGMENTED_GRAPH	WARN	components=2 of 16 node(s) (sizes: 13, 3) — one record, several unrelated mechanisms
data/traits/physiology/chemoheterotrophic.yaml	chemoheterotrophic_organic_energy_carbon	UNREACHABLE_FROM_TRAIT	WARN	node_id='mannitol_pts' label='PEP-dependent phosphotransferase system (mannitol PTS)' type=GENE_OR_PROTEIN — in an island with no path to chemoheterotrophic_trait
data/traits/physiology/chemoheterotrophic.yaml	chemoheterotrophic_organic_energy_carbon	UNREACHABLE_FROM_TRAIT	WARN	node_id='mannitol' label='mannitol' type=CHEMICAL — in an island with no path to chemoheterotrophic_trait
data/traits/physiology/chemoheterotrophic.yaml	chemoheterotrophic_organic_energy_carbon	FRAGMENTED_GRAPH	WARN	components=2 of 14 node(s) (sizes: 12, 2) — one record, several unrelated mechanisms
data/traits/physiology/chemolithoheterotrophic.yaml	chemolithoheterotrophic_inorganic_energy_organic_carbon	UNREACHABLE_FROM_TRAIT	WARN	node_id='sox_pathway' label='Sox sulfur-oxidation pathway' type=PATHWAY — in an island with no path to chemolithoheterotrophic_trait
data/traits/physiology/chemolithoheterotrophic.yaml	chemolithoheterotrophic_inorganic_energy_organic_carbon	UNREACHABLE_FROM_TRAIT	WARN	node_id='thiosulfate' label='thiosulfate' type=CHEMICAL — in an island with no path to chemolithoheterotrophic_trait
data/traits/physiology/chemolithoheterotrophic.yaml	chemolithoheterotrophic_inorganic_energy_organic_carbon	UNREACHABLE_FROM_TRAIT	WARN	node_id='sulfate' label='sulfate' type=CHEMICAL — in an island with no path to chemolithoheterotrophic_trait
data/traits/physiology/chemolithoheterotrophic.yaml	chemolithoheterotrophic_inorganic_energy_organic_carbon	UNREACHABLE_FROM_TRAIT	WARN	node_id='branched_thiosulfate_oxidation' label='branched thiosulfate oxidation pathway' type=PATHWAY — in an island with no path to chemolithoheterotrophic_trait
data/traits/physiology/chemolithoheterotrophic.yaml	chemolithoheterotrophic_inorganic_energy_organic_carbon	UNREACHABLE_FROM_TRAIT	WARN	node_id='elemental_sulfur' label='elemental sulfur' type=CHEMICAL — in an island with no path to chemolithoheterotrophic_trait
data/traits/physiology/chemolithoheterotrophic.yaml	chemolithoheterotrophic_inorganic_energy_organic_carbon	FRAGMENTED_GRAPH	WARN	components=3 of 18 node(s) (sizes: 13, 3, 2) — one record, several unrelated mechanisms
data/traits/physiology/chemolithotrophic.yaml	chemolithotrophic_inorganic_oxidation	UNREACHABLE_FROM_TRAIT	WARN	node_id='ammonia' label='ammonia' type=CHEMICAL — in an island with no path to chemolithotrophic_trait
data/traits/physiology/chemolithotrophic.yaml	chemolithotrophic_inorganic_oxidation	UNREACHABLE_FROM_TRAIT	WARN	node_id='ammonia_monooxygenase' label='ammonia monooxygenase' type=GENE_OR_PROTEIN — in an island with no path to chemolithotrophic_trait
data/traits/physiology/chemolithotrophic.yaml	chemolithotrophic_inorganic_oxidation	UNREACHABLE_FROM_TRAIT	WARN	node_id='hydroxylamine' label='hydroxylamine' type=CHEMICAL — in an island with no path to chemolithotrophic_trait
data/traits/physiology/chemolithotrophic.yaml	chemolithotrophic_inorganic_oxidation	UNREACHABLE_FROM_TRAIT	WARN	node_id='nitrite' label='nitrite' type=CHEMICAL — in an island with no path to chemolithotrophic_trait
data/traits/physiology/chemolithotrophic.yaml	chemolithotrophic_inorganic_oxidation	UNREACHABLE_FROM_TRAIT	WARN	node_id='sox_enzyme_system' label='Sox enzyme system' type=GENE_OR_PROTEIN — in an island with no path to chemolithotrophic_trait
data/traits/physiology/chemolithotrophic.yaml	chemolithotrophic_inorganic_oxidation	UNREACHABLE_FROM_TRAIT	WARN	node_id='thiosulfate' label='thiosulfate' type=CHEMICAL — in an island with no path to chemolithotrophic_trait
data/traits/physiology/chemolithotrophic.yaml	chemolithotrophic_inorganic_oxidation	UNREACHABLE_FROM_TRAIT	WARN	node_id='calvin_benson_bassham_cycle' label='Calvin-Benson-Bassham cycle' type=PATHWAY — in an island with no path to chemolithotrophic_trait
data/traits/physiology/chemolithotrophic.yaml	chemolithotrophic_inorganic_oxidation	UNREACHABLE_FROM_TRAIT	WARN	node_id='carbon_dioxide' label='carbon dioxide' type=CHEMICAL — in an island with no path to chemolithotrophic_trait
data/traits/physiology/chemolithotrophic.yaml	chemolithotrophic_inorganic_oxidation	UNREACHABLE_FROM_TRAIT	WARN	node_id='acidification' label='acidification' type=ENVIRONMENTAL_FACTOR — in an island with no path to chemolithotrophic_trait
data/traits/physiology/chemolithotrophic.yaml	chemolithotrophic_inorganic_oxidation	UNREACHABLE_FROM_TRAIT	WARN	node_id='nitrification_rate' label='nitrification rate' type=BIOLOGICAL_PROCESS — in an island with no path to chemolithotrophic_trait
data/traits/physiology/chemolithotrophic.yaml	chemolithotrophic_inorganic_oxidation	UNREACHABLE_FROM_TRAIT	WARN	node_id='nitrous_oxide' label='nitrous oxide' type=CHEMICAL — in an island with no path to chemolithotrophic_trait
data/traits/physiology/chemolithotrophic.yaml	chemolithotrophic_inorganic_oxidation	FRAGMENTED_GRAPH	WARN	components=5 of 15 node(s) (sizes: 4, 4, 3, 2, 2) — one record, several unrelated mechanisms
data/traits/physiology/chemoorganoheterotrophic.yaml	chemoorganoheterotrophic_organic_energy_carbon	UNREACHABLE_FROM_TRAIT	WARN	node_id='extracellular_cazymes' label='extracellular carbohydrate-active enzymes' type=MOLECULAR_FUNCTION — in an island with no path to chemoorganoheterotrophic_trait
data/traits/physiology/chemoorganoheterotrophic.yaml	chemoorganoheterotrophic_organic_energy_carbon	UNREACHABLE_FROM_TRAIT	WARN	node_id='complex_polysaccharides' label='complex polysaccharides' type=CHEMICAL — in an island with no path to chemoorganoheterotrophic_trait
data/traits/physiology/chemoorganoheterotrophic.yaml	chemoorganoheterotrophic_organic_energy_carbon	FRAGMENTED_GRAPH	WARN	components=2 of 14 node(s) (sizes: 12, 2) — one record, several unrelated mechanisms
data/traits/physiology/chemoorganotrophic.yaml	chemoorganotrophic_organic_oxidation_energy	UNREACHABLE_FROM_TRAIT	WARN	node_id='aerobic_respiration' label='aerobic respiration' type=BIOLOGICAL_PROCESS — in an island with no path to chemoorganotrophic_trait
data/traits/physiology/chemoorganotrophic.yaml	chemoorganotrophic_organic_oxidation_energy	UNREACHABLE_FROM_TRAIT	WARN	node_id='anaerobic_respiration' label='anaerobic respiration' type=BIOLOGICAL_PROCESS — in an island with no path to chemoorganotrophic_trait
data/traits/physiology/chemoorganotrophic.yaml	chemoorganotrophic_organic_oxidation_energy	UNREACHABLE_FROM_TRAIT	WARN	node_id='ambient_oxygen' label='ambient molecular oxygen' type=ENVIRONMENTAL_FACTOR — in an island with no path to chemoorganotrophic_trait
data/traits/physiology/chemoorganotrophic.yaml	chemoorganotrophic_organic_oxidation_energy	UNREACHABLE_FROM_TRAIT	WARN	node_id='nitrate_nitrite' label='nitrate/nitrite' type=ENVIRONMENTAL_FACTOR — in an island with no path to chemoorganotrophic_trait
data/traits/physiology/chemoorganotrophic.yaml	chemoorganotrophic_organic_oxidation_energy	INCONSISTENT_NODE_TYPE	WARN	node_id='terminal_electron_acceptor' type=CHEMICAL here — also MOLECULAR_FUNCTION×2 elsewhere in the corpus
data/traits/physiology/chemoorganotrophic.yaml	chemoorganotrophic_organic_oxidation_energy	FRAGMENTED_GRAPH	WARN	components=3 of 18 node(s) (sizes: 14, 2, 2) — one record, several unrelated mechanisms
data/traits/physiology/chemotaxis.yaml	chemotaxis_gradient_response	UNREACHABLE_FROM_TRAIT	WARN	node_id='chemoreceptor_mcp' label='chemoreceptor (MCP)' type=GENE_OR_PROTEIN — in an island with no path to chemotaxis_trait
data/traits/physiology/chemotaxis.yaml	chemotaxis_gradient_response	UNREACHABLE_FROM_TRAIT	WARN	node_id='chea_kinase' label='CheA histidine kinase' type=GENE_OR_PROTEIN — in an island with no path to chemotaxis_trait
data/traits/physiology/chemotaxis.yaml	chemotaxis_gradient_response	UNREACHABLE_FROM_TRAIT	WARN	node_id='chea_autophosphorylation' label='CheA autophosphorylation' type=MOLECULAR_FUNCTION — in an island with no path to chemotaxis_trait
data/traits/physiology/chemotaxis.yaml	chemotaxis_gradient_response	UNREACHABLE_FROM_TRAIT	WARN	node_id='chey' label='CheY response regulator' type=GENE_OR_PROTEIN — in an island with no path to chemotaxis_trait
data/traits/physiology/chemotaxis.yaml	chemotaxis_gradient_response	UNREACHABLE_FROM_TRAIT	WARN	node_id='cheb' label='CheB methylesterase' type=GENE_OR_PROTEIN — in an island with no path to chemotaxis_trait
data/traits/physiology/chemotaxis.yaml	chemotaxis_gradient_response	UNREACHABLE_FROM_TRAIT	WARN	node_id='cher' label='CheR methyltransferase' type=GENE_OR_PROTEIN — in an island with no path to chemotaxis_trait
data/traits/physiology/chemotaxis.yaml	chemotaxis_gradient_response	UNREACHABLE_FROM_TRAIT	WARN	node_id='chez' label='CheZ phosphatase' type=GENE_OR_PROTEIN — in an island with no path to chemotaxis_trait
data/traits/physiology/chemotaxis.yaml	chemotaxis_gradient_response	UNREACHABLE_FROM_TRAIT	WARN	node_id='chew' label='CheW coupling protein' type=GENE_OR_PROTEIN — in an island with no path to chemotaxis_trait
data/traits/physiology/chemotaxis.yaml	chemotaxis_gradient_response	UNREACHABLE_FROM_TRAIT	WARN	node_id='cw_flagellar_rotation' label='clockwise flagellar rotation' type=BIOLOGICAL_PROCESS — in an island with no path to chemotaxis_trait
data/traits/physiology/chemotaxis.yaml	chemotaxis_gradient_response	FRAGMENTED_GRAPH	WARN	components=2 of 12 node(s) (sizes: 9, 3) — one record, several unrelated mechanisms
data/traits/physiology/chemotrophic.yaml	chemotrophic_chemical_redox_energy	INCONSISTENT_NODE_TYPE	WARN	node_id='terminal_electron_acceptor' type=CHEMICAL here — also MOLECULAR_FUNCTION×2 elsewhere in the corpus
data/traits/physiology/dormancy.yaml	dormancy_seed_bank	UNREACHABLE_FROM_TRAIT	WARN	node_id='ribosome_hibernation_factors' label='ribosome hibernation factors (RMF/HPF/RaiA)' type=GENE_OR_PROTEIN — in an island with no path to dormancy_trait
data/traits/physiology/dormancy.yaml	dormancy_seed_bank	UNREACHABLE_FROM_TRAIT	WARN	node_id='protein_synthesis' label='protein synthesis' type=BIOLOGICAL_PROCESS — in an island with no path to dormancy_trait
data/traits/physiology/dormancy.yaml	dormancy_seed_bank	UNREACHABLE_FROM_TRAIT	WARN	node_id='ribosome' label='ribosome' type=ORGANELLE — in an island with no path to dormancy_trait
data/traits/physiology/dormancy.yaml	dormancy_seed_bank	FRAGMENTED_GRAPH	WARN	components=2 of 10 node(s) (sizes: 7, 3) — one record, several unrelated mechanisms
data/traits/physiology/lithoautotrophic.yaml	lithoautotrophic_inorganic_donor_co2_fixation	UNREACHABLE_FROM_TRAIT	WARN	node_id='membrane_dehydrogenase' label='membrane-bound (de)hydrogenase' type=GENE_OR_PROTEIN — in an island with no path to lithoautotrophic_trait
data/traits/physiology/lithoautotrophic.yaml	lithoautotrophic_inorganic_donor_co2_fixation	UNREACHABLE_FROM_TRAIT	WARN	node_id='electron_transport_chain' label='electron transport chain' type=PATHWAY — in an island with no path to lithoautotrophic_trait
data/traits/physiology/lithoautotrophic.yaml	lithoautotrophic_inorganic_donor_co2_fixation	UNREACHABLE_FROM_TRAIT	WARN	node_id='proton_motive_force' label='proton motive force' type=STATE — in an island with no path to lithoautotrophic_trait
data/traits/physiology/lithoautotrophic.yaml	lithoautotrophic_inorganic_donor_co2_fixation	UNREACHABLE_FROM_TRAIT	WARN	node_id='atp_synthesis' label='ATP synthesis' type=BIOLOGICAL_PROCESS — in an island with no path to lithoautotrophic_trait
data/traits/physiology/lithoautotrophic.yaml	lithoautotrophic_inorganic_donor_co2_fixation	UNREACHABLE_FROM_TRAIT	WARN	node_id='reverse_electron_flow' label='reverse electron flow' type=BIOLOGICAL_PROCESS — in an island with no path to lithoautotrophic_trait
data/traits/physiology/lithoautotrophic.yaml	lithoautotrophic_inorganic_donor_co2_fixation	UNREACHABLE_FROM_TRAIT	WARN	node_id='nadh_reducing_equivalents' label='NAD(H) reducing equivalents' type=CHEMICAL — in an island with no path to lithoautotrophic_trait
data/traits/physiology/lithoautotrophic.yaml	lithoautotrophic_inorganic_donor_co2_fixation	UNREACHABLE_FROM_TRAIT	WARN	node_id='cytbc1_nadh_dehydrogenase' label='cytochrome bc1 and NADH dehydrogenase' type=GENE_OR_PROTEIN — in an island with no path to lithoautotrophic_trait
data/traits/physiology/lithoautotrophic.yaml	lithoautotrophic_inorganic_donor_co2_fixation	FRAGMENTED_GRAPH	WARN	components=3 of 16 node(s) (sizes: 9, 4, 3) — one record, several unrelated mechanisms
data/traits/physiology/lithoheterotrophic.yaml	lithoheterotrophic_inorganic_energy_organic_carbon	UNREACHABLE_FROM_TRAIT	WARN	node_id='conductive_pili_cytochromes' label='conductive pili and c-type cytochromes' type=GENE_OR_PROTEIN — in an island with no path to lithoheterotrophic_trait
data/traits/physiology/lithoheterotrophic.yaml	lithoheterotrophic_inorganic_energy_organic_carbon	UNREACHABLE_FROM_TRAIT	WARN	node_id='diet' label='direct interspecies electron transfer' type=BIOLOGICAL_PROCESS — in an island with no path to lithoheterotrophic_trait
data/traits/physiology/lithoheterotrophic.yaml	lithoheterotrophic_inorganic_energy_organic_carbon	FRAGMENTED_GRAPH	WARN	components=2 of 20 node(s) (sizes: 18, 2) — one record, several unrelated mechanisms
data/traits/physiology/methanotrophic.yaml	methanotrophic_methane_oxidation	UNREACHABLE_FROM_TRAIT	WARN	node_id='formaldehyde' label='formaldehyde' type=CHEMICAL — in an island with no path to methanotrophic_trait
data/traits/physiology/methanotrophic.yaml	methanotrophic_methane_oxidation	UNREACHABLE_FROM_TRAIT	WARN	node_id='formaldehyde_assimilation' label='formaldehyde assimilation' type=PATHWAY — in an island with no path to methanotrophic_trait
data/traits/physiology/methanotrophic.yaml	methanotrophic_methane_oxidation	UNREACHABLE_FROM_TRAIT	WARN	node_id='copper' label='copper' type=CHEMICAL — in an island with no path to methanotrophic_trait
data/traits/physiology/methanotrophic.yaml	methanotrophic_methane_oxidation	UNREACHABLE_FROM_TRAIT	WARN	node_id='particulate_methane_monooxygenase' label='particulate methane monooxygenase (pMMO)' type=GENE_OR_PROTEIN — in an island with no path to methanotrophic_trait
data/traits/physiology/methanotrophic.yaml	methanotrophic_methane_oxidation	UNREACHABLE_FROM_TRAIT	WARN	node_id='soluble_methane_monooxygenase' label='soluble methane monooxygenase (sMMO)' type=GENE_OR_PROTEIN — in an island with no path to methanotrophic_trait
data/traits/physiology/methanotrophic.yaml	methanotrophic_methane_oxidation	UNREACHABLE_FROM_TRAIT	WARN	node_id='methanobactin' label='methanobactin' type=CHEMICAL — in an island with no path to methanotrophic_trait
data/traits/physiology/methanotrophic.yaml	methanotrophic_methane_oxidation	UNREACHABLE_FROM_TRAIT	WARN	node_id='cuprous_ion' label='Cu(I)' type=CHEMICAL — in an island with no path to methanotrophic_trait
data/traits/physiology/methanotrophic.yaml	methanotrophic_methane_oxidation	UNREACHABLE_FROM_TRAIT	WARN	node_id='copper_acquisition' label='copper acquisition' type=BIOLOGICAL_PROCESS — in an island with no path to methanotrophic_trait
data/traits/physiology/methanotrophic.yaml	methanotrophic_methane_oxidation	DUPLICATE_GROUNDING	WARN	nodes=3;grounding=GO:0015050 (methane_monooxygenase, particulate_methane_monooxygenase, soluble_methane_monooxygenase)
data/traits/physiology/methanotrophic.yaml	methanotrophic_methane_oxidation	FRAGMENTED_GRAPH	WARN	components=3 of 16 node(s) (sizes: 8, 6, 2) — one record, several unrelated mechanisms
data/traits/physiology/methylotrophic.yaml	methylotrophic_methanol_assimilation	UNREACHABLE_FROM_TRAIT	WARN	node_id='formaldehyde_dehydrogenase' label='formaldehyde dehydrogenase (Fld/FDH)' type=GENE_OR_PROTEIN — in an island with no path to methylotrophic_trait
data/traits/physiology/methylotrophic.yaml	methylotrophic_methanol_assimilation	UNREACHABLE_FROM_TRAIT	WARN	node_id='formate' label='formate' type=CHEMICAL — in an island with no path to methylotrophic_trait
data/traits/physiology/methylotrophic.yaml	methylotrophic_methanol_assimilation	UNREACHABLE_FROM_TRAIT	WARN	node_id='formate_dehydrogenase' label='formate dehydrogenase (Fdh)' type=GENE_OR_PROTEIN — in an island with no path to methylotrophic_trait
data/traits/physiology/methylotrophic.yaml	methylotrophic_methanol_assimilation	UNREACHABLE_FROM_TRAIT	WARN	node_id='carbon_dioxide' label='carbon dioxide' type=CHEMICAL — in an island with no path to methylotrophic_trait
data/traits/physiology/methylotrophic.yaml	methylotrophic_methanol_assimilation	UNREACHABLE_FROM_TRAIT	WARN	node_id='mxa_methanol_dehydrogenase' label='MxaFI methanol dehydrogenase' type=GENE_OR_PROTEIN — in an island with no path to methylotrophic_trait
data/traits/physiology/methylotrophic.yaml	methylotrophic_methanol_assimilation	UNREACHABLE_FROM_TRAIT	WARN	node_id='pqq' label='pyrroloquinoline quinone (PQQ)' type=CHEMICAL — in an island with no path to methylotrophic_trait
data/traits/physiology/methylotrophic.yaml	methylotrophic_methanol_assimilation	UNREACHABLE_FROM_TRAIT	WARN	node_id='calcium_ion' label='calcium ion (Ca2+)' type=CHEMICAL — in an island with no path to methylotrophic_trait
data/traits/physiology/methylotrophic.yaml	methylotrophic_methanol_assimilation	FRAGMENTED_GRAPH	WARN	components=4 of 19 node(s) (sizes: 12, 3, 2, 2) — one record, several unrelated mechanisms
data/traits/physiology/natural_competence.yaml	natural_competence_dna_uptake	UNREACHABLE_FROM_TRAIT	WARN	node_id='pilus_retraction' label='competence pilus retraction' type=BIOLOGICAL_PROCESS — in an island with no path to natural_competence_trait
data/traits/physiology/natural_competence.yaml	natural_competence_dna_uptake	UNREACHABLE_FROM_TRAIT	WARN	node_id='dna_uptake' label='extracellular DNA uptake' type=BIOLOGICAL_PROCESS — in an island with no path to natural_competence_trait
data/traits/physiology/natural_competence.yaml	natural_competence_dna_uptake	UNREACHABLE_FROM_TRAIT	WARN	node_id='comec' label='ComEC' type=GENE_OR_PROTEIN — in an island with no path to natural_competence_trait
data/traits/physiology/natural_competence.yaml	natural_competence_dna_uptake	UNREACHABLE_FROM_TRAIT	WARN	node_id='comea' label='ComEA' type=GENE_OR_PROTEIN — in an island with no path to natural_competence_trait
data/traits/physiology/natural_competence.yaml	natural_competence_dna_uptake	UNREACHABLE_FROM_TRAIT	WARN	node_id='periplasm' label='periplasm' type=CELLULAR_LOCALIZATION — in an island with no path to natural_competence_trait
data/traits/physiology/natural_competence.yaml	natural_competence_dna_uptake	UNREACHABLE_FROM_TRAIT	WARN	node_id='dpra' label='DprA' type=GENE_OR_PROTEIN — in an island with no path to natural_competence_trait
data/traits/physiology/natural_competence.yaml	natural_competence_dna_uptake	UNREACHABLE_FROM_TRAIT	WARN	node_id='reca' label='RecA' type=GENE_OR_PROTEIN — in an island with no path to natural_competence_trait
data/traits/physiology/natural_competence.yaml	natural_competence_dna_uptake	UNREACHABLE_FROM_TRAIT	WARN	node_id='homologous_recombination' label='homologous recombination of transforming DNA' type=BIOLOGICAL_PROCESS — in an island with no path to natural_competence_trait
data/traits/physiology/natural_competence.yaml	natural_competence_dna_uptake	FRAGMENTED_GRAPH	WARN	components=4 of 12 node(s) (sizes: 4, 3, 3, 2) — one record, several unrelated mechanisms
data/traits/physiology/oxidase_activity.yaml	oxidase_activity_terminal_oxidase	UNREACHABLE_FROM_TRAIT	WARN	node_id='family_a_cytochrome_c_oxidase' label='family A cytochrome c oxidase' type=GENE_OR_PROTEIN — in an island with no path to oxidase_activity_trait
data/traits/physiology/oxidase_activity.yaml	oxidase_activity_terminal_oxidase	UNREACHABLE_FROM_TRAIT	WARN	node_id='reduced_cytochrome_c' label='reduced cytochrome c' type=CHEMICAL — in an island with no path to oxidase_activity_trait
data/traits/physiology/oxidase_activity.yaml	oxidase_activity_terminal_oxidase	UNREACHABLE_FROM_TRAIT	WARN	node_id='cua_center' label='CuA center' type=CHEMICAL — in an island with no path to oxidase_activity_trait
data/traits/physiology/oxidase_activity.yaml	oxidase_activity_terminal_oxidase	UNREACHABLE_FROM_TRAIT	WARN	node_id='heme_a' label='heme a' type=CHEMICAL — in an island with no path to oxidase_activity_trait
data/traits/physiology/oxidase_activity.yaml	oxidase_activity_terminal_oxidase	UNREACHABLE_FROM_TRAIT	WARN	node_id='cua_cub_copper_centers' label='CuA/CuB copper centers' type=CHEMICAL — in an island with no path to oxidase_activity_trait
data/traits/physiology/oxidase_activity.yaml	oxidase_activity_terminal_oxidase	FRAGMENTED_GRAPH	WARN	components=2 of 11 node(s) (sizes: 6, 5) — one record, several unrelated mechanisms
data/traits/physiology/persister_cell_formation.yaml	persister_dormancy_tolerance	UNREACHABLE_FROM_TRAIT	WARN	node_id='antibiotic_resistance' label='antibiotic resistance' type=BIOLOGICAL_PROCESS — in an island with no path to persister_trait
data/traits/physiology/persister_cell_formation.yaml	persister_dormancy_tolerance	UNREACHABLE_FROM_TRAIT	WARN	node_id='elevated_mic' label='elevated minimum inhibitory concentration' type=QUALITY — in an island with no path to persister_trait
data/traits/physiology/persister_cell_formation.yaml	persister_dormancy_tolerance	FRAGMENTED_GRAPH	WARN	components=2 of 11 node(s) (sizes: 9, 2) — one record, several unrelated mechanisms
data/traits/physiology/photoheterotrophic.yaml	photoheterotrophic_light_organic_carbon	UNREACHABLE_FROM_TRAIT	WARN	node_id='proteorhodopsin' label='proteorhodopsin' type=GENE_OR_PROTEIN — in an island with no path to photoheterotrophic_trait/aerobic_anoxygenic_phototrophs
data/traits/physiology/photoheterotrophic.yaml	photoheterotrophic_light_organic_carbon	UNREACHABLE_FROM_TRAIT	WARN	node_id='nadph_anabolic' label='NAD(P)H for anabolic metabolism' type=CHEMICAL — in an island with no path to photoheterotrophic_trait/aerobic_anoxygenic_phototrophs
data/traits/physiology/photoheterotrophic.yaml	photoheterotrophic_light_organic_carbon	INCONSISTENT_NODE_TYPE	WARN	node_id='membrane_potential' type=STATE here — also BIOLOGICAL_PROCESS×1, CHEMICAL×1, QUALITY×1 elsewhere in the corpus
data/traits/physiology/photoheterotrophic.yaml	photoheterotrophic_light_organic_carbon	FRAGMENTED_GRAPH	WARN	components=2 of 16 node(s) (sizes: 14, 2) — one record, several unrelated mechanisms
data/traits/physiology/photolithoautotrophic.yaml	photolithoautotrophic_light_inorganic_donor_fixation	UNREACHABLE_FROM_TRAIT	WARN	node_id='sulfide' label='sulfide' type=CHEMICAL — in an island with no path to photolithoautotrophic_trait
data/traits/physiology/photolithoautotrophic.yaml	photolithoautotrophic_light_inorganic_donor_fixation	UNREACHABLE_FROM_TRAIT	WARN	node_id='sulfur_oxidation' label='sulfur oxidation' type=BIOLOGICAL_PROCESS — in an island with no path to photolithoautotrophic_trait
data/traits/physiology/photolithoautotrophic.yaml	photolithoautotrophic_light_inorganic_donor_fixation	UNREACHABLE_FROM_TRAIT	WARN	node_id='carbonic_anhydrase' label='carbonic anhydrase' type=GENE_OR_PROTEIN — in an island with no path to photolithoautotrophic_trait
data/traits/physiology/photolithoautotrophic.yaml	photolithoautotrophic_light_inorganic_donor_fixation	UNREACHABLE_FROM_TRAIT	WARN	node_id='bicarbonate' label='bicarbonate' type=CHEMICAL — in an island with no path to photolithoautotrophic_trait
data/traits/physiology/photolithoautotrophic.yaml	photolithoautotrophic_light_inorganic_donor_fixation	UNREACHABLE_FROM_TRAIT	WARN	node_id='dic_transporter' label='inorganic carbon transporter' type=GENE_OR_PROTEIN — in an island with no path to photolithoautotrophic_trait
data/traits/physiology/photolithoautotrophic.yaml	photolithoautotrophic_light_inorganic_donor_fixation	FRAGMENTED_GRAPH	WARN	components=3 of 15 node(s) (sizes: 10, 3, 2) — one record, several unrelated mechanisms
data/traits/physiology/photolithotrophic.yaml	photolithotrophic_inorganic_electron_donors	UNREACHABLE_FROM_TRAIT	WARN	node_id='hydrogen_sulfide_oxidation' label='hydrogen sulfide oxidation' type=BIOLOGICAL_PROCESS — in an island with no path to photolithotrophic_trait/photoferrotrophy
data/traits/physiology/photolithotrophic.yaml	photolithotrophic_inorganic_electron_donors	UNREACHABLE_FROM_TRAIT	WARN	node_id='elemental_sulfur' label='elemental sulfur' type=CHEMICAL — in an island with no path to photolithotrophic_trait/photoferrotrophy
data/traits/physiology/photolithotrophic.yaml	photolithotrophic_inorganic_electron_donors	FRAGMENTED_GRAPH	WARN	components=3 of 14 node(s) (sizes: 10, 2, 2) — one record, several unrelated mechanisms
data/traits/physiology/photoorganoheterotrophic.yaml	photoorganoheterotrophic_light_organic_electrons	UNREACHABLE_FROM_TRAIT	WARN	node_id='type_i_reaction_center' label='Type I reaction center' type=GENE_OR_PROTEIN — in an island with no path to photoorganoheterotrophic_trait
data/traits/physiology/photoorganoheterotrophic.yaml	photoorganoheterotrophic_light_organic_electrons	UNREACHABLE_FROM_TRAIT	WARN	node_id='fe_s_electron_transfer' label='electron transfer to Fe-S acceptors' type=BIOLOGICAL_PROCESS — in an island with no path to photoorganoheterotrophic_trait
data/traits/physiology/photoorganoheterotrophic.yaml	photoorganoheterotrophic_light_organic_electrons	UNREACHABLE_FROM_TRAIT	WARN	node_id='diurnal_cycle' label='diurnal dark-light cycle' type=ENVIRONMENTAL_FACTOR — in an island with no path to photoorganoheterotrophic_trait
data/traits/physiology/photoorganoheterotrophic.yaml	photoorganoheterotrophic_light_organic_electrons	UNREACHABLE_FROM_TRAIT	WARN	node_id='rhythmic_transcription' label='rhythmic transcription' type=BIOLOGICAL_PROCESS — in an island with no path to photoorganoheterotrophic_trait
data/traits/physiology/photoorganoheterotrophic.yaml	photoorganoheterotrophic_light_organic_electrons	FRAGMENTED_GRAPH	WARN	components=3 of 14 node(s) (sizes: 10, 2, 2) — one record, several unrelated mechanisms
data/traits/physiology/phototrophic.yaml	phototrophic_light_energy_capture	UNREACHABLE_FROM_TRAIT	WARN	node_id='rhodopsin' label='rhodopsin' type=GENE_OR_PROTEIN — in an island with no path to phototrophic_trait
data/traits/physiology/phototrophic.yaml	phototrophic_light_energy_capture	UNREACHABLE_FROM_TRAIT	WARN	node_id='ion_transport' label='ion transport across membrane' type=BIOLOGICAL_PROCESS — in an island with no path to phototrophic_trait
data/traits/physiology/phototrophic.yaml	phototrophic_light_energy_capture	FRAGMENTED_GRAPH	WARN	components=2 of 13 node(s) (sizes: 11, 2) — one record, several unrelated mechanisms
data/traits/physiology/viable_but_nonculturable_state.yaml	vbnc_stress_induced_dormancy	INCONSISTENT_NODE_TYPE	WARN	node_id='oxidative_stress' type=BIOLOGICAL_PROCESS here — also ENVIRONMENTAL_FACTOR×1 elsewhere in the corpus
