file	locator	defect	severity	detail
data/traits/ecology/animal_pathogen.yaml	animal_pathogen_metazoan_adaptation:*	REUSED_SNIPPET	WARN	3 evidence items share one snippet: 'virulence factors'
data/traits/ecology/animal_pathogen.yaml	animal_pathogen_metazoan_adaptation:bacterial_adhesins->host_cell_attachment[0]	MISSING_SNIPPET	WARN	reference=DOI:10.1093/femsre/fuae019 has no snippet
data/traits/ecology/animal_pathogen.yaml	animal_pathogen_metazoan_adaptation:complement_evasion->immune_evasion[0]	MISSING_SNIPPET	WARN	reference=DOI:10.1093/femsre/fuae019 has no snippet
data/traits/ecology/animal_pathogen.yaml	animal_pathogen_metazoan_adaptation:complement_regulator_binding_proteins->complement_evasion[0]	MISSING_SNIPPET	WARN	reference=DOI:10.1093/femsre/fuae019 has no snippet
data/traits/ecology/animal_pathogen.yaml	animal_pathogen_metazoan_adaptation:effector_translocation_t4ss->animal_tissue_colonization[0]	MISSING_SNIPPET	WARN	reference=DOI:10.1038/s41579-023-00974-3 has no snippet
data/traits/ecology/animal_pathogen.yaml	animal_pathogen_metazoan_adaptation:host_cell_attachment->animal_tissue_colonization[0]	MISSING_SNIPPET	WARN	reference=DOI:10.1093/femsre/fuae019 has no snippet
data/traits/ecology/animal_pathogen.yaml	animal_pathogen_metazoan_adaptation:low_iron_environment->siderophore_biosynthesis[0]	MISSING_SNIPPET	WARN	reference=DOI:10.1039/d4cb00175c has no snippet
data/traits/ecology/animal_pathogen.yaml	animal_pathogen_metazoan_adaptation:siderophore_iron_import->animal_tissue_colonization[0]	MISSING_SNIPPET	WARN	reference=DOI:10.1039/d4cb00175c has no snippet
data/traits/ecology/animal_pathogen.yaml	animal_pathogen_metazoan_adaptation:t3ss_effector_delivery->immune_evasion[0]	MISSING_SNIPPET	WARN	reference=DOI:10.1128/spectrum.02224-23 has no snippet
data/traits/ecology/animal_pathogen.yaml	animal_pathogen_metazoan_adaptation:tonb_dependent_transporters->siderophore_iron_import[0]	MISSING_SNIPPET	WARN	reference=DOI:10.1039/d4cb00175c has no snippet
data/traits/ecology/animal_pathogen.yaml	animal_pathogen_metazoan_adaptation:type_iii_secretion_system->t3ss_effector_delivery[0]	MISSING_SNIPPET	WARN	reference=DOI:10.1128/spectrum.02224-23 has no snippet
data/traits/ecology/animal_pathogen.yaml	animal_pathogen_metazoan_adaptation:type_iv_secretion_system->effector_translocation_t4ss[0]	MISSING_SNIPPET	WARN	reference=DOI:10.1038/s41579-023-00974-3 has no snippet
data/traits/ecology/biofilm_formation.yaml	biofilm_eps_matrix_community:biofilm_formation_process->biofilm_formation_trait[0]	MISSING_SNIPPET	WARN	reference=DOI:10.1038/s41579-019-0162-0 has no snippet
data/traits/ecology/biofilm_formation.yaml	biofilm_eps_matrix_community:c_di_gmp->sessile_state[0]	MISSING_SNIPPET	WARN	reference=DOI:10.3390/w17131944 has no snippet
data/traits/ecology/biofilm_formation.yaml	biofilm_eps_matrix_community:edna->amyloid_fibers[0]	MISSING_SNIPPET	WARN	reference=DOI:10.1042/BCJ20210301 has no snippet
data/traits/ecology/biofilm_formation.yaml	biofilm_eps_matrix_community:edna->extracellular_matrix[0]	MISSING_SNIPPET	WARN	reference=DOI:10.1042/BCJ20210301 has no snippet
data/traits/ecology/biofilm_formation.yaml	biofilm_eps_matrix_community:eps_matrix->biofilm_formation_process[0]	MISSING_SNIPPET	WARN	reference=DOI:10.1038/nrmicro.2016.94 has no snippet
data/traits/ecology/biofilm_formation.yaml	biofilm_eps_matrix_community:extracellular_matrix->biofilm_formation_process[0]	MISSING_SNIPPET	WARN	reference=DOI:10.1042/BCJ20210301 has no snippet
data/traits/ecology/biofilm_formation.yaml	biofilm_eps_matrix_community:nitric_oxide->biofilm_dispersal[0]	MISSING_SNIPPET	WARN	reference=DOI:10.3390/antibiotics13111047 has no snippet
data/traits/ecology/biofilm_formation.yaml	biofilm_eps_matrix_community:planktonic_cell->amenable_surface[0]	MISSING_SNIPPET	WARN	reference=DOI:10.1042/BCJ20210301 has no snippet
data/traits/ecology/biofilm_formation.yaml	biofilm_eps_matrix_community:qs_autoinducers->biofilm_formation_process[0]	MISSING_SNIPPET	WARN	reference=DOI:10.3390/bacteria3030008 has no snippet
data/traits/ecology/biofilm_formation.yaml	biofilm_eps_matrix_community:sessile_state->biofilm_formation_process[0]	MISSING_SNIPPET	WARN	reference=DOI:10.3390/w17131944 has no snippet
data/traits/ecology/biofilm_formation.yaml	evidence[0]	MISSING_SNIPPET	WARN	reference=DOI:10.1038/nrmicro.2016.94 has no snippet
data/traits/ecology/biofilm_formation.yaml	evidence[1]	MISSING_SNIPPET	WARN	reference=DOI:10.1038/s41579-019-0162-0 has no snippet
data/traits/ecology/biosafety_level.yaml	biosafety_level_hazard_classification:aerosol_transmission->bsl3_containment[0]	MISSING_SNIPPET	WARN	reference=DOI:10.3390/laboratories1030013 has no snippet
data/traits/ecology/biosafety_level.yaml	biosafety_level_hazard_classification:aerosol_transmission->risk_assessment[0]	MISSING_SNIPPET	WARN	reference=DOI:10.1089/apb.2022.0040 has no snippet
data/traits/ecology/biosafety_level.yaml	biosafety_level_hazard_classification:bsl1->biosafety_level_trait[0]	UNSUPPORTIVE_SNIPPET	WARN	4 chars, supports nothing specific: 'host'
data/traits/ecology/biosafety_level.yaml	biosafety_level_hazard_classification:bsl2->biosafety_level_trait[0]	UNSUPPORTIVE_SNIPPET	WARN	9 chars, supports nothing specific: 'infection'
data/traits/ecology/biosafety_level.yaml	biosafety_level_hazard_classification:bsl3->biosafety_level_trait[0]	UNSUPPORTIVE_SNIPPET	WARN	8 chars, supports nothing specific: 'pathogen'
data/traits/ecology/biosafety_level.yaml	biosafety_level_hazard_classification:bsl4->biosafety_level_trait[0]	UNSUPPORTIVE_SNIPPET	WARN	6 chars, supports nothing specific: 'toxins'
data/traits/ecology/biosafety_level.yaml	biosafety_level_hazard_classification:bsl5->biosafety_level_trait[0]	UNSUPPORTIVE_SNIPPET	WARN	10 chars, supports nothing specific: 'host cells'
data/traits/ecology/biosafety_level.yaml	biosafety_level_hazard_classification:infectious_dose->risk_assessment[0]	MISSING_SNIPPET	WARN	reference=DOI:10.1089/apb.2022.0040 has no snippet
data/traits/ecology/biosafety_level.yaml	biosafety_level_hazard_classification:lack_of_countermeasures->bsl4_containment[0]	MISSING_SNIPPET	WARN	reference=DOI:10.3390/laboratories1030013 has no snippet
data/traits/ecology/biosafety_level.yaml	biosafety_level_hazard_classification:risk_assessment->containment_requirements[0]	MISSING_SNIPPET	WARN	reference=DOI:10.1016/j.jobb.2021.09.002 has no snippet
data/traits/ecology/biosafety_level.yaml	biosafety_level_hazard_classification:risk_group_classification->biosafety_level_trait[0]	MISSING_SNIPPET	WARN	reference=DOI:10.3390/laboratories1030013 has no snippet
data/traits/ecology/biosafety_level_1.yaml	biosafety_level_1_minimal_hazard:biosafety_level_selection->biosafety_level[0]	MISSING_SNIPPET	WARN	reference=DOI:10.2172/1887109 has no snippet
data/traits/ecology/biosafety_level_1.yaml	biosafety_level_1_minimal_hazard:hand_washing->standard_microbiological_practices[0]	MISSING_SNIPPET	WARN	reference=DOI:10.3389/fpubh.2022.965853 has no snippet
data/traits/ecology/biosafety_level_1.yaml	biosafety_level_1_minimal_hazard:low_pathogen_hazard->bsl1_trait[0]	MISSING_SNIPPET	WARN	reference=DOI:10.2172/1887109 has no snippet
data/traits/ecology/biosafety_level_1.yaml	biosafety_level_1_minimal_hazard:low_risk_agent->bsl1_trait[0]	MISSING_SNIPPET	WARN	reference=DOI:10.3390/laboratories1030013 has no snippet
data/traits/ecology/biosafety_level_1.yaml	biosafety_level_1_minimal_hazard:risk_assessment_factors->biosafety_level_selection[0]	MISSING_SNIPPET	WARN	reference=DOI:10.2172/1887109 has no snippet
data/traits/ecology/biosafety_level_1.yaml	biosafety_level_1_minimal_hazard:standard_microbiological_practices->bsl1_trait[0]	MISSING_SNIPPET	WARN	reference=DOI:10.47328/ufvbbt.2024.220 has no snippet
data/traits/ecology/biosafety_level_1.yaml	biosafety_level_1_minimal_hazard:virulence_traits->disease_causation[0]	MISSING_SNIPPET	WARN	reference=DOI:10.3390/microorganisms11020344 has no snippet
data/traits/ecology/biosafety_level_2.yaml	biosafety_level_2_moderate_hazard:aerosol_splash_procedure->biosafety_cabinet[0]	MISSING_SNIPPET	WARN	reference=DOI:10.1007/978-1-4939-8935-5_19 has no snippet
data/traits/ecology/biosafety_level_2.yaml	biosafety_level_2_moderate_hazard:appropriate_ppe->bsl2_trait[0]	MISSING_SNIPPET	WARN	reference=DOI:10.1016/j.pathol.2020.09.006 has no snippet
data/traits/ecology/biosafety_level_2.yaml	biosafety_level_2_moderate_hazard:mode_of_transmission->bsl2_trait[0]	MISSING_SNIPPET	WARN	reference=DOI:10.1016/j.pathol.2020.09.006 has no snippet
data/traits/ecology/biosafety_level_2.yaml	biosafety_level_2_moderate_hazard:pathogenicity->bsl2_trait[0]	MISSING_SNIPPET	WARN	reference=DOI:10.1016/j.pathol.2020.09.006 has no snippet
data/traits/ecology/biosafety_level_2.yaml	biosafety_level_2_moderate_hazard:restricted_lab_access->bsl2_trait[0]	MISSING_SNIPPET	WARN	reference=DOI:10.1007/978-1-4939-8935-5_19 has no snippet
data/traits/ecology/biosafety_level_2.yaml	biosafety_level_2_moderate_hazard:risk_group_2_pathogen->bsl2_trait[0]	MISSING_SNIPPET	WARN	reference=DOI:10.1016/j.pathol.2020.09.006 has no snippet
data/traits/ecology/biosafety_level_3.yaml	biosafety_level_3_serious_hazard:aerosol_transmission_risk->bsl3_trait[0]	MISSING_SNIPPET	WARN	reference=DOI:10.64483/jmph-115 has no snippet
data/traits/ecology/biosafety_level_3.yaml	biosafety_level_3_serious_hazard:boundary_integrity_testing->pressure_decay_testing[0]	MISSING_SNIPPET	WARN	reference=DOI:10.1089/apb.2023.0017 has no snippet
data/traits/ecology/biosafety_level_3.yaml	biosafety_level_3_serious_hazard:bsl3_trait->boundary_integrity_testing[0]	MISSING_SNIPPET	WARN	reference=DOI:10.1089/apb.2023.0017 has no snippet
data/traits/ecology/biosafety_level_3.yaml	biosafety_level_3_serious_hazard:bsl3_trait->hepa_filtration[0]	MISSING_SNIPPET	WARN	reference=DOI:10.64483/jmph-115 has no snippet
data/traits/ecology/biosafety_level_3.yaml	biosafety_level_3_serious_hazard:bsl3_trait->negative_pressure_airflow[0]	MISSING_SNIPPET	WARN	reference=DOI:10.64483/jmph-115 has no snippet
data/traits/ecology/biosafety_level_3.yaml	biosafety_level_3_serious_hazard:iso_35001_biorisk_management->laboratory_acquired_infection[0]	MISSING_SNIPPET	WARN	reference=DOI:10.26686/nzjhsp.v1i2.9540 has no snippet
data/traits/ecology/biosafety_level_4.yaml	biosafety_level_4_extreme_hazard:aerosol_lab_infection_risk->bsl4_trait[0]	MISSING_SNIPPET	WARN	reference=DOI:10.1016/j.pathol.2020.09.006 has no snippet
data/traits/ecology/biosafety_level_4.yaml	biosafety_level_4_extreme_hazard:bsl4_trait->airlock[0]	MISSING_SNIPPET	WARN	reference=DOI:10.3390/laboratories1030013 has no snippet
data/traits/ecology/biosafety_level_4.yaml	biosafety_level_4_extreme_hazard:bsl4_trait->decontamination_shower[0]	MISSING_SNIPPET	WARN	reference=DOI:10.3390/laboratories1030013 has no snippet
data/traits/ecology/biosafety_level_4.yaml	biosafety_level_4_extreme_hazard:bsl4_trait->positive_pressure_suit[0]	MISSING_SNIPPET	WARN	reference=DOI:10.1016/j.pathol.2020.09.006 has no snippet
data/traits/ecology/biosafety_level_4.yaml	biosafety_level_4_extreme_hazard:bsl4_trait->positive_pressure_suit[1]	MISSING_SNIPPET	WARN	reference=DOI:10.3390/laboratories1030013 has no snippet
data/traits/ecology/biosafety_level_4.yaml	biosafety_level_4_extreme_hazard:bsl4_trait->specialized_waste_disposal[0]	MISSING_SNIPPET	WARN	reference=DOI:10.3390/laboratories1030013 has no snippet
data/traits/ecology/biosafety_level_4.yaml	biosafety_level_4_extreme_hazard:life_threatening_disease->bsl4_trait[0]	MISSING_SNIPPET	WARN	reference=DOI:10.1016/j.pathol.2020.09.006 has no snippet
data/traits/ecology/biosafety_level_4.yaml	biosafety_level_4_extreme_hazard:life_threatening_disease->bsl4_trait[1]	MISSING_SNIPPET	WARN	reference=DOI:10.3390/laboratories1030013 has no snippet
data/traits/ecology/biosafety_level_4.yaml	biosafety_level_4_extreme_hazard:no_effective_countermeasure->bsl4_trait[0]	MISSING_SNIPPET	WARN	reference=DOI:10.1016/j.pathol.2020.09.006 has no snippet
data/traits/ecology/biosafety_level_4.yaml	biosafety_level_4_extreme_hazard:no_effective_countermeasure->bsl4_trait[1]	MISSING_SNIPPET	WARN	reference=DOI:10.3390/laboratories1030013 has no snippet
data/traits/ecology/commensalism.yaml	commensalism_neutral_host:biofilm_matrix->persistence_protection[0]	MISSING_SNIPPET	WARN	reference=DOI:10.3389/fcimb.2024.1357631 has no snippet
data/traits/ecology/commensalism.yaml	commensalism_neutral_host:commensalism_trait->neutral_host_fitness[0]	MISSING_SNIPPET	WARN	reference=DOI:10.1038/s41579-021-00550-7 has no snippet
data/traits/ecology/commensalism.yaml	commensalism_neutral_host:eps_production->biofilm_matrix[0]	MISSING_SNIPPET	WARN	reference=DOI:10.3389/fcimb.2024.1357631 has no snippet
data/traits/ecology/commensalism.yaml	commensalism_neutral_host:glycan_binding_proteins->mucin_attachment[0]	MISSING_SNIPPET	WARN	reference=DOI:10.1126/science.adi3338 has no snippet
data/traits/ecology/commensalism.yaml	commensalism_neutral_host:host_colonization->commensalism_trait[0]	MISSING_SNIPPET	WARN	reference=DOI:10.1073/pnas.1218525110 has no snippet
data/traits/ecology/commensalism.yaml	commensalism_neutral_host:low_virulence->commensalism_trait[0]	MISSING_SNIPPET	WARN	reference=DOI:10.1038/s41579-021-00550-7 has no snippet
data/traits/ecology/commensalism.yaml	commensalism_neutral_host:mucin_attachment->host_colonization[0]	MISSING_SNIPPET	WARN	reference=DOI:10.1126/science.adi3338 has no snippet
data/traits/ecology/commensalism.yaml	commensalism_neutral_host:mucus_layer->host_colonization[0]	MISSING_SNIPPET	WARN	reference=DOI:10.1126/science.adi3338 has no snippet
data/traits/ecology/commensalism.yaml	commensalism_neutral_host:persistence_protection->host_colonization[0]	MISSING_SNIPPET	WARN	reference=DOI:10.3389/fcimb.2024.1357631 has no snippet
data/traits/ecology/commensalism.yaml	commensalism_neutral_host:secretory_iga->host_colonization[0]	MISSING_SNIPPET	WARN	reference=DOI:10.1126/science.adi3338 has no snippet
data/traits/ecology/commensalism.yaml	evidence[0]	MISSING_SNIPPET	WARN	reference=DOI:10.1038/s41579-021-00550-7 has no snippet
data/traits/ecology/commensalism.yaml	evidence[1]	MISSING_SNIPPET	WARN	reference=DOI:10.1073/pnas.1218525110 has no snippet
data/traits/ecology/endosymbiosis.yaml	endosymbiosis_intracellular_genome_reduction:confined_intracellular_habitat->metabolic_gene_loss[0]	MISSING_SNIPPET	WARN	reference=DOI:10.1093/ismejo/wrae117 has no snippet
data/traits/ecology/endosymbiosis.yaml	endosymbiosis_intracellular_genome_reduction:endosymbiosis_trait->reductive_genome_evolution[0]	MISSING_SNIPPET	WARN	reference=DOI:10.1038/nrmicro2670 has no snippet
data/traits/ecology/endosymbiosis.yaml	endosymbiosis_intracellular_genome_reduction:host_symbiont_aa_complementarity->nutritional_compensation[0]	MISSING_SNIPPET	WARN	reference=DOI:10.1093/ismejo/wrae052 has no snippet
data/traits/ecology/endosymbiosis.yaml	endosymbiosis_intracellular_genome_reduction:intracellular_localization->endosymbiosis_trait[0]	MISSING_SNIPPET	WARN	reference=DOI:10.1038/nrmicro.2017.171 has no snippet
data/traits/ecology/endosymbiosis.yaml	endosymbiosis_intracellular_genome_reduction:metabolic_gene_loss->reductive_genome_evolution[0]	MISSING_SNIPPET	WARN	reference=DOI:10.1093/ismejo/wrae117 has no snippet
data/traits/ecology/endosymbiosis.yaml	endosymbiosis_intracellular_genome_reduction:reductive_genome_evolution->intracellular_dependence[0]	MISSING_SNIPPET	WARN	reference=DOI:10.3390/ijms25084228 has no snippet
data/traits/ecology/endosymbiosis.yaml	endosymbiosis_intracellular_genome_reduction:transmission_bottleneck->limited_recombination[0]	MISSING_SNIPPET	WARN	reference=DOI:10.1093/ismejo/wrae117 has no snippet
data/traits/ecology/endosymbiosis.yaml	evidence[0]	MISSING_SNIPPET	WARN	reference=DOI:10.1038/nrmicro2670 has no snippet
data/traits/ecology/endosymbiosis.yaml	evidence[1]	MISSING_SNIPPET	WARN	reference=DOI:10.1038/nrmicro.2017.171 has no snippet
data/traits/ecology/free_living.yaml	evidence[0]	MISSING_SNIPPET	WARN	reference=DOI:10.1038/nrmicro1341 has no snippet
data/traits/ecology/free_living.yaml	evidence[1]	MISSING_SNIPPET	WARN	reference=DOI:10.1038/nrmicro.2017.171 has no snippet
data/traits/ecology/free_living.yaml	free_living_environmental_habitat:complete_metabolic_capacity->free_living_trait[0]	MISSING_SNIPPET	WARN	reference=DOI:10.1186/s12915-024-02013-w has no snippet
data/traits/ecology/free_living.yaml	free_living_environmental_habitat:complete_metabolic_capacity->free_living_trait[1]	MISSING_SNIPPET	WARN	reference=DOI:10.1128/aem.01900-23 has no snippet
data/traits/ecology/free_living.yaml	free_living_environmental_habitat:ectoine_biosynthesis->osmotic_stress_tolerance[0]	MISSING_SNIPPET	WARN	reference=DOI:10.48550/arxiv.2302.00582 has no snippet
data/traits/ecology/free_living.yaml	free_living_environmental_habitat:ectoine_biosynthesis->osmotic_stress_tolerance[1]	MISSING_SNIPPET	WARN	reference=DOI:10.1371/journal.pone.0287947 has no snippet
data/traits/ecology/free_living.yaml	free_living_environmental_habitat:environmental_habitat->free_living_trait[0]	MISSING_SNIPPET	WARN	reference=DOI:10.1038/nrmicro1341 has no snippet
data/traits/ecology/free_living.yaml	free_living_environmental_habitat:free_living_trait->biogeographic_structure[0]	MISSING_SNIPPET	WARN	reference=DOI:10.1038/nrmicro.2017.171 has no snippet
data/traits/ecology/free_living.yaml	free_living_environmental_habitat:glycine_betaine_system->osmotic_stress_tolerance[0]	MISSING_SNIPPET	WARN	reference=DOI:10.1371/journal.pone.0287947 has no snippet
data/traits/ecology/free_living.yaml	free_living_environmental_habitat:osmotic_stress_tolerance->free_living_trait[0]	MISSING_SNIPPET	WARN	reference=DOI:10.48550/arxiv.2302.00582 has no snippet
data/traits/ecology/free_living.yaml	free_living_environmental_habitat:trehalose_biosynthesis->environmental_stress_tolerance[0]	MISSING_SNIPPET	WARN	reference=DOI:10.1371/journal.pone.0287947 has no snippet
data/traits/ecology/gut_associated.yaml	evidence[0]	MISSING_SNIPPET	WARN	reference=DOI:10.1126/science.1104816 has no snippet
data/traits/ecology/gut_associated.yaml	evidence[1]	MISSING_SNIPPET	WARN	reference=DOI:10.1073/pnas.1218525110 has no snippet
data/traits/ecology/gut_associated.yaml	gut_associated_microbiota_metabolism:adhesins->mucosal_adhesion[0]	MISSING_SNIPPET	WARN	reference=DOI:10.3390/microorganisms12051026 has no snippet
data/traits/ecology/gut_associated.yaml	gut_associated_microbiota_metabolism:antimicrobial_peptides->small_intestinal_bacterial_growth[0]	MISSING_SNIPPET	WARN	reference=DOI:10.1016/j.chom.2024.05.011 has no snippet
data/traits/ecology/gut_associated.yaml	gut_associated_microbiota_metabolism:bile_acids->gastrointestinal_habitat[0]	MISSING_SNIPPET	WARN	reference=DOI:10.1128/spectrum.03576-23 has no snippet
data/traits/ecology/gut_associated.yaml	gut_associated_microbiota_metabolism:bile_acids->small_intestinal_bacterial_growth[0]	MISSING_SNIPPET	WARN	reference=DOI:10.1016/j.chom.2024.05.011 has no snippet
data/traits/ecology/gut_associated.yaml	gut_associated_microbiota_metabolism:gastrointestinal_habitat->gut_associated_trait[0]	MISSING_SNIPPET	WARN	reference=DOI:10.1126/science.1104816 has no snippet
data/traits/ecology/gut_associated.yaml	gut_associated_microbiota_metabolism:gut_associated_trait->host_metabolic_contribution[0]	MISSING_SNIPPET	WARN	reference=DOI:10.1073/pnas.1218525110 has no snippet
data/traits/ecology/gut_associated.yaml	gut_associated_microbiota_metabolism:luminal_oxygen_limitation->primary_fermenter_community[0]	MISSING_SNIPPET	WARN	reference=DOI:10.1128/iai.00302-24 has no snippet
data/traits/ecology/gut_associated.yaml	gut_associated_microbiota_metabolism:mucosal_adhesion->gut_associated_trait[0]	MISSING_SNIPPET	WARN	reference=DOI:10.3390/microorganisms12051026 has no snippet
data/traits/ecology/gut_associated.yaml	gut_associated_microbiota_metabolism:peristalsis->duodenal_retention[0]	MISSING_SNIPPET	WARN	reference=DOI:10.3390/microorganisms12051026 has no snippet
data/traits/ecology/habitat_association.yaml	evidence[0]	MISSING_SNIPPET	WARN	reference=DOI:10.1038/nrmicro1341 has no snippet
data/traits/ecology/habitat_association.yaml	evidence[1]	MISSING_SNIPPET	WARN	reference=DOI:10.1038/nrmicro.2017.87 has no snippet
data/traits/ecology/habitat_association.yaml	habitat_association_biogeographic_structure:environmental_stress->dispersal_limitation[0]	MISSING_SNIPPET	WARN	reference=DOI:10.1038/s41564-023-01573-x has no snippet
data/traits/ecology/habitat_association.yaml	habitat_association_biogeographic_structure:environmental_stress->ecological_drift[0]	MISSING_SNIPPET	WARN	reference=DOI:10.1038/s41564-023-01573-x has no snippet
data/traits/ecology/habitat_association.yaml	habitat_association_biogeographic_structure:environmental_stress->selection_assembly[0]	MISSING_SNIPPET	WARN	reference=DOI:10.1038/s41564-023-01573-x has no snippet
data/traits/ecology/habitat_association.yaml	habitat_association_biogeographic_structure:habitat->community_composition[0]	MISSING_SNIPPET	WARN	reference=DOI:10.1038/nrmicro1341 has no snippet
data/traits/ecology/habitat_association.yaml	habitat_association_biogeographic_structure:habitat->habitat_association_trait[0]	MISSING_SNIPPET	WARN	reference=DOI:10.1038/nrmicro1341 has no snippet
data/traits/ecology/habitat_association.yaml	habitat_association_biogeographic_structure:habitat_association_trait->biogeographic_structure[0]	MISSING_SNIPPET	WARN	reference=DOI:10.1038/nrmicro.2017.87 has no snippet
data/traits/ecology/habitat_association.yaml	habitat_association_biogeographic_structure:salinity->community_composition[0]	MISSING_SNIPPET	WARN	reference=DOI:10.1186/s40168-024-01979-7 has no snippet
data/traits/ecology/habitat_association.yaml	habitat_association_biogeographic_structure:salinity->osmolyte_genes[0]	MISSING_SNIPPET	WARN	reference=DOI:10.1186/s40168-024-01979-7 has no snippet
data/traits/ecology/host_associated.yaml	evidence[0]	MISSING_SNIPPET	WARN	reference=DOI:10.1073/pnas.1218525110 has no snippet
data/traits/ecology/host_associated.yaml	evidence[1]	MISSING_SNIPPET	WARN	reference=DOI:10.1126/science.1104816 has no snippet
data/traits/ecology/host_associated.yaml	host_associated_microbiome:biofilm_formation->host_colonization[0]	MISSING_SNIPPET	WARN	reference=DOI:10.1093/femsre/fuae008 has no snippet
data/traits/ecology/host_associated.yaml	host_associated_microbiome:chemotaxis_to_host->host_colonization[0]	MISSING_SNIPPET	WARN	reference=DOI:10.3390/biology13020095 has no snippet
data/traits/ecology/host_associated.yaml	host_associated_microbiome:cyclic_di_gmp_camp->biofilm_formation[0]	MISSING_SNIPPET	WARN	reference=DOI:10.1093/femsre/fuae008 has no snippet
data/traits/ecology/host_associated.yaml	host_associated_microbiome:host_colonization->host_associated_trait[0]	MISSING_SNIPPET	WARN	reference=DOI:10.1126/science.1104816 has no snippet
data/traits/ecology/host_associated.yaml	host_associated_microbiome:host_habitat->host_colonization[0]	MISSING_SNIPPET	WARN	reference=DOI:10.1073/pnas.1218525110 has no snippet
data/traits/ecology/host_associated.yaml	host_associated_microbiome:host_surface_adhesins->host_surface_attachment[0]	MISSING_SNIPPET	WARN	reference=DOI:10.1093/femsre/fuae008 has no snippet
data/traits/ecology/host_associated.yaml	host_associated_microbiome:host_surface_attachment->host_colonization[0]	MISSING_SNIPPET	WARN	reference=DOI:10.1093/femsre/fuae008 has no snippet
data/traits/ecology/host_associated.yaml	host_associated_microbiome:mucin_o_glycans->host_colonization[0]	MISSING_SNIPPET	WARN	reference=DOI:10.1152/ajpgi.00261.2022 has no snippet
data/traits/ecology/host_associated.yaml	host_associated_microbiome:mucus_layer_niches->host_colonization[0]	MISSING_SNIPPET	WARN	reference=DOI:10.1128/ecosalplus.esp-0006-2023 has no snippet
data/traits/ecology/host_associated.yaml	host_associated_microbiome:root_exudates->chemotaxis_to_host[0]	MISSING_SNIPPET	WARN	reference=DOI:10.3390/biology13020095 has no snippet
data/traits/ecology/host_associated.yaml	host_associated_microbiome:root_exudates->host_colonization[0]	MISSING_SNIPPET	WARN	reference=DOI:10.1093/femsre/fuad066 has no snippet
data/traits/ecology/human_pathogen.yaml	human_pathogen_anthropoid_adaptation:*	REUSED_SNIPPET	WARN	3 evidence items share one snippet: 'virulence factors'
data/traits/ecology/human_pathogen.yaml	human_pathogen_anthropoid_adaptation:biofilm_formation->treatment_resistance_persistence[0]	MISSING_SNIPPET	WARN	reference=DOI:10.3389/fmicb.2024.1370818 has no snippet
data/traits/ecology/human_pathogen.yaml	human_pathogen_anthropoid_adaptation:horizontal_gene_transfer->virulence_gene_acquisition[0]	MISSING_SNIPPET	WARN	reference=DOI:10.1093/femsre/fuae019 has no snippet
data/traits/ecology/human_pathogen.yaml	human_pathogen_anthropoid_adaptation:host_cell_manipulation->human_disease[0]	MISSING_SNIPPET	WARN	reference=DOI:10.1038/s41579-023-00974-3 has no snippet
data/traits/ecology/human_pathogen.yaml	human_pathogen_anthropoid_adaptation:treatment_resistance_persistence->human_disease[0]	MISSING_SNIPPET	WARN	reference=DOI:10.3389/fmicb.2024.1370818 has no snippet
data/traits/ecology/human_pathogen.yaml	human_pathogen_anthropoid_adaptation:type_iv_secretion_system->host_cell_manipulation[0]	MISSING_SNIPPET	WARN	reference=DOI:10.1038/s41579-023-00974-3 has no snippet
data/traits/ecology/human_pathogen.yaml	human_pathogen_anthropoid_adaptation:virulence_gene_acquisition->human_virulence_factors[0]	MISSING_SNIPPET	WARN	reference=DOI:10.1093/femsre/fuae019 has no snippet
data/traits/ecology/human_pathogen.yaml	human_pathogen_anthropoid_adaptation:within_host_adaptation->human_disease[0]	MISSING_SNIPPET	WARN	reference=DOI:10.1146/annurev-pathmechdis-051122-111408 has no snippet
data/traits/ecology/human_pathogen.yaml	human_pathogen_anthropoid_adaptation:within_host_genetic_diversification->within_host_adaptation[0]	MISSING_SNIPPET	WARN	reference=DOI:10.1146/annurev-pathmechdis-051122-111408 has no snippet
data/traits/ecology/mutualism.yaml	evidence[0]	MISSING_SNIPPET	WARN	reference=DOI:10.1073/pnas.1218525110 has no snippet
data/traits/ecology/mutualism.yaml	evidence[1]	MISSING_SNIPPET	WARN	reference=DOI:10.1126/science.1104816 has no snippet
data/traits/ecology/mutualism.yaml	mutualism_reciprocal_benefit:cross_feeding_architecture->obligate_mutualism_syntrophy[0]	MISSING_SNIPPET	WARN	reference=DOI:10.1038/s41564-023-01596-4 has no snippet
data/traits/ecology/mutualism.yaml	mutualism_reciprocal_benefit:host_beneficial_microbial_traits->mutualism_trait[0]	MISSING_SNIPPET	WARN	reference=DOI:10.1126/science.adi3338 has no snippet
data/traits/ecology/mutualism.yaml	mutualism_reciprocal_benefit:host_control_mechanisms->host_beneficial_microbial_traits[0]	MISSING_SNIPPET	WARN	reference=DOI:10.1126/science.adi3338 has no snippet
data/traits/ecology/mutualism.yaml	mutualism_reciprocal_benefit:metabolite_secretion_profile->interaction_outcome_state[0]	MISSING_SNIPPET	WARN	reference=DOI:10.3390/plants13060829 has no snippet
data/traits/ecology/mutualism.yaml	mutualism_reciprocal_benefit:micronutrient_exchange->mutualism_trait[0]	MISSING_SNIPPET	WARN	reference=DOI:10.3390/plants13060829 has no snippet
data/traits/ecology/mutualism.yaml	mutualism_reciprocal_benefit:nutrient_exchange->reciprocal_benefit[0]	MISSING_SNIPPET	WARN	reference=DOI:10.1126/science.1104816 has no snippet
data/traits/ecology/mutualism.yaml	mutualism_reciprocal_benefit:reciprocal_benefit->mutualism_trait[0]	MISSING_SNIPPET	WARN	reference=DOI:10.1073/pnas.1218525110 has no snippet
data/traits/ecology/nitrogen_fixing_symbiosis.yaml	evidence[0]	MISSING_SNIPPET	WARN	reference=DOI:10.1038/nrmicro.2017.171 has no snippet
data/traits/ecology/nitrogen_fixing_symbiosis.yaml	evidence[1]	MISSING_SNIPPET	WARN	reference=DOI:10.1038/nrmicro2990 has no snippet
data/traits/ecology/nitrogen_fixing_symbiosis.yaml	rhizobia_legume_n2_fixation:flavonoids->nod_factor[0]	MISSING_SNIPPET	WARN	reference=DOI:10.3389/fpls.2023.1284720 has no snippet
data/traits/ecology/nitrogen_fixing_symbiosis.yaml	rhizobia_legume_n2_fixation:iron_availability->nitrogenase_complex[0]	MISSING_SNIPPET	WARN	reference=DOI:10.1093/pcp/pcae128 has no snippet
data/traits/ecology/nitrogen_fixing_symbiosis.yaml	rhizobia_legume_n2_fixation:leghemoglobin->microaerobic_environment[0]	MISSING_SNIPPET	WARN	reference=DOI:10.3389/fpls.2023.1284720 has no snippet
data/traits/ecology/nitrogen_fixing_symbiosis.yaml	rhizobia_legume_n2_fixation:microaerobic_environment->nitrogen_fixation[0]	MISSING_SNIPPET	WARN	reference=DOI:10.3389/fpls.2023.1284720 has no snippet
data/traits/ecology/nitrogen_fixing_symbiosis.yaml	rhizobia_legume_n2_fixation:n2_fix_symbiosis_trait->nitrogen_fixation[0]	MISSING_SNIPPET	WARN	reference=DOI:10.1038/nrmicro.2017.171 has no snippet
data/traits/ecology/nitrogen_fixing_symbiosis.yaml	rhizobia_legume_n2_fixation:nitrogenase_complex->nitrogen_fixation[0]	MISSING_SNIPPET	WARN	reference=DOI:10.1017/S1062798724000309 has no snippet
data/traits/ecology/nitrogen_fixing_symbiosis.yaml	rhizobia_legume_n2_fixation:nod_factor->symbiotic_signalling[0]	MISSING_SNIPPET	WARN	reference=DOI:10.3389/fpls.2023.1284720 has no snippet
data/traits/ecology/nitrogen_fixing_symbiosis.yaml	rhizobia_legume_n2_fixation:nodule_oxygen_diffusion_barrier->microaerobic_environment[0]	MISSING_SNIPPET	WARN	reference=DOI:10.1038/s41564-024-01762-2 has no snippet
data/traits/ecology/nitrogen_fixing_symbiosis.yaml	rhizobia_legume_n2_fixation:organic_acids->nitrogen_fixation[0]	MISSING_SNIPPET	WARN	reference=DOI:10.1038/s41564-024-01762-2 has no snippet
data/traits/ecology/nitrogen_fixing_symbiosis.yaml	rhizobia_legume_n2_fixation:symbiotic_signalling->n2_fix_symbiosis_trait[0]	MISSING_SNIPPET	WARN	reference=DOI:10.1038/nrmicro2990 has no snippet
data/traits/ecology/opportunistic_pathogen.yaml	evidence[0]	MISSING_SNIPPET	WARN	reference=DOI:10.1016/j.tim.2012.04.005 has no snippet
data/traits/ecology/opportunistic_pathogen.yaml	evidence[1]	MISSING_SNIPPET	WARN	reference=DOI:10.1038/s41579-021-00550-7 has no snippet
data/traits/ecology/opportunistic_pathogen.yaml	opportunistic_pathogen_context_dependent_virulence:antibiotic_exposure->microbiota_dysbiosis[0]	MISSING_SNIPPET	WARN	reference=DOI:10.1007/s40588-023-00190-w has no snippet
data/traits/ecology/opportunistic_pathogen.yaml	opportunistic_pathogen_context_dependent_virulence:barrier_breach->opportunistic_infection[0]	MISSING_SNIPPET	WARN	reference=DOI:10.1038/s41579-024-01035-z has no snippet
data/traits/ecology/opportunistic_pathogen.yaml	opportunistic_pathogen_context_dependent_virulence:compromised_host_defense->opportunistic_infection[0]	MISSING_SNIPPET	WARN	reference=DOI:10.1016/j.tim.2012.04.005 has no snippet
data/traits/ecology/opportunistic_pathogen.yaml	opportunistic_pathogen_context_dependent_virulence:high_affinity_iron_acquisition->opportunistic_infection[0]	MISSING_SNIPPET	WARN	reference=DOI:10.1111/1751-7915.14241 has no snippet
data/traits/ecology/opportunistic_pathogen.yaml	opportunistic_pathogen_context_dependent_virulence:host_colonization->opportunistic_infection[0]	MISSING_SNIPPET	WARN	reference=DOI:10.1038/s41579-024-01035-z has no snippet
data/traits/ecology/opportunistic_pathogen.yaml	opportunistic_pathogen_context_dependent_virulence:microbiota_dysbiosis->opportunist_colonization[0]	MISSING_SNIPPET	WARN	reference=DOI:10.1007/s40588-023-00190-w has no snippet
data/traits/ecology/opportunistic_pathogen.yaml	opportunistic_pathogen_context_dependent_virulence:nutritional_immunity->high_affinity_iron_acquisition[0]	MISSING_SNIPPET	WARN	reference=DOI:10.1111/1751-7915.14241 has no snippet
data/traits/ecology/opportunistic_pathogen.yaml	opportunistic_pathogen_context_dependent_virulence:opportunist_colonization->opportunistic_infection[0]	MISSING_SNIPPET	WARN	reference=DOI:10.1007/s40588-023-00190-w has no snippet
data/traits/ecology/opportunistic_pathogen.yaml	opportunistic_pathogen_context_dependent_virulence:opportunistic_infection->opportunistic_pathogen_trait[0]	MISSING_SNIPPET	WARN	reference=DOI:10.1038/s41579-021-00550-7 has no snippet
data/traits/ecology/parasitism.yaml	evidence[0]	MISSING_SNIPPET	WARN	reference=DOI:10.1038/s41579-021-00550-7 has no snippet
data/traits/ecology/parasitism.yaml	evidence[1]	MISSING_SNIPPET	WARN	reference=DOI:10.1073/pnas.1218525110 has no snippet
data/traits/ecology/parasitism.yaml	parasitism_host_fitness_cost:bacterial_adhesin_activity->host_colonization[0]	MISSING_SNIPPET	WARN	reference=DOI:10.1093/femsre/fuae019 has no snippet
data/traits/ecology/parasitism.yaml	parasitism_host_fitness_cost:copper_stress->host_fitness_cost[0]	MISSING_SNIPPET	WARN	reference=DOI:10.1093/ismejo/wrae100 has no snippet
data/traits/ecology/parasitism.yaml	parasitism_host_fitness_cost:deubiquitinase_activity->host_ubiquitin_pathway_exploitation[0]	MISSING_SNIPPET	WARN	reference=DOI:10.3389/fimmu.2023.1303072 has no snippet
data/traits/ecology/parasitism.yaml	parasitism_host_fitness_cost:hemoglobin_uptake->host_resource_exploitation[0]	MISSING_SNIPPET	WARN	reference=DOI:10.3389/fcimb.2023.1150054 has no snippet
data/traits/ecology/parasitism.yaml	parasitism_host_fitness_cost:high_symbiont_density->host_fitness_cost[0]	MISSING_SNIPPET	WARN	reference=DOI:10.1002/ece3.11705 has no snippet
data/traits/ecology/parasitism.yaml	parasitism_host_fitness_cost:host_colonization->host_resource_exploitation[0]	MISSING_SNIPPET	WARN	reference=DOI:10.1093/femsre/fuae019 has no snippet
data/traits/ecology/parasitism.yaml	parasitism_host_fitness_cost:host_fitness_cost->parasitism_trait[0]	MISSING_SNIPPET	WARN	reference=DOI:10.1073/pnas.1218525110 has no snippet
data/traits/ecology/parasitism.yaml	parasitism_host_fitness_cost:host_metal_acquisition->host_resource_exploitation[0]	MISSING_SNIPPET	WARN	reference=DOI:10.1093/femsre/fuae019 has no snippet
data/traits/ecology/parasitism.yaml	parasitism_host_fitness_cost:host_resource_exploitation->host_fitness_cost[0]	MISSING_SNIPPET	WARN	reference=DOI:10.1038/s41579-021-00550-7 has no snippet
data/traits/ecology/parasitism.yaml	parasitism_host_fitness_cost:host_ubiquitin_pathway_exploitation->host_resource_exploitation[0]	MISSING_SNIPPET	WARN	reference=DOI:10.3389/fimmu.2023.1303072 has no snippet
data/traits/ecology/parasitism.yaml	parasitism_host_fitness_cost:siderophore_secretion->host_metal_acquisition[0]	MISSING_SNIPPET	WARN	reference=DOI:10.1093/femsre/fuae019 has no snippet
data/traits/ecology/pathogenic_to_host.yaml	pathogenic_to_host_virulence_factor_program:*	REUSED_SNIPPET	WARN	3 evidence items share one snippet: 'virulence factors'
data/traits/ecology/pathogenic_to_host.yaml	pathogenic_to_host_virulence_factor_program:biofilm_formation->immune_evasion[0]	MISSING_SNIPPET	WARN	reference=DOI:10.3390/antibiotics13070619 has no snippet
data/traits/ecology/pathogenic_to_host.yaml	pathogenic_to_host_virulence_factor_program:biofilm_formation->persistent_infection[0]	MISSING_SNIPPET	WARN	reference=DOI:10.1016/j.tcsw.2024.100133 has no snippet
data/traits/ecology/pathogenic_to_host.yaml	pathogenic_to_host_virulence_factor_program:biofilm_matrix->antibiotic_tolerance[0]	MISSING_SNIPPET	WARN	reference=DOI:10.3390/bacteria3030008 has no snippet
data/traits/ecology/pathogenic_to_host.yaml	pathogenic_to_host_virulence_factor_program:capsule->immune_evasion[0]	MISSING_SNIPPET	WARN	reference=DOI:10.58532/nbennurmmch1 has no snippet
data/traits/ecology/pathogenic_to_host.yaml	pathogenic_to_host_virulence_factor_program:horizontal_gene_transfer->virulence_factors[0]	MISSING_SNIPPET	WARN	reference=DOI:10.1093/femsre/fuae019 has no snippet
data/traits/ecology/pathogenic_to_host.yaml	pathogenic_to_host_virulence_factor_program:immune_evasion->host_colonization[0]	MISSING_SNIPPET	WARN	reference=DOI:10.58532/nbennurmmch1 has no snippet
data/traits/ecology/pathogenic_to_host.yaml	pathogenic_to_host_virulence_factor_program:quorum_sensing_autoinducers->biofilm_formation[0]	MISSING_SNIPPET	WARN	reference=DOI:10.1016/j.tcsw.2024.100133 has no snippet
data/traits/ecology/pathogenic_to_host.yaml	pathogenic_to_host_virulence_factor_program:quorum_sensing_autoinducers->virulence_gene_expression[0]	MISSING_SNIPPET	WARN	reference=DOI:10.3390/ijms25052655 has no snippet
data/traits/ecology/plant_pathogen.yaml	plant_pathogen_t3ss_effector_program:apoplastic_effector_secretion->apoplastic_effectors[0]	MISSING_SNIPPET	WARN	reference=DOI:10.1094/MPMI-12-23-0212-CR has no snippet
data/traits/ecology/plant_pathogen.yaml	plant_pathogen_t3ss_effector_program:apoplastic_effectors->plant_immune_suppression[0]	MISSING_SNIPPET	WARN	reference=DOI:10.1094/MPMI-12-23-0212-CR has no snippet
data/traits/ecology/plant_pathogen.yaml	plant_pathogen_t3ss_effector_program:cwd_enzymes->plant_cell_wall[0]	MISSING_SNIPPET	WARN	reference=DOI:10.21608/mb.2024.307263.1134 has no snippet
data/traits/ecology/plant_pathogen.yaml	plant_pathogen_t3ss_effector_program:eps_production->biofilm_formation[0]	MISSING_SNIPPET	WARN	reference=DOI:10.3390/plants12112207 has no snippet
data/traits/ecology/plant_pathogen.yaml	plant_pathogen_t3ss_effector_program:quorum_sensing->biofilm_formation[0]	MISSING_SNIPPET	WARN	reference=DOI:10.3390/plants12112207 has no snippet
data/traits/ecology/plant_pathogen.yaml	plant_pathogen_t3ss_effector_program:quorum_sensing->eps_production[0]	MISSING_SNIPPET	WARN	reference=DOI:10.3390/plants12112207 has no snippet
data/traits/ecology/predatory_bacterium.yaml	evidence[0]	MISSING_SNIPPET	WARN	reference=DOI:10.1146/annurev.micro.091208.073346 has no snippet
data/traits/ecology/predatory_bacterium.yaml	evidence[1]	MISSING_SNIPPET	WARN	reference=DOI:10.1111/1462-2920.13171 has no snippet
data/traits/ecology/predatory_bacterium.yaml	predatory_bacterium_prey_killing:bdelloplast->intraperiplasmic_growth[0]	MISSING_SNIPPET	WARN	reference=DOI:10.1038/s41564-023-01401-2 has no snippet
data/traits/ecology/predatory_bacterium.yaml	predatory_bacterium_prey_killing:exit_lytic_activity->progeny_release[0]	MISSING_SNIPPET	WARN	reference=DOI:10.1038/s41564-023-01401-2 has no snippet
data/traits/ecology/predatory_bacterium.yaml	predatory_bacterium_prey_killing:invasion_portal->prey_entry_pore[0]	MISSING_SNIPPET	WARN	reference=DOI:10.1038/s41564-023-01401-2 has no snippet
data/traits/ecology/predatory_bacterium.yaml	predatory_bacterium_prey_killing:predatory_trait->prey_killing[0]	MISSING_SNIPPET	WARN	reference=DOI:10.1146/annurev.micro.091208.073346 has no snippet
data/traits/ecology/predatory_bacterium.yaml	predatory_bacterium_prey_killing:prey_cell_wall_modification->bdelloplast[0]	MISSING_SNIPPET	WARN	reference=DOI:10.1038/s41467-024-47412-3 has no snippet
data/traits/ecology/predatory_bacterium.yaml	predatory_bacterium_prey_killing:prey_killing->prey_bacterium[0]	MISSING_SNIPPET	WARN	reference=DOI:10.1111/1462-2920.13171 has no snippet
data/traits/ecology/rhizosphere_association.yaml	evidence[0]	MISSING_SNIPPET	WARN	reference=DOI:10.1038/nrmicro3109 has no snippet
data/traits/ecology/rhizosphere_association.yaml	evidence[1]	MISSING_SNIPPET	WARN	reference=DOI:10.1038/nrmicro.2017.87 has no snippet
data/traits/ecology/rhizosphere_association.yaml	rhizosphere_root_exudate:bacterial_chemotaxis->root_colonization[0]	MISSING_SNIPPET	WARN	reference=DOI:10.3390/biology13020095 has no snippet
data/traits/ecology/rhizosphere_association.yaml	rhizosphere_root_exudate:biofilm_formation->rhizosphere_trait[0]	MISSING_SNIPPET	WARN	reference=DOI:10.3390/biology13020095 has no snippet
data/traits/ecology/rhizosphere_association.yaml	rhizosphere_root_exudate:che_signaling->flagellar_motility[0]	MISSING_SNIPPET	WARN	reference=DOI:10.3389/fpls.2024.1491495 has no snippet
data/traits/ecology/rhizosphere_association.yaml	rhizosphere_root_exudate:flagellar_motility->rhizosphere_trait[0]	MISSING_SNIPPET	WARN	reference=DOI:10.1093/femsre/fuad066 has no snippet
data/traits/ecology/rhizosphere_association.yaml	rhizosphere_root_exudate:mcp_chemoreceptor->bacterial_chemotaxis[0]	MISSING_SNIPPET	WARN	reference=DOI:10.3389/fpls.2024.1491495 has no snippet
data/traits/ecology/rhizosphere_association.yaml	rhizosphere_root_exudate:rhizosphere_habitat->rhizosphere_trait[0]	MISSING_SNIPPET	WARN	reference=DOI:10.1038/nrmicro.2017.87 has no snippet
data/traits/ecology/rhizosphere_association.yaml	rhizosphere_root_exudate:root_exudates->biofilm_formation[0]	MISSING_SNIPPET	WARN	reference=DOI:10.3389/fpls.2024.1491495 has no snippet
data/traits/ecology/rhizosphere_association.yaml	rhizosphere_root_exudate:root_exudates->rhizosphere_habitat[0]	MISSING_SNIPPET	WARN	reference=DOI:10.1038/nrmicro3109 has no snippet
data/traits/ecology/saprotrophy.yaml	evidence[0]	MISSING_SNIPPET	WARN	reference=DOI:10.3389/fmicb.2012.00348 has no snippet
data/traits/ecology/saprotrophy.yaml	evidence[1]	MISSING_SNIPPET	WARN	reference=DOI:10.1038/nrmicro.2017.87 has no snippet
data/traits/ecology/saprotrophy.yaml	saprotrophy_decomposition_cycling:cazymes->hemicellulose[0]	MISSING_SNIPPET	WARN	reference=DOI:10.1093/jambio/lxac002 has no snippet
data/traits/ecology/saprotrophy.yaml	saprotrophy_decomposition_cycling:cellulolytic_enzymes->cellulose[0]	MISSING_SNIPPET	WARN	reference=DOI:10.1093/jambio/lxac002 has no snippet
data/traits/ecology/saprotrophy.yaml	saprotrophy_decomposition_cycling:cellulose->glucose[0]	MISSING_SNIPPET	WARN	reference=DOI:10.1093/jambio/lxac002 has no snippet
data/traits/ecology/saprotrophy.yaml	saprotrophy_decomposition_cycling:decomposition->dead_organic_matter[0]	MISSING_SNIPPET	WARN	reference=DOI:10.1038/nrmicro.2017.87 has no snippet
data/traits/ecology/saprotrophy.yaml	saprotrophy_decomposition_cycling:extracellular_exoenzymes->soluble_organic_compounds[0]	MISSING_SNIPPET	WARN	reference=DOI:10.1093/ismejo/wrae073 has no snippet
data/traits/ecology/saprotrophy.yaml	saprotrophy_decomposition_cycling:glucose->lignocellulolytic_gene_expression[0]	MISSING_SNIPPET	WARN	reference=DOI:10.1093/jambio/lxac002 has no snippet
data/traits/ecology/saprotrophy.yaml	saprotrophy_decomposition_cycling:laccase->lignin[0]	MISSING_SNIPPET	WARN	reference=DOI:10.1093/jambio/lxac002 has no snippet
data/traits/ecology/saprotrophy.yaml	saprotrophy_decomposition_cycling:manganese_peroxidase->lignin[0]	MISSING_SNIPPET	WARN	reference=DOI:10.1093/jambio/lxac002 has no snippet
data/traits/ecology/saprotrophy.yaml	saprotrophy_decomposition_cycling:saprotrophy_trait->decomposition[0]	MISSING_SNIPPET	WARN	reference=DOI:10.3389/fmicb.2012.00348 has no snippet
data/traits/ecology/soil_dwelling.yaml	evidence[0]	MISSING_SNIPPET	WARN	reference=DOI:10.1038/nrmicro.2017.87 has no snippet
data/traits/ecology/soil_dwelling.yaml	evidence[1]	MISSING_SNIPPET	WARN	reference=DOI:10.1038/nrmicro1341 has no snippet
data/traits/ecology/soil_dwelling.yaml	soil_dwelling_biogeochemistry:aridity->potential_growth_rate[0]	MISSING_SNIPPET	WARN	reference=DOI:10.1038/s41467-024-53753-w has no snippet
data/traits/ecology/soil_dwelling.yaml	soil_dwelling_biogeochemistry:climate_extreme_event->dormancy_sporulation[0]	MISSING_SNIPPET	WARN	reference=DOI:10.1038/s41586-024-08185-3 has no snippet
data/traits/ecology/soil_dwelling.yaml	soil_dwelling_biogeochemistry:low_organic_carbon->oligotrophic_lifestyle[0]	MISSING_SNIPPET	WARN	reference=DOI:10.1093/ismeco/ycae081 has no snippet
data/traits/ecology/soil_dwelling.yaml	soil_dwelling_biogeochemistry:soil_carbon_availability->flagellar_motility[0]	MISSING_SNIPPET	WARN	reference=DOI:10.1093/ismejo/wrae067 has no snippet
data/traits/ecology/soil_dwelling.yaml	soil_dwelling_biogeochemistry:soil_dwelling_trait->biogeochemical_cycling[0]	MISSING_SNIPPET	WARN	reference=DOI:10.1038/nrmicro1341 has no snippet
data/traits/ecology/soil_dwelling.yaml	soil_dwelling_biogeochemistry:soil_habitat->soil_dwelling_trait[0]	MISSING_SNIPPET	WARN	reference=DOI:10.1038/nrmicro.2017.87 has no snippet
data/traits/ecology/soil_dwelling.yaml	soil_dwelling_biogeochemistry:soil_pH_precip_cn->life_history_axes[0]	MISSING_SNIPPET	WARN	reference=DOI:10.1038/s41564-023-01465-0 has no snippet
data/traits/ecology/soil_dwelling.yaml	soil_dwelling_biogeochemistry:soil_resource_availability->potential_growth_rate[0]	MISSING_SNIPPET	WARN	reference=DOI:10.1038/s41467-024-53753-w has no snippet
data/traits/ecology/symbiosis.yaml	evidence[0]	MISSING_SNIPPET	WARN	reference=DOI:10.1073/pnas.1218525110 has no snippet
data/traits/ecology/symbiosis.yaml	evidence[1]	MISSING_SNIPPET	WARN	reference=DOI:10.1038/s41579-021-00550-7 has no snippet
data/traits/ecology/symbiosis.yaml	symbiosis_host_interaction:adhesins->host_colonization[0]	MISSING_SNIPPET	WARN	reference=DOI:10.3390/microorganisms12051026 has no snippet
data/traits/ecology/symbiosis.yaml	symbiosis_host_interaction:biofilm_formation->symbiotic_interaction[0]	MISSING_SNIPPET	WARN	reference=DOI:10.1093/femsre/fuac048 has no snippet
data/traits/ecology/symbiosis.yaml	symbiosis_host_interaction:chemotaxis_machinery->host_colonization[0]	MISSING_SNIPPET	WARN	reference=DOI:10.1093/femsre/fuac048 has no snippet
data/traits/ecology/symbiosis.yaml	symbiosis_host_interaction:host_cues->two_component_systems[0]	MISSING_SNIPPET	WARN	reference=DOI:10.1093/femsre/fuac048 has no snippet
data/traits/ecology/symbiosis.yaml	symbiosis_host_interaction:host_metabolites->chemotaxis_machinery[0]	MISSING_SNIPPET	WARN	reference=DOI:10.1093/femsre/fuac048 has no snippet
data/traits/ecology/symbiosis.yaml	symbiosis_host_interaction:host_organism->symbiotic_interaction[0]	MISSING_SNIPPET	WARN	reference=DOI:10.1073/pnas.1218525110 has no snippet
data/traits/ecology/symbiosis.yaml	symbiosis_host_interaction:immune_evasion->host_colonization[0]	MISSING_SNIPPET	WARN	reference=DOI:10.1093/femsre/fuac048 has no snippet
data/traits/ecology/symbiosis.yaml	symbiosis_host_interaction:o_antigen->immune_evasion[0]	MISSING_SNIPPET	WARN	reference=DOI:10.1093/femsre/fuac048 has no snippet
data/traits/ecology/symbiosis.yaml	symbiosis_host_interaction:symbiotic_interaction->symbiosis_trait[0]	MISSING_SNIPPET	WARN	reference=DOI:10.1038/s41579-021-00550-7 has no snippet
data/traits/ecology/symbiosis.yaml	symbiosis_host_interaction:two_component_systems->biofilm_formation[0]	MISSING_SNIPPET	WARN	reference=DOI:10.1093/femsre/fuac048 has no snippet
data/traits/ecology/symbiosis.yaml	symbiosis_host_interaction:two_component_systems->outer_membrane_modification[0]	MISSING_SNIPPET	WARN	reference=DOI:10.1093/femsre/fuac048 has no snippet
data/traits/environment/acidophilic.yaml	acidophilic_ph_homeostasis:acidic_external_ph->cytoplasmic_ph_homeostasis[0]	MISSING_SNIPPET	WARN	reference=DOI:10.1038/nrmicro2549 has no snippet
data/traits/environment/acidophilic.yaml	acidophilic_ph_homeostasis:bipolar_tetraether_lipids->low_passive_proton_permeability[0]	MISSING_SNIPPET	WARN	reference=DOI:10.3389/frbis.2023.1338019 has no snippet
data/traits/environment/acidophilic.yaml	acidophilic_ph_homeostasis:cation_pumping->proton[0]	MISSING_SNIPPET	WARN	reference=DOI:10.1111/1758-2229.70019 has no snippet
data/traits/environment/acidophilic.yaml	acidophilic_ph_homeostasis:hopanoid_and_membrane_proteins->proton_exclusion[0]	MISSING_SNIPPET	WARN	reference=DOI:10.1111/1758-2229.70019 has no snippet
data/traits/environment/acidophilic.yaml	acidophilic_ph_homeostasis:primary_proton_pumps->proton[0]	MISSING_SNIPPET	WARN	reference=DOI:10.1038/nrmicro2549 has no snippet
data/traits/environment/acidophilic.yaml	acidophilic_ph_homeostasis:proton_coupled_atpases->proton[0]	MISSING_SNIPPET	WARN	reference=DOI:10.1038/nrmicro2549 has no snippet
data/traits/environment/acidotolerant.yaml	acidotolerant_acid_stress_homeostasis:amino_acid_decarboxylation->cytoplasmic_ph_homeostasis[0]	MISSING_SNIPPET	WARN	reference=DOI:10.3390/microorganisms12091774 has no snippet
data/traits/environment/acidotolerant.yaml	acidotolerant_acid_stress_homeostasis:cation_proton_antiport->cytoplasmic_ph_homeostasis[0]	MISSING_SNIPPET	WARN	reference=DOI:10.1038/nrmicro2549 has no snippet
data/traits/environment/acidotolerant.yaml	acidotolerant_acid_stress_homeostasis:inward_proton_leakage->cytoplasmic_ph_homeostasis[0]	MISSING_SNIPPET	WARN	reference=DOI:10.1038/nrmicro2549 has no snippet
data/traits/environment/acidotolerant.yaml	acidotolerant_acid_stress_homeostasis:membrane_lipid_remodeling->acidotolerant_trait[0]	MISSING_SNIPPET	WARN	reference=DOI:10.3390/microorganisms12091774 has no snippet
data/traits/environment/acidotolerant.yaml	acidotolerant_acid_stress_homeostasis:membrane_lipid_remodeling->inward_proton_leakage[0]	MISSING_SNIPPET	WARN	reference=DOI:10.1038/nrmicro2549 has no snippet
data/traits/environment/aerobic.yaml	aerobic_trait_mechanism:aerobic_respiration->reactive_oxygen_species[0]	MISSING_SNIPPET	WARN	reference=DOI:10.30970/sbi.1702.716 has no snippet
data/traits/environment/aerobic.yaml	aerobic_trait_mechanism:aerobic_trait->molecular_oxygen[0]	ELLIPTICAL_SNIPPET	ERROR	non-contiguous quote: 'obligate aerobe ... exposed to hypoxia, stops growing'
data/traits/environment/aerobic.yaml	aerobic_trait_mechanism:proton_motive_force->atp_synthesis[0]	MISSING_SNIPPET	WARN	reference=DOI:10.1038/s41579-021-00583-y has no snippet
data/traits/environment/aerobic.yaml	aerobic_trait_mechanism:quinone_pool->terminal_oxidases[0]	MISSING_SNIPPET	WARN	reference=DOI:10.1128/ecosalplus.esp-0012-2015 has no snippet
data/traits/environment/aerobic.yaml	aerobic_trait_mechanism:ros_scavenging_enzymes->reactive_oxygen_species[0]	MISSING_SNIPPET	WARN	reference=DOI:10.30970/sbi.1702.716 has no snippet
data/traits/environment/aerobic.yaml	aerobic_trait_mechanism:substrate_dehydrogenases->quinone_pool[0]	MISSING_SNIPPET	WARN	reference=DOI:10.1128/ecosalplus.esp-0012-2015 has no snippet
data/traits/environment/aerobic.yaml	aerobic_trait_mechanism:terminal_oxidases->molecular_oxygen[0]	MISSING_SNIPPET	WARN	reference=DOI:10.3390/antiox13030383 has no snippet
data/traits/environment/aerobic.yaml	aerobic_trait_mechanism:terminal_oxidases->proton_motive_force[0]	MISSING_SNIPPET	WARN	reference=DOI:10.3390/antiox13030383 has no snippet
data/traits/environment/aerotolerant.yaml	aerotolerant_anaerobe_ros_defense:aerotolerant_trait->anaerobic_growth[0]	ELLIPTICAL_SNIPPET	ERROR	non-contiguous quote: 'Aerotolerant anaerobes ... ROS defence ... Anaerobic growth'
data/traits/environment/aerotolerant.yaml	aerotolerant_anaerobe_ros_defense:catalase->hydrogen_peroxide_detoxification[0]	MISSING_SNIPPET	WARN	reference=DOI:10.1038/s43705-023-00251-7 has no snippet
data/traits/environment/aerotolerant.yaml	aerotolerant_anaerobe_ros_defense:nadh_peroxidase->hydrogen_peroxide[0]	MISSING_SNIPPET	WARN	reference=DOI:10.1038/s41598-023-41185-3 has no snippet
data/traits/environment/aerotolerant.yaml	aerotolerant_anaerobe_ros_defense:nadph_peroxidase->hydrogen_peroxide[0]	MISSING_SNIPPET	WARN	reference=DOI:10.1038/s41598-023-41185-3 has no snippet
data/traits/environment/aerotolerant.yaml	aerotolerant_anaerobe_ros_defense:rubrerythrin->hydrogen_peroxide[0]	MISSING_SNIPPET	WARN	reference=DOI:10.1038/s43705-023-00251-7 has no snippet
data/traits/environment/alkalotolerant.yaml	alkalotolerant_alkaline_stress_homeostasis:alkaline_external_ph->electrogenic_na_h_antiport[0]	MISSING_SNIPPET	WARN	reference=DOI:10.3390/ijms23169156 has no snippet
data/traits/environment/alkalotolerant.yaml	alkalotolerant_alkaline_stress_homeostasis:cell_surface_acidic_polymers->cytoplasmic_ph_homeostasis[0]	MISSING_SNIPPET	WARN	reference=DOI:10.1007/978-4-431-55408-0_4 has no snippet
data/traits/environment/alkalotolerant.yaml	alkalotolerant_alkaline_stress_homeostasis:cell_surface_acidic_polymers->hydroxide_ion[0]	MISSING_SNIPPET	WARN	reference=DOI:10.1128/MMBR.63.4.735-750.1999 has no snippet
data/traits/environment/alkalotolerant.yaml	alkalotolerant_alkaline_stress_homeostasis:cell_surface_acidic_polymers->sodium_ion[0]	MISSING_SNIPPET	WARN	reference=DOI:10.1128/MMBR.63.4.735-750.1999 has no snippet
data/traits/environment/alkalotolerant.yaml	alkalotolerant_alkaline_stress_homeostasis:sodium_motive_force->cytoplasmic_ph_homeostasis[0]	MISSING_SNIPPET	WARN	reference=DOI:10.1007/s11244-024-01919-7 has no snippet
data/traits/environment/alkaphilic.yaml	alkaliphilic_na_cycle_homeostasis:acidic_cell_envelope_polymers->surface_proton_retention[0]	MISSING_SNIPPET	WARN	reference=DOI:10.3389/fmicb.2022.842785 has no snippet
data/traits/environment/alkaphilic.yaml	alkaliphilic_na_cycle_homeostasis:alkaline_external_ph->cytoplasmic_ph_homeostasis[0]	ELLIPTICAL_SNIPPET	ERROR	non-contiguous quote: 'cytoplasmic pH ... below an external pH'
data/traits/environment/alkaphilic.yaml	alkaliphilic_na_cycle_homeostasis:atp_synthase_c_subunit_motifs->atp_synthase_proton_binding[0]	MISSING_SNIPPET	WARN	reference=DOI:10.1038/nrmicro2549 has no snippet
data/traits/environment/alkaphilic.yaml	alkaliphilic_na_cycle_homeostasis:atp_synthase_proton_binding->cytoplasmic_ph_homeostasis[0]	MISSING_SNIPPET	WARN	reference=DOI:10.1038/nrmicro2549 has no snippet
data/traits/environment/alkaphilic.yaml	alkaliphilic_na_cycle_homeostasis:mrp_antiporter_complex->cytoplasmic_ph_homeostasis[0]	MISSING_SNIPPET	WARN	reference=DOI:10.1038/nrmicro2549 has no snippet
data/traits/environment/alkaphilic.yaml	alkaliphilic_na_cycle_homeostasis:surface_proton_retention->cytoplasmic_ph_homeostasis[0]	MISSING_SNIPPET	WARN	reference=DOI:10.3389/fmicb.2022.842785 has no snippet
data/traits/environment/anaerobic.yaml	anaerobic_trait_oxygen_exclusion:alternative_electron_acceptors->anaerobic_respiration[0]	MISSING_SNIPPET	WARN	reference=DOI:10.1038/s41564-023-01560-2 has no snippet
data/traits/environment/anaerobic.yaml	anaerobic_trait_oxygen_exclusion:anaerobic_respiration->anaerobic_trait[0]	MISSING_SNIPPET	WARN	reference=DOI:10.1038/s41564-023-01560-2 has no snippet
data/traits/environment/anaerobic.yaml	anaerobic_trait_oxygen_exclusion:antioxidant_enzymes->reactive_oxygen_species[0]	MISSING_SNIPPET	WARN	reference=DOI:10.1038/s43705-023-00251-7 has no snippet
data/traits/environment/anaerobic.yaml	anaerobic_trait_oxygen_exclusion:antioxidant_enzymes->ros_detoxification[0]	MISSING_SNIPPET	WARN	reference=DOI:10.1038/s43705-023-00251-7 has no snippet
data/traits/environment/anaerobic.yaml	anaerobic_trait_oxygen_exclusion:respiratory_reductases->alternative_electron_acceptors[0]	MISSING_SNIPPET	WARN	reference=DOI:10.1038/s41564-023-01560-2 has no snippet
data/traits/environment/anaerobic.yaml	anaerobic_trait_oxygen_exclusion:ros_detoxification->reactive_oxygen_species[0]	MISSING_SNIPPET	WARN	reference=DOI:10.1038/s43705-023-00251-7 has no snippet
data/traits/environment/arsenic_tolerant.yaml	arsenic_tolerance_ars_efflux:acr3_pump->arsenite_export[0]	MISSING_SNIPPET	WARN	reference=DOI:10.3390/microorganisms12010074 has no snippet
data/traits/environment/arsenic_tolerant.yaml	arsenic_tolerance_ars_efflux:arsB_pump->arsenite_export[0]	MISSING_SNIPPET	WARN	reference=DOI:10.3390/antibiotics12091474 has no snippet
data/traits/environment/arsenic_tolerant.yaml	arsenic_tolerance_ars_efflux:arsC_reductase->arsenate[0]	MISSING_SNIPPET	WARN	reference=DOI:10.3389/fmicb.2020.00047 has no snippet
data/traits/environment/arsenic_tolerant.yaml	arsenic_tolerance_ars_efflux:arsC_reductase->arsenate_reduction[0]	MISSING_SNIPPET	WARN	reference=DOI:10.3390/antibiotics12091474 has no snippet
data/traits/environment/arsenic_tolerant.yaml	arsenic_tolerance_ars_efflux:arsM_methyltransferase->arsenite_methylation[0]	MISSING_SNIPPET	WARN	reference=DOI:10.7717/peerj.18383 has no snippet
data/traits/environment/arsenic_tolerant.yaml	arsenic_tolerance_ars_efflux:arsR_repressor->ars_promoter[0]	MISSING_SNIPPET	WARN	reference=DOI:10.3390/antibiotics12091474 has no snippet
data/traits/environment/arsenic_tolerant.yaml	arsenic_tolerance_ars_efflux:ars_operon->arsenite_export[0]	MISSING_SNIPPET	WARN	reference=DOI:10.3389/fmicb.2018.02473 has no snippet
data/traits/environment/arsenic_tolerant.yaml	arsenic_tolerance_ars_efflux:arsenate_reduction->arsenite[0]	MISSING_SNIPPET	WARN	reference=DOI:10.3390/antibiotics12091474 has no snippet
data/traits/environment/arsenic_tolerant.yaml	arsenic_tolerance_ars_efflux:arsenite->arsR_repressor[0]	MISSING_SNIPPET	WARN	reference=DOI:10.3389/fmicb.2024.1494872 has no snippet
data/traits/environment/arsenic_tolerant.yaml	arsenic_tolerance_ars_efflux:arsenite->arsenic_tolerant_trait[0]	MISSING_SNIPPET	WARN	reference=DOI:10.3389/fmicb.2020.00047 has no snippet
data/traits/environment/arsenic_tolerant.yaml	arsenic_tolerance_ars_efflux:arsenite_export->arsenite[0]	MISSING_SNIPPET	WARN	reference=DOI:10.3389/fmicb.2018.02473 has no snippet
data/traits/environment/arsenic_tolerant.yaml	arsenic_tolerance_ars_efflux:arsenite_methylation->arsenite[0]	MISSING_SNIPPET	WARN	reference=DOI:10.7717/peerj.18383 has no snippet
data/traits/environment/cadmium_tolerant.yaml	cadmium_tolerance_czc_efflux:cada_ptype_atpase->cadmium_export[0]	MISSING_SNIPPET	WARN	reference=DOI:10.1007/s40201-023-00887-6 has no snippet
data/traits/environment/cadmium_tolerant.yaml	cadmium_tolerance_czc_efflux:cadmium_export->cadmium_ion[0]	MISSING_SNIPPET	WARN	reference=DOI:10.1111/j.1365-2958.2009.06792.x has no snippet
data/traits/environment/cadmium_tolerant.yaml	cadmium_tolerance_czc_efflux:cadmium_ion->cadmium_tolerant_trait[0]	MISSING_SNIPPET	WARN	reference=DOI:10.3389/fmicb.2020.00047 has no snippet
data/traits/environment/cadmium_tolerant.yaml	cadmium_tolerance_czc_efflux:cadmium_sequestration->cadmium_ion[0]	MISSING_SNIPPET	WARN	reference=DOI:10.1007/s40201-023-00887-6 has no snippet
data/traits/environment/cadmium_tolerant.yaml	cadmium_tolerance_czc_efflux:czc_efflux_system->cadmium_export[0]	MISSING_SNIPPET	WARN	reference=DOI:10.1111/j.1365-2958.2009.06792.x has no snippet
data/traits/environment/cadmium_tolerant.yaml	cadmium_tolerance_czc_efflux:metallothionein_proteins->cadmium_sequestration[0]	MISSING_SNIPPET	WARN	reference=DOI:10.1007/s40201-023-00887-6 has no snippet
data/traits/environment/cadmium_tolerant.yaml	cadmium_tolerance_czc_efflux:zinc_ion->czc_efflux_system[0]	MISSING_SNIPPET	WARN	reference=DOI:10.1007/s40201-023-00887-6 has no snippet
data/traits/environment/cobalt_tolerant.yaml	cobalt_tolerance_czc_cnr_efflux:cnr_operon->cobalt_tolerant_trait[0]	MISSING_SNIPPET	WARN	reference=DOI:10.1007/s44274-025-00301-y has no snippet
data/traits/environment/cobalt_tolerant.yaml	cobalt_tolerance_czc_cnr_efflux:cobalt_efflux_system->cobalt_export[0]	MISSING_SNIPPET	WARN	reference=DOI:10.1111/j.1365-2958.2009.06792.x has no snippet
data/traits/environment/cobalt_tolerant.yaml	cobalt_tolerance_czc_cnr_efflux:cobalt_export->cobalt_homeostasis[0]	MISSING_SNIPPET	WARN	reference=DOI:10.1093/mtomcs/mfae058 has no snippet
data/traits/environment/cobalt_tolerant.yaml	cobalt_tolerance_czc_cnr_efflux:cobalt_export->cobalt_ion[0]	MISSING_SNIPPET	WARN	reference=DOI:10.1111/j.1365-2958.2009.06792.x has no snippet
data/traits/environment/cobalt_tolerant.yaml	cobalt_tolerance_czc_cnr_efflux:cobalt_ion->cobalt_tolerant_trait[0]	MISSING_SNIPPET	WARN	reference=DOI:10.3389/fmicb.2020.00047 has no snippet
data/traits/environment/cobalt_tolerant.yaml	cobalt_tolerance_czc_cnr_efflux:czcCBA_complex->cobalt_ion[0]	MISSING_SNIPPET	WARN	reference=DOI:10.3390/ijms26125716 has no snippet
data/traits/environment/cobalt_tolerant.yaml	cobalt_tolerance_czc_cnr_efflux:czcCBA_expression->cobalt_export[0]	MISSING_SNIPPET	WARN	reference=DOI:10.3390/ijms26125716 has no snippet
data/traits/environment/cobalt_tolerant.yaml	cobalt_tolerance_czc_cnr_efflux:czcRS_two_component->czcCBA_expression[0]	MISSING_SNIPPET	WARN	reference=DOI:10.3390/ijms26125716 has no snippet
data/traits/environment/cobalt_tolerant.yaml	cobalt_tolerance_czc_cnr_efflux:dmeF_exporter->cobalt_ion[0]	MISSING_SNIPPET	WARN	reference=DOI:10.1007/s44274-025-00301-y has no snippet
data/traits/environment/cobalt_tolerant.yaml	cobalt_tolerance_czc_cnr_efflux:rcnA_exporter->cobalt_export[0]	MISSING_SNIPPET	WARN	reference=DOI:10.1128/JB.187.8.2912-2916.2005 has no snippet
data/traits/environment/copper_tolerant.yaml	copper_tolerance_cop_efflux:copper_efflux_system->copper_transport[0]	MISSING_SNIPPET	WARN	reference=DOI:10.1007/s10565-013-9262-1 has no snippet
data/traits/environment/copper_tolerant.yaml	copper_tolerance_cop_efflux:copper_ion->copper_tolerant_trait[0]	MISSING_SNIPPET	WARN	reference=DOI:10.3389/fmicb.2020.00047 has no snippet
data/traits/environment/copper_tolerant.yaml	copper_tolerance_cop_efflux:copper_ion->ros_oxidative_damage[0]	MISSING_SNIPPET	WARN	reference=DOI:10.3390/antibiotics12091474 has no snippet
data/traits/environment/copper_tolerant.yaml	copper_tolerance_cop_efflux:copper_transport->copper_ion[0]	MISSING_SNIPPET	WARN	reference=DOI:10.1007/s10565-013-9262-1 has no snippet
data/traits/environment/copper_tolerant.yaml	copper_tolerance_cop_efflux:copper_transport->ros_oxidative_damage[0]	MISSING_SNIPPET	WARN	reference=DOI:10.3390/antibiotics12091474 has no snippet
data/traits/environment/copper_tolerant.yaml	copper_tolerance_cop_efflux:cu1_oxidation->copper_ion[0]	MISSING_SNIPPET	WARN	reference=DOI:10.3390/antibiotics12091474 has no snippet
data/traits/environment/copper_tolerant.yaml	copper_tolerance_cop_efflux:multicopper_oxidase->cu1_oxidation[0]	MISSING_SNIPPET	WARN	reference=DOI:10.3390/antibiotics12091474 has no snippet
data/traits/environment/delta_phenotype_with_numerical_limits.yaml	delta_phenotype_breadth_descriptor:compatible_solutes->membrane_fluidity[0]	MISSING_SNIPPET	WARN	reference=DOI:10.37256/amtt.5220244537 has no snippet
data/traits/environment/delta_phenotype_with_numerical_limits.yaml	delta_phenotype_breadth_descriptor:core_metabolism->temperature_delta[0]	MISSING_SNIPPET	WARN	reference=DOI:10.1128/msystems.01124-22 has no snippet
data/traits/environment/delta_phenotype_with_numerical_limits.yaml	delta_phenotype_breadth_descriptor:fatty_acid_ratio->membrane_fluidity[0]	MISSING_SNIPPET	WARN	reference=DOI:10.1007/s12275-023-00031-x has no snippet
data/traits/environment/delta_phenotype_with_numerical_limits.yaml	delta_phenotype_breadth_descriptor:homeoviscous_adaptation->membrane_fluidity[0]	MISSING_SNIPPET	WARN	reference=DOI:10.1039/d4cc03114h has no snippet
data/traits/environment/delta_phenotype_with_numerical_limits.yaml	delta_phenotype_breadth_descriptor:membrane_fluidity->delta_phenotype_trait[0]	MISSING_SNIPPET	WARN	reference=DOI:10.1039/d4cc03114h has no snippet
data/traits/environment/desiccation_tolerant.yaml	desiccation_anhydrobiosis_repair:anhydrobiosis_state->desiccation_tolerant_trait[0]	MISSING_SNIPPET	WARN	reference=DOI:10.3390/microorganisms10020432 has no snippet
data/traits/environment/desiccation_tolerant.yaml	desiccation_anhydrobiosis_repair:catalase_activity->oxidative_stress[0]	MISSING_SNIPPET	WARN	reference=DOI:10.1021/acs.chemrev.2c00659 has no snippet
data/traits/environment/desiccation_tolerant.yaml	desiccation_anhydrobiosis_repair:chaperone_activity->protein_aggregation[0]	MISSING_SNIPPET	WARN	reference=DOI:10.1007/s00203-023-03683-w has no snippet
data/traits/environment/desiccation_tolerant.yaml	desiccation_anhydrobiosis_repair:desiccation_idps->trehalose[0]	MISSING_SNIPPET	WARN	reference=DOI:10.7554/eLife.97231 has no snippet
data/traits/environment/desiccation_tolerant.yaml	desiccation_anhydrobiosis_repair:dsb_repair->desiccation_tolerant_trait[0]	MISSING_SNIPPET	WARN	reference=DOI:10.3390/genes14091803 has no snippet
data/traits/environment/desiccation_tolerant.yaml	desiccation_anhydrobiosis_repair:sod_activity->oxidative_stress[0]	MISSING_SNIPPET	WARN	reference=DOI:10.1021/acs.chemrev.2c00659 has no snippet
data/traits/environment/desiccation_tolerant.yaml	desiccation_anhydrobiosis_repair:trehalose->plasma_membrane[0]	MISSING_SNIPPET	WARN	reference=DOI:10.1007/s00203-023-03683-w has no snippet
data/traits/environment/desiccation_tolerant.yaml	desiccation_anhydrobiosis_repair:trehalose->vitrification[0]	MISSING_SNIPPET	WARN	reference=DOI:10.1038/s41598-023-31586-9 has no snippet
data/traits/environment/desiccation_tolerant.yaml	desiccation_anhydrobiosis_repair:water_loss->anhydrobiosis_state[0]	MISSING_SNIPPET	WARN	reference=DOI:10.3390/microorganisms10020432 has no snippet
data/traits/environment/desiccation_tolerant.yaml	desiccation_anhydrobiosis_repair:water_loss->oxidative_stress[0]	MISSING_SNIPPET	WARN	reference=DOI:10.1021/acs.chemrev.2c00659 has no snippet
data/traits/environment/euryhaline.yaml	euryhaline_wide_salinity_tolerance:choline->glycine_betaine[0]	MISSING_SNIPPET	WARN	reference=DOI:10.3389/fmicb.2023.1192059 has no snippet
data/traits/environment/euryhaline.yaml	euryhaline_wide_salinity_tolerance:ectoine->osmotic_imbalance[0]	MISSING_SNIPPET	WARN	reference=DOI:10.3389/fmicb.2023.1192059 has no snippet
data/traits/environment/euryhaline.yaml	euryhaline_wide_salinity_tolerance:ectoine_biosynthesis->ectoine[0]	MISSING_SNIPPET	WARN	reference=DOI:10.3389/fmicb.2023.1192059 has no snippet
data/traits/environment/euryhaline.yaml	euryhaline_wide_salinity_tolerance:glycine_betaine->osmotic_imbalance[0]	MISSING_SNIPPET	WARN	reference=DOI:10.3389/fmicb.2023.1192059 has no snippet
data/traits/environment/euryhaline.yaml	euryhaline_wide_salinity_tolerance:glycine_betaine_biosynthesis->glycine_betaine[0]	MISSING_SNIPPET	WARN	reference=DOI:10.3389/fmicb.2023.1192059 has no snippet
data/traits/environment/euryhaline.yaml	euryhaline_wide_salinity_tolerance:mechanosensitive_channels->osmotic_downshock[0]	MISSING_SNIPPET	WARN	reference=DOI:10.3390/microorganisms12081738 has no snippet
data/traits/environment/euryhaline.yaml	euryhaline_wide_salinity_tolerance:na_h_antiporter->cytoplasmic_sodium[0]	MISSING_SNIPPET	WARN	reference=DOI:10.3390/microorganisms12081738 has no snippet
data/traits/environment/euryhaline.yaml	euryhaline_wide_salinity_tolerance:proteome_acidification->euryhaline_trait[0]	MISSING_SNIPPET	WARN	reference=DOI:10.1126/sciadv.adg2059 has no snippet
data/traits/environment/extreme_hyperthermophilic.yaml	extreme_hyperthermophilic_archaeal_adaptation:dna_positive_supercoiling->dna_thermal_denaturation[0]	MISSING_SNIPPET	WARN	reference=DOI:10.1264/jsme2.me23087 has no snippet
data/traits/environment/extreme_hyperthermophilic.yaml	extreme_hyperthermophilic_archaeal_adaptation:grs_cyclization_enzymes->membrane_integrity_high_temp[0]	MISSING_SNIPPET	WARN	reference=DOI:10.1007/s00792-023-01330-2 has no snippet
data/traits/environment/extreme_hyperthermophilic.yaml	extreme_hyperthermophilic_archaeal_adaptation:reverse_gyrase->dna_positive_supercoiling[0]	MISSING_SNIPPET	WARN	reference=DOI:10.1264/jsme2.me23087 has no snippet
data/traits/environment/extreme_hyperthermophilic.yaml	extreme_hyperthermophilic_archaeal_adaptation:reverse_gyrase->thermally_damaged_dna[0]	MISSING_SNIPPET	WARN	reference=DOI:10.1093/nar/gkh683 has no snippet
data/traits/environment/extreme_hyperthermophilic.yaml	extreme_hyperthermophilic_archaeal_adaptation:tetraether_lipids->membrane_integrity_high_temp[0]	MISSING_SNIPPET	WARN	reference=DOI:10.1186/2046-0481-57-6-348 has no snippet
data/traits/environment/extremely_halophilic.yaml	extreme_halophile_salt_in_acidic_proteome:acidic_halophilic_proteins->protein_solubility_high_salt[0]	MISSING_SNIPPET	WARN	reference=DOI:10.3390/microorganisms12081738 has no snippet
data/traits/environment/extremely_halophilic.yaml	extreme_halophile_salt_in_acidic_proteome:hypersaline_brine->osmotic_stress[0]	MISSING_SNIPPET	WARN	reference=DOI:10.1186/s12934-024-02358-5 has no snippet
data/traits/environment/extremely_halophilic.yaml	extreme_halophile_salt_in_acidic_proteome:hypersaline_brine->s_layer_n_glycosylation[0]	MISSING_SNIPPET	WARN	reference=DOI:10.3390/v15071469 has no snippet
data/traits/environment/extremely_halophilic.yaml	extreme_halophile_salt_in_acidic_proteome:na_h_antiporter->sodium_efflux[0]	MISSING_SNIPPET	WARN	reference=DOI:10.3390/microorganisms12081738 has no snippet
data/traits/environment/extremely_halophilic.yaml	extreme_halophile_salt_in_acidic_proteome:osmotic_stress->potassium_ion[0]	MISSING_SNIPPET	WARN	reference=DOI:10.1186/s12934-024-02358-5 has no snippet
data/traits/environment/extremely_halophilic.yaml	extreme_halophile_salt_in_acidic_proteome:s_layer_n_glycosylation->s_layer_stability[0]	MISSING_SNIPPET	WARN	reference=DOI:10.3390/v15071469 has no snippet
data/traits/environment/facultative_oxygen_preference.yaml	facultative_oxygen_preference_switching:molecular_oxygen->terminal_oxidase_cytochrome_bd[0]	MISSING_SNIPPET	WARN	reference=DOI:10.1128/jb.00389-22 has no snippet
data/traits/environment/facultative_oxygen_preference.yaml	facultative_oxygen_preference_switching:nitrate_electron_acceptor->anaerobic_respiration_or_fermentation[0]	MISSING_SNIPPET	WARN	reference=DOI:10.1128/msphere.00774-23 has no snippet
data/traits/environment/facultative_oxygen_preference.yaml	facultative_oxygen_preference_switching:oxygen_sensing_regulation->aerobic_energy_pathways[0]	MISSING_SNIPPET	WARN	reference=DOI:10.1128/aem.01491-23 has no snippet
data/traits/environment/facultative_oxygen_preference.yaml	facultative_oxygen_preference_switching:oxygen_sensing_regulation->anaerobic_metabolism_genes[0]	MISSING_SNIPPET	WARN	reference=DOI:10.1128/aem.01491-23 has no snippet
data/traits/environment/facultative_psychrophilic.yaml	facultative_psychrophilic_cold_tolerance:cold_shock_proteins->rna_secondary_structure[0]	MISSING_SNIPPET	WARN	reference=DOI:10.1007/s42770-023-01057-4 has no snippet
data/traits/environment/facultative_psychrophilic.yaml	facultative_psychrophilic_cold_tolerance:compatible_solutes->facultative_psychrophilic_trait[0]	MISSING_SNIPPET	WARN	reference=DOI:10.3389/fmicb.2023.1197797 has no snippet
data/traits/environment/facultative_psychrophilic.yaml	facultative_psychrophilic_cold_tolerance:exopolysaccharides->freeze_thaw_cycles[0]	MISSING_SNIPPET	WARN	reference=DOI:10.37256/amtt.5220244537 has no snippet
data/traits/environment/facultative_psychrophilic.yaml	facultative_psychrophilic_cold_tolerance:fatty_acid_desaturase->unsaturated_fatty_acids[0]	MISSING_SNIPPET	WARN	reference=DOI:10.1016/B978-0-12-809633-8.02282-2 has no snippet
data/traits/environment/facultative_psychrophilic.yaml	facultative_psychrophilic_cold_tolerance:low_temperature->two_component_system[0]	MISSING_SNIPPET	WARN	reference=DOI:10.1007/s42770-023-01057-4 has no snippet
data/traits/environment/facultative_psychrophilic.yaml	facultative_psychrophilic_cold_tolerance:trehalose->facultative_psychrophilic_trait[0]	MISSING_SNIPPET	WARN	reference=DOI:10.1038/s41598-023-41323-x has no snippet
data/traits/environment/facultatively_acidophilic.yaml	facultatively_acidophilic_ph_homeostasis:acidic_external_ph->near_neutral_cytoplasm[0]	MISSING_SNIPPET	WARN	reference=DOI:10.3389/fmicb.2021.822229 has no snippet
data/traits/environment/facultatively_acidophilic.yaml	facultatively_acidophilic_ph_homeostasis:cytoplasmic_buffering->intracellular_ph[0]	MISSING_SNIPPET	WARN	reference=DOI:10.3389/fmicb.2023.1149903 has no snippet
data/traits/environment/facultatively_acidophilic.yaml	facultatively_acidophilic_ph_homeostasis:glutamate_decarboxylase_system->proton[0]	MISSING_SNIPPET	WARN	reference=DOI:10.3389/fmicb.2021.822229 has no snippet
data/traits/environment/facultatively_acidophilic.yaml	facultatively_acidophilic_ph_homeostasis:hopanoid_biosynthesis->membrane_proton_permeability[0]	MISSING_SNIPPET	WARN	reference=DOI:10.3389/fmicb.2021.822229 has no snippet
data/traits/environment/facultatively_acidophilic.yaml	facultatively_acidophilic_ph_homeostasis:impermeable_membrane->proton[0]	MISSING_SNIPPET	WARN	reference=DOI:10.3389/fmicb.2023.1149903 has no snippet
data/traits/environment/facultatively_acidophilic.yaml	facultatively_acidophilic_ph_homeostasis:inside_positive_membrane_potential->cytoplasmic_ph_homeostasis[0]	MISSING_SNIPPET	WARN	reference=DOI:10.3389/fmicb.2021.822229 has no snippet
data/traits/environment/facultatively_acidophilic.yaml	facultatively_acidophilic_ph_homeostasis:potassium_ion->inside_positive_membrane_potential[0]	MISSING_SNIPPET	WARN	reference=DOI:10.3389/fmicb.2021.822229 has no snippet
data/traits/environment/facultatively_acidophilic.yaml	facultatively_acidophilic_ph_homeostasis:proton_export_pumps->proton[0]	MISSING_SNIPPET	WARN	reference=DOI:10.3389/fmicb.2021.822229 has no snippet
data/traits/environment/facultatively_aerobic.yaml	facultative_aerobe_oxygen_flexible_growth:arcab_system->aerobic_respiration[0]	MISSING_SNIPPET	WARN	reference=DOI:10.1128/mbio.01448-23 has no snippet
data/traits/environment/facultatively_aerobic.yaml	facultative_aerobe_oxygen_flexible_growth:cytochrome_bd_oxidase->molecular_oxygen[0]	MISSING_SNIPPET	WARN	reference=DOI:10.1128/aem.00378-23 has no snippet
data/traits/environment/facultatively_aerobic.yaml	facultative_aerobe_oxygen_flexible_growth:fnr_type_regulation->aerobic_metabolism_genes[0]	MISSING_SNIPPET	WARN	reference=DOI:10.1093/nar/gkad750 has no snippet
data/traits/environment/facultatively_aerobic.yaml	facultative_aerobe_oxygen_flexible_growth:fnr_type_regulation->anaerobic_metabolism_genes[0]	MISSING_SNIPPET	WARN	reference=DOI:10.1093/nar/gkad750 has no snippet
data/traits/environment/facultatively_aerobic.yaml	facultative_aerobe_oxygen_flexible_growth:molecular_oxygen->fnr_type_regulation[0]	MISSING_SNIPPET	WARN	reference=DOI:10.1093/nar/gkad750 has no snippet
data/traits/environment/facultatively_aerobic.yaml	facultative_aerobe_oxygen_flexible_growth:terminal_acceptor_availability->terminal_branch_choice[0]	MISSING_SNIPPET	WARN	reference=DOI:10.1128/jb.00389-22 has no snippet
data/traits/environment/facultatively_alkaphilic.yaml	facultatively_alkaphilic_sodium_cycle_homeostasis:acidic_cell_wall_components->proton[0]	MISSING_SNIPPET	WARN	reference=DOI:10.3389/fmicb.2018.02331 has no snippet
data/traits/environment/facultatively_alkaphilic.yaml	facultatively_alkaphilic_sodium_cycle_homeostasis:alkaline_external_ph->na_h_antiport_activity[0]	MISSING_SNIPPET	WARN	reference=DOI:10.3389/fbioe.2015.00075 has no snippet
data/traits/environment/facultatively_alkaphilic.yaml	facultatively_alkaphilic_sodium_cycle_homeostasis:cytoplasmic_ph_homeostasis->facultatively_alkaphilic_trait[0]	ELLIPTICAL_SNIPPET	ERROR	non-contiguous quote: 'pH homeostasis ... appears to set the upper pH limit for growth'
data/traits/environment/facultatively_alkaphilic.yaml	facultatively_alkaphilic_sodium_cycle_homeostasis:f1fo_atp_synthase->atp_production_alkaline[0]	MISSING_SNIPPET	WARN	reference=DOI:10.3389/fbioe.2015.00075 has no snippet
data/traits/environment/facultatively_alkaphilic.yaml	facultatively_alkaphilic_sodium_cycle_homeostasis:na_h_antiport_activity->cytoplasmic_ph_homeostasis[0]	MISSING_SNIPPET	WARN	reference=DOI:10.1007/978-981-19-1573-4_3 has no snippet
data/traits/environment/facultatively_alkaphilic.yaml	facultatively_alkaphilic_sodium_cycle_homeostasis:sodium_proton_antiporter->sodium_ion[0]	UNSUPPORTIVE_SNIPPET	WARN	10 chars, supports nothing specific: 'Na+ efflux'
data/traits/environment/facultatively_anaerobic.yaml	facultative_anaerobe_oxygen_switch:alternative_electron_acceptors->anaerobic_etc[0]	MISSING_SNIPPET	WARN	reference=DOI:10.1038/s41467-024-51029-x has no snippet
data/traits/environment/facultatively_anaerobic.yaml	facultative_anaerobe_oxygen_switch:anaerobic_etc->anaerobic_respiration[0]	MISSING_SNIPPET	WARN	reference=DOI:10.1038/s41467-024-51029-x has no snippet
data/traits/environment/facultatively_anaerobic.yaml	facultative_anaerobe_oxygen_switch:arca_regulator->aerobic_respiration[0]	MISSING_SNIPPET	WARN	reference=DOI:10.1128/mbio.01448-23 has no snippet
data/traits/environment/facultatively_anaerobic.yaml	facultative_anaerobe_oxygen_switch:molecular_oxygen->fnr_regulator[0]	MISSING_SNIPPET	WARN	reference=DOI:10.1101/2025.01.08.631794 has no snippet
data/traits/environment/growth_range_phenotype_with_numerical_limits.yaml	evidence[1]	UNSUPPORTIVE_SNIPPET	WARN	11 chars, supports nothing specific: 'external pH'
data/traits/environment/growth_range_phenotype_with_numerical_limits.yaml	growth_range_phenotype_descriptor:aa_decarboxylase_antiporter->cytoplasmic_ph_homeostasis[0]	MISSING_SNIPPET	WARN	reference=DOI:10.1093/femsre/fuad033 has no snippet
data/traits/environment/growth_range_phenotype_with_numerical_limits.yaml	growth_range_phenotype_descriptor:cation_proton_antiporter->cytoplasm_acidification[0]	MISSING_SNIPPET	WARN	reference=DOI:10.1093/femsre/fuad033 has no snippet
data/traits/environment/growth_range_phenotype_with_numerical_limits.yaml	growth_range_phenotype_descriptor:compatible_solute_accumulation->nacl_range[0]	MISSING_SNIPPET	WARN	reference=DOI:10.1093/femsre/fuad033 has no snippet
data/traits/environment/growth_range_phenotype_with_numerical_limits.yaml	growth_range_phenotype_descriptor:cytoplasm_acidification->ph_range[0]	MISSING_SNIPPET	WARN	reference=DOI:10.1093/femsre/fuad033 has no snippet
data/traits/environment/growth_range_phenotype_with_numerical_limits.yaml	growth_range_phenotype_descriptor:hypertonic_salinity_increase->cell_shrinkage_low_turgor[0]	MISSING_SNIPPET	WARN	reference=DOI:10.1093/femsre/fuad033 has no snippet
data/traits/environment/growth_range_phenotype_with_numerical_limits.yaml	growth_range_phenotype_descriptor:opua_glycine_betaine_uptake->compatible_solute_accumulation[0]	MISSING_SNIPPET	WARN	reference=DOI:10.1093/femsre/fuad033 has no snippet
data/traits/environment/growth_range_phenotype_with_numerical_limits.yaml	growth_range_phenotype_descriptor:ph_range->cytoplasmic_ph_homeostasis[0]	MISSING_SNIPPET	WARN	reference=DOI:10.1093/femsre/fuad033 has no snippet
data/traits/environment/growth_range_phenotype_with_numerical_limits.yaml	growth_range_phenotype_descriptor:ph_range->growth_range_phenotype_trait[0]	UNSUPPORTIVE_SNIPPET	WARN	11 chars, supports nothing specific: 'external pH'
data/traits/environment/growth_range_phenotype_with_numerical_limits.yaml	growth_range_phenotype_descriptor:proton_pumping_atpase_respiration->prevent_cytoplasm_acidification[0]	MISSING_SNIPPET	WARN	reference=DOI:10.1093/femsre/fuad033 has no snippet
data/traits/environment/haloalkaliphilic.yaml	haloalkaliphilic_salt_alkaline_adaptation:choline_oxidation_pathway->glycine_betaine[0]	MISSING_SNIPPET	WARN	reference=DOI:10.1038/s44185-024-00050-w has no snippet
data/traits/environment/haloalkaliphilic.yaml	haloalkaliphilic_salt_alkaline_adaptation:compatible_solute_strategy->ectoine[0]	MISSING_SNIPPET	WARN	reference=DOI:10.3389/fmicb.2025.1550346 has no snippet
data/traits/environment/haloalkaliphilic.yaml	haloalkaliphilic_salt_alkaline_adaptation:haloalkaliphilic_trait->compatible_solute_strategy[0]	MISSING_SNIPPET	WARN	reference=DOI:10.1038/s44185-024-00050-w has no snippet
data/traits/environment/haloalkaliphilic.yaml	haloalkaliphilic_salt_alkaline_adaptation:haloalkaliphilic_trait->salt_in_strategy[0]	MISSING_SNIPPET	WARN	reference=DOI:10.1038/s44185-024-00050-w has no snippet
data/traits/environment/haloalkaliphilic.yaml	haloalkaliphilic_salt_alkaline_adaptation:na_efflux_ph_regulation->alkaline_ph_homeostasis[0]	MISSING_SNIPPET	WARN	reference=DOI:10.3389/fmicb.2025.1550346 has no snippet
data/traits/environment/haloalkaliphilic.yaml	haloalkaliphilic_salt_alkaline_adaptation:na_h_antiport->na_efflux_ph_regulation[0]	MISSING_SNIPPET	WARN	reference=DOI:10.3389/fmicb.2025.1550346 has no snippet
data/traits/environment/halophilic.yaml	halophilic_osmoadaptation:ectABC_operon->ectoine[0]	MISSING_SNIPPET	WARN	reference=DOI:10.1128/aem.00479-23 has no snippet
data/traits/environment/halophilic.yaml	halophilic_osmoadaptation:ectoine->compatible_solutes[0]	MISSING_SNIPPET	WARN	reference=DOI:10.1128/aem.00479-23 has no snippet
data/traits/environment/halophilic.yaml	halophilic_osmoadaptation:high_salt_environment->halophilic_trait[0]	ELLIPTICAL_SNIPPET	ERROR	non-contiguous quote: 'Hypersaline environments ... inhabited by halophilic'
data/traits/environment/halophilic.yaml	halophilic_osmoadaptation:k_uniport->potassium_ion[0]	MISSING_SNIPPET	WARN	reference=DOI:10.3390/microorganisms12081738 has no snippet
data/traits/environment/halophilic.yaml	halophilic_osmoadaptation:l_aspartic_acid->ectoine[0]	MISSING_SNIPPET	WARN	reference=DOI:10.1128/aem.00479-23 has no snippet
data/traits/environment/halophilic.yaml	halophilic_osmoadaptation:na_h_antiporter->sodium_ion[0]	MISSING_SNIPPET	WARN	reference=DOI:10.3390/microorganisms12081738 has no snippet
data/traits/environment/halophilic.yaml	halophilic_osmoadaptation:salt_in_strategy->acidified_proteome[0]	MISSING_SNIPPET	WARN	reference=DOI:10.3390/microorganisms12081738 has no snippet
data/traits/environment/halophilic.yaml	halophilic_osmoadaptation:sodium_chloride->oxidative_stress[0]	MISSING_SNIPPET	WARN	reference=DOI:10.1186/s12934-024-02358-5 has no snippet
data/traits/environment/halophily_preference.yaml	halophily_preference_osmoadaptation:acidified_proteome->protein_solubility[0]	MISSING_SNIPPET	WARN	reference=DOI:10.3390/microorganisms12081738 has no snippet
data/traits/environment/halophily_preference.yaml	halophily_preference_osmoadaptation:environmental_salinity->acidified_proteome[0]	MISSING_SNIPPET	WARN	reference=DOI:10.3390/microorganisms12081738 has no snippet
data/traits/environment/halophily_preference.yaml	halophily_preference_osmoadaptation:mechanosensitive_channels->solute_efflux[0]	MISSING_SNIPPET	WARN	reference=DOI:10.3390/microorganisms12081738 has no snippet
data/traits/environment/halophily_preference.yaml	halophily_preference_osmoadaptation:na_h_antiporter->sodium_ion[0]	MISSING_SNIPPET	WARN	reference=DOI:10.3390/microorganisms12081738 has no snippet
data/traits/environment/halophily_preference.yaml	halophily_preference_osmoadaptation:osmotic_stress->mechanosensitive_channels[0]	MISSING_SNIPPET	WARN	reference=DOI:10.3390/microorganisms12081738 has no snippet
data/traits/environment/halophily_preference.yaml	halophily_preference_osmoadaptation:osmotic_stress->na_h_antiporter[0]	MISSING_SNIPPET	WARN	reference=DOI:10.3390/microorganisms12081738 has no snippet
data/traits/environment/halophily_preference.yaml	halophily_preference_osmoadaptation:proton_electrochemical_gradient->na_h_antiporter[0]	MISSING_SNIPPET	WARN	reference=DOI:10.3390/microorganisms12081738 has no snippet
data/traits/environment/halotolerant.yaml	halotolerant_salt_stress_response:betA_betB->glycine_betaine_biosynthesis[0]	MISSING_SNIPPET	WARN	reference=DOI:10.58088/07hg-r941 has no snippet
data/traits/environment/halotolerant.yaml	halotolerant_salt_stress_response:ectABC_operon->ectoine_biosynthesis[0]	MISSING_SNIPPET	WARN	reference=DOI:10.58088/07hg-r941 has no snippet
data/traits/environment/halotolerant.yaml	halotolerant_salt_stress_response:ectoine_biosynthesis->compatible_solutes[0]	MISSING_SNIPPET	WARN	reference=DOI:10.58088/07hg-r941 has no snippet
data/traits/environment/halotolerant.yaml	halotolerant_salt_stress_response:glycine_betaine_biosynthesis->compatible_solutes[0]	MISSING_SNIPPET	WARN	reference=DOI:10.58088/07hg-r941 has no snippet
data/traits/environment/halotolerant.yaml	halotolerant_salt_stress_response:osmotic_stress->compatible_solute_accumulation[0]	MISSING_SNIPPET	WARN	reference=DOI:10.58088/07hg-r941 has no snippet
data/traits/environment/halotolerant.yaml	halotolerant_salt_stress_response:salt_out_strategy->compatible_solute_accumulation[0]	MISSING_SNIPPET	WARN	reference=DOI:10.1038/s41598-024-63581-z has no snippet
data/traits/environment/hyperthermophilic.yaml	hyperthermophilic_thermostability:cdpg->archaeal_proteins[0]	MISSING_SNIPPET	WARN	reference=DOI:10.3389/fmicb.2023.1267570 has no snippet
data/traits/environment/hyperthermophilic.yaml	hyperthermophilic_thermostability:cdpg->dna_oxidative_damage[0]	MISSING_SNIPPET	WARN	reference=DOI:10.3389/fmicb.2023.1267570 has no snippet
data/traits/environment/hyperthermophilic.yaml	hyperthermophilic_thermostability:gmgt_lipids->membrane_rigidity[0]	MISSING_SNIPPET	WARN	reference=DOI:10.1038/s41467-024-49650-x has no snippet
data/traits/environment/hyperthermophilic.yaml	hyperthermophilic_thermostability:gms_synthase->gmgt_lipids[0]	MISSING_SNIPPET	WARN	reference=DOI:10.1073/pnas.2318761121 has no snippet
data/traits/environment/hyperthermophilic.yaml	hyperthermophilic_thermostability:macrocyclic_archaeol->membrane_rigidity[0]	MISSING_SNIPPET	WARN	reference=DOI:10.1128/msystems.01159-22 has no snippet
data/traits/environment/hyperthermophilic.yaml	hyperthermophilic_thermostability:thermostable_enzymes->hyperthermophilic_trait[0]	ELLIPTICAL_SNIPPET	ERROR	non-contiguous quote: 'thermostable ... optimally active at high temperatures'
data/traits/environment/hyperthermophilic.yaml	hyperthermophilic_thermostability:very_high_temperature->gmgt_lipids[0]	MISSING_SNIPPET	WARN	reference=DOI:10.1073/pnas.2318761121 has no snippet
data/traits/environment/ionizing_radiation_tolerant.yaml	ionizing_radiation_tolerance_dsb_repair:dsb_repair->dsb_clustered_lesions[0]	MISSING_SNIPPET	WARN	reference=DOI:10.1007/978-3-031-18810-7_9 has no snippet
data/traits/environment/ionizing_radiation_tolerant.yaml	ionizing_radiation_tolerance_dsb_repair:dsb_repair->ionizing_tolerant_trait[0]	MISSING_SNIPPET	WARN	reference=DOI:10.3390/genes14091803 has no snippet
data/traits/environment/ionizing_radiation_tolerant.yaml	ionizing_radiation_tolerance_dsb_repair:gamma_radiation->dsb_clustered_lesions[0]	MISSING_SNIPPET	WARN	reference=DOI:10.1007/978-3-031-18810-7_9 has no snippet
data/traits/environment/ionizing_radiation_tolerant.yaml	ionizing_radiation_tolerance_dsb_repair:gamma_radiation->ionizing_tolerant_trait[0]	MISSING_SNIPPET	WARN	reference=DOI:10.3390/genes14091803 has no snippet
data/traits/environment/ionizing_radiation_tolerant.yaml	ionizing_radiation_tolerance_dsb_repair:mn_antioxidant_protection->ionizing_tolerant_trait[0]	MISSING_SNIPPET	WARN	reference=DOI:10.1101/cshperspect.a012765 has no snippet
data/traits/environment/ionizing_radiation_tolerant.yaml	ionizing_radiation_tolerance_dsb_repair:mn_fe_ratio->ionizing_tolerant_trait[0]	MISSING_SNIPPET	WARN	reference=DOI:10.1101/cshperspect.a012765 has no snippet
data/traits/environment/ionizing_radiation_tolerant.yaml	ionizing_radiation_tolerance_dsb_repair:mn_fe_ratio->mn_antioxidant_protection[0]	MISSING_SNIPPET	WARN	reference=DOI:10.1101/cshperspect.a012765 has no snippet
data/traits/environment/mercury_tolerant.yaml	mercury_tolerance_mer_reduction:mer_operon->mercury_reduction[0]	MISSING_SNIPPET	WARN	reference=DOI:10.1016/S0168-6445(03)00046-9 has no snippet
data/traits/environment/mercury_tolerant.yaml	mercury_tolerance_mer_reduction:mer_operon->mercury_zero[0]	MISSING_SNIPPET	WARN	reference=DOI:10.1186/s12866-024-03391-5 has no snippet
data/traits/environment/mercury_tolerant.yaml	mercury_tolerance_mer_reduction:merb_lyase->mercury_ii_ion[0]	MISSING_SNIPPET	WARN	reference=DOI:10.21203/rs.3.rs-3854515/v1 has no snippet
data/traits/environment/mercury_tolerant.yaml	mercury_tolerance_mer_reduction:merb_lyase->organomercurial[0]	MISSING_SNIPPET	WARN	reference=DOI:10.21203/rs.3.rs-3854515/v1 has no snippet
data/traits/environment/mercury_tolerant.yaml	mercury_tolerance_mer_reduction:mercury_ii_ion->mercury_tolerant_trait[0]	MISSING_SNIPPET	WARN	reference=PMID:12829273 has no snippet
data/traits/environment/mercury_tolerant.yaml	mercury_tolerance_mer_reduction:mercury_reduction->mercury_ii_ion[0]	MISSING_SNIPPET	WARN	reference=DOI:10.1016/S0168-6445(03)00046-9 has no snippet
data/traits/environment/mercury_tolerant.yaml	mercury_tolerance_mer_reduction:merr_sensor->mer_transcription[0]	MISSING_SNIPPET	WARN	reference=DOI:10.3389/fbioe.2023.1178680 has no snippet
data/traits/environment/mercury_tolerant.yaml	mercury_tolerance_mer_reduction:merr_sensor->mercury_ii_ion[0]	MISSING_SNIPPET	WARN	reference=DOI:10.21203/rs.3.rs-3854515/v1 has no snippet
data/traits/environment/mesophilic.yaml	mesophilic_homoviscous_adaptation:cold_shock->cspa[0]	MISSING_SNIPPET	WARN	reference=DOI:10.1007/s12275-023-00031-x has no snippet
data/traits/environment/mesophilic.yaml	mesophilic_homoviscous_adaptation:cspa->translation[0]	MISSING_SNIPPET	WARN	reference=DOI:10.1007/s12275-023-00031-x has no snippet
data/traits/environment/mesophilic.yaml	mesophilic_homoviscous_adaptation:dnak->rpoh_sigma32[0]	MISSING_SNIPPET	WARN	reference=DOI:10.1007/s12275-023-00031-x has no snippet
data/traits/environment/mesophilic.yaml	mesophilic_homoviscous_adaptation:heat_shock->rpoh_sigma32[0]	MISSING_SNIPPET	WARN	reference=DOI:10.1007/s12275-023-00031-x has no snippet
data/traits/environment/mesophilic.yaml	mesophilic_homoviscous_adaptation:rpoh_sigma32->heat_shock_genes[0]	MISSING_SNIPPET	WARN	reference=DOI:10.1007/s12275-023-00031-x has no snippet
data/traits/environment/mesophilic.yaml	mesophilic_homoviscous_adaptation:temperature_decrease->unsaturated_fatty_acids[0]	MISSING_SNIPPET	WARN	reference=DOI:10.1007/s42770-023-01057-4 has no snippet
data/traits/environment/metal_tolerant.yaml	metal_tolerance_efflux_detoxification:ars_operon->arsenic_tolerance[0]	MISSING_SNIPPET	WARN	reference=DOI:10.7717/peerj.18383 has no snippet
data/traits/environment/metal_tolerant.yaml	metal_tolerance_efflux_detoxification:arsc_reductase->arsenate[0]	MISSING_SNIPPET	WARN	reference=DOI:10.52700/jmmg.v5i1.155 has no snippet
data/traits/environment/metal_tolerant.yaml	metal_tolerance_efflux_detoxification:arsenate->arsenite[0]	MISSING_SNIPPET	WARN	reference=DOI:10.52700/jmmg.v5i1.155 has no snippet
data/traits/environment/metal_tolerant.yaml	metal_tolerance_efflux_detoxification:arsenic_tolerance->metal_tolerant_trait[0]	MISSING_SNIPPET	WARN	reference=DOI:10.52700/jmmg.v5i1.155 has no snippet
data/traits/environment/metal_tolerant.yaml	metal_tolerance_efflux_detoxification:efflux_pump->metal_ion_export[0]	MISSING_SNIPPET	WARN	reference=PMID:12829273 has no snippet
data/traits/environment/metal_tolerant.yaml	metal_tolerance_efflux_detoxification:efflux_pump->metal_tolerant_trait[0]	MISSING_SNIPPET	WARN	reference=DOI:10.52700/jmmg.v5i1.155 has no snippet
data/traits/environment/metal_tolerant.yaml	metal_tolerance_efflux_detoxification:heavy_metal_ion->metal_tolerant_trait[0]	MISSING_SNIPPET	WARN	reference=DOI:10.3389/fmicb.2020.00047 has no snippet
data/traits/environment/metal_tolerant.yaml	metal_tolerance_efflux_detoxification:metal_ion_export->metal_tolerant_trait[0]	MISSING_SNIPPET	WARN	reference=PMID:12829273 has no snippet
data/traits/environment/microaerophilic.yaml	microaerophile_low_oxygen_respiration:ahpc->hydrogen_peroxide[0]	MISSING_SNIPPET	WARN	reference=DOI:10.1186/s12866-024-03201-y has no snippet
data/traits/environment/microaerophilic.yaml	microaerophile_low_oxygen_respiration:branched_respiratory_chain->oxygen_adaptation[0]	MISSING_SNIPPET	WARN	reference=DOI:10.3389/fmicb.2024.1468929 has no snippet
data/traits/environment/microaerophilic.yaml	microaerophile_low_oxygen_respiration:catalase_kata->hydrogen_peroxide[0]	MISSING_SNIPPET	WARN	reference=DOI:10.3390/pathogens13100842 has no snippet
data/traits/environment/microaerophilic.yaml	microaerophile_low_oxygen_respiration:cbb3_oxidase->low_oxygen_respiration[0]	MISSING_SNIPPET	WARN	reference=DOI:10.3390/ijms24076428 has no snippet
data/traits/environment/microaerophilic.yaml	microaerophile_low_oxygen_respiration:cytochrome_bd_oxidase->low_oxygen_respiration[0]	MISSING_SNIPPET	WARN	reference=DOI:10.3390/ijms24076428 has no snippet
data/traits/environment/microaerophilic.yaml	microaerophile_low_oxygen_respiration:superoxide_dismutase_sodb->reactive_oxygen_species[0]	MISSING_SNIPPET	WARN	reference=DOI:10.3390/pathogens13100842 has no snippet
data/traits/environment/microaerotolerant.yaml	microaerotolerant_low_oxygen_defense:gut_oxygen_gradient->low_oxygen_defense_systems[0]	MISSING_SNIPPET	WARN	reference=DOI:10.1128/IAI.00502-24 has no snippet
data/traits/environment/microaerotolerant.yaml	microaerotolerant_low_oxygen_defense:intermediate_oxygen_level->microaerotolerant_trait[0]	MISSING_SNIPPET	WARN	reference=DOI:10.1128/CMR.00110-14 has no snippet
data/traits/environment/microaerotolerant.yaml	microaerotolerant_low_oxygen_defense:reduced_electron_donors->oxidative_stress_defense[0]	MISSING_SNIPPET	WARN	reference=DOI:10.1128/IAI.00502-24 has no snippet
data/traits/environment/microaerotolerant.yaml	microaerotolerant_low_oxygen_defense:rubrerythrin_peroxidase->hydrogen_peroxide[0]	MISSING_SNIPPET	WARN	reference=DOI:10.1128/IAI.00502-24 has no snippet
data/traits/environment/microaerotolerant.yaml	microaerotolerant_low_oxygen_defense:superoxide_reductase->hydrogen_peroxide[0]	MISSING_SNIPPET	WARN	reference=DOI:10.1128/IAI.00502-24 has no snippet
data/traits/environment/microaerotolerant.yaml	microaerotolerant_low_oxygen_defense:superoxide_reductase->superoxide[0]	MISSING_SNIPPET	WARN	reference=DOI:10.1128/IAI.00502-24 has no snippet
data/traits/environment/moderately_halophilic.yaml	moderate_halophile_compatible_solutes:bcct_transporters->glycine_betaine[0]	MISSING_SNIPPET	WARN	reference=DOI:10.58088/07hg-r941 has no snippet
data/traits/environment/moderately_halophilic.yaml	moderate_halophile_compatible_solutes:ectd->hydroxyectoine[0]	MISSING_SNIPPET	WARN	reference=DOI:10.1186/s12934-021-01567-6 has no snippet
data/traits/environment/moderately_halophilic.yaml	moderate_halophile_compatible_solutes:osmotic_stress->compatible_solute_accumulation[0]	MISSING_SNIPPET	WARN	reference=DOI:10.1128/mmbr.62.2.504-544.1998 has no snippet
data/traits/environment/moderately_halophilic.yaml	moderate_halophile_compatible_solutes:salt_out_strategy->moderately_halophilic_trait[0]	MISSING_SNIPPET	WARN	reference=DOI:10.3389/frmbi.2023.1329925 has no snippet
data/traits/environment/moderately_halophilic.yaml	moderate_halophile_compatible_solutes:teaabc_transporter->ectoine[0]	MISSING_SNIPPET	WARN	reference=DOI:10.58088/07hg-r941 has no snippet
data/traits/environment/moderately_halophilic.yaml	moderate_halophile_compatible_solutes:teaabc_transporter->hydroxyectoine[0]	MISSING_SNIPPET	WARN	reference=DOI:10.58088/07hg-r941 has no snippet
data/traits/environment/nacl_delta.yaml	nacl_delta_euryhaline_breadth:compatible_solute_accumulation->osmoadaptation[0]	MISSING_SNIPPET	WARN	reference=DOI:10.1128/MMBR.00181-23 has no snippet
data/traits/environment/nacl_delta.yaml	nacl_delta_euryhaline_breadth:hyperosmotic_upshift->potassium_uptake[0]	MISSING_SNIPPET	WARN	reference=DOI:10.1128/MMBR.00181-23 has no snippet
data/traits/environment/nacl_delta.yaml	nacl_delta_euryhaline_breadth:mechanosensitive_channels->hypoosmotic_shock[0]	MISSING_SNIPPET	WARN	reference=DOI:10.3390/microorganisms12081738 has no snippet
data/traits/environment/nacl_delta.yaml	nacl_delta_euryhaline_breadth:potassium_uptake->osmoadaptation[0]	MISSING_SNIPPET	WARN	reference=DOI:10.1128/MMBR.00181-23 has no snippet
data/traits/environment/nacl_delta.yaml	nacl_delta_euryhaline_breadth:salt_in_strategy->high_maximal_nacl_tolerance[0]	MISSING_SNIPPET	WARN	reference=DOI:10.3390/microorganisms12081738 has no snippet
data/traits/environment/nacl_delta.yaml	nacl_delta_euryhaline_breadth:salt_out_strategy->compatible_solute_accumulation[0]	MISSING_SNIPPET	WARN	reference=DOI:10.3390/microorganisms12081738 has no snippet
data/traits/environment/nacl_delta_high.yaml	nacl_delta_high_extreme_euryhaline:high_external_salinity->compatible_solute_accumulation[0]	MISSING_SNIPPET	WARN	reference=DOI:10.1128/aem.00145-24 has no snippet
data/traits/environment/nacl_delta_high.yaml	nacl_delta_high_extreme_euryhaline:hybrid_salt_osmoregulation->fluctuating_salinity_environment[0]	MISSING_SNIPPET	WARN	reference=DOI:10.3389/frmbi.2023.1329925 has no snippet
data/traits/environment/nacl_delta_high.yaml	nacl_delta_high_extreme_euryhaline:hypersaline_environment->halophilic_osmoadaptation[0]	MISSING_SNIPPET	WARN	reference=DOI:10.1038/s44185-024-00050-w has no snippet
data/traits/environment/nacl_delta_high.yaml	nacl_delta_high_extreme_euryhaline:intracellular_k_accumulation->salt_in_osmoadaptation[0]	MISSING_SNIPPET	WARN	reference=DOI:10.1038/s41559-024-02505-6 has no snippet
data/traits/environment/nacl_delta_high.yaml	nacl_delta_high_extreme_euryhaline:salinity_transition->proteome_reorganization[0]	MISSING_SNIPPET	WARN	reference=DOI:10.1126/sciadv.adg2059 has no snippet
data/traits/environment/nacl_delta_high.yaml	nacl_delta_high_extreme_euryhaline:salt_in_osmoadaptation->acidic_proteome[0]	MISSING_SNIPPET	WARN	reference=DOI:10.1038/s41559-024-02505-6 has no snippet
data/traits/environment/nacl_delta_low.yaml	nacl_delta_low_stenohaline:compatible_solute_transporters->limited_osmoadaptive_flexibility[0]	MISSING_SNIPPET	WARN	reference=DOI:10.1128/aem.00145-24 has no snippet
data/traits/environment/nacl_delta_low.yaml	nacl_delta_low_stenohaline:ectoine_biosynthesis->salt_tolerance_breadth[0]	MISSING_SNIPPET	WARN	reference=DOI:10.1128/aem.01905-23 has no snippet
data/traits/environment/nacl_delta_low.yaml	nacl_delta_low_stenohaline:intracellular_proline->salt_tolerance_breadth[0]	MISSING_SNIPPET	WARN	reference=DOI:10.1128/aem.01195-24 has no snippet
data/traits/environment/nacl_delta_low.yaml	nacl_delta_low_stenohaline:nhac_antiporter->salt_tolerance_breadth[0]	MISSING_SNIPPET	WARN	reference=DOI:10.1128/aem.00145-24 has no snippet
data/traits/environment/nacl_delta_low.yaml	nacl_delta_low_stenohaline:salt_tolerance_breadth->nacl_delta[0]	MISSING_SNIPPET	WARN	reference=DOI:10.1093/femsre/fuy009 has no snippet
data/traits/environment/nacl_delta_low.yaml	nacl_delta_low_stenohaline:trkh_k_uptake->salt_tolerance_breadth[0]	MISSING_SNIPPET	WARN	reference=DOI:10.1128/aem.00145-24 has no snippet
data/traits/environment/nacl_delta_mid1.yaml	nacl_delta_mid1_modest_breadth:c_di_amp->k_import[0]	MISSING_SNIPPET	WARN	reference=DOI:10.1128/MMBR.00181-23 has no snippet
data/traits/environment/nacl_delta_mid1.yaml	nacl_delta_mid1_modest_breadth:c_di_amp->organic_osmolyte_influx_biosynthesis[0]	MISSING_SNIPPET	WARN	reference=DOI:10.1128/JB.00190-24 has no snippet
data/traits/environment/nacl_delta_mid1.yaml	nacl_delta_mid1_modest_breadth:compatible_solute_accumulation->osmoadaptation_under_nacl[0]	MISSING_SNIPPET	WARN	reference=DOI:10.1093/femsre/fuaf020 has no snippet
data/traits/environment/nacl_delta_mid1.yaml	nacl_delta_mid1_modest_breadth:ectoine->compatible_solute_accumulation[0]	MISSING_SNIPPET	WARN	reference=DOI:10.1093/femsre/fuaf020 has no snippet
data/traits/environment/nacl_delta_mid1.yaml	nacl_delta_mid1_modest_breadth:ectoine_biosynthesis->ectoine[0]	MISSING_SNIPPET	WARN	reference=DOI:10.3389/fmicb.2019.02811 has no snippet
data/traits/environment/nacl_delta_mid1.yaml	nacl_delta_mid1_modest_breadth:k_import->compatible_solute_accumulation[0]	MISSING_SNIPPET	WARN	reference=DOI:10.1128/MMBR.00181-23 has no snippet
data/traits/environment/nacl_delta_mid1.yaml	nacl_delta_mid1_modest_breadth:osmotic_upshift->compatible_solute_accumulation[0]	MISSING_SNIPPET	WARN	reference=DOI:10.3389/fmicb.2019.02811 has no snippet
data/traits/environment/nacl_delta_mid1.yaml	nacl_delta_mid1_modest_breadth:osmotic_upshift->k_import[0]	MISSING_SNIPPET	WARN	reference=DOI:10.1128/MMBR.00181-23 has no snippet
data/traits/environment/nacl_delta_mid2.yaml	nacl_delta_mid2_broad_breadth:compatible_solute_transport->osmoprotection[0]	MISSING_SNIPPET	WARN	reference=DOI:10.1111/mec.16316 has no snippet
data/traits/environment/nacl_delta_mid2.yaml	nacl_delta_mid2_broad_breadth:cyclic_di_amp->cell_volume_regulation[0]	MISSING_SNIPPET	WARN	reference=DOI:10.1128/mmbr.00181-23 has no snippet
data/traits/environment/nacl_delta_mid2.yaml	nacl_delta_mid2_broad_breadth:cyclic_di_amp->potassium_uptake_systems[0]	MISSING_SNIPPET	WARN	reference=DOI:10.1128/mmbr.00181-23 has no snippet
data/traits/environment/nacl_delta_mid2.yaml	nacl_delta_mid2_broad_breadth:eps_matrix->sodium_ion[0]	MISSING_SNIPPET	WARN	reference=DOI:10.1093/femsre/fuaf020 has no snippet
data/traits/environment/nacl_delta_mid2.yaml	nacl_delta_mid2_broad_breadth:eps_matrix->water_retention[0]	MISSING_SNIPPET	WARN	reference=DOI:10.1093/femsre/fuaf020 has no snippet
data/traits/environment/nacl_delta_mid2.yaml	nacl_delta_mid2_broad_breadth:osmolality->kdpfabc_complex[0]	MISSING_SNIPPET	WARN	reference=DOI:10.1128/mmbr.00181-23 has no snippet
data/traits/environment/nacl_optimum.yaml	nacl_optimum_balanced_osmoadaptation:acidic_proteome->protein_stability_high_salt[0]	MISSING_SNIPPET	WARN	reference=DOI:10.1186/1746-1448-4-2 has no snippet
data/traits/environment/nacl_optimum.yaml	nacl_optimum_balanced_osmoadaptation:ambient_nacl->osmotic_stress[0]	MISSING_SNIPPET	WARN	reference=DOI:10.1186/1746-1448-4-2 has no snippet
data/traits/environment/nacl_optimum.yaml	nacl_optimum_balanced_osmoadaptation:compatible_solute_accumulation->osmotic_balance[0]	MISSING_SNIPPET	WARN	reference=DOI:10.1186/1746-1448-4-2 has no snippet
data/traits/environment/nacl_optimum.yaml	nacl_optimum_balanced_osmoadaptation:compatible_solute_uptake->lower_energetic_cost[0]	MISSING_SNIPPET	WARN	reference=DOI:10.3389/fmicb.2022.846677 has no snippet
data/traits/environment/nacl_optimum.yaml	nacl_optimum_balanced_osmoadaptation:na_antiport_activity->cytoplasmic_na_homeostasis[0]	MISSING_SNIPPET	WARN	reference=DOI:10.1128/aem.00145-24 has no snippet
data/traits/environment/nacl_optimum.yaml	nacl_optimum_balanced_osmoadaptation:osmotic_balance->maximal_growth_rate[0]	UNSUPPORTIVE_SNIPPET	WARN	7 chars, supports nothing specific: 'optimum'
data/traits/environment/nacl_optimum.yaml	nacl_optimum_balanced_osmoadaptation:salt_in_strategy->intracellular_k_accumulation[0]	MISSING_SNIPPET	WARN	reference=DOI:10.1186/1746-1448-4-2 has no snippet
data/traits/environment/nacl_optimum_high.yaml	nacl_optimum_high_extreme_halophile:acidic_aa_content->protein_solubility_high_salt[0]	MISSING_SNIPPET	WARN	reference=DOI:10.1002/pro.5003 has no snippet
data/traits/environment/nacl_optimum_high.yaml	nacl_optimum_high_extreme_halophile:acidic_proteome->protein_function_high_salinity[0]	MISSING_SNIPPET	WARN	reference=DOI:10.1038/s41559-024-02505-6 has no snippet
data/traits/environment/nacl_optimum_high.yaml	nacl_optimum_high_extreme_halophile:intracellular_kcl->acidic_proteome[0]	MISSING_SNIPPET	WARN	reference=DOI:10.1038/s41559-024-02505-6 has no snippet
data/traits/environment/nacl_optimum_high.yaml	nacl_optimum_high_extreme_halophile:na_h_antiporter->salt_in_strategy[0]	MISSING_SNIPPET	WARN	reference=DOI:10.3390/microorganisms12081738 has no snippet
data/traits/environment/nacl_optimum_high.yaml	nacl_optimum_high_extreme_halophile:salt_in_strategy->intracellular_kcl[0]	MISSING_SNIPPET	WARN	reference=DOI:10.1002/pro.5003 has no snippet
data/traits/environment/nacl_optimum_high.yaml	nacl_optimum_high_extreme_halophile:salt_in_strategy->potassium_uptake_system[0]	MISSING_SNIPPET	WARN	reference=DOI:10.1002/pro.5003 has no snippet
data/traits/environment/nacl_optimum_low.yaml	nacl_optimum_low_non_halophile_setpoint:*	REUSED_SNIPPET	WARN	3 evidence items share one snippet: 'optimal NaCl'
data/traits/environment/nacl_optimum_low.yaml	nacl_optimum_low_non_halophile_setpoint:compatible_solute_accumulation->osmotic_stress_adaptation[0]	MISSING_SNIPPET	WARN	reference=DOI:10.1128/aem.00619-25 has no snippet
data/traits/environment/nacl_optimum_low.yaml	nacl_optimum_low_non_halophile_setpoint:cyclic_di_amp->k_uptake_systems[0]	MISSING_SNIPPET	WARN	reference=DOI:10.1128/mmbr.00181-23 has no snippet
data/traits/environment/nacl_optimum_low.yaml	nacl_optimum_low_non_halophile_setpoint:cyclic_di_amp->opua_opuc_transport[0]	MISSING_SNIPPET	WARN	reference=DOI:10.1128/mmbr.00181-23 has no snippet
data/traits/environment/nacl_optimum_low.yaml	nacl_optimum_low_non_halophile_setpoint:halotolerant_organism->non_halophile_optimum_definition[0]	MISSING_SNIPPET	WARN	reference=DOI:10.1007/s40201-020-00519-3 has no snippet
data/traits/environment/nacl_optimum_low.yaml	nacl_optimum_low_non_halophile_setpoint:minimal_osmoadaptive_load->compatible_solute_accumulation[0]	MISSING_SNIPPET	WARN	reference=DOI:10.1128/aem.00619-25 has no snippet
data/traits/environment/nacl_optimum_low.yaml	nacl_optimum_low_non_halophile_setpoint:non_halophile_optimum_definition->nacl_optimum_low_trait[0]	MISSING_SNIPPET	WARN	reference=DOI:10.3389/fmicb.2019.01895 has no snippet
data/traits/environment/nacl_optimum_mid1.yaml	nacl_optimum_mid1_slight_halophile:elevated_nacl->glycine_betaine[0]	MISSING_SNIPPET	WARN	reference=DOI:10.1128/aem.00145-24 has no snippet
data/traits/environment/nacl_optimum_mid1.yaml	nacl_optimum_mid1_slight_halophile:elevated_nacl->l_proline[0]	MISSING_SNIPPET	WARN	reference=DOI:10.1128/aem.00145-24 has no snippet
data/traits/environment/nacl_optimum_mid1.yaml	nacl_optimum_mid1_slight_halophile:nacl_optimum_mid1_trait->slight_halophile_physiology[0]	MISSING_SNIPPET	WARN	reference=DOI:10.3390/biotech14020049 has no snippet
data/traits/environment/nacl_optimum_mid1.yaml	nacl_optimum_mid1_slight_halophile:slight_halophile_physiology->compatible_solute_strategy[0]	MISSING_SNIPPET	WARN	reference=DOI:10.3389/frmbi.2023.1329925 has no snippet
data/traits/environment/nacl_optimum_mid1.yaml	nacl_optimum_mid1_slight_halophile:slight_halophile_physiology->salt_in_strategy[0]	MISSING_SNIPPET	WARN	reference=DOI:10.3389/frmbi.2023.1329925 has no snippet
data/traits/environment/nacl_optimum_mid2.yaml	nacl_optimum_mid2_moderate_halophile:compatible_solute_strategy->ectoine[0]	MISSING_SNIPPET	WARN	reference=DOI:10.1186/s12934-025-02757-2 has no snippet
data/traits/environment/nacl_optimum_mid2.yaml	nacl_optimum_mid2_moderate_halophile:compatible_solute_strategy->glycine_betaine[0]	MISSING_SNIPPET	WARN	reference=DOI:10.3390/biotech14020049 has no snippet
data/traits/environment/nacl_optimum_mid2.yaml	nacl_optimum_mid2_moderate_halophile:compatible_solute_strategy->l_proline[0]	MISSING_SNIPPET	WARN	reference=DOI:10.1186/s12934-025-02757-2 has no snippet
data/traits/environment/nacl_optimum_mid2.yaml	nacl_optimum_mid2_moderate_halophile:ectoine_biosynthesis_module->ectoine[0]	MISSING_SNIPPET	WARN	reference=DOI:10.1128/aem.01905-23 has no snippet
data/traits/environment/nacl_optimum_mid2.yaml	nacl_optimum_mid2_moderate_halophile:elevated_nacl->ectoine_biosynthesis_module[0]	MISSING_SNIPPET	WARN	reference=DOI:10.1128/aem.01905-23 has no snippet
data/traits/environment/nacl_optimum_mid2.yaml	nacl_optimum_mid2_moderate_halophile:elevated_nacl->ectoine_biosynthesis_module[0]	MISSING_SNIPPET	WARN	reference=DOI:10.1186/s12934-024-02515-w has no snippet
data/traits/environment/nacl_optimum_mid2.yaml	nacl_optimum_mid2_moderate_halophile:pronounced_compatible_solutes->compatible_solute_strategy[0]	MISSING_SNIPPET	WARN	reference=DOI:10.3390/biotech14020049 has no snippet
data/traits/environment/nacl_range.yaml	nacl_range_tolerance_breadth:c_di_amp->high_salt_tolerance[0]	MISSING_SNIPPET	WARN	reference=DOI:10.1128/MMBR.00181-23 has no snippet
data/traits/environment/nacl_range.yaml	nacl_range_tolerance_breadth:c_di_amp->kdp_expression[0]	MISSING_SNIPPET	WARN	reference=DOI:10.1128/MMBR.00181-23 has no snippet
data/traits/environment/nacl_range.yaml	nacl_range_tolerance_breadth:c_di_amp->kima_kup_k_uptake[0]	MISSING_SNIPPET	WARN	reference=DOI:10.1128/MMBR.00181-23 has no snippet
data/traits/environment/nacl_range.yaml	nacl_range_tolerance_breadth:c_di_amp->opua_solute_importers[0]	MISSING_SNIPPET	WARN	reference=DOI:10.1128/MMBR.00181-23 has no snippet
data/traits/environment/nacl_range.yaml	nacl_range_tolerance_breadth:c_di_amp->trk_ktr_k_influx[0]	MISSING_SNIPPET	WARN	reference=DOI:10.1128/MMBR.00181-23 has no snippet
data/traits/environment/nacl_range_high.yaml	nacl_range_high_extreme_halophile:acidic_amino_acid_enrichment->protein_function_high_ionic[0]	MISSING_SNIPPET	WARN	reference=DOI:10.1093/femsre/fuy026 has no snippet
data/traits/environment/nacl_range_high.yaml	nacl_range_high_extreme_halophile:compatible_solutes->protein_stabilization[0]	MISSING_SNIPPET	WARN	reference=DOI:10.1007/978-3-030-18975-4_4 has no snippet
data/traits/environment/nacl_range_high.yaml	nacl_range_high_extreme_halophile:high_external_nacl->intracellular_potassium[0]	MISSING_SNIPPET	WARN	reference=DOI:10.1038/s41559-024-02505-6 has no snippet
data/traits/environment/nacl_range_high.yaml	nacl_range_high_extreme_halophile:salt_in_physiology->acidic_proteome[0]	MISSING_SNIPPET	WARN	reference=DOI:10.1038/s41559-024-02505-6 has no snippet
data/traits/environment/nacl_range_high.yaml	nacl_range_high_extreme_halophile:salt_in_physiology->intracellular_potassium[0]	MISSING_SNIPPET	WARN	reference=DOI:10.1093/femsre/fuy026 has no snippet
data/traits/environment/nacl_range_low.yaml	nacl_range_low_non_halophile:c_di_amp->opu_solute_importers[0]	MISSING_SNIPPET	WARN	reference=DOI:10.1128/mmbr.00181-23 has no snippet
data/traits/environment/nacl_range_low.yaml	nacl_range_low_non_halophile:choline_uptake->glycine_betaine_synthesis[0]	MISSING_SNIPPET	WARN	reference=DOI:10.1126/sciadv.ado6229 has no snippet
data/traits/environment/nacl_range_low.yaml	nacl_range_low_non_halophile:hyperosmotic_stress->compatible_solute_accumulation[0]	MISSING_SNIPPET	WARN	reference=DOI:10.1093/femsml/uqad020 has no snippet
data/traits/environment/nacl_range_low.yaml	nacl_range_low_non_halophile:hypoosmotic_shock->mechanosensitive_channels[0]	MISSING_SNIPPET	WARN	reference=DOI:10.1093/femsml/uqad020 has no snippet
data/traits/environment/nacl_range_low.yaml	nacl_range_low_non_halophile:nacl_concentration->hyperosmotic_stress[0]	MISSING_SNIPPET	WARN	reference=DOI:10.1093/femsml/uqad020 has no snippet
data/traits/environment/nacl_range_mid1.yaml	nacl_range_mid1_slight_halophile:compatible_solute_strategy->halotolerant_and_moderate_halophiles[0]	MISSING_SNIPPET	WARN	reference=DOI:10.1093/FEMSRE/FUY026 has no snippet
data/traits/environment/nacl_range_mid1.yaml	nacl_range_mid1_slight_halophile:moderate_halophile->optimal_growth_0_5_to_2_5_M_salt[0]	MISSING_SNIPPET	WARN	reference=DOI:10.1128/MMBR.62.2.504-544.1998 has no snippet
data/traits/environment/nacl_range_mid1.yaml	nacl_range_mid1_slight_halophile:nacl_range_mid1_trait->slight_halophile[0]	MISSING_SNIPPET	WARN	reference=DOI:10.1007/978-3-540-74231-9 has no snippet
data/traits/environment/nacl_range_mid1.yaml	nacl_range_mid1_slight_halophile:potassium_accumulation->osmotic_balance[0]	MISSING_SNIPPET	WARN	reference=DOI:10.1128/AEM.00145-24 has no snippet
data/traits/environment/nacl_range_mid1.yaml	nacl_range_mid1_slight_halophile:slight_halophile->moderate_halophile[0]	MISSING_SNIPPET	WARN	reference=DOI:10.1007/978-3-540-74231-9 has no snippet
data/traits/environment/nacl_range_mid2.yaml	nacl_range_mid2_moderate_halophile:betAB_pathway->glycine_betaine[0]	MISSING_SNIPPET	WARN	reference=DOI:10.3389/fmicb.2023.1192059 has no snippet
data/traits/environment/nacl_range_mid2.yaml	nacl_range_mid2_moderate_halophile:ectABC_operon->ectoine[0]	MISSING_SNIPPET	WARN	reference=DOI:10.3389/fmicb.2023.1192059 has no snippet
data/traits/environment/nacl_range_mid2.yaml	nacl_range_mid2_moderate_halophile:ectoine->nacl_range_mid2_trait[0]	MISSING_SNIPPET	WARN	reference=DOI:10.1186/s12934-024-02358-5 has no snippet
data/traits/environment/nacl_range_mid2.yaml	nacl_range_mid2_moderate_halophile:glutamate_glutamine_pools->robust_osmoadaptive_tolerance[0]	MISSING_SNIPPET	WARN	reference=DOI:10.1186/s12934-024-02358-5 has no snippet
data/traits/environment/nacl_range_mid2.yaml	nacl_range_mid2_moderate_halophile:glycine_betaine->robust_osmoadaptive_tolerance[0]	MISSING_SNIPPET	WARN	reference=DOI:10.3389/fmicb.2023.1192059 has no snippet
data/traits/environment/nacl_range_mid2.yaml	nacl_range_mid2_moderate_halophile:na_k_ion_uptake->osmotic_pressure_balance[0]	MISSING_SNIPPET	WARN	reference=DOI:10.1186/s12934-024-02358-5 has no snippet
data/traits/environment/nacl_range_mid2.yaml	nacl_range_mid2_moderate_halophile:osmotic_pressure_balance->robust_osmoadaptive_tolerance[0]	MISSING_SNIPPET	WARN	reference=DOI:10.1186/s12934-024-02358-5 has no snippet
data/traits/environment/neutrophilic.yaml	evidence[0]	ELLIPTICAL_SNIPPET	ERROR	non-contiguous quote: 'cytoplasmic pH ... must maintain for growth'
data/traits/environment/neutrophilic.yaml	neutrophilic_neutral_ph_homeostasis:amino_acid_decarboxylation->cytoplasmic_ph_homeostasis[0]	MISSING_SNIPPET	WARN	reference=DOI:10.3390/antibiotics12091474 has no snippet
data/traits/environment/neutrophilic.yaml	neutrophilic_neutral_ph_homeostasis:amino_acid_decarboxylation->proton_motive_force[0]	MISSING_SNIPPET	WARN	reference=DOI:10.1093/femsre/fuad033 has no snippet
data/traits/environment/neutrophilic.yaml	neutrophilic_neutral_ph_homeostasis:cytoplasmic_buffering_capacity->intracellular_ph[0]	MISSING_SNIPPET	WARN	reference=DOI:10.1128/msystems.01037-23 has no snippet
data/traits/environment/neutrophilic.yaml	neutrophilic_neutral_ph_homeostasis:external_acidic_ph->cytoplasmic_proton_influx[0]	MISSING_SNIPPET	WARN	reference=DOI:10.1128/msystems.01037-23 has no snippet
data/traits/environment/neutrophilic.yaml	neutrophilic_neutral_ph_homeostasis:f1f0_atpase_proton_pump->cytoplasmic_ph_homeostasis[0]	MISSING_SNIPPET	WARN	reference=DOI:10.3390/antibiotics12091474 has no snippet
data/traits/environment/non_halophilic.yaml	non_halophilic_salt_stress_response:osmotic_upshift->rapid_k_uptake[0]	MISSING_SNIPPET	WARN	reference=DOI:10.1128/mmbr.00181-23 has no snippet
data/traits/environment/non_halophilic.yaml	non_halophilic_salt_stress_response:osmotic_upshift->water_efflux_volume_decrease[0]	MISSING_SNIPPET	WARN	reference=DOI:10.1128/mmbr.00181-23 has no snippet
data/traits/environment/non_halophilic.yaml	non_halophilic_salt_stress_response:rapid_k_uptake->compatible_solute_accumulation[0]	MISSING_SNIPPET	WARN	reference=DOI:10.1128/mmbr.00181-23 has no snippet
data/traits/environment/non_halophilic.yaml	non_halophilic_salt_stress_response:rapid_k_uptake->glutamate[0]	MISSING_SNIPPET	WARN	reference=DOI:10.1128/mmbr.00181-23 has no snippet
data/traits/environment/obligately_acidophilic.yaml	obligately_acidophilic_ph_homeostasis:cyclopropane_fatty_acids->low_proton_permeability_membrane[0]	MISSING_SNIPPET	WARN	reference=DOI:10.3389/fmicb.2023.1149903 has no snippet
data/traits/environment/obligately_acidophilic.yaml	obligately_acidophilic_ph_homeostasis:glutamate_decarboxylase->proton[0]	MISSING_SNIPPET	WARN	reference=DOI:10.3389/fmicb.2023.1149903 has no snippet
data/traits/environment/obligately_acidophilic.yaml	obligately_acidophilic_ph_homeostasis:hopanoid_membrane->low_proton_permeability_membrane[0]	MISSING_SNIPPET	WARN	reference=DOI:10.1111/1758-2229.70019 has no snippet
data/traits/environment/obligately_acidophilic.yaml	obligately_acidophilic_ph_homeostasis:k_uptake_system_kdp_kef->reversed_membrane_potential[0]	MISSING_SNIPPET	WARN	reference=DOI:10.3389/fmicb.2023.1149903 has no snippet
data/traits/environment/obligately_acidophilic.yaml	obligately_acidophilic_ph_homeostasis:na_h_antiporter->proton[0]	MISSING_SNIPPET	WARN	reference=DOI:10.3389/fmicb.2023.1149903 has no snippet
data/traits/environment/obligately_acidophilic.yaml	obligately_acidophilic_ph_homeostasis:p_type_proton_atpase->proton_efflux[0]	MISSING_SNIPPET	WARN	reference=DOI:10.3389/fmicb.2023.1149903 has no snippet
data/traits/environment/obligately_acidophilic.yaml	obligately_acidophilic_ph_homeostasis:proton_efflux->cytoplasmic_ph_homeostasis[0]	MISSING_SNIPPET	WARN	reference=DOI:10.3389/fmicb.2023.1149903 has no snippet
data/traits/environment/obligately_aerobic.yaml	obligate_aerobe_oxygen_respiration:anoxia->electron_transport_chain[0]	MISSING_SNIPPET	WARN	reference=DOI:10.1128/JB.00797-19 has no snippet
data/traits/environment/obligately_aerobic.yaml	obligate_aerobe_oxygen_respiration:catalase->hydrogen_peroxide[0]	MISSING_SNIPPET	WARN	reference=DOI:10.1016/j.tim.2020.10.001 has no snippet
data/traits/environment/obligately_aerobic.yaml	obligate_aerobe_oxygen_respiration:electron_transport_chain->proton_motive_force[0]	MISSING_SNIPPET	WARN	reference=DOI:10.1128/JB.00797-19 has no snippet
data/traits/environment/obligately_aerobic.yaml	obligate_aerobe_oxygen_respiration:molecular_oxygen->aerobic_respiration[0]	MISSING_SNIPPET	WARN	reference=DOI:10.1111/cmi.13338 has no snippet
data/traits/environment/obligately_aerobic.yaml	obligate_aerobe_oxygen_respiration:obligate_aerobic_trait->molecular_oxygen[0]	ELLIPTICAL_SNIPPET	ERROR	non-contiguous quote: 'obligate aerobe ... exposed to hypoxia, stops growing'
data/traits/environment/obligately_aerobic.yaml	obligate_aerobe_oxygen_respiration:superoxide->fe_s_cluster_enzymes[0]	MISSING_SNIPPET	WARN	reference=DOI:10.1016/j.tim.2020.10.001 has no snippet
data/traits/environment/obligately_aerobic.yaml	obligate_aerobe_oxygen_respiration:superoxide_dismutase->superoxide[0]	MISSING_SNIPPET	WARN	reference=DOI:10.1016/j.tim.2020.10.001 has no snippet
data/traits/environment/obligately_alkaphilic.yaml	obligately_alkaphilic_sodium_cycle_homeostasis:acetate_anion->acetate_transmembrane_diffusion[0]	MISSING_SNIPPET	WARN	reference=DOI:10.3389/fmicb.2023.1233691 has no snippet
data/traits/environment/obligately_alkaphilic.yaml	obligately_alkaphilic_sodium_cycle_homeostasis:alkaline_external_ph->acetate_anion[0]	MISSING_SNIPPET	WARN	reference=DOI:10.3389/fmicb.2023.1233691 has no snippet
data/traits/environment/obligately_alkaphilic.yaml	obligately_alkaphilic_sodium_cycle_homeostasis:alkaline_external_ph->anionic_membrane_phospholipids[0]	MISSING_SNIPPET	WARN	reference=DOI:10.3389/fmicb.2022.1034164 has no snippet
data/traits/environment/obligately_alkaphilic.yaml	obligately_alkaphilic_sodium_cycle_homeostasis:cation_proton_antiporter->obligately_alkaphilic_trait[0]	MISSING_SNIPPET	WARN	reference=DOI:10.1128/AEM.00145-24 has no snippet
data/traits/environment/obligately_alkaphilic.yaml	obligately_alkaphilic_sodium_cycle_homeostasis:cytoplasmic_ph_homeostasis->obligately_alkaphilic_trait[0]	ELLIPTICAL_SNIPPET	ERROR	non-contiguous quote: 'pH homeostasis ... appears to set the upper pH limit for growth'
data/traits/environment/obligately_alkaphilic.yaml	obligately_alkaphilic_sodium_cycle_homeostasis:net_negative_surface_charge->proton[0]	MISSING_SNIPPET	WARN	reference=DOI:10.3389/fmicb.2022.1034164 has no snippet
data/traits/environment/obligately_alkaphilic.yaml	obligately_alkaphilic_sodium_cycle_homeostasis:secondary_cell_wall_polymers->net_negative_surface_charge[0]	MISSING_SNIPPET	WARN	reference=DOI:10.3389/fmicb.2022.1034164 has no snippet
data/traits/environment/obligately_alkaphilic.yaml	obligately_alkaphilic_sodium_cycle_homeostasis:sodium_proton_antiporter->sodium_ion[0]	UNSUPPORTIVE_SNIPPET	WARN	10 chars, supports nothing specific: 'Na+ efflux'
data/traits/environment/obligately_alkaphilic.yaml	obligately_alkaphilic_sodium_cycle_homeostasis:trkah_transport_system->cytoplasmic_ph_homeostasis[0]	MISSING_SNIPPET	WARN	reference=DOI:10.1128/AEM.00145-24 has no snippet
data/traits/environment/obligately_anaerobic.yaml	obligate_anaerobe_oxygen_toxicity:ferrous_iron->hydroxyl_radical[0]	MISSING_SNIPPET	WARN	reference=DOI:10.1038/s41579-021-00583-y has no snippet
data/traits/environment/obligately_anaerobic.yaml	obligate_anaerobe_oxygen_toxicity:hydrogen_peroxide->hydroxyl_radical[0]	MISSING_SNIPPET	WARN	reference=DOI:10.1038/s41579-021-00583-y has no snippet
data/traits/environment/obligately_anaerobic.yaml	obligate_anaerobe_oxygen_toxicity:hydroxyl_radical->dna_damage[0]	MISSING_SNIPPET	WARN	reference=DOI:10.1038/s41579-021-00583-y has no snippet
data/traits/environment/obligately_anaerobic.yaml	obligate_anaerobe_oxygen_toxicity:molecular_oxygen->fefe_hydrogenase[0]	MISSING_SNIPPET	WARN	reference=DOI:10.1038/s41579-021-00583-y has no snippet
data/traits/environment/obligately_anaerobic.yaml	obligate_anaerobe_oxygen_toxicity:molecular_oxygen->pyruvate_ferredoxin_oxidoreductase[0]	MISSING_SNIPPET	WARN	reference=DOI:10.1038/s41579-021-00583-y has no snippet
data/traits/environment/obligately_anaerobic.yaml	obligate_anaerobe_oxygen_toxicity:molecular_oxygen->pyruvate_formate_lyase[0]	MISSING_SNIPPET	WARN	reference=DOI:10.1038/s41579-021-00583-y has no snippet
data/traits/environment/obligately_anaerobic.yaml	obligate_anaerobe_oxygen_toxicity:oxygen_exposure->oxidative_damage_biomolecules[0]	MISSING_SNIPPET	WARN	reference=DOI:10.1186/s40168-024-01909-7 has no snippet
data/traits/environment/obligately_anaerobic.yaml	obligate_anaerobe_oxygen_toxicity:oxygen_exposure->reactive_oxygen_species[0]	MISSING_SNIPPET	WARN	reference=DOI:10.1186/s40168-024-01909-7 has no snippet
data/traits/environment/obligately_piezophilic.yaml	obligate_piezophily_high_pressure_requirement:membrane_fluidity_maintenance->pressure_dependent_machinery[0]	MISSING_SNIPPET	WARN	reference=DOI:10.3389/fmolb.2022.1058381 has no snippet
data/traits/environment/obligately_piezophilic.yaml	obligate_piezophily_high_pressure_requirement:membrane_unsaturated_branched_lipids->membrane_fluidity_maintenance[0]	MISSING_SNIPPET	WARN	reference=DOI:10.3389/fmolb.2022.1058381 has no snippet
data/traits/environment/obligately_piezophilic.yaml	obligate_piezophily_high_pressure_requirement:obligate_hhp->membrane_unsaturated_branched_lipids[0]	MISSING_SNIPPET	WARN	reference=DOI:10.3389/fmolb.2022.1058381 has no snippet
data/traits/environment/obligately_piezophilic.yaml	obligate_piezophily_high_pressure_requirement:obligate_hhp->obligate_piezophilic_trait[0]	MISSING_SNIPPET	WARN	reference=DOI:10.1099/ijsem.0.001671 has no snippet
data/traits/environment/obligately_piezophilic.yaml	obligate_piezophily_high_pressure_requirement:obligate_piezophilic_trait->ambient_pressure_growth_failure[0]	MISSING_SNIPPET	WARN	reference=DOI:10.1038/s41396-021-00930-0 has no snippet
data/traits/environment/obligately_piezophilic.yaml	obligate_piezophily_high_pressure_requirement:pressure_dependent_machinery->obligate_piezophilic_trait[0]	MISSING_SNIPPET	WARN	reference=DOI:10.1038/srep27289 has no snippet
data/traits/environment/optimum_phenotype_with_numerical_limits.yaml	optimum_phenotype_descriptor:amino_acid_decarboxylation->intracellular_ph_homeostasis[0]	MISSING_SNIPPET	WARN	reference=DOI:10.1093/femsre/fuad033 has no snippet
data/traits/environment/optimum_phenotype_with_numerical_limits.yaml	optimum_phenotype_descriptor:amino_acid_decarboxylation->proton_motive_force[0]	MISSING_SNIPPET	WARN	reference=DOI:10.1093/femsre/fuad033 has no snippet
data/traits/environment/optimum_phenotype_with_numerical_limits.yaml	optimum_phenotype_descriptor:f1f0_atp_synthase->intracellular_ph_homeostasis[0]	MISSING_SNIPPET	WARN	reference=DOI:10.1038/nrmicro2549 has no snippet
data/traits/environment/optimum_phenotype_with_numerical_limits.yaml	optimum_phenotype_descriptor:hyperosmotic_stress->compatible_solute_accumulation[0]	MISSING_SNIPPET	WARN	reference=DOI:10.1093/femsre/fuad033 has no snippet
data/traits/environment/optimum_phenotype_with_numerical_limits.yaml	optimum_phenotype_descriptor:na_h_antiporters->intracellular_ph_homeostasis[0]	MISSING_SNIPPET	WARN	reference=DOI:10.1093/femsre/fuad033 has no snippet
data/traits/environment/optimum_phenotype_with_numerical_limits.yaml	optimum_phenotype_descriptor:opua_transporter->intracellular_glycine_betaine[0]	MISSING_SNIPPET	WARN	reference=DOI:10.1093/femsre/fuad033 has no snippet
data/traits/environment/oxygen_preference.yaml	oxygen_preference_o2_availability_axis:aerobic_phenotype->oxygen_preference_trait[0]	ELLIPTICAL_SNIPPET	ERROR	non-contiguous quote: 'aerobic ... respiration capacities'
data/traits/environment/oxygen_preference.yaml	oxygen_preference_o2_availability_axis:catalase->hydrogen_peroxide[0]	MISSING_SNIPPET	WARN	reference=DOI:10.1038/s43705-023-00251-7 has no snippet
data/traits/environment/oxygen_preference.yaml	oxygen_preference_o2_availability_axis:detoxifying_enzyme_expression->oxygen_tolerance[0]	MISSING_SNIPPET	WARN	reference=DOI:10.1128/aem.00606-23 has no snippet
data/traits/environment/oxygen_preference.yaml	oxygen_preference_o2_availability_axis:molecular_oxygen->oxygen_terminal_electron_acceptor[0]	MISSING_SNIPPET	WARN	reference=DOI:10.1371/journal.ppat.1012084 has no snippet
data/traits/environment/oxygen_preference.yaml	oxygen_preference_o2_availability_axis:oxygen_terminal_electron_acceptor->aerobic_phenotype[0]	MISSING_SNIPPET	WARN	reference=DOI:10.1371/journal.ppat.1012084 has no snippet
data/traits/environment/oxygen_preference.yaml	oxygen_preference_o2_availability_axis:reactive_oxygen_species_stress->detoxifying_enzyme_expression[0]	MISSING_SNIPPET	WARN	reference=DOI:10.1128/aem.00606-23 has no snippet
data/traits/environment/oxygen_preference.yaml	oxygen_preference_o2_availability_axis:superoxide_dismutase->oxygen_tolerance[0]	MISSING_SNIPPET	WARN	reference=DOI:10.1038/s43705-023-00251-7 has no snippet
data/traits/environment/ph_delta.yaml	ph_delta_homeostasis_flexibility:amino_acid_decarboxylase_acid_resistance->low_ph_tolerance[0]	MISSING_SNIPPET	WARN	reference=DOI:10.3390/microorganisms12091774 has no snippet
data/traits/environment/ph_delta.yaml	ph_delta_homeostasis_flexibility:cation_proton_antiporter_activity->ph_homeostasis[0]	MISSING_SNIPPET	WARN	reference=DOI:10.1128/AEM.00569-24 has no snippet
data/traits/environment/ph_delta.yaml	ph_delta_homeostasis_flexibility:f0f1_atpase_activity->ph_homeostasis[0]	MISSING_SNIPPET	WARN	reference=DOI:10.1093/femsre/fuad033 has no snippet
data/traits/environment/ph_delta.yaml	ph_delta_homeostasis_flexibility:membrane_lipid_remodeling->proton_permeability[0]	MISSING_SNIPPET	WARN	reference=DOI:10.3389/fmicb.2022.1034164 has no snippet
data/traits/environment/ph_delta.yaml	ph_delta_homeostasis_flexibility:oxidative_phosphorylation->ph_homeostasis[0]	MISSING_SNIPPET	WARN	reference=DOI:10.3390/microorganisms12081565 has no snippet
data/traits/environment/ph_delta.yaml	ph_delta_homeostasis_flexibility:ph_homeostasis->ph_delta_trait[0]	MISSING_SNIPPET	WARN	reference=DOI:10.1093/femsre/fuad033 has no snippet
data/traits/environment/ph_delta.yaml	ph_delta_homeostasis_flexibility:proton_motive_force_generation->ph_homeostasis[0]	MISSING_SNIPPET	WARN	reference=DOI:10.1093/femsre/fuad033 has no snippet
data/traits/environment/ph_delta_high.yaml	ph_delta_high_euryphilic_breadth:constant_pmf->ph_delta_high_trait[0]	MISSING_SNIPPET	WARN	reference=DOI:10.1093/femsre/fuad033 has no snippet
data/traits/environment/ph_delta_high.yaml	ph_delta_high_euryphilic_breadth:cytoplasmic_buffering_capacity->cytoplasmic_ph_homeostasis[0]	MISSING_SNIPPET	WARN	reference=DOI:10.1093/femsre/fuad033 has no snippet
data/traits/environment/ph_delta_high.yaml	ph_delta_high_euryphilic_breadth:f0f1_atpase->ph_delta_high_trait[0]	MISSING_SNIPPET	WARN	reference=DOI:10.1093/femsre/fuad033 has no snippet
data/traits/environment/ph_delta_high.yaml	ph_delta_high_euryphilic_breadth:membrane_lipid_porin_changes->inward_proton_leakage[0]	MISSING_SNIPPET	WARN	reference=DOI:10.1038/nrmicro2549 has no snippet
data/traits/environment/ph_delta_high.yaml	ph_delta_high_euryphilic_breadth:metabolite_decarboxylation->ph_delta_high_trait[0]	MISSING_SNIPPET	WARN	reference=DOI:10.1093/femsre/fuad033 has no snippet
data/traits/environment/ph_delta_high.yaml	ph_delta_high_euryphilic_breadth:na_h_antiporters->ph_delta_high_trait[0]	MISSING_SNIPPET	WARN	reference=DOI:10.1093/femsre/fuad033 has no snippet
data/traits/environment/ph_delta_high.yaml	ph_delta_high_euryphilic_breadth:near_neutral_cytoplasmic_ph->growth_external_ph_5_5_9[0]	MISSING_SNIPPET	WARN	reference=DOI:10.1038/nrmicro2549 has no snippet
data/traits/environment/ph_delta_high.yaml	ph_delta_high_euryphilic_breadth:respiratory_proton_pumps->cytoplasmic_ph_homeostasis[0]	MISSING_SNIPPET	WARN	reference=DOI:10.1093/femsre/fuad033 has no snippet
data/traits/environment/ph_delta_low.yaml	ph_delta_low_limited_breadth:electrogenic_na_h_antiport->alkaline_ph_homeostasis[0]	MISSING_SNIPPET	WARN	reference=DOI:10.1038/nrmicro2549 has no snippet
data/traits/environment/ph_delta_low.yaml	ph_delta_low_limited_breadth:external_ph_stress->cytoplasmic_ph_homeostasis[0]	MISSING_SNIPPET	WARN	reference=DOI:10.1038/nrmicro2549 has no snippet
data/traits/environment/ph_delta_low.yaml	ph_delta_low_limited_breadth:f1fo_atpase->cytoplasmic_ph_homeostasis[0]	MISSING_SNIPPET	WARN	reference=DOI:10.1038/nrmicro2549 has no snippet
data/traits/environment/ph_delta_low.yaml	ph_delta_low_limited_breadth:pmf_architecture->ph_homeostasis_capacity[0]	MISSING_SNIPPET	WARN	reference=DOI:10.1038/nrmicro2549 has no snippet
data/traits/environment/ph_delta_low.yaml	ph_delta_low_limited_breadth:weak_organic_acids->delta_ph[0]	MISSING_SNIPPET	WARN	reference=DOI:10.1038/nrmicro2549 has no snippet
data/traits/environment/ph_delta_mid1.yaml	ph_delta_mid1_moderate_breadth:cytoplasmic_ph_homeostasis->moderate_ph_homeostasis[0]	MISSING_SNIPPET	WARN	reference=DOI:10.3390/microorganisms12091774 has no snippet
data/traits/environment/ph_delta_mid1.yaml	ph_delta_mid1_moderate_breadth:f0f1_atpase->cytoplasmic_ph_homeostasis[0]	MISSING_SNIPPET	WARN	reference=DOI:10.3390/microorganisms12091774 has no snippet
data/traits/environment/ph_delta_mid1.yaml	ph_delta_mid1_moderate_breadth:gln_glu_decarboxylation_pathway->intracellular_proton[0]	MISSING_SNIPPET	WARN	reference=DOI:10.3390/microorganisms12091774 has no snippet
data/traits/environment/ph_delta_mid1.yaml	ph_delta_mid1_moderate_breadth:membrane_saturated_fatty_acids->proton_diffusion_across_membrane[0]	MISSING_SNIPPET	WARN	reference=DOI:10.1128/aem.00569-24 has no snippet
data/traits/environment/ph_delta_mid1.yaml	ph_delta_mid1_moderate_breadth:oxidative_phosphorylation->proton_motive_force[0]	MISSING_SNIPPET	WARN	reference=DOI:10.3390/microorganisms12081565 has no snippet
data/traits/environment/ph_delta_mid1.yaml	ph_delta_mid1_moderate_breadth:ph_delta_mid1_trait->ph_delta[0]	UNSUPPORTIVE_SNIPPET	WARN	11 chars, supports nothing specific: 'external pH'
data/traits/environment/ph_delta_mid1.yaml	ph_delta_mid1_moderate_breadth:proton_motive_force->cytoplasmic_ph_homeostasis[0]	MISSING_SNIPPET	WARN	reference=DOI:10.3390/microorganisms12081565 has no snippet
data/traits/environment/ph_delta_mid1.yaml	ph_delta_mid1_moderate_breadth:ybas_glutaminase->ammonia[0]	MISSING_SNIPPET	WARN	reference=DOI:10.3390/microorganisms12091774 has no snippet
data/traits/environment/ph_delta_mid2.yaml	ph_delta_mid2_broad_breadth:cytoplasmic_buffers->cytoplasmic_ph_buffering[0]	MISSING_SNIPPET	WARN	reference=DOI:10.3390/antibiotics12091474 has no snippet
data/traits/environment/ph_delta_mid2.yaml	ph_delta_mid2_broad_breadth:external_ph_stress->pmf_component_balance[0]	MISSING_SNIPPET	WARN	reference=DOI:10.1038/nrmicro2549 has no snippet
data/traits/environment/ph_delta_mid2.yaml	ph_delta_mid2_broad_breadth:f1fo_atpase->proton_translocation_homeostasis[0]	MISSING_SNIPPET	WARN	reference=DOI:10.1038/nrmicro2549 has no snippet
data/traits/environment/ph_delta_mid2.yaml	ph_delta_mid2_broad_breadth:glutamate_decarboxylase_system->intracellular_proton[0]	MISSING_SNIPPET	WARN	reference=DOI:10.3390/antibiotics12091474 has no snippet
data/traits/environment/ph_delta_mid2.yaml	ph_delta_mid2_broad_breadth:na_h_antiporter_activity->alkaline_ph_homeostasis[0]	MISSING_SNIPPET	WARN	reference=DOI:10.1038/nrmicro2549 has no snippet
data/traits/environment/ph_delta_mid2.yaml	ph_delta_mid2_broad_breadth:respiratory_proton_pumps->pmf_generation[0]	MISSING_SNIPPET	WARN	reference=DOI:10.1038/nrmicro2549 has no snippet
data/traits/environment/ph_delta_mid3.yaml	ph_delta_mid3_wide_breadth:aa_decarboxylation->proton_motive_force[0]	MISSING_SNIPPET	WARN	reference=DOI:10.1093/femsre/fuad033 has no snippet
data/traits/environment/ph_delta_mid3.yaml	ph_delta_mid3_wide_breadth:external_alkaline_ph->na_h_antiport[0]	MISSING_SNIPPET	WARN	reference=DOI:10.1038/nrmicro2549 has no snippet
data/traits/environment/ph_delta_mid3.yaml	ph_delta_mid3_wide_breadth:f0f1_atpase->cytoplasmic_ph_maintenance[0]	MISSING_SNIPPET	WARN	reference=DOI:10.1093/femsre/fuad033 has no snippet
data/traits/environment/ph_delta_mid3.yaml	ph_delta_mid3_wide_breadth:membrane_lipid_remodeling->proton_permeability[0]	MISSING_SNIPPET	WARN	reference=DOI:10.3389/fmicb.2022.1034164 has no snippet
data/traits/environment/ph_delta_mid3.yaml	ph_delta_mid3_wide_breadth:ph_delta_mid3_trait->ph_delta[0]	UNSUPPORTIVE_SNIPPET	WARN	11 chars, supports nothing specific: 'external pH'
data/traits/environment/ph_delta_mid3.yaml	ph_delta_mid3_wide_breadth:phosphate_buffering->intracellular_ph_stability[0]	MISSING_SNIPPET	WARN	reference=DOI:10.1093/femsre/fuad033 has no snippet
data/traits/environment/ph_delta_mid3.yaml	ph_delta_mid3_wide_breadth:pmf_regulation->cytoplasmic_ph_maintenance[0]	MISSING_SNIPPET	WARN	reference=DOI:10.1038/nrmicro2549 has no snippet
data/traits/environment/ph_delta_mid3.yaml	ph_delta_mid3_wide_breadth:proton_pumping_respiratory_complexes->proton_motive_force[0]	MISSING_SNIPPET	WARN	reference=DOI:10.1038/nrmicro2549 has no snippet
data/traits/environment/ph_delta_very_low.yaml	ph_delta_very_low_stenotopic:constitutive_ph_homeostasis_expression->energetic_cost[0]	MISSING_SNIPPET	WARN	reference=DOI:10.1038/nrmicro2549 has no snippet
data/traits/environment/ph_delta_very_low.yaml	ph_delta_very_low_stenotopic:external_ph_stress->pmf_partitioning[0]	MISSING_SNIPPET	WARN	reference=DOI:10.1038/nrmicro2549 has no snippet
data/traits/environment/ph_delta_very_low.yaml	ph_delta_very_low_stenotopic:f1fo_atpase_proton_pumping->acid_stress_survival[0]	MISSING_SNIPPET	WARN	reference=DOI:10.1038/nrmicro2549 has no snippet
data/traits/environment/ph_delta_very_low.yaml	ph_delta_very_low_stenotopic:glutamate_decarboxylase_system->cytoplasmic_proton_consumption[0]	MISSING_SNIPPET	WARN	reference=DOI:10.1038/nrmicro2549 has no snippet
data/traits/environment/ph_delta_very_low.yaml	ph_delta_very_low_stenotopic:na_h_antiporter_activity->alkaline_ph_homeostasis[0]	MISSING_SNIPPET	WARN	reference=DOI:10.1038/nrmicro2549 has no snippet
data/traits/environment/ph_growth_preference.yaml	ph_growth_preference_homeostasis:acidic_external_ph->amino_acid_decarboxylase_systems[0]	MISSING_SNIPPET	WARN	reference=DOI:10.1093/femsre/fuad062 has no snippet
data/traits/environment/ph_growth_preference.yaml	ph_growth_preference_homeostasis:amino_acid_decarboxylase_systems->amino_acid_decarboxylation[0]	MISSING_SNIPPET	WARN	reference=DOI:10.1093/femsre/fuad062 has no snippet
data/traits/environment/ph_growth_preference.yaml	ph_growth_preference_homeostasis:amino_acid_decarboxylation->cytoplasmic_ph_homeostasis[0]	MISSING_SNIPPET	WARN	reference=DOI:10.1093/femsre/fuad062 has no snippet
data/traits/environment/ph_growth_preference.yaml	ph_growth_preference_homeostasis:f1f0_atpase->cytoplasmic_ph_homeostasis[0]	MISSING_SNIPPET	WARN	reference=DOI:10.1093/femsre/fuad062 has no snippet
data/traits/environment/ph_growth_preference.yaml	ph_growth_preference_homeostasis:na_h_antiport->cytoplasmic_ph_homeostasis[0]	MISSING_SNIPPET	WARN	reference=DOI:10.1038/nrmicro2549 has no snippet
data/traits/environment/ph_growth_preference.yaml	ph_growth_preference_homeostasis:na_h_antiporter_genes->alkaline_external_ph[0]	MISSING_SNIPPET	WARN	reference=DOI:10.1126/sciadv.adf8998 has no snippet
data/traits/environment/ph_growth_preference.yaml	ph_growth_preference_homeostasis:proton_consuming_reaction_genes->acidic_external_ph[0]	MISSING_SNIPPET	WARN	reference=DOI:10.1126/sciadv.adf8998 has no snippet
data/traits/environment/ph_optimum.yaml	ph_optimum_balanced_homeostasis:cytoplasm_acidification->cytoplasmic_ph_homeostasis[0]	MISSING_SNIPPET	WARN	reference=DOI:10.1093/femsre/fuad033 has no snippet
data/traits/environment/ph_optimum.yaml	ph_optimum_balanced_homeostasis:cytoplasmic_buffering_capacity->internal_ph[0]	MISSING_SNIPPET	WARN	reference=DOI:10.1093/femsre/fuad033 has no snippet
data/traits/environment/ph_optimum.yaml	ph_optimum_balanced_homeostasis:decarboxylation_pathways->cytoplasmic_ph_homeostasis[0]	MISSING_SNIPPET	WARN	reference=DOI:10.1093/femsre/fuad033 has no snippet
data/traits/environment/ph_optimum.yaml	ph_optimum_balanced_homeostasis:decarboxylation_pathways->proton_motive_force[0]	MISSING_SNIPPET	WARN	reference=DOI:10.1093/femsre/fuad033 has no snippet
data/traits/environment/ph_optimum.yaml	ph_optimum_balanced_homeostasis:external_ph->proton_motive_force[0]	MISSING_SNIPPET	WARN	reference=DOI:10.1093/femsre/fuad033 has no snippet
data/traits/environment/ph_optimum.yaml	ph_optimum_balanced_homeostasis:na_h_antiporter_activity->cytoplasm_acidification[0]	MISSING_SNIPPET	WARN	reference=DOI:10.1093/femsre/fuad033 has no snippet
data/traits/environment/ph_optimum.yaml	ph_optimum_balanced_homeostasis:proton_motive_force->atp_synthesis[0]	MISSING_SNIPPET	WARN	reference=DOI:10.1093/femsre/fuad033 has no snippet
data/traits/environment/ph_optimum_high.yaml	ph_optimum_high_alkaliphile_setpoint:acidic_membrane_polymers->proton_motive_force[0]	MISSING_SNIPPET	WARN	reference=DOI:10.3390/min14090861 has no snippet
data/traits/environment/ph_optimum_high.yaml	ph_optimum_high_alkaliphile_setpoint:cpa_nha_antiporters->intracellular_na[0]	MISSING_SNIPPET	WARN	reference=DOI:10.1128/AEM.00145-24 has no snippet
data/traits/environment/ph_optimum_high.yaml	ph_optimum_high_alkaliphile_setpoint:organic_acid_secretion->ph_balance[0]	MISSING_SNIPPET	WARN	reference=DOI:10.3390/min14090861 has no snippet
data/traits/environment/ph_optimum_high.yaml	ph_optimum_high_alkaliphile_setpoint:rnf_complex->transmembrane_na_gradient[0]	MISSING_SNIPPET	WARN	reference=DOI:10.1515/hsz-2015-0137 has no snippet
data/traits/environment/ph_optimum_high.yaml	ph_optimum_high_alkaliphile_setpoint:terminal_oxidases->proton_motive_force[0]	MISSING_SNIPPET	WARN	reference=DOI:10.3389/fmicb.2024.1468929 has no snippet
data/traits/environment/ph_optimum_high.yaml	ph_optimum_high_alkaliphile_setpoint:trkah_k_uptake->alkaliphile_homeostasis[0]	MISSING_SNIPPET	WARN	reference=DOI:10.1128/AEM.00145-24 has no snippet
data/traits/environment/ph_optimum_low.yaml	ph_optimum_low_acidophile_setpoint:inside_positive_membrane_potential->proton_influx[0]	MISSING_SNIPPET	WARN	reference=DOI:10.1038/nrmicro2549 has no snippet
data/traits/environment/ph_optimum_low.yaml	ph_optimum_low_acidophile_setpoint:inside_positive_membrane_potential->proton_influx[1]	MISSING_SNIPPET	WARN	reference=DOI:10.3389/fmicb.2023.1149903 has no snippet
data/traits/environment/ph_optimum_low.yaml	ph_optimum_low_acidophile_setpoint:low_external_ph->transmembrane_ph_gradient[0]	MISSING_SNIPPET	WARN	reference=DOI:10.1038/nrmicro2549 has no snippet
data/traits/environment/ph_optimum_low.yaml	ph_optimum_low_acidophile_setpoint:proton_impermeable_membrane->passive_proton_permeability[0]	MISSING_SNIPPET	WARN	reference=DOI:10.3389/fmicb.2023.1149903 has no snippet
data/traits/environment/ph_optimum_low.yaml	ph_optimum_low_acidophile_setpoint:proton_pumping_respiratory_complexes->cytoplasmic_proton_load[0]	MISSING_SNIPPET	WARN	reference=DOI:10.1038/nrmicro2549 has no snippet
data/traits/environment/ph_optimum_mid1.yaml	ph_optimum_mid1_neutrophile_setpoint:amino_acid_decarboxylation->proton[0]	MISSING_SNIPPET	WARN	reference=DOI:10.1371/journal.ppat.1011927 has no snippet
data/traits/environment/ph_optimum_mid1.yaml	ph_optimum_mid1_neutrophile_setpoint:ammonia->ammonium[0]	MISSING_SNIPPET	WARN	reference=DOI:10.1128/aem.00569-24 has no snippet
data/traits/environment/ph_optimum_mid1.yaml	ph_optimum_mid1_neutrophile_setpoint:ammonia->proton[0]	MISSING_SNIPPET	WARN	reference=DOI:10.1128/aem.00569-24 has no snippet
data/traits/environment/ph_optimum_mid1.yaml	ph_optimum_mid1_neutrophile_setpoint:f0f1_atpase->minimal_ph_homeostasis_load[0]	MISSING_SNIPPET	WARN	reference=DOI:10.1371/journal.ppat.1011927 has no snippet
data/traits/environment/ph_optimum_mid1.yaml	ph_optimum_mid1_neutrophile_setpoint:f0f1_atpase->proton[0]	MISSING_SNIPPET	WARN	reference=DOI:10.1371/journal.ppat.1011927 has no snippet
data/traits/environment/ph_optimum_mid1.yaml	ph_optimum_mid1_neutrophile_setpoint:gad_gaba_pathway->proton[0]	MISSING_SNIPPET	WARN	reference=DOI:10.1128/aem.00569-24 has no snippet
data/traits/environment/ph_optimum_mid2.yaml	ph_optimum_mid2_alkaline_tolerant_setpoint:cytoplasmic_buffering_capacity->intracellular_ph_homeostasis[0]	MISSING_SNIPPET	WARN	reference=DOI:10.1093/femsre/fuad033 has no snippet
data/traits/environment/ph_optimum_mid2.yaml	ph_optimum_mid2_alkaline_tolerant_setpoint:k_h_antiporters->intracellular_ph_homeostasis[0]	MISSING_SNIPPET	WARN	reference=DOI:10.1093/femsre/fuad033 has no snippet
data/traits/environment/ph_optimum_mid2.yaml	ph_optimum_mid2_alkaline_tolerant_setpoint:metabolite_decarboxylation->proton_motive_force[0]	MISSING_SNIPPET	WARN	reference=DOI:10.1093/femsre/fuad033 has no snippet
data/traits/environment/ph_optimum_mid2.yaml	ph_optimum_mid2_alkaline_tolerant_setpoint:na_h_antiporters->intracellular_ph_homeostasis[0]	MISSING_SNIPPET	WARN	reference=DOI:10.1093/femsre/fuad033 has no snippet
data/traits/environment/ph_optimum_mid2.yaml	ph_optimum_mid2_alkaline_tolerant_setpoint:proton_motive_force->f0f1_atp_synthase[0]	MISSING_SNIPPET	WARN	reference=DOI:10.1093/femsre/fuad033 has no snippet
data/traits/environment/ph_optimum_mid2.yaml	ph_optimum_mid2_alkaline_tolerant_setpoint:respiratory_proton_pumping->intracellular_ph_homeostasis[0]	MISSING_SNIPPET	WARN	reference=DOI:10.1093/femsre/fuad033 has no snippet
data/traits/environment/ph_phenotype_with_numerical_limits.yaml	evidence[0]	UNSUPPORTIVE_SNIPPET	WARN	11 chars, supports nothing specific: 'external pH'
data/traits/environment/ph_phenotype_with_numerical_limits.yaml	ph_phenotype_numerical_axis:aa_decarboxylase_antiporter->intracellular_proton[0]	MISSING_SNIPPET	WARN	reference=DOI:10.1093/femsre/fuad033 has no snippet
data/traits/environment/ph_phenotype_with_numerical_limits.yaml	ph_phenotype_numerical_axis:external_ph_axis->ph_phenotype_trait[0]	UNSUPPORTIVE_SNIPPET	WARN	11 chars, supports nothing specific: 'external pH'
data/traits/environment/ph_phenotype_with_numerical_limits.yaml	ph_phenotype_numerical_axis:external_ph_axis->proton_motive_force[0]	MISSING_SNIPPET	WARN	reference=DOI:10.1093/femsre/fuad033 has no snippet
data/traits/environment/ph_phenotype_with_numerical_limits.yaml	ph_phenotype_numerical_axis:f0f1_atpase->atp_synthesis_from_pmf[0]	MISSING_SNIPPET	WARN	reference=DOI:10.1093/femsre/fuad033 has no snippet
data/traits/environment/ph_phenotype_with_numerical_limits.yaml	ph_phenotype_numerical_axis:k_h_antiporter->internal_ph_pmf[0]	MISSING_SNIPPET	WARN	reference=DOI:10.1093/femsre/fuad033 has no snippet
data/traits/environment/ph_phenotype_with_numerical_limits.yaml	ph_phenotype_numerical_axis:na_h_antiporter->internal_ph_pmf[0]	MISSING_SNIPPET	WARN	reference=DOI:10.1093/femsre/fuad033 has no snippet
data/traits/environment/ph_phenotype_with_numerical_limits.yaml	ph_phenotype_numerical_axis:phosphate_buffering->internal_ph[0]	MISSING_SNIPPET	WARN	reference=DOI:10.1093/femsre/fuad033 has no snippet
data/traits/environment/ph_range.yaml	ph_range_bounded_homeostasis:amino_acid_decarboxylation->cytoplasmic_ph_homeostasis[0]	MISSING_SNIPPET	WARN	reference=DOI:10.3389/fmicb.2020.556140 has no snippet
data/traits/environment/ph_range.yaml	ph_range_bounded_homeostasis:cytoplasmic_ph_homeostasis->bounded_growth_window[0]	MISSING_SNIPPET	WARN	reference=DOI:10.1038/nrmicro2549 has no snippet
data/traits/environment/ph_range.yaml	ph_range_bounded_homeostasis:external_ph->bounded_growth_window[0]	UNSUPPORTIVE_SNIPPET	WARN	11 chars, supports nothing specific: 'external pH'
data/traits/environment/ph_range.yaml	ph_range_bounded_homeostasis:membrane_potential->external_ph[0]	MISSING_SNIPPET	WARN	reference=DOI:10.1038/nrmicro2549 has no snippet
data/traits/environment/ph_range.yaml	ph_range_bounded_homeostasis:membrane_proton_impermeability->acid_tolerance[0]	MISSING_SNIPPET	WARN	reference=DOI:10.3389/fmicb.2020.556140 has no snippet
data/traits/environment/ph_range.yaml	ph_range_bounded_homeostasis:mrp_antiporter_activity->alkaline_tolerance[0]	MISSING_SNIPPET	WARN	reference=DOI:10.1038/nrmicro2549 has no snippet
data/traits/environment/ph_range.yaml	ph_range_bounded_homeostasis:ph_gradient->bounded_growth_window[0]	MISSING_SNIPPET	WARN	reference=DOI:10.1038/nrmicro2549 has no snippet
data/traits/environment/ph_range_high.yaml	ph_range_high_extreme_alkaliphile:alkaline_ph_homeostasis->ph_range_high_trait[0]	MISSING_SNIPPET	WARN	reference=DOI:10.1038/nrmicro2549 has no snippet
data/traits/environment/ph_range_high.yaml	ph_range_high_extreme_alkaliphile:cytoplasmic_na->mrp_antiporter_complex[0]	MISSING_SNIPPET	WARN	reference=DOI:10.1038/nrmicro2549 has no snippet
data/traits/environment/ph_range_high.yaml	ph_range_high_extreme_alkaliphile:external_ph_high->carbonate_speciation[0]	MISSING_SNIPPET	WARN	reference=DOI:10.1128/AEM.01557-23 has no snippet
data/traits/environment/ph_range_high.yaml	ph_range_high_extreme_alkaliphile:f1fo_atp_synthase->alkaline_ph_homeostasis[0]	MISSING_SNIPPET	WARN	reference=DOI:10.1038/nrmicro2549 has no snippet
data/traits/environment/ph_range_high.yaml	ph_range_high_extreme_alkaliphile:membrane_potential->mrp_antiporter_complex[0]	MISSING_SNIPPET	WARN	reference=DOI:10.1038/nrmicro2549 has no snippet
data/traits/environment/ph_range_high.yaml	ph_range_high_extreme_alkaliphile:mrp_antiporter_complex->ph_range_high_trait[0]	MISSING_SNIPPET	WARN	reference=DOI:10.1038/nrmicro2549 has no snippet
data/traits/environment/ph_range_high.yaml	ph_range_high_extreme_alkaliphile:mrp_operon->mrp_antiporter_complex[0]	MISSING_SNIPPET	WARN	reference=DOI:10.1038/nrmicro2549 has no snippet
data/traits/environment/ph_range_high.yaml	ph_range_high_extreme_alkaliphile:na_solute_symporters->cytoplasmic_na[0]	MISSING_SNIPPET	WARN	reference=DOI:10.1038/nrmicro2549 has no snippet
data/traits/environment/ph_range_low.yaml	ph_range_low_acidophile_range:cyclopropane_fatty_acids->membrane_proton_permeability[0]	MISSING_SNIPPET	WARN	reference=DOI:10.4014/jmb.2303.03009 has no snippet
data/traits/environment/ph_range_low.yaml	ph_range_low_acidophile_range:h_atpase->acidophile_homeostasis[0]	MISSING_SNIPPET	WARN	reference=DOI:10.3390/microorganisms12030625 has no snippet
data/traits/environment/ph_range_low.yaml	ph_range_low_acidophile_range:h_atpase->cytoplasmic_protons[0]	MISSING_SNIPPET	WARN	reference=DOI:10.3389/fmicb.2023.1149903 has no snippet
data/traits/environment/ph_range_low.yaml	ph_range_low_acidophile_range:proton_motive_force->atp_synthase_atp_formation[0]	MISSING_SNIPPET	WARN	reference=DOI:10.1111/1758-2229.70019 has no snippet
data/traits/environment/ph_range_low.yaml	ph_range_low_acidophile_range:undissociated_weak_acids->weak_acid_influx[0]	MISSING_SNIPPET	WARN	reference=DOI:10.1111/1758-2229.70019 has no snippet
data/traits/environment/ph_range_low.yaml	ph_range_low_acidophile_range:weak_acid_dissociation->internal_ph[0]	MISSING_SNIPPET	WARN	reference=DOI:10.1111/1758-2229.70019 has no snippet
data/traits/environment/ph_range_mid1.yaml	ph_range_mid1_neutrophile_range:acid_challenge->respiratory_proton_pumping[0]	MISSING_SNIPPET	WARN	reference=DOI:10.1038/nrmicro2549 has no snippet
data/traits/environment/ph_range_mid1.yaml	ph_range_mid1_neutrophile_range:alkaline_challenge->cation_proton_antiporters[0]	MISSING_SNIPPET	WARN	reference=DOI:10.1038/nrmicro2549 has no snippet
data/traits/environment/ph_range_mid1.yaml	ph_range_mid1_neutrophile_range:cation_proton_antiporters->cytoplasmic_ph_homeostasis[0]	MISSING_SNIPPET	WARN	reference=DOI:10.1103/PRXLife.2.043015 has no snippet
data/traits/environment/ph_range_mid1.yaml	ph_range_mid1_neutrophile_range:cytoplasmic_ph_homeostasis->ph_range_mid1_trait[0]	MISSING_SNIPPET	WARN	reference=DOI:10.1103/PRXLife.2.043015 has no snippet
data/traits/environment/ph_range_mid1.yaml	ph_range_mid1_neutrophile_range:ph_range_mid1_trait->ph_range[0]	UNSUPPORTIVE_SNIPPET	WARN	11 chars, supports nothing specific: 'external pH'
data/traits/environment/ph_range_mid1.yaml	ph_range_mid1_neutrophile_range:proton_motive_force->cytoplasmic_ph_homeostasis[0]	MISSING_SNIPPET	WARN	reference=DOI:10.1103/PRXLife.2.043015 has no snippet
data/traits/environment/ph_range_mid1.yaml	ph_range_mid1_neutrophile_range:respiratory_proton_pumping->baseline_ph_homeostasis[0]	MISSING_SNIPPET	WARN	reference=DOI:10.1038/nrmicro2549 has no snippet
data/traits/environment/ph_range_mid2.yaml	ph_range_mid2_mild_alkaline_tolerance:cytoplasmic_buffering->cytoplasmic_ph_homeostasis[0]	MISSING_SNIPPET	WARN	reference=DOI:10.1093/femsre/fuad033 has no snippet
data/traits/environment/ph_range_mid2.yaml	ph_range_mid2_mild_alkaline_tolerance:dpsi_dph_rebalancing->proton_motive_force[0]	MISSING_SNIPPET	WARN	reference=DOI:10.1093/femsre/fuad033 has no snippet
data/traits/environment/ph_range_mid2.yaml	ph_range_mid2_mild_alkaline_tolerance:external_ph_7_8->cytoplasmic_ph_homeostasis[0]	MISSING_SNIPPET	WARN	reference=DOI:10.1093/femsre/fuad033 has no snippet
data/traits/environment/ph_range_mid2.yaml	ph_range_mid2_mild_alkaline_tolerance:f0f1_atpase->atp_synthesis[0]	MISSING_SNIPPET	WARN	reference=DOI:10.1093/femsre/fuad033 has no snippet
data/traits/environment/ph_range_mid2.yaml	ph_range_mid2_mild_alkaline_tolerance:na_h_antiport_activity->cytoplasm[0]	MISSING_SNIPPET	WARN	reference=DOI:10.1093/femsre/fuad033 has no snippet
data/traits/environment/ph_range_mid2.yaml	ph_range_mid2_mild_alkaline_tolerance:proton_ion_antiporters->membrane_potential[0]	MISSING_SNIPPET	WARN	reference=DOI:10.1146/annurev-biophys-030822-032215 has no snippet
data/traits/environment/ph_range_mid2.yaml	ph_range_mid2_mild_alkaline_tolerance:proton_motive_force->external_ph_5_8[0]	MISSING_SNIPPET	WARN	reference=DOI:10.1093/femsre/fuad033 has no snippet
data/traits/environment/ph_range_mid3.yaml	ph_range_mid3_alkaliphile_range:acidic_cell_wall_polymers->ph_range_mid3_trait[0]	MISSING_SNIPPET	WARN	reference=DOI:10.1007/s13205-021-02938-x has no snippet
data/traits/environment/ph_range_mid3.yaml	ph_range_mid3_alkaliphile_range:carbonate_buffered_medium->ph_range_mid3_trait[0]	MISSING_SNIPPET	WARN	reference=DOI:10.1007/s13205-023-03733-6 has no snippet
data/traits/environment/ph_range_mid3.yaml	ph_range_mid3_alkaliphile_range:cardiolipin_membrane->intracellular_ph_homeostasis[0]	MISSING_SNIPPET	WARN	reference=DOI:10.1007/s13205-021-02938-x has no snippet
data/traits/environment/ph_range_mid3.yaml	ph_range_mid3_alkaliphile_range:cytoplasm_acidification->intracellular_ph_homeostasis[0]	MISSING_SNIPPET	WARN	reference=DOI:10.1007/s13205-021-02938-x has no snippet
data/traits/environment/ph_range_mid3.yaml	ph_range_mid3_alkaliphile_range:growth_range_observation->ph_range_mid3_trait[0]	MISSING_SNIPPET	WARN	reference=DOI:10.3389/fmicb.2023.1228266 has no snippet
data/traits/environment/ph_range_mid3.yaml	ph_range_mid3_alkaliphile_range:mrp_antiporter->intracellular_ph_homeostasis[0]	MISSING_SNIPPET	WARN	reference=DOI:10.1038/s41467-022-33640-y has no snippet
data/traits/environment/ph_range_mid3.yaml	ph_range_mid3_alkaliphile_range:nahplus_antiport_activity->cytoplasm_acidification[0]	MISSING_SNIPPET	WARN	reference=DOI:10.1007/s13205-021-02938-x has no snippet
data/traits/environment/ph_range_very_low.yaml	ph_range_very_low_extreme_acidophile:low_proton_permeability->near_neutral_cytoplasmic_ph[0]	MISSING_SNIPPET	WARN	reference=DOI:10.3389/frbis.2023.1338019 has no snippet
data/traits/environment/ph_range_very_low.yaml	ph_range_very_low_extreme_acidophile:potassium_influx->reversed_membrane_potential[0]	MISSING_SNIPPET	WARN	reference=DOI:10.1128/9781555818821.ch4.3.1 has no snippet
data/traits/environment/ph_range_very_low.yaml	ph_range_very_low_extreme_acidophile:reversed_membrane_potential->proton_influx[0]	MISSING_SNIPPET	WARN	reference=DOI:10.1038/nrmicro2549 has no snippet
data/traits/environment/ph_range_very_low.yaml	ph_range_very_low_extreme_acidophile:weak_organic_acids->cytoplasm[0]	MISSING_SNIPPET	WARN	reference=DOI:10.1128/9781555818821.ch4.3.1 has no snippet
data/traits/environment/ph_range_very_low.yaml	ph_range_very_low_extreme_acidophile:weak_organic_acids->cytoplasmic_acidification[0]	MISSING_SNIPPET	WARN	reference=DOI:10.1128/AEM.04031-15 has no snippet
data/traits/environment/piezophilic.yaml	piezophilic_hhp_membrane_adaptation:high_hydrostatic_pressure->omega3_pufa[0]	MISSING_SNIPPET	WARN	reference=DOI:10.3389/fmolb.2022.1058381 has no snippet
data/traits/environment/piezophilic.yaml	piezophilic_hhp_membrane_adaptation:high_hydrostatic_pressure->piezolytes[0]	MISSING_SNIPPET	WARN	reference=DOI:10.3390/microorganisms11071629 has no snippet
data/traits/environment/piezophilic.yaml	piezophilic_hhp_membrane_adaptation:high_hydrostatic_pressure->piezophilic_trait[0]	MISSING_SNIPPET	WARN	reference=DOI:10.3389/fmolb.2022.1058381 has no snippet
data/traits/environment/piezophilic.yaml	piezophilic_hhp_membrane_adaptation:high_hydrostatic_pressure->unsaturated_branched_fa[0]	MISSING_SNIPPET	WARN	reference=DOI:10.3389/fmolb.2022.1058381 has no snippet
data/traits/environment/piezophilic.yaml	piezophilic_hhp_membrane_adaptation:membrane_adaptation->piezophilic_trait[0]	MISSING_SNIPPET	WARN	reference=DOI:10.1099/ijsem.0.001671 has no snippet
data/traits/environment/piezophilic.yaml	piezophilic_hhp_membrane_adaptation:omega3_pufa->membrane_adaptation[0]	MISSING_SNIPPET	WARN	reference=DOI:10.3389/fmolb.2022.1058381 has no snippet
data/traits/environment/piezophilic.yaml	piezophilic_hhp_membrane_adaptation:pfa_operon->omega3_pufa[0]	MISSING_SNIPPET	WARN	reference=DOI:10.3390/microorganisms11071629 has no snippet
data/traits/environment/piezophilic.yaml	piezophilic_hhp_membrane_adaptation:piezolytes->pressure_tolerance[0]	MISSING_SNIPPET	WARN	reference=DOI:10.3390/microorganisms11071629 has no snippet
data/traits/environment/piezophilic.yaml	piezophilic_hhp_membrane_adaptation:pressure_tolerance->piezophilic_trait[0]	MISSING_SNIPPET	WARN	reference=DOI:10.3390/microorganisms11071629 has no snippet
data/traits/environment/piezophilic.yaml	piezophilic_hhp_membrane_adaptation:unsaturated_branched_fa->membrane_adaptation[0]	MISSING_SNIPPET	WARN	reference=DOI:10.3389/fmolb.2022.1058381 has no snippet
data/traits/environment/piezotolerant.yaml	piezotolerance_pressure_range:hydrostatic_pressure->branched_unsaturated_fatty_acids[0]	MISSING_SNIPPET	WARN	reference=DOI:10.3389/fmolb.2022.1058381 has no snippet
data/traits/environment/piezotolerant.yaml	piezotolerance_pressure_range:hydrostatic_pressure->heat_shock_genes[0]	MISSING_SNIPPET	WARN	reference=DOI:10.3389/fmicb.2024.1470617 has no snippet
data/traits/environment/piezotolerant.yaml	piezotolerance_pressure_range:hydrostatic_pressure->membrane_adaptation[0]	MISSING_SNIPPET	WARN	reference=DOI:10.3389/fmolb.2022.1058381 has no snippet
data/traits/environment/piezotolerant.yaml	piezotolerance_pressure_range:hydrostatic_pressure->membrane_fluidity[0]	MISSING_SNIPPET	WARN	reference=DOI:10.3390/microorganisms11071629 has no snippet
data/traits/environment/piezotolerant.yaml	piezotolerance_pressure_range:hydrostatic_pressure->piezolyte_accumulation[0]	MISSING_SNIPPET	WARN	reference=DOI:10.3390/microorganisms11071629 has no snippet
data/traits/environment/piezotolerant.yaml	piezotolerance_pressure_range:membrane_adaptation->piezotolerant_trait[0]	MISSING_SNIPPET	WARN	reference=DOI:10.1099/ijsem.0.001671 has no snippet
data/traits/environment/piezotolerant.yaml	piezotolerance_pressure_range:membrane_fluidity->unsaturated_fatty_acids[0]	MISSING_SNIPPET	WARN	reference=DOI:10.3390/microorganisms11071629 has no snippet
data/traits/environment/piezotolerant.yaml	piezotolerance_pressure_range:piezolyte_accumulation->protein_protection[0]	MISSING_SNIPPET	WARN	reference=DOI:10.3390/microorganisms11071629 has no snippet
data/traits/environment/pressure_delta.yaml	pressure_delta_breadth_descriptor:compatible_solutes->protein_stabilization_under_pressure[0]	MISSING_SNIPPET	WARN	reference=DOI:10.1021/acs.chemrev.3c00432 has no snippet
data/traits/environment/pressure_delta.yaml	pressure_delta_breadth_descriptor:hydrostatic_pressure->membrane_fluidity_loss[0]	MISSING_SNIPPET	WARN	reference=DOI:10.3389/fmicb.2024.1293928 has no snippet
data/traits/environment/pressure_delta.yaml	pressure_delta_breadth_descriptor:hydrostatic_pressure->pressure_delta_trait[0]	MISSING_SNIPPET	WARN	reference=DOI:10.3389/fmolb.2022.1058381 has no snippet
data/traits/environment/pressure_delta.yaml	pressure_delta_breadth_descriptor:hydrostatic_pressure->ribosome_dissociation[0]	MISSING_SNIPPET	WARN	reference=DOI:10.1038/s43247-023-01045-4 has no snippet
data/traits/environment/pressure_delta.yaml	pressure_delta_breadth_descriptor:membrane_fluidity_loss->pressure_tolerance_breadth[0]	MISSING_SNIPPET	WARN	reference=DOI:10.1038/s43247-023-01045-4 has no snippet
data/traits/environment/pressure_delta.yaml	pressure_delta_breadth_descriptor:min_max_growth_pressure_bounds->pressure_delta_trait[0]	MISSING_SNIPPET	WARN	reference=DOI:10.1186/s12864-020-07102-y has no snippet
data/traits/environment/pressure_delta.yaml	pressure_delta_breadth_descriptor:nuo_complex_i->high_pressure_energy_conservation[0]	MISSING_SNIPPET	WARN	reference=DOI:10.1186/s12864-020-07102-y has no snippet
data/traits/environment/pressure_delta.yaml	pressure_delta_breadth_descriptor:pressure_delta_trait->pressure_tolerance_breadth[0]	MISSING_SNIPPET	WARN	reference=DOI:10.1099/ijsem.0.001671 has no snippet
data/traits/environment/pressure_delta.yaml	pressure_delta_breadth_descriptor:ribosome_dissociation->pressure_tolerance_breadth[0]	MISSING_SNIPPET	WARN	reference=DOI:10.1038/s43247-023-01045-4 has no snippet
data/traits/environment/pressure_delta.yaml	pressure_delta_breadth_descriptor:unsaturated_fatty_acid_production->membrane_fluidity_maintenance[0]	MISSING_SNIPPET	WARN	reference=DOI:10.1186/s12864-020-07102-y has no snippet
data/traits/environment/pressure_delta.yaml	pressure_delta_breadth_descriptor:unsaturated_fatty_acid_production->membrane_fluidity_maintenance[1]	MISSING_SNIPPET	WARN	reference=DOI:10.1021/acs.chemrev.3c00432 has no snippet
data/traits/environment/pressure_optimum.yaml	pressure_optimum_balanced_adaptation:compatible_solute_accumulation->hhp_tolerance[0]	MISSING_SNIPPET	WARN	reference=DOI:10.1007/s00253-023-12906-5 has no snippet
data/traits/environment/pressure_optimum.yaml	pressure_optimum_balanced_adaptation:compatible_solute_accumulation->protein_stabilization_preferential_hydration[0]	MISSING_SNIPPET	WARN	reference=DOI:10.3390/microorganisms11071629 has no snippet
data/traits/environment/pressure_optimum.yaml	pressure_optimum_balanced_adaptation:hydrostatic_pressure->pressure_optimum_trait[0]	MISSING_SNIPPET	WARN	reference=DOI:10.3389/fmolb.2022.1058381 has no snippet
data/traits/environment/pressure_optimum.yaml	pressure_optimum_balanced_adaptation:intracellular_cation_concentration->intracellular_osmotic_pressure[0]	MISSING_SNIPPET	WARN	reference=DOI:10.1128/mbio.00958-23 has no snippet
data/traits/environment/pressure_optimum.yaml	pressure_optimum_balanced_adaptation:intracellular_osmotic_pressure->hhp_tolerance[0]	MISSING_SNIPPET	WARN	reference=DOI:10.1128/mbio.00958-23 has no snippet
data/traits/environment/pressure_optimum.yaml	pressure_optimum_balanced_adaptation:membrane_unsaturated_fatty_acids->pressure_optimum_trait[0]	MISSING_SNIPPET	WARN	reference=DOI:10.3389/fmolb.2022.1058381 has no snippet
data/traits/environment/pressure_optimum.yaml	pressure_optimum_balanced_adaptation:pressure_optimum_trait->maximal_growth_rate[0]	MISSING_SNIPPET	WARN	reference=DOI:10.1099/ijsem.0.001671 has no snippet
data/traits/environment/pressure_range.yaml	pressure_range_growth_bounded_span:compatible_solute_accumulation->protein_stabilization[0]	MISSING_SNIPPET	WARN	reference=DOI:10.3390/microorganisms11071629 has no snippet
data/traits/environment/pressure_range.yaml	pressure_range_growth_bounded_span:hydrostatic_pressure->pressure_range_trait[0]	MISSING_SNIPPET	WARN	reference=DOI:10.3389/fmolb.2022.1058381 has no snippet
data/traits/environment/pressure_range.yaml	pressure_range_growth_bounded_span:membrane_fluidity_hhp->pressure_range_trait[0]	MISSING_SNIPPET	WARN	reference=DOI:10.3390/microorganisms11071629 has no snippet
data/traits/environment/pressure_range.yaml	pressure_range_growth_bounded_span:pressure_range_trait->bounded_growth_span[0]	MISSING_SNIPPET	WARN	reference=DOI:10.1099/ijsem.0.001671 has no snippet
data/traits/environment/pressure_range.yaml	pressure_range_growth_bounded_span:pufa_biosynthesis->membrane_fluidity_hhp[0]	MISSING_SNIPPET	WARN	reference=DOI:10.3389/fmolb.2022.1058381 has no snippet
data/traits/environment/pressure_range.yaml	pressure_range_growth_bounded_span:tmao->protein_stabilization[0]	MISSING_SNIPPET	WARN	reference=DOI:10.1021/acs.chemrev.3c00432 has no snippet
data/traits/environment/pressure_range.yaml	pressure_range_growth_bounded_span:unsaturated_membrane_lipids->pressure_range_trait[0]	MISSING_SNIPPET	WARN	reference=DOI:10.3389/fmolb.2022.1058381 has no snippet
data/traits/environment/psychrophilic.yaml	psychrophilic_cold_adaptation:antifreeze_proteins->ice_crystals[0]	MISSING_SNIPPET	WARN	reference=DOI:10.1038/sj.embor.7400662 has no snippet
data/traits/environment/psychrophilic.yaml	psychrophilic_cold_adaptation:cold_shock_proteins->transcription_translation[0]	MISSING_SNIPPET	WARN	reference=DOI:10.1002/embr.201338170 has no snippet
data/traits/environment/psychrophilic.yaml	psychrophilic_cold_adaptation:compatible_solutes->protein_membrane_stability[0]	MISSING_SNIPPET	WARN	reference=DOI:10.37256/amtt.5220244537 has no snippet
data/traits/environment/psychrophilic.yaml	psychrophilic_cold_adaptation:low_temperature->reactive_oxygen_species[0]	MISSING_SNIPPET	WARN	reference=DOI:10.1002/embr.201338170 has no snippet
data/traits/environment/psychrophilic.yaml	psychrophilic_cold_adaptation:trehalose->protein_membrane_stability[0]	MISSING_SNIPPET	WARN	reference=DOI:10.1038/sj.embor.7400662 has no snippet
data/traits/environment/psychrotolerant.yaml	psychrotolerant_facultative_cold_adaptation:compatible_solute_accumulation->protein_membrane_stability[0]	MISSING_SNIPPET	WARN	reference=DOI:10.37256/amtt.5220244537 has no snippet
data/traits/environment/psychrotolerant.yaml	psychrotolerant_facultative_cold_adaptation:extracellular_polymeric_substances->freeze_thaw_cryoprotection[0]	MISSING_SNIPPET	WARN	reference=DOI:10.37256/amtt.5220244537 has no snippet
data/traits/environment/psychrotolerant.yaml	psychrotolerant_facultative_cold_adaptation:low_temperature->membrane_rigidification[0]	MISSING_SNIPPET	WARN	reference=DOI:10.1128/spectrum.03925-23 has no snippet
data/traits/environment/psychrotolerant.yaml	psychrotolerant_facultative_cold_adaptation:low_temperature->unsaturated_hopanoids[0]	MISSING_SNIPPET	WARN	reference=DOI:10.1007/s42770-023-01057-4 has no snippet
data/traits/environment/psychrotolerant.yaml	psychrotolerant_facultative_cold_adaptation:psychrotolerant_trait->growth_at_4c[0]	MISSING_SNIPPET	WARN	reference=DOI:10.1007/s42770-023-01057-4 has no snippet
data/traits/environment/radiotolerant.yaml	radiotolerance_repair_antioxidant:carotenoid_pigments->reactive_oxygen_species[0]	MISSING_SNIPPET	WARN	reference=DOI:10.3390/su17177864 has no snippet
data/traits/environment/radiotolerant.yaml	radiotolerance_repair_antioxidant:dna_damage_repair->radiotolerant_trait[0]	MISSING_SNIPPET	WARN	reference=DOI:10.1101/cshperspect.a012765 has no snippet
data/traits/environment/radiotolerant.yaml	radiotolerance_repair_antioxidant:fe2_ion->reactive_oxygen_species[0]	MISSING_SNIPPET	WARN	reference=DOI:10.1128/spectrum.03838-23 has no snippet
data/traits/environment/radiotolerant.yaml	radiotolerance_repair_antioxidant:homologous_recombination->dna_damage_repair[0]	MISSING_SNIPPET	WARN	reference=DOI:10.3390/su17177864 has no snippet
data/traits/environment/radiotolerant.yaml	radiotolerance_repair_antioxidant:mn2_ion->mn_antioxidant_protection[0]	MISSING_SNIPPET	WARN	reference=DOI:10.1128/spectrum.03838-23 has no snippet
data/traits/environment/radiotolerant.yaml	radiotolerance_repair_antioxidant:mn2_ion->reactive_oxygen_species[0]	MISSING_SNIPPET	WARN	reference=DOI:10.1128/spectrum.03838-23 has no snippet
data/traits/environment/radiotolerant.yaml	radiotolerance_repair_antioxidant:mn_antioxidant_protection->radiotolerant_trait[0]	MISSING_SNIPPET	WARN	reference=DOI:10.1101/cshperspect.a012765 has no snippet
data/traits/environment/radiotolerant.yaml	radiotolerance_repair_antioxidant:ner_uvrabc->dna_damage_repair[0]	MISSING_SNIPPET	WARN	reference=DOI:10.3390/genes14091803 has no snippet
data/traits/environment/radiotolerant.yaml	radiotolerance_repair_antioxidant:radiation_exposure->radiotolerant_trait[0]	MISSING_SNIPPET	WARN	reference=DOI:10.3390/genes14091803 has no snippet
data/traits/environment/radiotolerant.yaml	radiotolerance_repair_antioxidant:radiation_exposure->reactive_oxygen_species[0]	MISSING_SNIPPET	WARN	reference=DOI:10.1371/journal.pone.0304810 has no snippet
data/traits/environment/radiotolerant.yaml	radiotolerance_repair_antioxidant:reca_protein->homologous_recombination[0]	MISSING_SNIPPET	WARN	reference=DOI:10.3390/su17177864 has no snippet
data/traits/environment/salinity_phenotype_with_numerical_limits.yaml	salinity_phenotype_numerical_axis:chaotropic_ions->salinity_phenotype_trait[0]	MISSING_SNIPPET	WARN	reference=DOI:10.1038/s41559-024-02505-6 has no snippet
data/traits/environment/salinity_phenotype_with_numerical_limits.yaml	salinity_phenotype_numerical_axis:glycine_betaine->intracellular_osmotic_balance[0]	MISSING_SNIPPET	WARN	reference=DOI:10.1128/aem.00145-24 has no snippet
data/traits/environment/salinity_phenotype_with_numerical_limits.yaml	salinity_phenotype_numerical_axis:l_proline->salinity_phenotype_trait[0]	MISSING_SNIPPET	WARN	reference=DOI:10.1128/aem.01195-24 has no snippet
data/traits/environment/salinity_phenotype_with_numerical_limits.yaml	salinity_phenotype_numerical_axis:proline_biosynthesis_pathway->l_proline[0]	MISSING_SNIPPET	WARN	reference=DOI:10.1128/aem.01195-24 has no snippet
data/traits/environment/salinity_phenotype_with_numerical_limits.yaml	salinity_phenotype_numerical_axis:salt_in_strategy->intracellular_osmotic_balance[0]	MISSING_SNIPPET	WARN	reference=DOI:10.3389/frmbi.2023.1329925 has no snippet
data/traits/environment/salinity_phenotype_with_numerical_limits.yaml	salinity_phenotype_numerical_axis:salt_out_compatible_solute_strategy->intracellular_osmotic_balance[0]	MISSING_SNIPPET	WARN	reference=DOI:10.3389/frmbi.2023.1329925 has no snippet
data/traits/environment/salinity_phenotype_with_numerical_limits.yaml	salinity_phenotype_numerical_axis:water_activity->salinity_phenotype_trait[0]	MISSING_SNIPPET	WARN	reference=DOI:10.1038/s41559-024-02505-6 has no snippet
data/traits/environment/slightly_halophilic.yaml	slight_halophile_low_salt_osmoadaptation:ect_gene_cluster->ectoine_biosynthesis[0]	MISSING_SNIPPET	WARN	reference=DOI:10.1128/aem.01905-23 has no snippet
data/traits/environment/slightly_halophilic.yaml	slight_halophile_low_salt_osmoadaptation:ectoine->salt_tolerance[0]	MISSING_SNIPPET	WARN	reference=DOI:10.1128/aem.01905-23 has no snippet
data/traits/environment/slightly_halophilic.yaml	slight_halophile_low_salt_osmoadaptation:ectoine_biosynthesis->ectoine[0]	MISSING_SNIPPET	WARN	reference=DOI:10.1128/aem.01905-23 has no snippet
data/traits/environment/slightly_halophilic.yaml	slight_halophile_low_salt_osmoadaptation:na_k_transcription->ion_homeostasis[0]	MISSING_SNIPPET	WARN	reference=DOI:10.1038/s42003-022-04319-3 has no snippet
data/traits/environment/slightly_halophilic.yaml	slight_halophile_low_salt_osmoadaptation:osmoprotectant_transport->salt_tolerance[0]	MISSING_SNIPPET	WARN	reference=DOI:10.1093/femsre/fuy026 has no snippet
data/traits/environment/stenohaline.yaml	stenohaline_narrow_salinity_tolerance:aquaporin_water_channel->facilitated_water_diffusion[0]	MISSING_SNIPPET	WARN	reference=DOI:10.1186/s40168-024-01817-w has no snippet
data/traits/environment/stenohaline.yaml	stenohaline_narrow_salinity_tolerance:c_di_amp->k_import_systems[0]	MISSING_SNIPPET	WARN	reference=DOI:10.1128/mmbr.00181-23 has no snippet
data/traits/environment/stenohaline.yaml	stenohaline_narrow_salinity_tolerance:c_di_amp->opua_importer[0]	MISSING_SNIPPET	WARN	reference=DOI:10.1128/mmbr.00181-23 has no snippet
data/traits/environment/stenohaline.yaml	stenohaline_narrow_salinity_tolerance:compatible_solute_accumulation->salt_out_osmoadaptation[0]	MISSING_SNIPPET	WARN	reference=DOI:10.1093/femsml/uqad020 has no snippet
data/traits/environment/stenohaline.yaml	stenohaline_narrow_salinity_tolerance:low_c_di_amp_state->k_solute_uptake[0]	MISSING_SNIPPET	WARN	reference=DOI:10.1128/mmbr.00181-23 has no snippet
data/traits/environment/stenohaline.yaml	stenohaline_narrow_salinity_tolerance:osmotic_upshift->rapid_k_import[0]	MISSING_SNIPPET	WARN	reference=DOI:10.1093/femsml/uqad020 has no snippet
data/traits/environment/stenohaline.yaml	stenohaline_narrow_salinity_tolerance:salinity_shift->stenohaline_trait[0]	ECHOES_RESEARCH_REPORT	WARN	also appears in this trait's research report, whose evidence text may be paraphrase — verify against DOI:10.1186/s40168-024-01817-w
data/traits/environment/strictly_anaerobic.yaml	strict_anaerobe_oxygen_sensitivity:molecular_oxygen->glycyl_radical_enzymes[0]	MISSING_SNIPPET	WARN	reference=DOI:10.1128/iai.00502-24 has no snippet
data/traits/environment/strictly_anaerobic.yaml	strict_anaerobe_oxygen_sensitivity:molecular_oxygen->iron_sulfur_cluster_enzymes[0]	MISSING_SNIPPET	WARN	reference=DOI:10.1128/iai.00502-24 has no snippet
data/traits/environment/strictly_anaerobic.yaml	strict_anaerobe_oxygen_sensitivity:molecular_oxygen->low_potential_metabolic_enzymes[0]	MISSING_SNIPPET	WARN	reference=DOI:10.1038/s43705-023-00251-7 has no snippet
data/traits/environment/temperature_delta.yaml	temperature_delta_thermal_flexibility:anteiso_branched_chain_fatty_acids->low_temperature_growth[0]	MISSING_SNIPPET	WARN	reference=DOI:10.1146/annurev-micro-091313-103612 has no snippet
data/traits/environment/temperature_delta.yaml	temperature_delta_thermal_flexibility:anteiso_branched_chain_fatty_acids->membrane_fluidity[0]	MISSING_SNIPPET	WARN	reference=DOI:10.1146/annurev-micro-091313-103612 has no snippet
data/traits/environment/temperature_delta.yaml	temperature_delta_thermal_flexibility:low_temperature_growth->tolerance_breadth[0]	MISSING_SNIPPET	WARN	reference=DOI:10.1146/annurev-micro-091313-103612 has no snippet
data/traits/environment/temperature_delta.yaml	temperature_delta_thermal_flexibility:unsaturated_fatty_acids->low_temperature_growth[0]	MISSING_SNIPPET	WARN	reference=DOI:10.1146/annurev-micro-091313-103612 has no snippet
data/traits/environment/temperature_delta.yaml	temperature_delta_thermal_flexibility:unsaturated_fatty_acids->membrane_fluidity[0]	MISSING_SNIPPET	WARN	reference=DOI:10.1146/annurev-micro-091313-103612 has no snippet
data/traits/environment/temperature_delta_high.yaml	temperature_delta_high_eurythermal:cis_trans_isomerase_activity->membrane_viscosity_high_temperature[0]	MISSING_SNIPPET	WARN	reference=DOI:10.3390/cells12101353 has no snippet
data/traits/environment/temperature_delta_high.yaml	temperature_delta_high_eurythermal:decreased_growth_temperature->unsaturated_fatty_acid_biosynthesis[0]	MISSING_SNIPPET	WARN	reference=DOI:10.1146/annurev-micro-091313-103612 has no snippet
data/traits/environment/temperature_delta_high.yaml	temperature_delta_high_eurythermal:decreased_membrane_fluidity->unsaturated_fatty_acid_biosynthesis[0]	MISSING_SNIPPET	WARN	reference=DOI:10.1146/annurev-micro-091313-103612 has no snippet
data/traits/environment/temperature_delta_high.yaml	temperature_delta_high_eurythermal:homoviscous_adaptation->membrane_fluidity_homeostasis[0]	MISSING_SNIPPET	WARN	reference=DOI:10.1146/annurev-micro-091313-103612 has no snippet
data/traits/environment/temperature_delta_high.yaml	temperature_delta_high_eurythermal:increased_fatty_acid_diversity->membrane_fluidity[0]	MISSING_SNIPPET	WARN	reference=DOI:10.3390/cells12101353 has no snippet
data/traits/environment/temperature_delta_high.yaml	temperature_delta_high_eurythermal:lipid_desaturase_activity->membrane_fluidity[0]	MISSING_SNIPPET	WARN	reference=DOI:10.3390/cells12101353 has no snippet
data/traits/environment/temperature_delta_high.yaml	temperature_delta_high_eurythermal:thermostable_enzyme->irreversible_protein_inactivation[0]	MISSING_SNIPPET	WARN	reference=DOI:10.1128/MMBR.65.1.1-43.2001 has no snippet
data/traits/environment/temperature_delta_low.yaml	temperature_delta_low_limited_breadth:anteiso_bcfa_shift->homeoviscous_adaptation[0]	MISSING_SNIPPET	WARN	reference=DOI:10.1007/s42770-023-01057-4 has no snippet
data/traits/environment/temperature_delta_low.yaml	temperature_delta_low_limited_breadth:homeoviscous_adaptation->membrane_rigidification[0]	MISSING_SNIPPET	WARN	reference=DOI:10.1146/annurev-micro-091313-103612 has no snippet
data/traits/environment/temperature_delta_low.yaml	temperature_delta_low_limited_breadth:limited_thermal_adaptation->homeoviscous_adaptation[0]	MISSING_SNIPPET	WARN	reference=DOI:10.1101/2023.11.10.566608 has no snippet
data/traits/environment/temperature_delta_low.yaml	temperature_delta_low_limited_breadth:temperature_decrease->anteiso_bcfa_shift[0]	MISSING_SNIPPET	WARN	reference=DOI:10.1007/s42770-023-01057-4 has no snippet
data/traits/environment/temperature_delta_low.yaml	temperature_delta_low_limited_breadth:temperature_decrease->membrane_rigidification[0]	MISSING_SNIPPET	WARN	reference=DOI:10.1128/spectrum.03925-23 has no snippet
data/traits/environment/temperature_delta_low.yaml	temperature_delta_low_limited_breadth:unsaturated_fatty_acids->homeoviscous_adaptation[0]	MISSING_SNIPPET	WARN	reference=DOI:10.1146/annurev-micro-091313-103612 has no snippet
data/traits/environment/temperature_delta_mid1.yaml	temperature_delta_mid1_moderate_breadth:membrane_fluidity->moderate_thermal_adaptation[0]	MISSING_SNIPPET	WARN	reference=DOI:10.1128/spectrum.03925-23 has no snippet
data/traits/environment/temperature_delta_mid1.yaml	temperature_delta_mid1_moderate_breadth:membrane_physical_state_change->two_component_cold_signaling[0]	MISSING_SNIPPET	WARN	reference=DOI:10.1007/s42770-023-01057-4 has no snippet
data/traits/environment/temperature_delta_mid1.yaml	temperature_delta_mid1_moderate_breadth:membrane_unsaturated_fatty_acids->membrane_fluidity[0]	MISSING_SNIPPET	WARN	reference=DOI:10.1128/spectrum.03925-23 has no snippet
data/traits/environment/temperature_delta_mid1.yaml	temperature_delta_mid1_moderate_breadth:temperature_decrease->ufa_biosynthesis[0]	MISSING_SNIPPET	WARN	reference=DOI:10.1007/s42770-023-01057-4 has no snippet
data/traits/environment/temperature_delta_mid1.yaml	temperature_delta_mid1_moderate_breadth:thermal_niche_breadth->temperature_delta[0]	MISSING_SNIPPET	WARN	reference=DOI:10.3390/pr8010121 has no snippet
data/traits/environment/temperature_delta_mid1.yaml	temperature_delta_mid1_moderate_breadth:tmin_tmax->thermal_niche_breadth[0]	MISSING_SNIPPET	WARN	reference=DOI:10.3390/pr8010121 has no snippet
data/traits/environment/temperature_delta_mid1.yaml	temperature_delta_mid1_moderate_breadth:ufa_biosynthesis->membrane_unsaturated_fatty_acids[0]	MISSING_SNIPPET	WARN	reference=DOI:10.1007/s42770-023-01057-4 has no snippet
data/traits/environment/temperature_delta_mid2.yaml	temperature_delta_mid2_broad_breadth:des_desaturase->unsaturated_fatty_acids[0]	MISSING_SNIPPET	WARN	reference=DOI:10.1128/spectrum.03925-23 has no snippet
data/traits/environment/temperature_delta_mid2.yaml	temperature_delta_mid2_broad_breadth:membrane_fluidity->broad_thermal_adaptation[0]	MISSING_SNIPPET	WARN	reference=DOI:10.1128/spectrum.03925-23 has no snippet
data/traits/environment/temperature_delta_mid2.yaml	temperature_delta_mid2_broad_breadth:otsab_operon->trehalose[0]	MISSING_SNIPPET	WARN	reference=DOI:10.1007/s12275-023-00031-x has no snippet
data/traits/environment/temperature_delta_mid2.yaml	temperature_delta_mid2_broad_breadth:rpos_sigma_factor->otsab_operon[0]	MISSING_SNIPPET	WARN	reference=DOI:10.1007/s12275-023-00031-x has no snippet
data/traits/environment/temperature_delta_mid2.yaml	temperature_delta_mid2_broad_breadth:trehalose->cold_tolerance[0]	MISSING_SNIPPET	WARN	reference=DOI:10.1007/s12275-023-00031-x has no snippet
data/traits/environment/temperature_delta_mid2.yaml	temperature_delta_mid2_broad_breadth:unsaturated_fatty_acids->membrane_fluidity[0]	MISSING_SNIPPET	WARN	reference=DOI:10.1128/spectrum.03925-23 has no snippet
data/traits/environment/temperature_delta_very_low.yaml	temperature_delta_very_low_stenothermal:cold_shock->cspa_protein[0]	MISSING_SNIPPET	WARN	reference=DOI:10.1007/s12275-023-00031-x has no snippet
data/traits/environment/temperature_delta_very_low.yaml	temperature_delta_very_low_stenothermal:csda_helicase->translation_under_cold[0]	MISSING_SNIPPET	WARN	reference=DOI:10.1007/s12275-023-00031-x has no snippet
data/traits/environment/temperature_delta_very_low.yaml	temperature_delta_very_low_stenothermal:membrane_fluidity->unsaturated_fatty_acid_content[0]	MISSING_SNIPPET	WARN	reference=DOI:10.1111/mmi.15323 has no snippet
data/traits/environment/temperature_delta_very_low.yaml	temperature_delta_very_low_stenothermal:unsaturated_fatty_acid_content->membrane_fluidity[0]	MISSING_SNIPPET	WARN	reference=DOI:10.1146/annurev-micro-091313-103612 has no snippet
data/traits/environment/temperature_optimum.yaml	temperature_optimum_balanced_adaptation:arrhenius_plot_deviation->stress_growth_regime[0]	MISSING_SNIPPET	WARN	reference=DOI:10.37256/amtt.5220244537 has no snippet
data/traits/environment/temperature_optimum.yaml	temperature_optimum_balanced_adaptation:homeoviscous_adaptation->membrane_fluidity[0]	MISSING_SNIPPET	WARN	reference=DOI:10.1007/s42770-023-01057-4 has no snippet
data/traits/environment/temperature_optimum.yaml	temperature_optimum_balanced_adaptation:membrane_fluidity->maximal_growth_rate[0]	MISSING_SNIPPET	WARN	reference=DOI:10.1007/s42770-023-01057-4 has no snippet
data/traits/environment/temperature_optimum_high.yaml	temperature_optimum_high_thermophile_setpoint:aa_composition_thermostability->thermophile_thermostability[0]	MISSING_SNIPPET	WARN	reference=DOI:10.1128/mbio.02174-23 has no snippet
data/traits/environment/temperature_optimum_high.yaml	temperature_optimum_high_thermophile_setpoint:membrane_lipid_composition->membrane_thermostability[0]	MISSING_SNIPPET	WARN	reference=DOI:10.1128/mbio.03593-22 has no snippet
data/traits/environment/temperature_optimum_high.yaml	temperature_optimum_high_thermophile_setpoint:nucleoid_associated_proteins->genome_thermostability[0]	MISSING_SNIPPET	WARN	reference=DOI:10.1264/jsme2.me23087 has no snippet
data/traits/environment/temperature_optimum_high.yaml	temperature_optimum_high_thermophile_setpoint:positive_dna_supercoiling->dna_melting_high_temperature[0]	MISSING_SNIPPET	WARN	reference=DOI:10.1264/jsme2.me23087 has no snippet
data/traits/environment/temperature_optimum_high.yaml	temperature_optimum_high_thermophile_setpoint:reverse_gyrase->positive_dna_supercoiling[0]	MISSING_SNIPPET	WARN	reference=DOI:10.1264/jsme2.me23087 has no snippet
data/traits/environment/temperature_optimum_high.yaml	temperature_optimum_high_thermophile_setpoint:small_heat_shock_proteins->protein_aggregation_heat[0]	MISSING_SNIPPET	WARN	reference=DOI:10.1128/mbio.03593-22 has no snippet
data/traits/environment/temperature_optimum_high.yaml	temperature_optimum_high_thermophile_setpoint:thermosome->denatured_protein_refolding[0]	MISSING_SNIPPET	WARN	reference=DOI:10.1128/mbio.03593-22 has no snippet
data/traits/environment/temperature_optimum_low.yaml	temperature_optimum_low_psychrotolerant_setpoint:compatible_solutes->protein_membrane_stabilization[0]	MISSING_SNIPPET	WARN	reference=DOI:10.37256/amtt.5220244537 has no snippet
data/traits/environment/temperature_optimum_low.yaml	temperature_optimum_low_psychrotolerant_setpoint:ice_binding_proteins->ice_crystal_growth[0]	MISSING_SNIPPET	WARN	reference=DOI:10.37256/amtt.5220244537 has no snippet
data/traits/environment/temperature_optimum_low.yaml	temperature_optimum_low_psychrotolerant_setpoint:low_temperature->cold_shock_proteins[0]	MISSING_SNIPPET	WARN	reference=DOI:10.37256/amtt.5220244537 has no snippet
data/traits/environment/temperature_optimum_low.yaml	temperature_optimum_low_psychrotolerant_setpoint:low_temperature->compatible_solutes[0]	MISSING_SNIPPET	WARN	reference=DOI:10.37256/amtt.5220244537 has no snippet
data/traits/environment/temperature_optimum_low.yaml	temperature_optimum_low_psychrotolerant_setpoint:low_temperature->oxidative_stress[0]	MISSING_SNIPPET	WARN	reference=DOI:10.37256/amtt.5220244537 has no snippet
data/traits/environment/temperature_optimum_low.yaml	temperature_optimum_low_psychrotolerant_setpoint:membrane_unsaturation->membrane_fluidity[0]	MISSING_SNIPPET	WARN	reference=DOI:10.1128/spectrum.03925-23 has no snippet
data/traits/environment/temperature_optimum_low.yaml	temperature_optimum_low_psychrotolerant_setpoint:pufa_biosynthesis->membrane_fluidity[0]	MISSING_SNIPPET	WARN	reference=DOI:10.3390/genes14010158 has no snippet
data/traits/environment/temperature_optimum_mid1.yaml	temperature_optimum_mid1_lower_mesophile:branched_chain_amino_acids->branched_chain_fatty_acids[0]	MISSING_SNIPPET	WARN	reference=DOI:10.1007/s42770-023-01057-4 has no snippet
data/traits/environment/temperature_optimum_mid1.yaml	temperature_optimum_mid1_lower_mesophile:branched_chain_fatty_acids->membrane_fluidity[0]	MISSING_SNIPPET	WARN	reference=DOI:10.1007/s42770-023-01057-4 has no snippet
data/traits/environment/temperature_optimum_mid1.yaml	temperature_optimum_mid1_lower_mesophile:homeoviscous_adaptation->low_melting_lipids[0]	MISSING_SNIPPET	WARN	reference=DOI:10.1039/d4cc03114h has no snippet
data/traits/environment/temperature_optimum_mid1.yaml	temperature_optimum_mid1_lower_mesophile:membrane_fluidity->homeoviscous_adaptation[0]	MISSING_SNIPPET	WARN	reference=DOI:10.1039/d4cc03114h has no snippet
data/traits/environment/temperature_optimum_mid1.yaml	temperature_optimum_mid1_lower_mesophile:mesophile_adaptation->unsaturated_fatty_acids[0]	MISSING_SNIPPET	WARN	reference=DOI:10.1007/s42770-023-01057-4 has no snippet
data/traits/environment/temperature_optimum_mid1.yaml	temperature_optimum_mid1_lower_mesophile:unsaturated_fatty_acids->membrane_fluidity[0]	MISSING_SNIPPET	WARN	reference=DOI:10.1007/s42770-023-01057-4 has no snippet
data/traits/environment/temperature_optimum_mid2.yaml	temperature_optimum_mid2_mesophile:baseline_mesophile_adaptation->unsaturated_fatty_acids[0]	MISSING_SNIPPET	WARN	reference=DOI:10.1007/s42770-023-01057-4 has no snippet
data/traits/environment/temperature_optimum_mid2.yaml	temperature_optimum_mid2_mesophile:membrane_fluidity->baseline_mesophile_adaptation[0]	MISSING_SNIPPET	WARN	reference=DOI:10.1128/spectrum.03925-23 has no snippet
data/traits/environment/temperature_optimum_mid2.yaml	temperature_optimum_mid2_mesophile:temperature_decrease->membrane_rigidification[0]	MISSING_SNIPPET	WARN	reference=DOI:10.1128/spectrum.03925-23 has no snippet
data/traits/environment/temperature_optimum_mid2.yaml	temperature_optimum_mid2_mesophile:temperature_optimum_mid2_trait->mesophile_category[0]	MISSING_SNIPPET	WARN	reference=DOI:10.1007/s42770-023-01057-4 has no snippet
data/traits/environment/temperature_optimum_mid2.yaml	temperature_optimum_mid2_mesophile:unsaturated_fatty_acids->membrane_fluidity[0]	MISSING_SNIPPET	WARN	reference=DOI:10.1007/s42770-023-01057-4 has no snippet
data/traits/environment/temperature_optimum_mid3.yaml	temperature_optimum_mid3_upper_mesophile:chaperone_network->proteostasis[0]	MISSING_SNIPPET	WARN	reference=DOI:10.1007/s12275-023-00031-x has no snippet
data/traits/environment/temperature_optimum_mid3.yaml	temperature_optimum_mid3_upper_mesophile:decreased_temperature->membrane_bilayer[0]	MISSING_SNIPPET	WARN	reference=DOI:10.1128/spectrum.03925-23 has no snippet
data/traits/environment/temperature_optimum_mid3.yaml	temperature_optimum_mid3_upper_mesophile:homeoviscous_adaptation->liquid_crystalline_membrane_state[0]	MISSING_SNIPPET	WARN	reference=DOI:10.1007/s42770-023-01057-4 has no snippet
data/traits/environment/temperature_optimum_mid3.yaml	temperature_optimum_mid3_upper_mesophile:mufa_incorporation->membrane_fluidity[0]	MISSING_SNIPPET	WARN	reference=DOI:10.1007/s42770-023-01057-4 has no snippet
data/traits/environment/temperature_optimum_mid4.yaml	temperature_optimum_mid4_warm_mesophile:dnak_chaperone->rpoh_sigma_factor[0]	MISSING_SNIPPET	WARN	reference=DOI:10.1007/s12275-023-00031-x has no snippet
data/traits/environment/temperature_optimum_mid4.yaml	temperature_optimum_mid4_warm_mesophile:ftsh_protease->rpoh_sigma_factor[0]	MISSING_SNIPPET	WARN	reference=DOI:10.1007/s12275-023-00031-x has no snippet
data/traits/environment/temperature_optimum_mid4.yaml	temperature_optimum_mid4_warm_mesophile:membrane_fluidity_homeostasis->unsaturated_fa_biosynthesis_response[0]	MISSING_SNIPPET	WARN	reference=DOI:10.1146/annurev-micro-091313-103612 has no snippet
data/traits/environment/temperature_optimum_mid4.yaml	temperature_optimum_mid4_warm_mesophile:rna_thermometer->shine_dalgarno_sequence[0]	MISSING_SNIPPET	WARN	reference=DOI:10.1007/s12275-023-00031-x has no snippet
data/traits/environment/temperature_optimum_mid4.yaml	temperature_optimum_mid4_warm_mesophile:rna_thermometer->translation_initiation[0]	MISSING_SNIPPET	WARN	reference=DOI:10.1007/s12275-023-00031-x has no snippet
data/traits/environment/temperature_optimum_mid4.yaml	temperature_optimum_mid4_warm_mesophile:temperature_downshift->unsaturated_fatty_acid_proportion[0]	MISSING_SNIPPET	WARN	reference=DOI:10.1146/annurev-micro-091313-103612 has no snippet
data/traits/environment/temperature_optimum_mid4.yaml	temperature_optimum_mid4_warm_mesophile:temperature_upshift->rna_thermometer[0]	MISSING_SNIPPET	WARN	reference=DOI:10.1007/s12275-023-00031-x has no snippet
data/traits/environment/temperature_optimum_mid4.yaml	temperature_optimum_mid4_warm_mesophile:unsaturated_fatty_acid_proportion->membrane_fluidity_homeostasis[0]	MISSING_SNIPPET	WARN	reference=DOI:10.1146/annurev-micro-091313-103612 has no snippet
data/traits/environment/temperature_optimum_very_low.yaml	temperature_optimum_very_low_psychrophile_setpoint:antifreeze_proteins->thermal_hysteresis[0]	MISSING_SNIPPET	WARN	reference=DOI:10.1007/s42770-023-01057-4 has no snippet
data/traits/environment/temperature_optimum_very_low.yaml	temperature_optimum_very_low_psychrophile_setpoint:cold_shock_proteins->translation_low_temperature[0]	MISSING_SNIPPET	WARN	reference=DOI:10.17159/sajs.2018/20170254 has no snippet
data/traits/environment/temperature_optimum_very_low.yaml	temperature_optimum_very_low_psychrophile_setpoint:enzyme_structural_flexibility->catalytic_activity_low_temperature[0]	MISSING_SNIPPET	WARN	reference=DOI:10.17159/sajs.2018/20170254 has no snippet
data/traits/environment/temperature_optimum_very_low.yaml	temperature_optimum_very_low_psychrophile_setpoint:fatty_acid_desaturase->unsaturated_fatty_acids[0]	MISSING_SNIPPET	WARN	reference=DOI:10.17159/sajs.2018/20170254 has no snippet
data/traits/environment/temperature_optimum_very_low.yaml	temperature_optimum_very_low_psychrophile_setpoint:glycine_betaine->protein_membrane_stabilization[0]	MISSING_SNIPPET	WARN	reference=DOI:10.17159/sajs.2018/20170254 has no snippet
data/traits/environment/temperature_optimum_very_low.yaml	temperature_optimum_very_low_psychrophile_setpoint:membrane_fluidity->psychrophile_machinery[0]	MISSING_SNIPPET	WARN	reference=DOI:10.1128/AEM.01928-22 has no snippet
data/traits/environment/temperature_optimum_very_low.yaml	temperature_optimum_very_low_psychrophile_setpoint:trehalose->cryoprotection[0]	MISSING_SNIPPET	WARN	reference=DOI:10.1038/sj.embor.7400662 has no snippet
data/traits/environment/temperature_optimum_very_low.yaml	temperature_optimum_very_low_psychrophile_setpoint:unsaturated_fatty_acids->membrane_fluidity[0]	MISSING_SNIPPET	WARN	reference=DOI:10.1128/AEM.01928-22 has no snippet
data/traits/environment/temperature_phenotype_with_numerical_limits.yaml	temperature_phenotype_numerical_axis:cold_adapted_enzymes->high_catalytic_efficiency_low_temp[0]	MISSING_SNIPPET	WARN	reference=DOI:10.1007/s42770-023-01057-4 has no snippet
data/traits/environment/temperature_phenotype_with_numerical_limits.yaml	temperature_phenotype_numerical_axis:fatty_acid_desaturase_activity->fatty_acid_unsaturation[0]	MISSING_SNIPPET	WARN	reference=DOI:10.1007/s42770-023-01057-4 has no snippet
data/traits/environment/temperature_phenotype_with_numerical_limits.yaml	temperature_phenotype_numerical_axis:fatty_acid_unsaturation->membrane_fluidity[0]	MISSING_SNIPPET	WARN	reference=DOI:10.37256/amtt.5220244537 has no snippet
data/traits/environment/temperature_phenotype_with_numerical_limits.yaml	temperature_phenotype_numerical_axis:membrane_cooling_rigidification->desk_desr_signaling[0]	MISSING_SNIPPET	WARN	reference=DOI:10.1007/s42770-023-01057-4 has no snippet
data/traits/environment/temperature_phenotype_with_numerical_limits.yaml	temperature_phenotype_numerical_axis:membrane_fluidity->growth_at_low_temperature[0]	MISSING_SNIPPET	WARN	reference=DOI:10.1039/d4cc03114h has no snippet
data/traits/environment/temperature_preference.yaml	temperature_preference_growth_physiology:fatty_acid_desaturase->unsaturated_membrane_fatty_acids[0]	MISSING_SNIPPET	WARN	reference=DOI:10.1007/s42770-023-01057-4 has no snippet
data/traits/environment/temperature_preference.yaml	temperature_preference_growth_physiology:high_temperature->membrane_fluidity[0]	ELLIPTICAL_SNIPPET	ERROR	non-contiguous quote: 'proton permeability ... increase with the temperature'
data/traits/environment/temperature_preference.yaml	temperature_preference_growth_physiology:high_temperature->rna_thermometer[0]	MISSING_SNIPPET	WARN	reference=DOI:10.1007/s12275-023-00031-x has no snippet
data/traits/environment/temperature_preference.yaml	temperature_preference_growth_physiology:low_temperature->cold_shock_rna_chaperone_activity[0]	MISSING_SNIPPET	WARN	reference=DOI:10.1007/s12275-023-00031-x has no snippet
data/traits/environment/temperature_preference.yaml	temperature_preference_growth_physiology:rna_thermometer->heat_shock_gene_translation[0]	MISSING_SNIPPET	WARN	reference=DOI:10.1007/s12275-023-00031-x has no snippet
data/traits/environment/temperature_preference.yaml	temperature_preference_growth_physiology:temperature_downshift->fatty_acid_desaturase[0]	MISSING_SNIPPET	WARN	reference=DOI:10.1038/sj.jim.2900572 has no snippet
data/traits/environment/temperature_preference.yaml	temperature_preference_growth_physiology:unsaturated_membrane_fatty_acids->membrane_fluidity[0]	MISSING_SNIPPET	WARN	reference=DOI:10.1007/s42770-023-01057-4 has no snippet
data/traits/environment/temperature_range.yaml	temperature_range_bounded_adaptation:ambient_temperature->chaperone_systems[0]	MISSING_SNIPPET	WARN	reference=DOI:10.1007/s12275-023-00031-x has no snippet
data/traits/environment/temperature_range.yaml	temperature_range_bounded_adaptation:ambient_temperature->membrane_lipid_unsaturation[0]	MISSING_SNIPPET	WARN	reference=DOI:10.1007/s12275-023-00031-x has no snippet
data/traits/environment/temperature_range.yaml	temperature_range_bounded_adaptation:chaperone_systems->heat_tolerance[0]	MISSING_SNIPPET	WARN	reference=DOI:10.1007/s12275-023-00031-x has no snippet
data/traits/environment/temperature_range.yaml	temperature_range_bounded_adaptation:compatible_solutes->cold_tolerance[0]	MISSING_SNIPPET	WARN	reference=DOI:10.37256/amtt.5220244537 has no snippet
data/traits/environment/temperature_range.yaml	temperature_range_bounded_adaptation:lipid_desaturase_activity->membrane_fluidity[0]	MISSING_SNIPPET	WARN	reference=DOI:10.37256/amtt.5220244537 has no snippet
data/traits/environment/temperature_range.yaml	temperature_range_bounded_adaptation:membrane_fluidity->cold_tolerance[0]	MISSING_SNIPPET	WARN	reference=DOI:10.37256/amtt.5220244537 has no snippet
data/traits/environment/temperature_range.yaml	temperature_range_bounded_adaptation:membrane_fluidity->two_component_cold_sensing[0]	MISSING_SNIPPET	WARN	reference=DOI:10.1007/s42770-023-01057-4 has no snippet
data/traits/environment/temperature_range.yaml	temperature_range_bounded_adaptation:membrane_lipid_unsaturation->membrane_fluidity[0]	MISSING_SNIPPET	WARN	reference=DOI:10.37256/amtt.5220244537 has no snippet
data/traits/environment/temperature_range_high.yaml	temperature_range_high_thermophile:dnak_dnaj->protein_folding[0]	MISSING_SNIPPET	WARN	reference=DOI:10.1007/s12275-023-00031-x has no snippet
data/traits/environment/temperature_range_high.yaml	temperature_range_high_thermophile:groel_groes_htpg->protein_folding[0]	MISSING_SNIPPET	WARN	reference=DOI:10.1007/s12275-023-00031-x has no snippet
data/traits/environment/temperature_range_high.yaml	temperature_range_high_thermophile:positive_dna_supercoiling->dna_melting[0]	MISSING_SNIPPET	WARN	reference=DOI:10.1264/jsme2.me23087 has no snippet
data/traits/environment/temperature_range_high.yaml	temperature_range_high_thermophile:protein_folding->proteostasis_high_temp[0]	MISSING_SNIPPET	WARN	reference=DOI:10.1128/mbio.02174-23 has no snippet
data/traits/environment/temperature_range_high.yaml	temperature_range_high_thermophile:proteostasis_high_temp->temperature_range_high_trait[0]	MISSING_SNIPPET	WARN	reference=DOI:10.1128/mbio.02174-23 has no snippet
data/traits/environment/temperature_range_high.yaml	temperature_range_high_thermophile:reverse_gyrase->positive_dna_supercoiling[0]	MISSING_SNIPPET	WARN	reference=DOI:10.1264/jsme2.me23087 has no snippet
data/traits/environment/temperature_range_high.yaml	temperature_range_high_thermophile:reverse_gyrase->temperature_range_high_trait[0]	MISSING_SNIPPET	WARN	reference=DOI:10.1128/mbio.02174-23 has no snippet
data/traits/environment/temperature_range_low.yaml	temperature_range_low_psychrotolerant:cold_shock_proteins->rna_chaperone_activity[0]	MISSING_SNIPPET	WARN	reference=DOI:10.3389/fmicb.2023.1197797 has no snippet
data/traits/environment/temperature_range_low.yaml	temperature_range_low_psychrotolerant:compatible_solutes->cryoprotection[0]	MISSING_SNIPPET	WARN	reference=DOI:10.3389/fmicb.2023.1197797 has no snippet
data/traits/environment/temperature_range_low.yaml	temperature_range_low_psychrotolerant:fatty_acid_desaturase_activity->membrane_fluidity[0]	MISSING_SNIPPET	WARN	reference=DOI:10.37256/amtt.5220244537 has no snippet
data/traits/environment/temperature_range_low.yaml	temperature_range_low_psychrotolerant:low_temperature->membrane_fluidity[0]	MISSING_SNIPPET	WARN	reference=DOI:10.1007/s42770-023-01057-4 has no snippet
data/traits/environment/temperature_range_low.yaml	temperature_range_low_psychrotolerant:low_temperature->unsaturated_fatty_acid_proportion[0]	MISSING_SNIPPET	WARN	reference=DOI:10.1128/aem.01928-22 has no snippet
data/traits/environment/temperature_range_low.yaml	temperature_range_low_psychrotolerant:molecular_chaperones->protein_misfolding[0]	MISSING_SNIPPET	WARN	reference=DOI:10.37256/amtt.5220244537 has no snippet
data/traits/environment/temperature_range_mid1.yaml	temperature_range_mid1_lower_mesophile:anteiso_branched_fatty_acids->membrane_fluidity[0]	MISSING_SNIPPET	WARN	reference=DOI:10.3390/cells12101353 has no snippet
data/traits/environment/temperature_range_mid1.yaml	temperature_range_mid1_lower_mesophile:branched_chain_amino_acids->anteiso_branched_fatty_acids[0]	MISSING_SNIPPET	WARN	reference=DOI:10.1007/s42770-023-01057-4 has no snippet
data/traits/environment/temperature_range_mid1.yaml	temperature_range_mid1_lower_mesophile:fatty_acid_desaturation->membrane_fluidity[0]	MISSING_SNIPPET	WARN	reference=DOI:10.1128/spectrum.03925-23 has no snippet
data/traits/environment/temperature_range_mid1.yaml	temperature_range_mid1_lower_mesophile:rna_thermometer_melting->shine_dalgarno_exposure[0]	MISSING_SNIPPET	WARN	reference=DOI:10.1007/s12275-023-00031-x has no snippet
data/traits/environment/temperature_range_mid1.yaml	temperature_range_mid1_lower_mesophile:temperature_decrease->membrane_rigidification[0]	MISSING_SNIPPET	WARN	reference=DOI:10.1007/s42770-023-01057-4 has no snippet
data/traits/environment/temperature_range_mid1.yaml	temperature_range_mid1_lower_mesophile:temperature_shift->dna_supercoiling[0]	MISSING_SNIPPET	WARN	reference=DOI:10.1007/s12275-023-00031-x has no snippet
data/traits/environment/temperature_range_mid2.yaml	temperature_range_mid2_baseline_mesophile:baseline_mesophile_adaptation->mesophilic_organisms[0]	MISSING_SNIPPET	WARN	reference=DOI:10.1007/s42770-023-01057-4 has no snippet
data/traits/environment/temperature_range_mid2.yaml	temperature_range_mid2_baseline_mesophile:elevated_temperature->rna_thermometer[0]	MISSING_SNIPPET	WARN	reference=DOI:10.1007/s12551-025-01290-1 has no snippet
data/traits/environment/temperature_range_mid2.yaml	temperature_range_mid2_baseline_mesophile:heat_shock_proteins->protein_denaturation[0]	MISSING_SNIPPET	WARN	reference=DOI:10.1007/s12275-023-00031-x has no snippet
data/traits/environment/temperature_range_mid2.yaml	temperature_range_mid2_baseline_mesophile:homeoviscous_adaptation->membrane_fluidity[0]	MISSING_SNIPPET	WARN	reference=DOI:10.1007/s42770-023-01057-4 has no snippet
data/traits/environment/temperature_range_mid2.yaml	temperature_range_mid2_baseline_mesophile:hopanoids_sterol_like->membrane_fluidity[0]	MISSING_SNIPPET	WARN	reference=DOI:10.1007/s42770-023-01057-4 has no snippet
data/traits/environment/temperature_range_mid2.yaml	temperature_range_mid2_baseline_mesophile:membrane_fluidity->temperature_range_mid2_trait[0]	MISSING_SNIPPET	WARN	reference=DOI:10.1146/annurev-micro-091313-103612 has no snippet
data/traits/environment/temperature_range_mid2.yaml	temperature_range_mid2_baseline_mesophile:temperature_shift->heat_shock_proteins[0]	MISSING_SNIPPET	WARN	reference=DOI:10.1007/s12275-023-00031-x has no snippet
data/traits/environment/temperature_range_mid2.yaml	temperature_range_mid2_baseline_mesophile:unsaturated_fatty_acid_fraction->membrane_fluidity[0]	MISSING_SNIPPET	WARN	reference=DOI:10.1007/s12275-023-00031-x has no snippet
data/traits/environment/temperature_range_mid3.yaml	temperature_range_mid3_upper_mesophile:des_gene->membrane_fatty_acyl_chains[0]	MISSING_SNIPPET	WARN	reference=DOI:10.1128/spectrum.03925-23 has no snippet
data/traits/environment/temperature_range_mid3.yaml	temperature_range_mid3_upper_mesophile:desk->desr[0]	MISSING_SNIPPET	WARN	reference=DOI:10.1128/spectrum.03925-23 has no snippet
data/traits/environment/temperature_range_mid3.yaml	temperature_range_mid3_upper_mesophile:homeoviscous_adaptation->liquid_crystalline_membrane[0]	MISSING_SNIPPET	WARN	reference=DOI:10.1007/s42770-023-01057-4 has no snippet
data/traits/environment/temperature_range_mid3.yaml	temperature_range_mid3_upper_mesophile:membrane_order->desk_kinase_state[0]	MISSING_SNIPPET	WARN	reference=DOI:10.1128/mmbr.00069-23 has no snippet
data/traits/environment/temperature_range_mid3.yaml	temperature_range_mid3_upper_mesophile:phospho_desr->des_gene[0]	MISSING_SNIPPET	WARN	reference=DOI:10.1128/spectrum.03925-23 has no snippet
data/traits/environment/temperature_range_mid3.yaml	temperature_range_mid3_upper_mesophile:temperature_decrease->membrane_rigidification[0]	MISSING_SNIPPET	WARN	reference=DOI:10.1007/s42770-023-01057-4 has no snippet
data/traits/environment/temperature_range_mid4.yaml	temperature_range_mid4_warm_mesophile:chaperone_systems->heat_stress_protection[0]	MISSING_SNIPPET	WARN	reference=DOI:10.1128/mbio.03105-23 has no snippet
data/traits/environment/temperature_range_mid4.yaml	temperature_range_mid4_warm_mesophile:fab_branchpoint_valve->homeoviscous_adaptation[0]	MISSING_SNIPPET	WARN	reference=DOI:10.1038/s41467-024-53677-5 has no snippet
data/traits/environment/temperature_range_mid4.yaml	temperature_range_mid4_warm_mesophile:fab_c10_competition->membrane_lipid_composition[0]	MISSING_SNIPPET	WARN	reference=DOI:10.1038/s41467-024-53677-5 has no snippet
data/traits/environment/temperature_range_mid4.yaml	temperature_range_mid4_warm_mesophile:heat_stress->membrane_fluidity[0]	MISSING_SNIPPET	WARN	reference=DOI:10.1186/s12864-023-09266-9 has no snippet
data/traits/environment/temperature_range_mid4.yaml	temperature_range_mid4_warm_mesophile:heat_stress->protein_unfolding_aggregation[0]	MISSING_SNIPPET	WARN	reference=DOI:10.1186/s12864-023-09266-9 has no snippet
data/traits/environment/temperature_range_mid4.yaml	temperature_range_mid4_warm_mesophile:membrane_fluidity->compensatory_adaptation[0]	MISSING_SNIPPET	WARN	reference=DOI:10.1186/s12864-023-09266-9 has no snippet
data/traits/environment/temperature_range_mid4.yaml	temperature_range_mid4_warm_mesophile:membrane_fluidity_restoration->growth_after_temperature_shock[0]	MISSING_SNIPPET	WARN	reference=DOI:10.1038/s41467-024-53677-5 has no snippet
data/traits/environment/temperature_range_mid4.yaml	temperature_range_mid4_warm_mesophile:protein_unfolding_aggregation->mesophile_growth_impairment[0]	MISSING_SNIPPET	WARN	reference=DOI:10.1186/s12864-023-09266-9 has no snippet
data/traits/environment/temperature_range_mid4.yaml	temperature_range_mid4_warm_mesophile:rpoh_regulon->chaperone_systems[0]	MISSING_SNIPPET	WARN	reference=DOI:10.1128/mbio.03105-23 has no snippet
data/traits/environment/temperature_range_very_low.yaml	temperature_range_very_low_psychrophile:cold_shock_proteins->rna_secondary_structure[0]	MISSING_SNIPPET	WARN	reference=DOI:10.1007/s42770-023-01057-4 has no snippet
data/traits/environment/temperature_range_very_low.yaml	temperature_range_very_low_psychrophile:compatible_solutes->protein_membrane_stabilization[0]	MISSING_SNIPPET	WARN	reference=DOI:10.3389/fmicb.2023.1197797 has no snippet
data/traits/environment/temperature_range_very_low.yaml	temperature_range_very_low_psychrophile:ice_binding_proteins->ice_crystal_growth[0]	MISSING_SNIPPET	WARN	reference=DOI:10.3389/fmicb.2023.1197797 has no snippet
data/traits/environment/temperature_range_very_low.yaml	temperature_range_very_low_psychrophile:low_temperature->two_component_cold_signaling[0]	MISSING_SNIPPET	WARN	reference=DOI:10.1007/s42770-023-01057-4 has no snippet
data/traits/environment/temperature_range_very_low.yaml	temperature_range_very_low_psychrophile:membrane_fatty_acid_desaturation->membrane_fluidity[0]	MISSING_SNIPPET	WARN	reference=DOI:10.1007/s42770-023-01057-4 has no snippet
data/traits/environment/temperature_range_very_low.yaml	temperature_range_very_low_psychrophile:molecular_chaperones->proteostasis_cold[0]	MISSING_SNIPPET	WARN	reference=DOI:10.3389/fmicb.2023.1197797 has no snippet
data/traits/environment/thermophilic.yaml	thermophilic_heat_adaptation:cyclopentane_ring_number->membrane_rigidity[0]	MISSING_SNIPPET	WARN	reference=DOI:10.3389/frbis.2023.1338019 has no snippet
data/traits/environment/thermophilic.yaml	thermophilic_heat_adaptation:group_ii_chaperonin->denatured_proteins[0]	MISSING_SNIPPET	WARN	reference=DOI:10.1128/mbio.03593-22 has no snippet
data/traits/environment/thermophilic.yaml	thermophilic_heat_adaptation:high_temperature->membrane_proton_permeability[0]	ELLIPTICAL_SNIPPET	ERROR	non-contiguous quote: 'proton permeability ... increase with the temperature'
data/traits/environment/thermophilic.yaml	thermophilic_heat_adaptation:positive_dna_supercoiling->dna_melting[0]	MISSING_SNIPPET	WARN	reference=DOI:10.1264/jsme2.me23087 has no snippet
data/traits/environment/thermophilic.yaml	thermophilic_heat_adaptation:reverse_gyrase->genome_integrity[0]	MISSING_SNIPPET	WARN	reference=DOI:10.1264/jsme2.me23087 has no snippet
data/traits/environment/thermophilic.yaml	thermophilic_heat_adaptation:reverse_gyrase->positive_dna_supercoiling[0]	MISSING_SNIPPET	WARN	reference=DOI:10.1264/jsme2.me23087 has no snippet
data/traits/environment/thermotolerant.yaml	thermotolerant_facultative_heat_adaptation:compatible_solute_accumulation->limited_thermostability[0]	MISSING_SNIPPET	WARN	reference=DOI:10.1186/s40694-023-00168-9 has no snippet
data/traits/environment/thermotolerant.yaml	thermotolerant_facultative_heat_adaptation:elevated_temperature->membrane_protein_folding_lps[0]	MISSING_SNIPPET	WARN	reference=DOI:10.1007/s12275-023-00031-x has no snippet
data/traits/environment/thermotolerant.yaml	thermotolerant_facultative_heat_adaptation:heat_shock_chaperone_expression->heat_shock_response[0]	MISSING_SNIPPET	WARN	reference=DOI:10.1186/s12934-024-02602-y has no snippet
data/traits/environment/thermotolerant.yaml	thermotolerant_facultative_heat_adaptation:rpoE_envelope_sigma->membrane_protein_folding_lps[0]	MISSING_SNIPPET	WARN	reference=DOI:10.1007/s12275-023-00031-x has no snippet
data/traits/environment/thermotolerant.yaml	thermotolerant_facultative_heat_adaptation:rpoH_sigma32->heat_shock_chaperone_expression[0]	MISSING_SNIPPET	WARN	reference=DOI:10.1186/s12934-024-02602-y has no snippet
data/traits/environment/thermotolerant.yaml	thermotolerant_facultative_heat_adaptation:unsaturated_fa_biosynthesis->thermotolerant_trait[0]	MISSING_SNIPPET	WARN	reference=DOI:10.1128/spectrum.01627-23 has no snippet
data/traits/environment/uv_radiation_tolerant.yaml	uv_tolerance_excision_repair:catalase->reactive_oxygen_species[0]	MISSING_SNIPPET	WARN	reference=DOI:10.3390/microorganisms13040756 has no snippet
data/traits/environment/uv_radiation_tolerant.yaml	uv_tolerance_excision_repair:cpd_photolyase->cyclobutane_pyrimidine_dimer[0]	MISSING_SNIPPET	WARN	reference=DOI:10.3390/ijms241512381 has no snippet
data/traits/environment/uv_radiation_tolerant.yaml	uv_tolerance_excision_repair:mycosporine_like_amino_acids->reactive_oxygen_species[0]	MISSING_SNIPPET	WARN	reference=DOI:10.3390/ijms241512381 has no snippet
data/traits/environment/uv_radiation_tolerant.yaml	uv_tolerance_excision_repair:mycosporine_like_amino_acids->uv_radiation[0]	MISSING_SNIPPET	WARN	reference=DOI:10.3390/ijms241512381 has no snippet
data/traits/environment/uv_radiation_tolerant.yaml	uv_tolerance_excision_repair:nucleotide_excision_repair->uv_tolerant_trait[0]	MISSING_SNIPPET	WARN	reference=DOI:10.3390/genes14091803 has no snippet
data/traits/environment/uv_radiation_tolerant.yaml	uv_tolerance_excision_repair:photoreactivation->uv_tolerant_trait[0]	MISSING_SNIPPET	WARN	reference=DOI:10.1101/cshperspect.a012765 has no snippet
data/traits/environment/uv_radiation_tolerant.yaml	uv_tolerance_excision_repair:uv_radiation->cyclobutane_pyrimidine_dimer[0]	MISSING_SNIPPET	WARN	reference=DOI:10.3390/life14070822 has no snippet
data/traits/environment/uv_radiation_tolerant.yaml	uv_tolerance_excision_repair:uv_radiation->pyrimidine_6_4_photoproduct[0]	MISSING_SNIPPET	WARN	reference=DOI:10.3390/life14070822 has no snippet
data/traits/environment/uv_radiation_tolerant.yaml	uv_tolerance_excision_repair:uv_radiation->uv_tolerant_trait[0]	MISSING_SNIPPET	WARN	reference=DOI:10.3390/genes14091803 has no snippet
data/traits/environment/xerophilic.yaml	xerophilic_low_water_activity_growth:hog_pathway->osmotic_adaptation[0]	MISSING_SNIPPET	WARN	reference=DOI:10.3390/jof10040290 has no snippet
data/traits/environment/xerophilic.yaml	xerophilic_low_water_activity_growth:low_mw_polyols->osmotic_adjustment[0]	MISSING_SNIPPET	WARN	reference=DOI:10.1007/978-3-031-81904-9_3 has no snippet
data/traits/environment/xerophilic.yaml	xerophilic_low_water_activity_growth:low_water_activity->compatible_solute_accumulation[0]	MISSING_SNIPPET	WARN	reference=DOI:10.34293/sijash.v7i3.473 has no snippet
data/traits/environment/xerophilic.yaml	xerophilic_low_water_activity_growth:low_water_activity->membrane_fluidity_remodeling[0]	MISSING_SNIPPET	WARN	reference=DOI:10.3390/jof10040290 has no snippet
data/traits/environment/xerophilic.yaml	xerophilic_low_water_activity_growth:low_water_activity->xerophilic_trait[0]	MISSING_SNIPPET	WARN	reference=DOI:10.1098/rstb.2004.1502 has no snippet
data/traits/environment/xerophilic.yaml	xerophilic_low_water_activity_growth:xerophilic_trait->osmotic_adaptation[0]	MISSING_SNIPPET	WARN	reference=DOI:10.3390/microorganisms10020432 has no snippet
data/traits/environment/zinc_tolerant.yaml	zinc_tolerance_czc_efflux:czc_efflux_system->zinc_export[0]	MISSING_SNIPPET	WARN	reference=DOI:10.1111/j.1365-2958.2009.06792.x has no snippet
data/traits/environment/zinc_tolerant.yaml	zinc_tolerance_czc_efflux:czccba_complex->zinc_ion[0]	MISSING_SNIPPET	WARN	reference=DOI:10.1128/jb.00080-24 has no snippet
data/traits/environment/zinc_tolerant.yaml	zinc_tolerance_czc_efflux:glutathione->zinc_buffering[0]	MISSING_SNIPPET	WARN	reference=DOI:10.1128/jb.00080-24 has no snippet
data/traits/environment/zinc_tolerant.yaml	zinc_tolerance_czc_efflux:polyphosphate->zinc_buffering[0]	MISSING_SNIPPET	WARN	reference=DOI:10.1128/jb.00080-24 has no snippet
data/traits/environment/zinc_tolerant.yaml	zinc_tolerance_czc_efflux:zinc_buffering->zinc_ion[0]	MISSING_SNIPPET	WARN	reference=DOI:10.1128/jb.00080-24 has no snippet
data/traits/environment/zinc_tolerant.yaml	zinc_tolerance_czc_efflux:zinc_export->zinc_ion[0]	MISSING_SNIPPET	WARN	reference=DOI:10.1111/j.1365-2958.2009.06792.x has no snippet
data/traits/environment/zinc_tolerant.yaml	zinc_tolerance_czc_efflux:zinc_ion->zinc_tolerant_trait[0]	MISSING_SNIPPET	WARN	reference=DOI:10.3389/fmicb.2020.00047 has no snippet
data/traits/environment/zinc_tolerant.yaml	zinc_tolerance_czc_efflux:zinc_ion->znta_expression[0]	MISSING_SNIPPET	WARN	reference=DOI:10.1128/jb.00299-24 has no snippet
data/traits/environment/zinc_tolerant.yaml	zinc_tolerance_czc_efflux:znta_atpase->zinc_ion[0]	MISSING_SNIPPET	WARN	reference=DOI:10.1128/jb.00080-24 has no snippet
data/traits/environment/zinc_tolerant.yaml	zinc_tolerance_czc_efflux:znta_atpase->zinc_tolerant_trait[0]	MISSING_SNIPPET	WARN	reference=DOI:10.1128/jb.00080-24 has no snippet
data/traits/environment/zinc_tolerant.yaml	zinc_tolerance_czc_efflux:znta_expression->czc_efflux_system[0]	MISSING_SNIPPET	WARN	reference=DOI:10.1128/jb.00299-24 has no snippet
data/traits/environment/zinc_tolerant.yaml	zinc_tolerance_czc_efflux:zntr_regulator->znta_expression[0]	MISSING_SNIPPET	WARN	reference=DOI:10.1128/jb.00299-24 has no snippet
data/traits/genomics/codon_usage_bias.yaml	codon_bias_translation_efficiency:codon_bias_trait->gene_expression_level[0]	MISSING_SNIPPET	WARN	reference=DOI:10.1146/annurev.genet.42.110807.091442 has no snippet
data/traits/genomics/codon_usage_bias.yaml	codon_bias_translation_efficiency:codon_bias_trait->translation[0]	MISSING_SNIPPET	WARN	reference=DOI:10.1038/nrg2899 has no snippet
data/traits/genomics/codon_usage_bias.yaml	codon_bias_translation_efficiency:gene_expression_level->codon_bias_trait[0]	MISSING_SNIPPET	WARN	reference=DOI:10.1146/annurev.genet.42.110807.091442 has no snippet
data/traits/genomics/codon_usage_bias.yaml	codon_bias_translation_efficiency:gene_expression_level->codon_bias_trait[1]	MISSING_SNIPPET	WARN	reference=DOI:10.32942/x2802v has no snippet
data/traits/genomics/codon_usage_bias.yaml	codon_bias_translation_efficiency:mrna_5prime_secondary_structure->translation_initiation[0]	MISSING_SNIPPET	WARN	reference=DOI:10.1038/nrg2899 has no snippet
data/traits/genomics/codon_usage_bias.yaml	codon_bias_translation_efficiency:translation_initiation->translation[0]	MISSING_SNIPPET	WARN	reference=DOI:10.1038/nrg2899 has no snippet
data/traits/genomics/codon_usage_bias.yaml	codon_bias_translation_efficiency:trna_abundance->codon_bias_trait[0]	MISSING_SNIPPET	WARN	reference=DOI:10.1038/nrg2899 has no snippet
data/traits/genomics/codon_usage_bias.yaml	evidence[0]	MISSING_SNIPPET	WARN	reference=DOI:10.1038/nrg2899 has no snippet
data/traits/genomics/codon_usage_bias.yaml	evidence[1]	MISSING_SNIPPET	WARN	reference=DOI:10.1146/annurev.genet.42.110807.091442 has no snippet
data/traits/genomics/crispr_cas_system.yaml	crispr_adaptive_immunity:cas1_cas2_complex->spacer_acquisition[0]	MISSING_SNIPPET	WARN	reference=DOI:10.5483/bmbrep.2023-0050 has no snippet
data/traits/genomics/crispr_cas_system.yaml	crispr_adaptive_immunity:cas_proteins->crispr_trait[0]	MISSING_SNIPPET	WARN	reference=DOI:10.1038/s41579-019-0299-x has no snippet
data/traits/genomics/crispr_cas_system.yaml	crispr_adaptive_immunity:crispr_array_transcription->crrna[0]	MISSING_SNIPPET	WARN	reference=DOI:10.1016/j.heliyon.2024.e39538 has no snippet
data/traits/genomics/crispr_cas_system.yaml	crispr_adaptive_immunity:crispr_trait->defense_response_to_virus[0]	MISSING_SNIPPET	WARN	reference=DOI:10.1016/j.molcel.2014.03.011 has no snippet
data/traits/genomics/crispr_cas_system.yaml	crispr_adaptive_immunity:crrna->crrna_effector_complex[0]	MISSING_SNIPPET	WARN	reference=DOI:10.5483/bmbrep.2023-0050 has no snippet
data/traits/genomics/crispr_cas_system.yaml	crispr_adaptive_immunity:crrna_effector_complex->invading_nucleic_acid[0]	MISSING_SNIPPET	WARN	reference=DOI:10.5483/bmbrep.2023-0050 has no snippet
data/traits/genomics/crispr_cas_system.yaml	crispr_adaptive_immunity:phage_plasmid_pressure->crispr_trait[0]	MISSING_SNIPPET	WARN	reference=DOI:10.5483/bmbrep.2023-0050 has no snippet
data/traits/genomics/crispr_cas_system.yaml	evidence[0]	MISSING_SNIPPET	WARN	reference=DOI:10.1038/s41579-019-0299-x has no snippet
data/traits/genomics/crispr_cas_system.yaml	evidence[1]	MISSING_SNIPPET	WARN	reference=DOI:10.1016/j.molcel.2014.03.011 has no snippet
data/traits/genomics/gc_content.yaml	evidence[0]	UNSUPPORTIVE_SNIPPET	WARN	10 chars, supports nothing specific: 'GC content'
data/traits/genomics/gc_content.yaml	gc_content_composition_drivers:*	REUSED_SNIPPET	WARN	5 evidence items share one snippet: 'GC content'
data/traits/genomics/gc_content.yaml	gc_content_composition_drivers:codon_usage_selection->gc_content_trait[0]	UNSUPPORTIVE_SNIPPET	WARN	11 chars, supports nothing specific: 'codon usage'
data/traits/genomics/gc_content.yaml	gc_content_composition_drivers:gc_high_bin->gc_content_trait[0]	UNSUPPORTIVE_SNIPPET	WARN	10 chars, supports nothing specific: 'GC content'
data/traits/genomics/gc_content.yaml	gc_content_composition_drivers:gc_low_bin->gc_content_trait[0]	UNSUPPORTIVE_SNIPPET	WARN	10 chars, supports nothing specific: 'GC content'
data/traits/genomics/gc_content.yaml	gc_content_composition_drivers:gc_mid1_bin->gc_content_trait[0]	UNSUPPORTIVE_SNIPPET	WARN	10 chars, supports nothing specific: 'GC content'
data/traits/genomics/gc_content.yaml	gc_content_composition_drivers:gc_mid2_bin->gc_content_trait[0]	UNSUPPORTIVE_SNIPPET	WARN	10 chars, supports nothing specific: 'GC content'
data/traits/genomics/gc_content.yaml	gc_content_composition_drivers:genomic_dna->gc_content_trait[0]	UNSUPPORTIVE_SNIPPET	WARN	10 chars, supports nothing specific: 'GC content'
data/traits/genomics/gc_high.yaml	evidence[0]	UNSUPPORTIVE_SNIPPET	WARN	10 chars, supports nothing specific: 'GC content'
data/traits/genomics/gc_high.yaml	gc_high_low_gc_bin:ber_glycosylase_loss->gc_high_trait[0]	MISSING_SNIPPET	WARN	reference=DOI:10.1038/s41467-026-71228-y has no snippet
data/traits/genomics/gc_high.yaml	gc_high_low_gc_bin:cytosine_deamination->gc_high_trait[0]	MISSING_SNIPPET	WARN	reference=DOI:10.1038/s41467-026-71228-y has no snippet
data/traits/genomics/gc_high.yaml	gc_high_low_gc_bin:gc3_at_enrichment->gc_high_trait[0]	MISSING_SNIPPET	WARN	reference=DOI:10.1038/s41467-026-71228-y has no snippet
data/traits/genomics/gc_high.yaml	gc_high_low_gc_bin:gc_high_trait->gc_content[0]	UNSUPPORTIVE_SNIPPET	WARN	10 chars, supports nothing specific: 'GC content'
data/traits/genomics/gc_high.yaml	gc_high_low_gc_bin:hypermutator_state->gc_high_trait[0]	MISSING_SNIPPET	WARN	reference=DOI:10.1038/s41467-026-71228-y has no snippet
data/traits/genomics/gc_high.yaml	gc_high_low_gc_bin:mutt_loss->gc_high_trait[0]	MISSING_SNIPPET	WARN	reference=DOI:10.1038/s41467-026-71228-y has no snippet
data/traits/genomics/gc_high.yaml	gc_high_low_gc_bin:purifying_selection_bgc->gc_high_trait[0]	MISSING_SNIPPET	WARN	reference=DOI:10.63635/mrj.v1i4.188 has no snippet
data/traits/genomics/gc_high.yaml	gc_high_low_gc_bin:udg_loss->gc_high_trait[0]	MISSING_SNIPPET	WARN	reference=DOI:10.1038/s41467-026-71228-y has no snippet
data/traits/genomics/gc_low.yaml	evidence[0]	UNSUPPORTIVE_SNIPPET	WARN	10 chars, supports nothing specific: 'GC content'
data/traits/genomics/gc_low.yaml	gc_low_mid_low_gc_bin:at_enriching_spectrum->gc_low_trait[0]	MISSING_SNIPPET	WARN	reference=DOI:10.1038/s41467-023-42916-w has no snippet
data/traits/genomics/gc_low.yaml	gc_low_mid_low_gc_bin:cytosine_deamination->at_enriching_spectrum[0]	MISSING_SNIPPET	WARN	reference=DOI:10.1038/s41467-023-42916-w has no snippet
data/traits/genomics/gc_low.yaml	gc_low_mid_low_gc_bin:dna_repair_defect->mutational_spectrum[0]	MISSING_SNIPPET	WARN	reference=DOI:10.1038/s41467-023-42916-w has no snippet
data/traits/genomics/gc_low.yaml	gc_low_mid_low_gc_bin:gc_low_trait->gc_content[0]	UNSUPPORTIVE_SNIPPET	WARN	10 chars, supports nothing specific: 'GC content'
data/traits/genomics/gc_low.yaml	gc_low_mid_low_gc_bin:repair_enzyme_bias->gc_content[0]	MISSING_SNIPPET	WARN	reference=DOI:10.3389/fmicb.2024.1412318 has no snippet
data/traits/genomics/gc_mid1.yaml	gc_mid1_high_gc_bin:drr_system_composition->gc_mid1_trait[0]	MISSING_SNIPPET	WARN	reference=DOI:10.1128/spectrum.02145-22 has no snippet
data/traits/genomics/gc_mid1.yaml	gc_mid1_high_gc_bin:gc_mid1_trait->gc_content[0]	UNSUPPORTIVE_SNIPPET	WARN	10 chars, supports nothing specific: 'GC content'
data/traits/genomics/gc_mid1.yaml	gc_mid1_high_gc_bin:gc_mid1_trait->nhej_end_joining_efficiency[0]	MISSING_SNIPPET	WARN	reference=DOI:10.1371/journal.pgen.1008493 has no snippet
data/traits/genomics/gc_mid1.yaml	gc_mid1_high_gc_bin:high_dsb_rate->gc_mid1_trait[0]	MISSING_SNIPPET	WARN	reference=DOI:10.1371/journal.pgen.1008493 has no snippet
data/traits/genomics/gc_mid1.yaml	gc_mid1_high_gc_bin:nhej_pathway->gc_mid1_trait[0]	MISSING_SNIPPET	WARN	reference=DOI:10.1371/journal.pgen.1008493 has no snippet
data/traits/genomics/gc_mid2.yaml	gc_mid2_mid_high_gc_bin:assembly_gc_bias->gc_mid2_trait[0]	MISSING_SNIPPET	WARN	reference=DOI:10.1186/s12864-023-09910-4 has no snippet
data/traits/genomics/gc_mid2.yaml	gc_mid2_mid_high_gc_bin:cytosine_deamination->mutation_bias_at[0]	MISSING_SNIPPET	WARN	reference=DOI:10.63635/mrj.v1i4.188 has no snippet
data/traits/genomics/gc_mid2.yaml	gc_mid2_mid_high_gc_bin:dna_repair_efficiency->gc_mid2_trait[0]	MISSING_SNIPPET	WARN	reference=DOI:10.63635/mrj.v1i4.188 has no snippet
data/traits/genomics/gc_mid2.yaml	gc_mid2_mid_high_gc_bin:gc_mid2_trait->gc_content[0]	UNSUPPORTIVE_SNIPPET	WARN	10 chars, supports nothing specific: 'GC content'
data/traits/genomics/gc_mid2.yaml	gc_mid2_mid_high_gc_bin:guanine_oxidation->mutation_bias_at[0]	MISSING_SNIPPET	WARN	reference=DOI:10.63635/mrj.v1i4.188 has no snippet
data/traits/genomics/gc_mid2.yaml	gc_mid2_mid_high_gc_bin:homologous_recombination->moderate_gbgc[0]	MISSING_SNIPPET	WARN	reference=DOI:10.1101/011023 has no snippet
data/traits/genomics/gc_mid2.yaml	gc_mid2_mid_high_gc_bin:mutation_bias_at->gc_mid2_trait[0]	MISSING_SNIPPET	WARN	reference=DOI:10.1101/011023 has no snippet
data/traits/genomics/gc_skew.yaml	evidence[0]	MISSING_SNIPPET	WARN	reference=DOI:10.1093/oxfordjournals.molbev.a025626 has no snippet
data/traits/genomics/gc_skew.yaml	evidence[1]	MISSING_SNIPPET	WARN	reference=DOI:10.1016/S0378-1119(99)00297-8 has no snippet
data/traits/genomics/gc_skew.yaml	gc_skew_replication_strand_asymmetry:cytosine_deamination->gc_skew_trait[0]	MISSING_SNIPPET	WARN	reference=DOI:10.3389/fmicb.2026.1727296 has no snippet
data/traits/genomics/gc_skew.yaml	gc_skew_replication_strand_asymmetry:dna_replication->gc_skew_trait[0]	MISSING_SNIPPET	WARN	reference=DOI:10.1093/oxfordjournals.molbev.a025626 has no snippet
data/traits/genomics/gc_skew.yaml	gc_skew_replication_strand_asymmetry:gc_skew_trait->replication_boundary[0]	MISSING_SNIPPET	WARN	reference=DOI:10.1016/S0378-1119(99)00297-8 has no snippet
data/traits/genomics/gc_skew.yaml	gc_skew_replication_strand_asymmetry:gene_strand_bias->gc_skew_trait[0]	MISSING_SNIPPET	WARN	reference=DOI:10.1101/2023.11.15.567178 has no snippet
data/traits/genomics/gc_skew.yaml	gc_skew_replication_strand_asymmetry:lagging_strand_ssdna->cytosine_deamination[0]	MISSING_SNIPPET	WARN	reference=DOI:10.1101/2023.11.15.567178 has no snippet
data/traits/genomics/gc_skew.yaml	gc_skew_replication_strand_asymmetry:strand_specific_repair->gc_skew_trait[0]	MISSING_SNIPPET	WARN	reference=DOI:10.3389/fmicb.2026.1727296 has no snippet
data/traits/genomics/gc_skew.yaml	gc_skew_replication_strand_asymmetry:third_codon_mutational_bias->gc_skew_trait[0]	MISSING_SNIPPET	WARN	reference=DOI:10.1007/pl00006428 has no snippet
data/traits/genomics/gc_skew.yaml	gc_skew_replication_strand_asymmetry:translational_selection->gc_skew_trait[0]	MISSING_SNIPPET	WARN	reference=DOI:10.3389/fmicb.2026.1727296 has no snippet
data/traits/genomics/genome_size.yaml	evidence[0]	MISSING_SNIPPET	WARN	reference=DOI:10.1038/nrmicro3331 has no snippet
data/traits/genomics/genome_size.yaml	evidence[1]	MISSING_SNIPPET	WARN	reference=DOI:10.1038/ismej.2014.60 has no snippet
data/traits/genomics/genome_size.yaml	genome_size_population_lifestyle:effective_population_size->reductive_genome_evolution[0]	MISSING_SNIPPET	WARN	reference=DOI:10.1038/nrmicro3331 has no snippet
data/traits/genomics/genome_size.yaml	genome_size_population_lifestyle:gene_loss->genome_size_trait[0]	MISSING_SNIPPET	WARN	reference=DOI:10.1038/s41467-024-50368-z has no snippet
data/traits/genomics/genome_size.yaml	genome_size_population_lifestyle:horizontal_gene_transfer->genome_size_trait[0]	MISSING_SNIPPET	WARN	reference=DOI:10.1038/s41559-024-02357-0 has no snippet
data/traits/genomics/genome_size.yaml	genome_size_population_lifestyle:metabolic_versatility->genome_size_trait[0]	MISSING_SNIPPET	WARN	reference=DOI:10.1038/s41564-023-01465-0 has no snippet
data/traits/genomics/genome_size.yaml	genome_size_population_lifestyle:mobile_genetic_elements->horizontal_gene_transfer[0]	MISSING_SNIPPET	WARN	reference=DOI:10.1111/1462-2920.16630 has no snippet
data/traits/genomics/genome_size.yaml	genome_size_population_lifestyle:ocean_depth->genome_size_trait[0]	MISSING_SNIPPET	WARN	reference=DOI:10.1038/s41467-023-36988-x has no snippet
data/traits/genomics/genome_size.yaml	genome_size_population_lifestyle:reductive_genome_evolution->genome_size_trait[0]	MISSING_SNIPPET	WARN	reference=DOI:10.1038/ismej.2014.60 has no snippet
data/traits/genomics/genome_size.yaml	genome_size_population_lifestyle:soil_ph->genome_size_trait[0]	MISSING_SNIPPET	WARN	reference=DOI:10.1101/2021.11.17.469016 has no snippet
data/traits/genomics/genome_streamlining.yaml	evidence[0]	MISSING_SNIPPET	WARN	reference=DOI:10.1038/ismej.2014.60 has no snippet
data/traits/genomics/genome_streamlining.yaml	evidence[1]	MISSING_SNIPPET	WARN	reference=DOI:10.1038/nrmicro3331 has no snippet
data/traits/genomics/genome_streamlining.yaml	streamlining_oligotrophic_selection:oligotrophic_environment->smaller_microbial_genome[0]	MISSING_SNIPPET	WARN	reference=DOI:10.1038/s41467-023-36988-x has no snippet
data/traits/genomics/genome_streamlining.yaml	streamlining_oligotrophic_selection:oligotrophic_environment->streamlining_trait[0]	MISSING_SNIPPET	WARN	reference=DOI:10.1038/ismej.2014.60 has no snippet
data/traits/genomics/genome_streamlining.yaml	streamlining_oligotrophic_selection:reduced_cofactor_biosynthesis->exogenous_bvitamin_dependence[0]	MISSING_SNIPPET	WARN	reference=DOI:10.1038/s41467-024-46374-w has no snippet
data/traits/genomics/genome_streamlining.yaml	streamlining_oligotrophic_selection:reductive_genome_evolution->marginal_fitness_genes[0]	MISSING_SNIPPET	WARN	reference=DOI:10.1093/femsre/fuac043 has no snippet
data/traits/genomics/genome_streamlining.yaml	streamlining_oligotrophic_selection:reductive_genome_evolution->streamlining_trait[0]	MISSING_SNIPPET	WARN	reference=DOI:10.1038/nrmicro3331 has no snippet
data/traits/genomics/genome_streamlining.yaml	streamlining_oligotrophic_selection:streamlining_trait->depletion_metabolic_genes[0]	MISSING_SNIPPET	WARN	reference=DOI:10.1038/s41467-024-50368-z has no snippet
data/traits/genomics/genome_streamlining.yaml	streamlining_oligotrophic_selection:streamlining_trait->metabolic_cross_feeding[0]	MISSING_SNIPPET	WARN	reference=DOI:10.1038/s41467-024-46374-w has no snippet
data/traits/genomics/genomic_island.yaml	evidence[0]	MISSING_SNIPPET	WARN	reference=DOI:10.1038/nrmicro884 has no snippet
data/traits/genomics/genomic_island.yaml	evidence[1]	MISSING_SNIPPET	WARN	reference=DOI:10.1111/j.1574-6976.2008.00136.x has no snippet
data/traits/genomics/genomic_island.yaml	gi_hgt_accessory_function:gi_trait->accessory_function[0]	MISSING_SNIPPET	WARN	reference=DOI:10.1038/nrmicro884 has no snippet
data/traits/genomics/genomic_island.yaml	gi_hgt_accessory_function:gi_trait->mobility_module[0]	MISSING_SNIPPET	WARN	reference=DOI:10.1093/nar/gkad644 has no snippet
data/traits/genomics/genomic_island.yaml	gi_hgt_accessory_function:horizontal_gene_transfer->gi_trait[0]	MISSING_SNIPPET	WARN	reference=DOI:10.1111/j.1574-6976.2008.00136.x has no snippet
data/traits/genomics/genomic_island.yaml	gi_hgt_accessory_function:integrative_conjugative_element->conjugation[0]	MISSING_SNIPPET	WARN	reference=DOI:10.1093/nar/gkad644 has no snippet
data/traits/genomics/genomic_island.yaml	gi_hgt_accessory_function:integrative_conjugative_element->type_iv_secretion_system[0]	MISSING_SNIPPET	WARN	reference=DOI:10.1093/nar/gkad644 has no snippet
data/traits/genomics/genomic_island.yaml	gi_hgt_accessory_function:integrative_mobilizable_element->conjugation[0]	MISSING_SNIPPET	WARN	reference=DOI:10.1093/nar/gkad644 has no snippet
data/traits/genomics/mobile_genetic_element.yaml	evidence[0]	MISSING_SNIPPET	WARN	reference=DOI:10.1038/nrmicro1235 has no snippet
data/traits/genomics/mobile_genetic_element.yaml	evidence[1]	MISSING_SNIPPET	WARN	reference=DOI:10.1111/1574-6976.12067 has no snippet
data/traits/genomics/mobile_genetic_element.yaml	mge_horizontal_gene_transfer:antibiotic_selection->amr_cargo[0]	MISSING_SNIPPET	WARN	reference=DOI:10.1093/nar/gkad644 has no snippet
data/traits/genomics/mobile_genetic_element.yaml	mge_horizontal_gene_transfer:conjugative_dna_transfer->horizontal_gene_transfer[0]	MISSING_SNIPPET	WARN	reference=DOI:10.1111/1751-7915.14408 has no snippet
data/traits/genomics/mobile_genetic_element.yaml	mge_horizontal_gene_transfer:coupling_protein->t4ss[0]	MISSING_SNIPPET	WARN	reference=DOI:10.1093/nar/gkac1079 has no snippet
data/traits/genomics/mobile_genetic_element.yaml	mge_horizontal_gene_transfer:horizontal_gene_transfer->genome_plasticity[0]	MISSING_SNIPPET	WARN	reference=DOI:10.1111/1574-6976.12067 has no snippet
data/traits/genomics/mobile_genetic_element.yaml	mge_horizontal_gene_transfer:ice_excision->conjugative_dna_transfer[0]	MISSING_SNIPPET	WARN	reference=DOI:10.1128/AEM.01360-24 has no snippet
data/traits/genomics/mobile_genetic_element.yaml	mge_horizontal_gene_transfer:integrase_excisionase->ice_excision[0]	MISSING_SNIPPET	WARN	reference=DOI:10.1128/AEM.01360-24 has no snippet
data/traits/genomics/mobile_genetic_element.yaml	mge_horizontal_gene_transfer:integron_integrase->cassette_recombination[0]	MISSING_SNIPPET	WARN	reference=DOI:10.1111/1751-7915.14408 has no snippet
data/traits/genomics/mobile_genetic_element.yaml	mge_horizontal_gene_transfer:mge_trait->horizontal_gene_transfer[0]	MISSING_SNIPPET	WARN	reference=DOI:10.1038/nrmicro1235 has no snippet
data/traits/genomics/mobile_genetic_element.yaml	mge_horizontal_gene_transfer:mge_trait->transposition[0]	MISSING_SNIPPET	WARN	reference=DOI:10.1146/annurev-micro-032521-022006 has no snippet
data/traits/genomics/mobile_genetic_element.yaml	mge_horizontal_gene_transfer:relaxase->orit[0]	MISSING_SNIPPET	WARN	reference=DOI:10.1128/AEM.01360-24 has no snippet
data/traits/genomics/mobile_genetic_element.yaml	mge_horizontal_gene_transfer:t4ss->conjugative_dna_transfer[0]	MISSING_SNIPPET	WARN	reference=DOI:10.1093/nar/gkad024 has no snippet
data/traits/genomics/mobile_genetic_element.yaml	mge_horizontal_gene_transfer:transduction->horizontal_gene_transfer[0]	MISSING_SNIPPET	WARN	reference=DOI:10.1093/nar/gkae489 has no snippet
data/traits/genomics/mobile_genetic_element.yaml	mge_horizontal_gene_transfer:transposition->genome_plasticity[0]	MISSING_SNIPPET	WARN	reference=DOI:10.1146/annurev-micro-032521-022006 has no snippet
data/traits/genomics/pangenome_openness.yaml	evidence[0]	MISSING_SNIPPET	WARN	reference=DOI:10.1073/pnas.0506758102 has no snippet
data/traits/genomics/pangenome_openness.yaml	evidence[1]	MISSING_SNIPPET	WARN	reference=DOI:10.1038/nmicrobiol.2017.40 has no snippet
data/traits/genomics/pangenome_openness.yaml	pangenome_openness_hgt:annotation_error->apparent_pangenome_openness[0]	MISSING_SNIPPET	WARN	reference=DOI:10.1101/2022.04.23.489244 has no snippet
data/traits/genomics/pangenome_openness.yaml	pangenome_openness_hgt:core_gene_fraction->pangenome_openness_trait[0]	MISSING_SNIPPET	WARN	reference=DOI:10.3390/microorganisms12050986 has no snippet
data/traits/genomics/pangenome_openness.yaml	pangenome_openness_hgt:gene_gain_loss_dynamics->pangenome_openness_trait[0]	MISSING_SNIPPET	WARN	reference=DOI:10.1101/2022.04.23.489244 has no snippet
data/traits/genomics/pangenome_openness.yaml	pangenome_openness_hgt:horizontal_gene_transfer->pangenome_openness_trait[0]	MISSING_SNIPPET	WARN	reference=DOI:10.1073/pnas.0506758102 has no snippet
data/traits/genomics/pangenome_openness.yaml	pangenome_openness_hgt:pangenome_openness_trait->accessory_gene_pool[0]	MISSING_SNIPPET	WARN	reference=DOI:10.1038/nmicrobiol.2017.40 has no snippet
data/traits/genomics/pangenome_openness.yaml	pangenome_openness_hgt:plasmid->horizontal_gene_transfer[0]	MISSING_SNIPPET	WARN	reference=DOI:10.1099/mgen.0.001021 has no snippet
data/traits/genomics/pangenome_openness.yaml	pangenome_openness_hgt:prophage->pangenome_openness_trait[0]	MISSING_SNIPPET	WARN	reference=DOI:10.3390/microorganisms12050986 has no snippet
data/traits/genomics/pangenome_openness.yaml	pangenome_openness_hgt:rare_gene_fraction->pangenome_openness_trait[0]	MISSING_SNIPPET	WARN	reference=DOI:10.3390/microorganisms12050986 has no snippet
data/traits/genomics/pangenome_openness.yaml	pangenome_openness_hgt:sampling_bias->apparent_pangenome_openness[0]	MISSING_SNIPPET	WARN	reference=DOI:10.1101/2022.04.23.489244 has no snippet
data/traits/genomics/plasmid_carriage.yaml	evidence[0]	MISSING_SNIPPET	WARN	reference=DOI:10.1128/MMBR.00020-10 has no snippet
data/traits/genomics/plasmid_carriage.yaml	evidence[1]	MISSING_SNIPPET	WARN	reference=DOI:10.1038/nrmicro1235 has no snippet
data/traits/genomics/plasmid_carriage.yaml	plasmid_conjugation_hgt:anti_restriction_genes->restriction_of_plasmid_dna[0]	MISSING_SNIPPET	WARN	reference=DOI:10.1093/nar/gkae896 has no snippet
data/traits/genomics/plasmid_carriage.yaml	plasmid_conjugation_hgt:antibiotic_selective_pressure->plasmid_carriage_trait[0]	MISSING_SNIPPET	WARN	reference=DOI:10.1080/22221751.2024.2352432 has no snippet
data/traits/genomics/plasmid_carriage.yaml	plasmid_conjugation_hgt:compensatory_mutation->fitness_cost[0]	MISSING_SNIPPET	WARN	reference=DOI:10.1002/ece3.70121 has no snippet
data/traits/genomics/plasmid_carriage.yaml	plasmid_conjugation_hgt:plasmid_carriage_trait->accessory_function[0]	MISSING_SNIPPET	WARN	reference=DOI:10.1038/nrmicro1235 has no snippet
data/traits/genomics/plasmid_carriage.yaml	plasmid_conjugation_hgt:plasmid_carriage_trait->conjugation[0]	MISSING_SNIPPET	WARN	reference=DOI:10.1128/MMBR.00020-10 has no snippet
data/traits/genomics/plasmid_carriage.yaml	plasmid_conjugation_hgt:plasmid_carriage_trait->fitness_cost[0]	MISSING_SNIPPET	WARN	reference=DOI:10.1080/22221751.2024.2352432 has no snippet
data/traits/genomics/plasmid_carriage.yaml	plasmid_conjugation_hgt:plasmid_methylase->restriction_of_plasmid_dna[0]	MISSING_SNIPPET	WARN	reference=DOI:10.1093/nar/gkae896 has no snippet
data/traits/genomics/plasmid_carriage.yaml	plasmid_conjugation_hgt:ta_system->plasmid_vertical_inheritance[0]	MISSING_SNIPPET	WARN	reference=DOI:10.1093/nar/gkae018 has no snippet
data/traits/genomics/ploidy.yaml	evidence[0]	MISSING_SNIPPET	WARN	reference=DOI:10.1159/000368855 has no snippet
data/traits/genomics/ploidy.yaml	evidence[1]	MISSING_SNIPPET	WARN	reference=DOI:10.1073/pnas.0707522105 has no snippet
data/traits/genomics/ploidy.yaml	ploidy_repair_survival:genome_copy_number->dna_phosphate_storage[0]	MISSING_SNIPPET	WARN	reference=DOI:10.3390/microorganisms11092267 has no snippet
data/traits/genomics/ploidy.yaml	ploidy_repair_survival:genome_copy_number->growth_without_phosphate[0]	MISSING_SNIPPET	WARN	reference=DOI:10.3390/microorganisms11092267 has no snippet
data/traits/genomics/ploidy.yaml	ploidy_repair_survival:phosphate_starvation->genome_copy_number[0]	MISSING_SNIPPET	WARN	reference=DOI:10.3390/microorganisms11092267 has no snippet
data/traits/genomics/ploidy.yaml	ploidy_repair_survival:ploidy_trait->dna_recombinational_repair[0]	MISSING_SNIPPET	WARN	reference=DOI:10.1159/000368855 has no snippet
data/traits/genomics/ploidy.yaml	ploidy_repair_survival:ploidy_trait->long_term_survival[0]	MISSING_SNIPPET	WARN	reference=DOI:10.1073/pnas.0707522105 has no snippet
data/traits/genomics/ploidy.yaml	ploidy_repair_survival:ploidy_trait->segregational_drift[0]	MISSING_SNIPPET	WARN	reference=DOI:10.1371/journal.pgen.1010829 has no snippet
data/traits/genomics/ploidy.yaml	ploidy_repair_survival:segregational_drift->beneficial_allele_loss[0]	MISSING_SNIPPET	WARN	reference=DOI:10.1371/journal.pgen.1010829 has no snippet
data/traits/genomics/prophage.yaml	evidence[0]	MISSING_SNIPPET	WARN	reference=DOI:10.1128/MMBR.67.2.238-276.2003 has no snippet
data/traits/genomics/prophage.yaml	evidence[1]	MISSING_SNIPPET	WARN	reference=DOI:10.1038/ismej.2017.16 has no snippet
data/traits/genomics/prophage.yaml	prophage_lysogeny:ci_repressor->lytic_gene_expression[0]	MISSING_SNIPPET	WARN	reference=DOI:10.1038/s41586-023-06376-y has no snippet
data/traits/genomics/prophage.yaml	prophage_lysogeny:ci_repressor->prophage_induction[0]	MISSING_SNIPPET	WARN	reference=DOI:10.1038/s41586-023-06376-y has no snippet
data/traits/genomics/prophage.yaml	prophage_lysogeny:dna_damage->sos_response[0]	MISSING_SNIPPET	WARN	reference=DOI:10.1073/pnas.2407832121 has no snippet
data/traits/genomics/prophage.yaml	prophage_lysogeny:phage_plasmid->extrachromosomal_maintenance[0]	MISSING_SNIPPET	WARN	reference=DOI:10.1038/s41467-024-45757-3 has no snippet
data/traits/genomics/prophage.yaml	prophage_lysogeny:prophage_trait->host_chromosome[0]	MISSING_SNIPPET	WARN	reference=DOI:10.1038/s41586-023-06376-y has no snippet
data/traits/genomics/prophage.yaml	prophage_lysogeny:prophage_trait->host_phenotype[0]	MISSING_SNIPPET	WARN	reference=DOI:10.1038/ismej.2017.16 has no snippet
data/traits/genomics/prophage.yaml	prophage_lysogeny:prophage_trait->lysogeny[0]	MISSING_SNIPPET	WARN	reference=DOI:10.1128/MMBR.67.2.238-276.2003 has no snippet
data/traits/genomics/prophage.yaml	prophage_lysogeny:reca_filament->ci_repressor[0]	MISSING_SNIPPET	WARN	reference=DOI:10.1038/s41586-023-06376-y has no snippet
data/traits/genomics/prophage.yaml	prophage_lysogeny:reca_filament->lexa_repressor[0]	MISSING_SNIPPET	WARN	reference=DOI:10.1128/aem.01716-22 has no snippet
data/traits/genomics/restriction_modification_system.yaml	evidence[0]	MISSING_SNIPPET	WARN	reference=DOI:10.1128/MMBR.00044-12 has no snippet
data/traits/genomics/restriction_modification_system.yaml	evidence[1]	MISSING_SNIPPET	WARN	reference=DOI:10.3389/fmicb.2015.00528 has no snippet
data/traits/genomics/restriction_modification_system.yaml	rm_self_nonself_defense:cognate_mtase->host_site_methylation[0]	MISSING_SNIPPET	WARN	reference=DOI:10.1093/nar/gkad452 has no snippet
data/traits/genomics/restriction_modification_system.yaml	rm_self_nonself_defense:dna_restriction_modification->foreign_dna[0]	MISSING_SNIPPET	WARN	reference=DOI:10.3389/fmicb.2015.00528 has no snippet
data/traits/genomics/restriction_modification_system.yaml	rm_self_nonself_defense:endonuclease_cleavage->foreign_dna[0]	MISSING_SNIPPET	WARN	reference=DOI:10.1093/nar/gkad452 has no snippet
data/traits/genomics/restriction_modification_system.yaml	rm_self_nonself_defense:host_site_methylation->endonuclease_cleavage[0]	MISSING_SNIPPET	WARN	reference=DOI:10.1093/nar/gkad452 has no snippet
data/traits/genomics/restriction_modification_system.yaml	rm_self_nonself_defense:phage_mtase->endonuclease_cleavage[0]	MISSING_SNIPPET	WARN	reference=DOI:10.1128/MMBR.00044-12 has no snippet
data/traits/genomics/restriction_modification_system.yaml	rm_self_nonself_defense:plasmid_methylase->endonuclease_cleavage[0]	MISSING_SNIPPET	WARN	reference=DOI:10.1093/nar/gkae896 has no snippet
data/traits/genomics/restriction_modification_system.yaml	rm_self_nonself_defense:restriction_endonuclease->endonuclease_cleavage[0]	MISSING_SNIPPET	WARN	reference=DOI:10.1093/nar/gkad452 has no snippet
data/traits/genomics/restriction_modification_system.yaml	rm_self_nonself_defense:rm_trait->dna_restriction_modification[0]	MISSING_SNIPPET	WARN	reference=DOI:10.1128/MMBR.00044-12 has no snippet
data/traits/genomics/restriction_modification_system.yaml	rm_self_nonself_defense:type_iv_restriction_enzyme->methylated_dna_motif[0]	MISSING_SNIPPET	WARN	reference=DOI:10.3390/microorganisms11122962 has no snippet
data/traits/genomics/rrna_operon_copy_number.yaml	evidence[0]	MISSING_SNIPPET	WARN	reference=DOI:10.1128/AEM.66.4.1328-1333.2000 has no snippet
data/traits/genomics/rrna_operon_copy_number.yaml	evidence[1]	MISSING_SNIPPET	WARN	reference=DOI:10.1038/nmicrobiol.2016.160 has no snippet
data/traits/genomics/rrna_operon_copy_number.yaml	rrn_copy_growth_rate:rrna_copy_trait->chemotactic_motility[0]	MISSING_SNIPPET	WARN	reference=DOI:10.1038/nmicrobiol.2016.160 has no snippet
data/traits/genomics/rrna_operon_copy_number.yaml	rrn_copy_growth_rate:rrna_copy_trait->genome_size[0]	MISSING_SNIPPET	WARN	reference=DOI:10.1038/nmicrobiol.2016.160 has no snippet
data/traits/genomics/rrna_operon_copy_number.yaml	rrn_copy_growth_rate:rrna_copy_trait->growth_efficiency[0]	MISSING_SNIPPET	WARN	reference=DOI:10.1038/nmicrobiol.2016.160 has no snippet
data/traits/genomics/rrna_operon_copy_number.yaml	rrn_copy_growth_rate:rrna_copy_trait->maximal_growth_rate[0]	MISSING_SNIPPET	WARN	reference=DOI:10.1038/nmicrobiol.2016.160 has no snippet
data/traits/genomics/rrna_operon_copy_number.yaml	rrn_copy_growth_rate:rrna_copy_trait->ribosome_biogenesis[0]	MISSING_SNIPPET	WARN	reference=DOI:10.1128/AEM.66.4.1328-1333.2000 has no snippet
data/traits/genomics/rrna_operon_copy_number.yaml	rrn_copy_growth_rate:rrna_copy_trait->rrna_transcription[0]	MISSING_SNIPPET	WARN	reference=DOI:10.1128/AEM.66.4.1328-1333.2000 has no snippet
data/traits/genomics/transposable_element.yaml	evidence[0]	MISSING_SNIPPET	WARN	reference=DOI:10.1111/1574-6976.12067 has no snippet
data/traits/genomics/transposable_element.yaml	evidence[1]	MISSING_SNIPPET	WARN	reference=DOI:10.1038/nrmicro1235 has no snippet
data/traits/genomics/transposable_element.yaml	te_transposition_rearrangement:dna_transposition->genome_rearrangement[0]	MISSING_SNIPPET	WARN	reference=DOI:10.1038/nrmicro1235 has no snippet
data/traits/genomics/transposable_element.yaml	te_transposition_rearrangement:homologous_recombination_is->genome_rearrangement[0]	MISSING_SNIPPET	WARN	reference=DOI:10.1038/s41467-023-39964-7 has no snippet
data/traits/genomics/transposable_element.yaml	te_transposition_rearrangement:te_insertion->gene_disruption[0]	MISSING_SNIPPET	WARN	reference=DOI:10.1038/s41467-023-39964-7 has no snippet
data/traits/genomics/transposable_element.yaml	te_transposition_rearrangement:te_insertion->target_site_duplication[0]	MISSING_SNIPPET	WARN	reference=DOI:10.1038/s41467-023-39964-7 has no snippet
data/traits/genomics/transposable_element.yaml	te_transposition_rearrangement:te_trait->dna_transposition[0]	MISSING_SNIPPET	WARN	reference=DOI:10.1111/1574-6976.12067 has no snippet
data/traits/genomics/transposable_element.yaml	te_transposition_rearrangement:te_trait->transposase[0]	MISSING_SNIPPET	WARN	reference=DOI:10.1128/MMBR.00119-22 has no snippet
data/traits/genomics/transposable_element.yaml	te_transposition_rearrangement:transposase->dna_transposition[0]	MISSING_SNIPPET	WARN	reference=DOI:10.1128/MMBR.00119-22 has no snippet
data/traits/metabolism/acetogenesis.yaml	acetogenesis_wood_ljungdahl:acetate_kinase_step->acetyl_phosphate[0]	MISSING_SNIPPET	WARN	reference=DOI:10.3389/fbioe.2024.1395540 has no snippet
data/traits/metabolism/acetogenesis.yaml	acetogenesis_wood_ljungdahl:acetate_kinase_step->atp[0]	MISSING_SNIPPET	WARN	reference=DOI:10.3389/fbioe.2024.1395540 has no snippet
data/traits/metabolism/acetogenesis.yaml	acetogenesis_wood_ljungdahl:acetyl_coa->acetyl_phosphate[0]	MISSING_SNIPPET	WARN	reference=DOI:10.3389/fbioe.2024.1395540 has no snippet
data/traits/metabolism/acetogenesis.yaml	acetogenesis_wood_ljungdahl:acetyl_phosphate->acetate[0]	MISSING_SNIPPET	WARN	reference=DOI:10.3389/fbioe.2024.1395540 has no snippet
data/traits/metabolism/acetogenesis.yaml	acetogenesis_wood_ljungdahl:carbon_dioxide->carbon_monoxide[0]	MISSING_SNIPPET	WARN	reference=DOI:10.34726/hss.2024.114566 has no snippet
data/traits/metabolism/acetogenesis.yaml	acetogenesis_wood_ljungdahl:carbon_dioxide->formate[0]	MISSING_SNIPPET	WARN	reference=DOI:10.3389/fbioe.2024.1395540 has no snippet
data/traits/metabolism/acetogenesis.yaml	acetogenesis_wood_ljungdahl:formate->formyl_thf[0]	MISSING_SNIPPET	WARN	reference=DOI:10.3389/fbioe.2024.1395540 has no snippet
data/traits/metabolism/acetogenesis.yaml	acetogenesis_wood_ljungdahl:formyl_thf->methylene_thf[0]	MISSING_SNIPPET	WARN	reference=DOI:10.34726/hss.2024.114566 has no snippet
data/traits/metabolism/acetogenesis.yaml	acetogenesis_wood_ljungdahl:methylene_thf->methyl_thf[0]	MISSING_SNIPPET	WARN	reference=DOI:10.3389/fbioe.2024.1395540 has no snippet
data/traits/metabolism/anaerobic_oxidation_of_methane.yaml	aom_anme_sulfate_consortium:aom_trait->methane[0]	MISSING_SNIPPET	WARN	reference=DOI:10.3389/fmars.2025.1609892 has no snippet
data/traits/metabolism/anaerobic_oxidation_of_methane.yaml	aom_anme_sulfate_consortium:aom_trait->reverse_methanogenesis[0]	MISSING_SNIPPET	WARN	reference=DOI:10.3390/fermentation9070645 has no snippet
data/traits/metabolism/anaerobic_oxidation_of_methane.yaml	aom_anme_sulfate_consortium:diet->aom_trait[0]	MISSING_SNIPPET	WARN	reference=DOI:10.1371/journal.pbio.3002292 has no snippet
data/traits/metabolism/anaerobic_oxidation_of_methane.yaml	aom_anme_sulfate_consortium:mcr->aom_trait[0]	MISSING_SNIPPET	WARN	reference=DOI:10.1021/acs.est.3c07197 has no snippet
data/traits/metabolism/anaerobic_oxidation_of_methane.yaml	aom_anme_sulfate_consortium:methane->sulfate[0]	MISSING_SNIPPET	WARN	reference=DOI:10.1038/35036572 has no snippet
data/traits/metabolism/anaerobic_oxidation_of_methane.yaml	aom_anme_sulfate_consortium:nitrate->aom_trait[0]	MISSING_SNIPPET	WARN	reference=DOI:10.1021/acs.est.3c07197 has no snippet
data/traits/metabolism/anaerobic_oxidation_of_methane.yaml	aom_anme_sulfate_consortium:nitrite->aom_trait[0]	MISSING_SNIPPET	WARN	reference=DOI:10.1021/acs.est.3c07197 has no snippet
data/traits/metabolism/anaerobic_oxidation_of_methane.yaml	aom_anme_sulfate_consortium:sulfate->aom_trait[0]	MISSING_SNIPPET	WARN	reference=DOI:10.1371/journal.pbio.3002292 has no snippet
data/traits/metabolism/anaerobic_oxidation_of_methane.yaml	evidence[0]	MISSING_SNIPPET	WARN	reference=DOI:10.1038/35036572 has no snippet
data/traits/metabolism/anaerobic_oxidation_of_methane.yaml	evidence[1]	MISSING_SNIPPET	WARN	reference=DOI:10.3389/fmars.2025.1609892 has no snippet
data/traits/metabolism/anaerobic_respiration.yaml	anaerobic_respiration_denitrification:nitrate_reductase->nitrate[0]	MISSING_SNIPPET	WARN	reference=DOI:10.1128/msystems.00967-23 has no snippet
data/traits/metabolism/anaerobic_respiration.yaml	anaerobic_respiration_denitrification:nitrate_reductase->nitrite[0]	MISSING_SNIPPET	WARN	reference=DOI:10.1128/msystems.00967-23 has no snippet
data/traits/metabolism/anaerobic_respiration.yaml	anaerobic_respiration_denitrification:nitrous_oxide_reductase->dinitrogen[0]	MISSING_SNIPPET	WARN	reference=DOI:10.1128/msystems.00967-23 has no snippet
data/traits/metabolism/anaerobic_respiration.yaml	anaerobic_respiration_denitrification:nitrous_oxide_reductase->nitrous_oxide[0]	MISSING_SNIPPET	WARN	reference=DOI:10.1128/msystems.00967-23 has no snippet
data/traits/metabolism/anaerobic_respiration.yaml	anaerobic_respiration_denitrification:oxygen_limitation->denitrification_reductases[0]	MISSING_SNIPPET	WARN	reference=DOI:10.1038/s41467-024-51688-w has no snippet
data/traits/metabolism/anoxygenic_photosynthesis.yaml	anoxygenic_photosynthesis_sulfide_donor:bacteriochlorophyll->light_energy[0]	MISSING_SNIPPET	WARN	reference=DOI:10.1016/j.tim.2006.09.001 has no snippet
data/traits/metabolism/anoxygenic_photosynthesis.yaml	anoxygenic_photosynthesis_sulfide_donor:light_energy->photosynthetic_etc[0]	MISSING_SNIPPET	WARN	reference=DOI:10.1016/j.tim.2006.09.001 has no snippet
data/traits/metabolism/anoxygenic_photosynthesis.yaml	anoxygenic_photosynthesis_sulfide_donor:photosynthetic_etc->anoxygenic_photosynthesis_trait[0]	MISSING_SNIPPET	WARN	reference=DOI:10.1016/j.tim.2006.09.001 has no snippet
data/traits/metabolism/anoxygenic_photosynthesis.yaml	anoxygenic_photosynthesis_sulfide_donor:sulfide->elemental_sulfur[0]	MISSING_SNIPPET	WARN	reference=DOI:10.3389/fmicb.2024.1417714 has no snippet
data/traits/metabolism/anoxygenic_photosynthesis.yaml	anoxygenic_photosynthesis_sulfide_donor:sulfide->photosynthetic_etc[0]	MISSING_SNIPPET	WARN	reference=DOI:10.3389/fmicb.2024.1417714 has no snippet
data/traits/metabolism/anoxygenic_photosynthesis.yaml	anoxygenic_photosynthesis_sulfide_donor:type_i_reaction_center->anoxygenic_photosynthesis_trait[0]	MISSING_SNIPPET	WARN	reference=DOI:10.3390/biom14030311 has no snippet
data/traits/metabolism/anoxygenic_photosynthesis.yaml	anoxygenic_photosynthesis_sulfide_donor:type_i_reaction_center->photosynthetic_etc[0]	MISSING_SNIPPET	WARN	reference=DOI:10.1038/s41586-024-07180-y has no snippet
data/traits/metabolism/anoxygenic_photosynthesis.yaml	evidence[0]	MISSING_SNIPPET	WARN	reference=DOI:10.1016/j.tim.2006.09.001 has no snippet
data/traits/metabolism/anoxygenic_photosynthesis.yaml	evidence[1]	MISSING_SNIPPET	WARN	reference=DOI:10.3389/fmicb.2024.1417714 has no snippet
data/traits/metabolism/biopolymer_degradation.yaml	biopolymer_degradation_extracellular_hydrolysis:beta_glucosidase->glucose[0]	MISSING_SNIPPET	WARN	reference=DOI:10.1101/2024.11.06.622210 has no snippet
data/traits/metabolism/biopolymer_degradation.yaml	biopolymer_degradation_extracellular_hydrolysis:biopolymer_degradation_trait->assimilable_units[0]	MISSING_SNIPPET	WARN	reference=DOI:10.1128/MMBR.66.3.506-577.2002 has no snippet
data/traits/metabolism/biopolymer_degradation.yaml	biopolymer_degradation_extracellular_hydrolysis:endochitinase->chitooligosaccharides[0]	MISSING_SNIPPET	WARN	reference=DOI:10.1128/spectrum.00886-24 has no snippet
data/traits/metabolism/biopolymer_degradation.yaml	biopolymer_degradation_extracellular_hydrolysis:endoglucanase->cello_oligosaccharides[0]	MISSING_SNIPPET	WARN	reference=DOI:10.1101/2024.11.06.622210 has no snippet
data/traits/metabolism/biopolymer_degradation.yaml	biopolymer_degradation_extracellular_hydrolysis:extracellular_enzymes->biopolymer_degradation_trait[0]	MISSING_SNIPPET	WARN	reference=DOI:10.1016/j.cbpa.2015.10.018 has no snippet
data/traits/metabolism/biopolymer_degradation.yaml	biopolymer_degradation_extracellular_hydrolysis:lignin_oxidative_enzymes->lignin[0]	MISSING_SNIPPET	WARN	reference=DOI:10.1101/2024.11.06.622210 has no snippet
data/traits/metabolism/biopolymer_degradation.yaml	biopolymer_degradation_extracellular_hydrolysis:periplasmic_gh3->glucose[0]	MISSING_SNIPPET	WARN	reference=DOI:10.3389/fmicb.2024.1393588 has no snippet
data/traits/metabolism/biopolymer_degradation.yaml	biopolymer_degradation_extracellular_hydrolysis:susc_transporter->oligosaccharides[0]	MISSING_SNIPPET	WARN	reference=DOI:10.1128/mbio.02599-23 has no snippet
data/traits/metabolism/biopolymer_degradation.yaml	evidence[0]	MISSING_SNIPPET	WARN	reference=DOI:10.1016/j.cbpa.2015.10.018 has no snippet
data/traits/metabolism/biopolymer_degradation.yaml	evidence[1]	MISSING_SNIPPET	WARN	reference=DOI:10.1128/MMBR.66.3.506-577.2002 has no snippet
data/traits/metabolism/builds_base_from.yaml	evidence[0]	UNSUPPORTIVE_SNIPPET	WARN	8 chars, supports nothing specific: 'alkaline'
data/traits/metabolism/cable_bacteria_metabolism.yaml	cable_bacteria_long_distance_electron_transport:conductive_fiber_network->cell_envelope[0]	MISSING_SNIPPET	WARN	reference=DOI:10.1186/s12864-024-10594-7 has no snippet
data/traits/metabolism/cable_bacteria_metabolism.yaml	cable_bacteria_long_distance_electron_transport:electrogenic_sulfur_oxidation->sulfate[0]	UNSUPPORTIVE_SNIPPET	WARN	7 chars, supports nothing specific: 'sulfide'
data/traits/metabolism/cable_bacteria_metabolism.yaml	cable_bacteria_long_distance_electron_transport:long_distance_electron_transport->cytochrome_redox_gradient[0]	MISSING_SNIPPET	WARN	reference=DOI:10.1073/pnas.1800367115 has no snippet
data/traits/metabolism/cable_bacteria_metabolism.yaml	cable_bacteria_long_distance_electron_transport:nickel_cofactor->conductive_fiber_network[0]	MISSING_SNIPPET	WARN	reference=DOI:10.1186/s12864-024-10594-7 has no snippet
data/traits/metabolism/cable_bacteria_metabolism.yaml	cable_bacteria_long_distance_electron_transport:nickel_cofactor->long_distance_electron_transport[0]	MISSING_SNIPPET	WARN	reference=DOI:10.3389/fmicb.2024.1208033 has no snippet
data/traits/metabolism/cable_bacteria_metabolism.yaml	cable_bacteria_long_distance_electron_transport:oxic_sediment_zone->oxygen[0]	UNSUPPORTIVE_SNIPPET	WARN	9 chars, supports nothing specific: 'oxic zone'
data/traits/metabolism/cable_bacteria_metabolism.yaml	cable_bacteria_long_distance_electron_transport:sulfur_oxidation_pathway->electrogenic_sulfur_oxidation[0]	MISSING_SNIPPET	WARN	reference=DOI:10.1186/s12864-024-10594-7 has no snippet
data/traits/metabolism/calvin_benson_bassham_cycle.yaml	cbb_rubisco_co2_fixation:bicarbonate->carboxysomal_ca[0]	MISSING_SNIPPET	WARN	reference=DOI:10.1126/sciadv.adk7283 has no snippet
data/traits/metabolism/calvin_benson_bassham_cycle.yaml	cbb_rubisco_co2_fixation:carbon_dioxide->cbb_trait[0]	MISSING_SNIPPET	WARN	reference=DOI:10.1128/AEM.02473-10 has no snippet
data/traits/metabolism/calvin_benson_bassham_cycle.yaml	cbb_rubisco_co2_fixation:carboxysomal_ca->carbon_dioxide[0]	MISSING_SNIPPET	WARN	reference=DOI:10.1126/sciadv.adk7283 has no snippet
data/traits/metabolism/calvin_benson_bassham_cycle.yaml	cbb_rubisco_co2_fixation:carboxysome->carbon_dioxide[0]	MISSING_SNIPPET	WARN	reference=DOI:10.1128/AEM.01557-23 has no snippet
data/traits/metabolism/calvin_benson_bassham_cycle.yaml	cbb_rubisco_co2_fixation:carboxysome->rubisco[0]	MISSING_SNIPPET	WARN	reference=DOI:10.1111/ppl.14140 has no snippet
data/traits/metabolism/calvin_benson_bassham_cycle.yaml	cbb_rubisco_co2_fixation:cbb_pathway->cbb_trait[0]	MISSING_SNIPPET	WARN	reference=DOI:10.1146/annurev-marine-120709-142712 has no snippet
data/traits/metabolism/calvin_benson_bassham_cycle.yaml	cbb_rubisco_co2_fixation:cbbr->cbb_operon[0]	MISSING_SNIPPET	WARN	reference=DOI:10.1128/JB.00442-15 has no snippet
data/traits/metabolism/calvin_benson_bassham_cycle.yaml	cbb_rubisco_co2_fixation:cytoplasmic_ca->co2_leakage[0]	MISSING_SNIPPET	WARN	reference=DOI:10.1128/AEM.01557-23 has no snippet
data/traits/metabolism/calvin_benson_bassham_cycle.yaml	cbb_rubisco_co2_fixation:rubisco->cbb_pathway[0]	MISSING_SNIPPET	WARN	reference=DOI:10.1128/AEM.02473-10 has no snippet
data/traits/metabolism/calvin_benson_bassham_cycle.yaml	cbb_rubisco_co2_fixation:rubisco->three_pga[0]	MISSING_SNIPPET	WARN	reference=DOI:10.1111/ppl.14140 has no snippet
data/traits/metabolism/calvin_benson_bassham_cycle.yaml	cbb_rubisco_co2_fixation:rubp->rubisco[0]	MISSING_SNIPPET	WARN	reference=DOI:10.1111/ppl.14140 has no snippet
data/traits/metabolism/calvin_benson_bassham_cycle.yaml	evidence[0]	MISSING_SNIPPET	WARN	reference=DOI:10.1128/AEM.02473-10 has no snippet
data/traits/metabolism/calvin_benson_bassham_cycle.yaml	evidence[1]	MISSING_SNIPPET	WARN	reference=DOI:10.1146/annurev-marine-120709-142712 has no snippet
data/traits/metabolism/capable_of.yaml	evidence[0]	UNSUPPORTIVE_SNIPPET	WARN	10 chars, supports nothing specific: 'capability'
data/traits/metabolism/carbon_fixation.yaml	carbon_fixation_co2_assimilation:atp_citrate_lyase->rtca_cycle[0]	MISSING_SNIPPET	WARN	reference=DOI:10.1038/s41564-024-01704-y has no snippet
data/traits/metabolism/carbon_fixation.yaml	carbon_fixation_co2_assimilation:carbon_dioxide->carbon_fixation_trait[0]	MISSING_SNIPPET	WARN	reference=DOI:10.1128/AEM.02473-10 has no snippet
data/traits/metabolism/carbon_fixation.yaml	carbon_fixation_co2_assimilation:carbon_fixation_process->carbon_fixation_trait[0]	MISSING_SNIPPET	WARN	reference=DOI:10.1146/annurev-marine-120709-142712 has no snippet
data/traits/metabolism/carbon_fixation.yaml	carbon_fixation_co2_assimilation:carbonic_anhydrase->bicarbonate[0]	MISSING_SNIPPET	WARN	reference=DOI:10.1128/AEM.02473-10 has no snippet
data/traits/metabolism/carbon_fixation.yaml	carbon_fixation_co2_assimilation:carbonic_anhydrase->carbon_dioxide[0]	MISSING_SNIPPET	WARN	reference=DOI:10.1128/aem.01557-23 has no snippet
data/traits/metabolism/carbon_fixation.yaml	carbon_fixation_co2_assimilation:cbb_cycle->atp[0]	MISSING_SNIPPET	WARN	reference=DOI:10.1186/s40643-023-00705-9 has no snippet
data/traits/metabolism/carbon_fixation.yaml	carbon_fixation_co2_assimilation:cbb_cycle->nadph[0]	MISSING_SNIPPET	WARN	reference=DOI:10.1186/s40643-023-00705-9 has no snippet
data/traits/metabolism/carbon_fixation.yaml	carbon_fixation_co2_assimilation:hp_hb_cycle->nadph[0]	MISSING_SNIPPET	WARN	reference=DOI:10.4014/jmb.2306.06005 has no snippet
data/traits/metabolism/carbon_fixation.yaml	carbon_fixation_co2_assimilation:rtca_cycle->reduced_ferredoxin[0]	MISSING_SNIPPET	WARN	reference=DOI:10.4014/jmb.2306.06005 has no snippet
data/traits/metabolism/carbon_fixation.yaml	carbon_fixation_co2_assimilation:rubisco->carbon_dioxide[0]	MISSING_SNIPPET	WARN	reference=DOI:10.1128/aem.01557-23 has no snippet
data/traits/metabolism/carbon_fixation.yaml	carbon_fixation_co2_assimilation:wood_ljungdahl_pathway->acetyl_coa[0]	MISSING_SNIPPET	WARN	reference=DOI:10.3390/bioengineering10121357 has no snippet
data/traits/metabolism/carbon_fixation.yaml	evidence[0]	MISSING_SNIPPET	WARN	reference=DOI:10.1128/AEM.02473-10 has no snippet
data/traits/metabolism/carbon_fixation.yaml	evidence[1]	MISSING_SNIPPET	WARN	reference=DOI:10.1146/annurev-marine-120709-142712 has no snippet
data/traits/metabolism/cellulolysis.yaml	cellulolysis_cellulase_systems:*	REUSED_SNIPPET	WARN	3 evidence items share one snippet: 'Complete degradation of cellulose to glucose requires concerted action of cellobiohydrolases, endogl'
data/traits/metabolism/cellulolysis.yaml	cellulolysis_cellulase_systems:beta_glucosidase->cellobiose[0]	MISSING_SNIPPET	WARN	reference=DOI:10.1186/s13568-023-01658-0 has no snippet
data/traits/metabolism/cellulolysis.yaml	cellulolysis_cellulase_systems:beta_glucosidase->glucose[0]	MISSING_SNIPPET	WARN	reference=DOI:10.1186/s13568-023-01658-0 has no snippet
data/traits/metabolism/cellulolysis.yaml	cellulolysis_cellulase_systems:ccr->cellulolytic_genes[0]	MISSING_SNIPPET	WARN	reference=DOI:10.1093/jambio/lxac002 has no snippet
data/traits/metabolism/cellulolysis.yaml	cellulolysis_cellulase_systems:cellobiohydrolase->cellobiose[0]	ECHOES_RESEARCH_REPORT	WARN	also appears in this trait's research report, whose evidence text may be paraphrase — verify against DOI:10.1128/aem.01742-24
data/traits/metabolism/cellulolysis.yaml	cellulolysis_cellulase_systems:cellobiohydrolase->cellobiose[0]	ELLIPTICAL_SNIPPET	ERROR	non-contiguous quote: 'GH48, GH6 with CBM2 domains … release glucose and cellobiose from chain ends'
data/traits/metabolism/cellulolysis.yaml	cellulolysis_cellulase_systems:cellobiohydrolase->cellulose[0]	MISSING_SNIPPET	WARN	reference=DOI:10.1093/jambio/lxac002 has no snippet
data/traits/metabolism/cellulolysis.yaml	cellulolysis_cellulase_systems:cellulase->cellulolysis_trait[0]	MISSING_SNIPPET	WARN	reference=DOI:10.1128/MMBR.66.3.506-577.2002 has no snippet
data/traits/metabolism/cellulolysis.yaml	cellulolysis_cellulase_systems:cellulolysis_trait->glucose[0]	MISSING_SNIPPET	WARN	reference=DOI:10.1016/j.cbpa.2015.10.018 has no snippet
data/traits/metabolism/cellulolysis.yaml	cellulolysis_cellulase_systems:cellulosome->scaffoldin[0]	MISSING_SNIPPET	WARN	reference=DOI:10.1093/jambio/lxac002 has no snippet
data/traits/metabolism/cellulolysis.yaml	cellulolysis_cellulase_systems:dockerin_domain->cohesin_domain[0]	MISSING_SNIPPET	WARN	reference=DOI:10.1093/jambio/lxac002 has no snippet
data/traits/metabolism/cellulolysis.yaml	cellulolysis_cellulase_systems:endoglucanase->cellulose[0]	MISSING_SNIPPET	WARN	reference=DOI:10.1093/jambio/lxac002 has no snippet
data/traits/metabolism/cellulolysis.yaml	cellulolysis_cellulase_systems:scaffoldin->cohesin_domain[0]	MISSING_SNIPPET	WARN	reference=DOI:10.3389/fmicb.2023.1288286 has no snippet
data/traits/metabolism/cellulolysis.yaml	evidence[0]	MISSING_SNIPPET	WARN	reference=DOI:10.1128/MMBR.66.3.506-577.2002 has no snippet
data/traits/metabolism/cellulolysis.yaml	evidence[1]	MISSING_SNIPPET	WARN	reference=DOI:10.1016/j.cbpa.2015.10.018 has no snippet
data/traits/metabolism/chitinolysis.yaml	chitinolysis_chitinase:chitinase->chitinolysis_trait[0]	MISSING_SNIPPET	WARN	reference=DOI:10.1080/07388550601168223 has no snippet
data/traits/metabolism/chitinolysis.yaml	chitinolysis_chitinase:chitinase->chitooligosaccharides[0]	MISSING_SNIPPET	WARN	reference=DOI:10.3389/fmicb.2013.00149 has no snippet
data/traits/metabolism/chitinolysis.yaml	chitinolysis_chitinase:chitinase->chitooligosaccharides[1]	MISSING_SNIPPET	WARN	reference=DOI:10.1007/s11356-024-33728-6 has no snippet
data/traits/metabolism/chitinolysis.yaml	chitinolysis_chitinase:chitinolysis_trait->n_acetylglucosamine[0]	MISSING_SNIPPET	WARN	reference=DOI:10.3389/fmicb.2013.00149 has no snippet
data/traits/metabolism/chitinolysis.yaml	chitinolysis_chitinase:exochitinase->diacetylchitobiose[0]	MISSING_SNIPPET	WARN	reference=DOI:10.3389/fmicb.2013.00149 has no snippet
data/traits/metabolism/chitinolysis.yaml	chitinolysis_chitinase:exochitinase->diacetylchitobiose[1]	MISSING_SNIPPET	WARN	reference=DOI:10.3390/toxins16010026 has no snippet
data/traits/metabolism/chitinolysis.yaml	chitinolysis_chitinase:lpmo->chitin[0]	MISSING_SNIPPET	WARN	reference=DOI:10.15407/microbiolj86.04.053 has no snippet
data/traits/metabolism/chitinolysis.yaml	chitinolysis_chitinase:n_acetylglucosaminidase->n_acetylglucosamine[0]	MISSING_SNIPPET	WARN	reference=DOI:10.3390/toxins16010026 has no snippet
data/traits/metabolism/chitinolysis.yaml	evidence[0]	MISSING_SNIPPET	WARN	reference=DOI:10.3389/fmicb.2013.00149 has no snippet
data/traits/metabolism/chitinolysis.yaml	evidence[1]	MISSING_SNIPPET	WARN	reference=DOI:10.1080/07388550601168223 has no snippet
data/traits/metabolism/compartmentalizes.yaml	evidence[0]	UNSUPPORTIVE_SNIPPET	WARN	11 chars, supports nothing specific: 'compartment'
data/traits/metabolism/degrades.yaml	evidence[0]	UNSUPPORTIVE_SNIPPET	WARN	11 chars, supports nothing specific: 'degradation'
data/traits/metabolism/denitrification.yaml	denitrification_stepwise_nitrate_to_n2:denitrification_modularity->transient_intermediate_accumulation[0]	MISSING_SNIPPET	WARN	reference=DOI:10.1038/s41467-024-51688-w has no snippet
data/traits/metabolism/denitrification.yaml	denitrification_stepwise_nitrate_to_n2:denitrification_trait->anaerobic_respiration[0]	MISSING_SNIPPET	WARN	reference=DOI:10.1038/nrmicro.2018.9 has no snippet
data/traits/metabolism/denitrification.yaml	denitrification_stepwise_nitrate_to_n2:narghi->nitrate_reduction_to_nitrite[0]	MISSING_SNIPPET	WARN	reference=DOI:10.1186/s40793-024-00643-9 has no snippet
data/traits/metabolism/denitrification.yaml	denitrification_stepwise_nitrate_to_n2:nirs->nitrite_reduction_to_no[0]	MISSING_SNIPPET	WARN	reference=DOI:10.1093/ismeco/ycae020 has no snippet
data/traits/metabolism/denitrification.yaml	denitrification_stepwise_nitrate_to_n2:nitrate->dinitrogen[0]	MISSING_SNIPPET	WARN	reference=DOI:10.1128/mmbr.61.4.533-616.1997 has no snippet
data/traits/metabolism/denitrification.yaml	denitrification_stepwise_nitrate_to_n2:nor->no_reduction_to_n2o[0]	MISSING_SNIPPET	WARN	reference=DOI:10.3389/fmicb.2023.1218207 has no snippet
data/traits/metabolism/denitrification.yaml	denitrification_stepwise_nitrate_to_n2:nosz->denitrification_trait[0]	MISSING_SNIPPET	WARN	reference=DOI:10.3389/fmicb.2024.1407573 has no snippet
data/traits/metabolism/denitrification.yaml	denitrification_stepwise_nitrate_to_n2:nosz->n2o_reduction_to_n2[0]	MISSING_SNIPPET	WARN	reference=DOI:10.3389/fmicb.2023.1218207 has no snippet
data/traits/metabolism/denitrification.yaml	denitrification_stepwise_nitrate_to_n2:oxygen->denitrification_trait[0]	MISSING_SNIPPET	WARN	reference=DOI:10.1038/s41467-024-51688-w has no snippet
data/traits/metabolism/denitrification.yaml	evidence[0]	MISSING_SNIPPET	WARN	reference=DOI:10.1128/mmbr.61.4.533-616.1997 has no snippet
data/traits/metabolism/denitrification.yaml	evidence[1]	MISSING_SNIPPET	WARN	reference=DOI:10.1038/nrmicro.2018.9 has no snippet
data/traits/metabolism/dicarboxylate_four_hydroxybutyrate_cycle.yaml	dc_four_hb_anaerobic_archaeal_co2_fixation:bicarbonate->pep_carboxylase[0]	MISSING_SNIPPET	WARN	reference=DOI:10.1002/9783527629916 has no snippet
data/traits/metabolism/dicarboxylate_four_hydroxybutyrate_cycle.yaml	dc_four_hb_anaerobic_archaeal_co2_fixation:carbon_dioxide->dc_four_hb_trait[0]	MISSING_SNIPPET	WARN	reference=DOI:10.1128/AEM.02473-10 has no snippet
data/traits/metabolism/dicarboxylate_four_hydroxybutyrate_cycle.yaml	dc_four_hb_anaerobic_archaeal_co2_fixation:carbon_dioxide->pyruvate_synthase[0]	MISSING_SNIPPET	WARN	reference=DOI:10.1002/9783527629916 has no snippet
data/traits/metabolism/dicarboxylate_four_hydroxybutyrate_cycle.yaml	dc_four_hb_anaerobic_archaeal_co2_fixation:crotonyl_coa->acetyl_coa[0]	MISSING_SNIPPET	WARN	reference=DOI:10.1073/pnas.0801043105 has no snippet
data/traits/metabolism/dicarboxylate_four_hydroxybutyrate_cycle.yaml	dc_four_hb_anaerobic_archaeal_co2_fixation:dc_four_hb_trait->carbon_fixation_process[0]	MISSING_SNIPPET	WARN	reference=DOI:10.1126/science.1149976 has no snippet
data/traits/metabolism/dicarboxylate_four_hydroxybutyrate_cycle.yaml	dc_four_hb_anaerobic_archaeal_co2_fixation:four_hydroxybutyryl_coa_dehydratase->crotonyl_coa[0]	MISSING_SNIPPET	WARN	reference=DOI:10.1073/pnas.0801043105 has no snippet
data/traits/metabolism/dicarboxylate_four_hydroxybutyrate_cycle.yaml	dc_four_hb_anaerobic_archaeal_co2_fixation:four_hydroxybutyryl_coa_dehydratase->four_hydroxybutyryl_coa[0]	MISSING_SNIPPET	WARN	reference=DOI:10.1073/pnas.0801043105 has no snippet
data/traits/metabolism/dicarboxylate_four_hydroxybutyrate_cycle.yaml	dc_four_hb_anaerobic_archaeal_co2_fixation:molecular_oxygen->dc_four_hb_trait[0]	MISSING_SNIPPET	WARN	reference=DOI:10.1128/AEM.02473-10 has no snippet
data/traits/metabolism/dicarboxylate_four_hydroxybutyrate_cycle.yaml	dc_four_hb_anaerobic_archaeal_co2_fixation:pep_carboxylase->oxaloacetate[0]	MISSING_SNIPPET	WARN	reference=DOI:10.1002/9783527629916 has no snippet
data/traits/metabolism/dicarboxylate_four_hydroxybutyrate_cycle.yaml	dc_four_hb_anaerobic_archaeal_co2_fixation:pep_carboxylase->phosphoenolpyruvate[0]	MISSING_SNIPPET	WARN	reference=DOI:10.1002/9783527629916 has no snippet
data/traits/metabolism/dicarboxylate_four_hydroxybutyrate_cycle.yaml	dc_four_hb_anaerobic_archaeal_co2_fixation:pyruvate_synthase->acetyl_coa[0]	MISSING_SNIPPET	WARN	reference=DOI:10.1002/9783527629916 has no snippet
data/traits/metabolism/dicarboxylate_four_hydroxybutyrate_cycle.yaml	dc_four_hb_anaerobic_archaeal_co2_fixation:pyruvate_synthase->pyruvate[0]	MISSING_SNIPPET	WARN	reference=DOI:10.1002/9783527629916 has no snippet
data/traits/metabolism/dicarboxylate_four_hydroxybutyrate_cycle.yaml	evidence[0]	MISSING_SNIPPET	WARN	reference=DOI:10.1128/AEM.02473-10 has no snippet
data/traits/metabolism/dicarboxylate_four_hydroxybutyrate_cycle.yaml	evidence[1]	MISSING_SNIPPET	WARN	reference=DOI:10.1126/science.1149976 has no snippet
data/traits/metabolism/disproportionation.yaml	sulfur_disproportionation_redox_split:iron_sulfide_mineral->sulfide[0]	MISSING_SNIPPET	WARN	reference=DOI:10.1128/msystems.00954-22 has no snippet
data/traits/metabolism/disproportionation.yaml	sulfur_disproportionation_redox_split:sor_sulfur_oxygenase_reductase->elemental_sulfur[0]	MISSING_SNIPPET	WARN	reference=DOI:10.1007/978-3-031-54306-7_15 has no snippet
data/traits/metabolism/disproportionation.yaml	sulfur_disproportionation_redox_split:sor_sulfur_oxygenase_reductase->sulfite[0]	MISSING_SNIPPET	WARN	reference=DOI:10.1007/978-3-031-54306-7_15 has no snippet
data/traits/metabolism/disproportionation.yaml	sulfur_disproportionation_redox_split:teth_tetrathionate_hydrolase->tetrathionate[0]	MISSING_SNIPPET	WARN	reference=DOI:10.3389/fmicb.2024.1426584 has no snippet
data/traits/metabolism/disproportionation.yaml	sulfur_disproportionation_redox_split:thiosulfate->inorganic_sulfur_intermediate[0]	ECHOES_RESEARCH_REPORT	WARN	also appears in this trait's research report, whose evidence text may be paraphrase — verify against DOI:10.1080/17415990802105770
data/traits/metabolism/disproportionation.yaml	sulfur_disproportionation_redox_split:thiosulfate->sulfate[0]	MISSING_SNIPPET	WARN	reference=DOI:10.1128/msystems.00954-22 has no snippet
data/traits/metabolism/disproportionation.yaml	sulfur_disproportionation_redox_split:thiosulfate->sulfide[0]	MISSING_SNIPPET	WARN	reference=DOI:10.1128/msystems.00954-22 has no snippet
data/traits/metabolism/disproportionation.yaml	sulfur_disproportionation_redox_split:tsda_thiosulfate_dehydrogenase->tetrathionate[0]	MISSING_SNIPPET	WARN	reference=DOI:10.3389/fmicb.2024.1426584 has no snippet
data/traits/metabolism/disproportionation.yaml	sulfur_disproportionation_redox_split:tsda_thiosulfate_dehydrogenase->thiosulfate[0]	MISSING_SNIPPET	WARN	reference=DOI:10.3389/fmicb.2024.1426584 has no snippet
data/traits/metabolism/dissimilatory_iron_reduction.yaml	dir_ferric_iron_respiration:dir_trait->anaerobic_respiration[0]	MISSING_SNIPPET	WARN	reference=DOI:10.1128/mr.55.2.259-287.1991 has no snippet
data/traits/metabolism/dissimilatory_iron_reduction.yaml	dir_ferric_iron_respiration:dir_trait->ferric_iron[0]	MISSING_SNIPPET	WARN	reference=PMID:7826009 has no snippet
data/traits/metabolism/dissimilatory_iron_reduction.yaml	dir_ferric_iron_respiration:dissolved_fe3_om_complex->solid_fe3_mineral[0]	MISSING_SNIPPET	WARN	reference=DOI:10.1007/s10533-024-01186-4 has no snippet
data/traits/metabolism/dissimilatory_iron_reduction.yaml	dir_ferric_iron_respiration:ferric_iron->ferrous_iron[0]	MISSING_SNIPPET	WARN	reference=DOI:10.1128/mr.55.2.259-287.1991 has no snippet
data/traits/metabolism/dissimilatory_iron_reduction.yaml	dir_ferric_iron_respiration:hydrogen_oxidation->ferric_iron[0]	MISSING_SNIPPET	WARN	reference=DOI:10.1128/mr.55.2.259-287.1991 has no snippet
data/traits/metabolism/dissimilatory_iron_reduction.yaml	dir_ferric_iron_respiration:organic_matter_oxidation->ferric_iron[0]	MISSING_SNIPPET	WARN	reference=DOI:10.1128/mr.55.2.259-287.1991 has no snippet
data/traits/metabolism/dissimilatory_iron_reduction.yaml	evidence[1]	MISSING_SNIPPET	WARN	reference=PMID:7826009 has no snippet
data/traits/metabolism/dissimilatory_manganese_reduction.yaml	dmr_mn_oxide_respiration:anoxia->dmr_trait[0]	MISSING_SNIPPET	WARN	reference=DOI:10.1128/mr.55.2.259-287.1991 has no snippet
data/traits/metabolism/dissimilatory_manganese_reduction.yaml	dmr_mn_oxide_respiration:dmr_trait->mn_iv_oxide[0]	MISSING_SNIPPET	WARN	reference=PMID:7826009 has no snippet
data/traits/metabolism/dissimilatory_manganese_reduction.yaml	dmr_mn_oxide_respiration:hydrogen->dmr_trait[0]	MISSING_SNIPPET	WARN	reference=DOI:10.1128/mr.55.2.259-287.1991 has no snippet
data/traits/metabolism/dissimilatory_manganese_reduction.yaml	dmr_mn_oxide_respiration:methane_oxidation->dmr_trait[0]	MISSING_SNIPPET	WARN	reference=DOI:10.5194/egusphere-2024-1829 has no snippet
data/traits/metabolism/dissimilatory_manganese_reduction.yaml	dmr_mn_oxide_respiration:mn_iv_oxide->mn_ii[0]	MISSING_SNIPPET	WARN	reference=DOI:10.1128/mr.55.2.259-287.1991 has no snippet
data/traits/metabolism/dissimilatory_manganese_reduction.yaml	dmr_mn_oxide_respiration:organic_matter->dmr_trait[0]	MISSING_SNIPPET	WARN	reference=DOI:10.1128/mr.55.2.259-287.1991 has no snippet
data/traits/metabolism/dissimilatory_manganese_reduction.yaml	evidence[0]	MISSING_SNIPPET	WARN	reference=DOI:10.1128/mr.55.2.259-287.1991 has no snippet
data/traits/metabolism/dissimilatory_manganese_reduction.yaml	evidence[1]	MISSING_SNIPPET	WARN	reference=PMID:7826009 has no snippet
data/traits/metabolism/dissimilatory_metal_reduction.yaml	evidence[1]	MISSING_SNIPPET	WARN	reference=PMID:7826009 has no snippet
data/traits/metabolism/dissimilatory_metal_reduction.yaml	metal_reduction_anaerobic_respiration:anaerobic_subsurface_env->fe3_reduction[0]	MISSING_SNIPPET	WARN	reference=DOI:10.1007/s11783-019-1173-9 has no snippet
data/traits/metabolism/dissimilatory_metal_reduction.yaml	metal_reduction_anaerobic_respiration:flavin_shuttle->extracellular_acceptor[0]	MISSING_SNIPPET	WARN	reference=DOI:10.3390/fermentation11070381 has no snippet
data/traits/metabolism/dissimilatory_metal_reduction.yaml	metal_reduction_anaerobic_respiration:insoluble_metal_substrate->metal_reduction_trait[0]	MISSING_SNIPPET	WARN	reference=DOI:10.1128/aem.00044-24 has no snippet
data/traits/metabolism/dissimilatory_metal_reduction.yaml	metal_reduction_anaerobic_respiration:metal_reduction_trait->anaerobic_respiration[0]	MISSING_SNIPPET	WARN	reference=PMID:7826009 has no snippet
data/traits/metabolism/dissimilatory_metal_reduction.yaml	metal_reduction_anaerobic_respiration:metal_reduction_trait->metal_terminal_acceptor[0]	MISSING_SNIPPET	WARN	reference=DOI:10.1128/mr.55.2.259-287.1991 has no snippet
data/traits/metabolism/dissimilatory_metal_reduction.yaml	metal_reduction_anaerobic_respiration:mtrcab_complex->extracellular_acceptor[0]	MISSING_SNIPPET	WARN	reference=DOI:10.1128/aem.00044-24 has no snippet
data/traits/metabolism/dissimilatory_metal_reduction.yaml	metal_reduction_anaerobic_respiration:organic_matter_oxidation->fe3_reduction[0]	MISSING_SNIPPET	WARN	reference=DOI:10.1007/s11783-019-1173-9 has no snippet
data/traits/metabolism/dissimilatory_nitrate_reduction_to_ammonium.yaml	dnra_nitrate_to_ammonium:anaerobic_conditions->dnra_trait[0]	MISSING_SNIPPET	WARN	reference=DOI:10.1128/aem.00292-25 has no snippet
data/traits/metabolism/dissimilatory_nitrate_reduction_to_ammonium.yaml	dnra_nitrate_to_ammonium:donor_acceptor_ratio->dnra_trait[0]	MISSING_SNIPPET	WARN	reference=DOI:10.1007/s11157-025-09719-5 has no snippet
data/traits/metabolism/dissimilatory_nitrate_reduction_to_ammonium.yaml	dnra_nitrate_to_ammonium:fnr->nrf_operon[0]	MISSING_SNIPPET	WARN	reference=DOI:10.1128/aem.00292-25 has no snippet
data/traits/metabolism/dissimilatory_nitrate_reduction_to_ammonium.yaml	dnra_nitrate_to_ammonium:narghi->nitrite[0]	MISSING_SNIPPET	WARN	reference=DOI:10.1128/msystems.00967-23 has no snippet
data/traits/metabolism/dissimilatory_nitrate_reduction_to_ammonium.yaml	dnra_nitrate_to_ammonium:narx_narl->nrf_operon[0]	MISSING_SNIPPET	WARN	reference=DOI:10.1128/aem.00292-25 has no snippet
data/traits/metabolism/dissimilatory_nitrate_reduction_to_ammonium.yaml	dnra_nitrate_to_ammonium:nitrate->ammonium[0]	MISSING_SNIPPET	WARN	reference=DOI:10.1126/science.1254070 has no snippet
data/traits/metabolism/dissimilatory_nitrate_reduction_to_ammonium.yaml	dnra_nitrate_to_ammonium:nitrate->nitrite[0]	MISSING_SNIPPET	WARN	reference=DOI:10.1128/msystems.00967-23 has no snippet
data/traits/metabolism/dissimilatory_nitrate_reduction_to_ammonium.yaml	dnra_nitrate_to_ammonium:nitrite->ammonium[0]	MISSING_SNIPPET	WARN	reference=DOI:10.1128/aem.00292-25 has no snippet
data/traits/metabolism/dissimilatory_nitrate_reduction_to_ammonium.yaml	dnra_nitrate_to_ammonium:nrfa->ammonium[0]	MISSING_SNIPPET	WARN	reference=DOI:10.1128/aem.00292-25 has no snippet
data/traits/metabolism/dissimilatory_nitrate_reduction_to_ammonium.yaml	evidence[0]	MISSING_SNIPPET	WARN	reference=DOI:10.1126/science.1254070 has no snippet
data/traits/metabolism/dissimilatory_nitrate_reduction_to_ammonium.yaml	evidence[1]	MISSING_SNIPPET	WARN	reference=DOI:10.1007/s11157-025-09719-5 has no snippet
data/traits/metabolism/dissimilatory_sulfate_reduction.yaml	evidence[0]	MISSING_SNIPPET	WARN	reference=DOI:10.1038/nrmicro1892 has no snippet
data/traits/metabolism/dissimilatory_sulfate_reduction.yaml	evidence[1]	MISSING_SNIPPET	WARN	reference=DOI:10.3389/fmicb.2011.00081 has no snippet
data/traits/metabolism/dissimilatory_sulfate_reduction.yaml	sulfate_reduction_to_sulfide:aprab_complex->aps[0]	MISSING_SNIPPET	WARN	reference=DOI:10.1038/s41396-023-01477-y has no snippet
data/traits/metabolism/dissimilatory_sulfate_reduction.yaml	sulfate_reduction_to_sulfide:aprab_complex->sulfite[0]	MISSING_SNIPPET	WARN	reference=DOI:10.1038/s41396-023-01477-y has no snippet
data/traits/metabolism/dissimilatory_sulfate_reduction.yaml	sulfate_reduction_to_sulfide:dsrab_dsrc->dsrc_trisulfide[0]	MISSING_SNIPPET	WARN	reference=DOI:10.1038/s41396-023-01477-y has no snippet
data/traits/metabolism/dissimilatory_sulfate_reduction.yaml	sulfate_reduction_to_sulfide:dsrab_dsrc->srm[0]	MISSING_SNIPPET	WARN	reference=DOI:10.1093/femsre/fuad058 has no snippet
data/traits/metabolism/dissimilatory_sulfate_reduction.yaml	sulfate_reduction_to_sulfide:dsrmkjop_complex->dsrc_trisulfide[0]	MISSING_SNIPPET	WARN	reference=DOI:10.1038/s41396-023-01477-y has no snippet
data/traits/metabolism/dissimilatory_sulfate_reduction.yaml	sulfate_reduction_to_sulfide:dsrmkjop_complex->sulfide[0]	MISSING_SNIPPET	WARN	reference=DOI:10.1038/s41396-023-01477-y has no snippet
data/traits/metabolism/dissimilatory_sulfate_reduction.yaml	sulfate_reduction_to_sulfide:sat_enzyme->aps[0]	MISSING_SNIPPET	WARN	reference=DOI:10.3390/antiox12030767 has no snippet
data/traits/metabolism/dissimilatory_sulfate_reduction.yaml	sulfate_reduction_to_sulfide:sulfate->sat_enzyme[0]	MISSING_SNIPPET	WARN	reference=DOI:10.3390/antiox12030767 has no snippet
data/traits/metabolism/dissimilatory_sulfate_reduction.yaml	sulfate_reduction_to_sulfide:sulfate->sulfide[0]	MISSING_SNIPPET	WARN	reference=DOI:10.1038/nrmicro1892 has no snippet
data/traits/metabolism/dissimilatory_sulfate_reduction.yaml	sulfate_reduction_to_sulfide:sulfate_reduction_trait->anaerobic_respiration[0]	MISSING_SNIPPET	WARN	reference=DOI:10.3389/fmicb.2011.00081 has no snippet
data/traits/metabolism/does_not_build_base_from.yaml	evidence[0]	UNSUPPORTIVE_SNIPPET	WARN	8 chars, supports nothing specific: 'alkaline'
data/traits/metabolism/does_not_compartmentalize.yaml	evidence[0]	UNSUPPORTIVE_SNIPPET	WARN	11 chars, supports nothing specific: 'compartment'
data/traits/metabolism/does_not_degrade.yaml	evidence[0]	UNSUPPORTIVE_SNIPPET	WARN	11 chars, supports nothing specific: 'degradation'
data/traits/metabolism/does_not_export.yaml	evidence[0]	UNSUPPORTIVE_SNIPPET	WARN	6 chars, supports nothing specific: 'export'
data/traits/metabolism/does_not_hydrolyze.yaml	evidence[0]	UNSUPPORTIVE_SNIPPET	WARN	10 chars, supports nothing specific: 'hydrolysis'
data/traits/metabolism/does_not_import.yaml	evidence[0]	UNSUPPORTIVE_SNIPPET	WARN	6 chars, supports nothing specific: 'import'
data/traits/metabolism/does_not_oxidize.yaml	evidence[0]	UNSUPPORTIVE_SNIPPET	WARN	9 chars, supports nothing specific: 'oxidation'
data/traits/metabolism/does_not_produce.yaml	evidence[0]	UNSUPPORTIVE_SNIPPET	WARN	10 chars, supports nothing specific: 'production'
data/traits/metabolism/does_not_reduce.yaml	evidence[0]	UNSUPPORTIVE_SNIPPET	WARN	9 chars, supports nothing specific: 'reduction'
data/traits/metabolism/does_not_show_activity_of.yaml	evidence[0]	UNSUPPORTIVE_SNIPPET	WARN	8 chars, supports nothing specific: 'activity'
data/traits/metabolism/does_not_transport.yaml	evidence[0]	UNSUPPORTIVE_SNIPPET	WARN	9 chars, supports nothing specific: 'transport'
data/traits/metabolism/does_not_use_for_anaerobic_growth_in_the_dark.yaml	evidence[0]	UNSUPPORTIVE_SNIPPET	WARN	9 chars, supports nothing specific: 'anaerobic'
data/traits/metabolism/does_not_use_for_growth.yaml	evidence[0]	UNSUPPORTIVE_SNIPPET	WARN	6 chars, supports nothing specific: 'growth'
data/traits/metabolism/does_not_use_for_respiration.yaml	evidence[0]	UNSUPPORTIVE_SNIPPET	WARN	11 chars, supports nothing specific: 'respiration'
data/traits/metabolism/electron_transfer.yaml	electron_transfer_redox_carriers:complex_i->proton_motive_force[0]	MISSING_SNIPPET	WARN	reference=DOI:10.3390/ijms252413421 has no snippet
data/traits/metabolism/electron_transfer.yaml	electron_transfer_redox_carriers:complex_i->ubiquinone[0]	MISSING_SNIPPET	WARN	reference=DOI:10.3390/ijms252413421 has no snippet
data/traits/metabolism/electron_transfer.yaml	electron_transfer_redox_carriers:cytochrome_bc1->cytochrome_c[0]	MISSING_SNIPPET	WARN	reference=DOI:10.1073/pnas.2307093120 has no snippet
data/traits/metabolism/electron_transfer.yaml	electron_transfer_redox_carriers:cytochrome_c->terminal_oxidase[0]	MISSING_SNIPPET	WARN	reference=DOI:10.1073/pnas.2307093120 has no snippet
data/traits/metabolism/electron_transfer.yaml	electron_transfer_redox_carriers:redox_protein->electron_donor[0]	ELLIPTICAL_SNIPPET	ERROR	non-contiguous quote: 'molecular mechanisms ... exchange electrons'
data/traits/metabolism/electron_transfer.yaml	electron_transfer_redox_carriers:terminal_oxidase->oxygen[0]	MISSING_SNIPPET	WARN	reference=DOI:10.1073/pnas.2307093120 has no snippet
data/traits/metabolism/electron_transfer.yaml	electron_transfer_redox_carriers:ubiquinol->cytochrome_bc1[0]	MISSING_SNIPPET	WARN	reference=DOI:10.1073/pnas.2307093120 has no snippet
data/traits/metabolism/ethanol_fermentation.yaml	ethanol_fermentation_pyruvate_to_ethanol:acetaldehyde->alcohol_dehydrogenase[0]	MISSING_SNIPPET	WARN	reference=DOI:10.5376/be.2024.14.0025 has no snippet
data/traits/metabolism/ethanol_fermentation.yaml	ethanol_fermentation_pyruvate_to_ethanol:alcohol_dehydrogenase->ethanol[0]	MISSING_SNIPPET	WARN	reference=DOI:10.5376/be.2024.14.0025 has no snippet
data/traits/metabolism/ethanol_fermentation.yaml	ethanol_fermentation_pyruvate_to_ethanol:alcohol_dehydrogenase->nad_plus[0]	MISSING_SNIPPET	WARN	reference=DOI:10.5376/be.2024.14.0025 has no snippet
data/traits/metabolism/ethanol_fermentation.yaml	ethanol_fermentation_pyruvate_to_ethanol:alcohol_dehydrogenase->nadh[0]	MISSING_SNIPPET	WARN	reference=DOI:10.5376/be.2024.14.0025 has no snippet
data/traits/metabolism/ethanol_fermentation.yaml	ethanol_fermentation_pyruvate_to_ethanol:ethanol_fermentation_trait->ethanol[0]	MISSING_SNIPPET	WARN	reference=DOI:10.3390/molecules31020333 has no snippet
data/traits/metabolism/ethanol_fermentation.yaml	ethanol_fermentation_pyruvate_to_ethanol:ethanol_fermentation_trait->fermentation_process[0]	MISSING_SNIPPET	WARN	reference=DOI:10.3389/fmicb.2021.703525 has no snippet
data/traits/metabolism/ethanol_fermentation.yaml	ethanol_fermentation_pyruvate_to_ethanol:pyruvate->pyruvate_decarboxylase[0]	MISSING_SNIPPET	WARN	reference=DOI:10.5376/be.2024.14.0025 has no snippet
data/traits/metabolism/ethanol_fermentation.yaml	ethanol_fermentation_pyruvate_to_ethanol:pyruvate_decarboxylase->acetaldehyde[0]	MISSING_SNIPPET	WARN	reference=DOI:10.5376/be.2024.14.0025 has no snippet
data/traits/metabolism/ethanol_fermentation.yaml	ethanol_fermentation_pyruvate_to_ethanol:pyruvate_decarboxylase->carbon_dioxide[0]	MISSING_SNIPPET	WARN	reference=DOI:10.5376/be.2024.14.0025 has no snippet
data/traits/metabolism/ethanol_fermentation.yaml	evidence[0]	MISSING_SNIPPET	WARN	reference=DOI:10.3390/molecules31020333 has no snippet
data/traits/metabolism/ethanol_fermentation.yaml	evidence[1]	MISSING_SNIPPET	WARN	reference=DOI:10.3389/fmicb.2021.703525 has no snippet
data/traits/metabolism/exports.yaml	evidence[0]	UNSUPPORTIVE_SNIPPET	WARN	6 chars, supports nothing specific: 'export'
data/traits/metabolism/fermentation.yaml	fermentation_redox_energy:atp_synthase->atp[0]	MISSING_SNIPPET	WARN	reference=DOI:10.1093/femsre/fuae016 has no snippet
data/traits/metabolism/fermentation.yaml	fermentation_redox_energy:fermentation_trait->external_inorganic_acceptor[0]	MISSING_SNIPPET	WARN	reference=DOI:10.1093/femsre/fuae016 has no snippet
data/traits/metabolism/fermentation.yaml	fermentation_redox_energy:flavin_based_electron_bifurcation->reduced_ferredoxin[0]	MISSING_SNIPPET	WARN	reference=DOI:10.1038/s41467-023-41212-x has no snippet
data/traits/metabolism/fermentation.yaml	fermentation_redox_energy:fnor->nad_plus[0]	MISSING_SNIPPET	WARN	reference=DOI:10.1093/femsre/fuae016 has no snippet
data/traits/metabolism/fermentation.yaml	fermentation_redox_energy:glycolysis_emp->pyruvate[0]	MISSING_SNIPPET	WARN	reference=DOI:10.1093/femsre/fuae016 has no snippet
data/traits/metabolism/fermentation.yaml	fermentation_redox_energy:ion_motive_force->atp_synthase[0]	MISSING_SNIPPET	WARN	reference=DOI:10.1093/femsre/fuae016 has no snippet
data/traits/metabolism/fermentation.yaml	fermentation_redox_energy:pfor->reduced_ferredoxin[0]	MISSING_SNIPPET	WARN	reference=DOI:10.1093/femsre/fuae016 has no snippet
data/traits/metabolism/fermentative_hydrogen_production.yaml	evidence[0]	MISSING_SNIPPET	WARN	reference=DOI:10.3389/fmicb.2021.703525 has no snippet
data/traits/metabolism/fermentative_hydrogen_production.yaml	evidence[1]	MISSING_SNIPPET	WARN	reference=DOI:10.1016/S0360-3199(02)00131-3 has no snippet
data/traits/metabolism/fermentative_hydrogen_production.yaml	fermentative_h2_production:environmental_ph->fermentative_h2_trait[0]	MISSING_SNIPPET	WARN	reference=DOI:10.3390/en16083321 has no snippet
data/traits/metabolism/fermentative_hydrogen_production.yaml	fermentative_h2_production:fefe_hydrogenase->molecular_hydrogen[0]	MISSING_SNIPPET	WARN	reference=DOI:10.3390/en16083321 has no snippet
data/traits/metabolism/fermentative_hydrogen_production.yaml	fermentative_h2_production:fermentative_h2_trait->fermentation_process[0]	MISSING_SNIPPET	WARN	reference=DOI:10.3389/fmicb.2021.703525 has no snippet
data/traits/metabolism/fermentative_hydrogen_production.yaml	fermentative_h2_production:fermentative_h2_trait->molecular_hydrogen[0]	MISSING_SNIPPET	WARN	reference=DOI:10.1016/S0360-3199(02)00131-3 has no snippet
data/traits/metabolism/fermentative_hydrogen_production.yaml	fermentative_h2_production:high_h2_partial_pressure->fermentative_h2_trait[0]	MISSING_SNIPPET	WARN	reference=DOI:10.1128/aem.00634-23 has no snippet
data/traits/metabolism/fermentative_hydrogen_production.yaml	fermentative_h2_production:low_h2_partial_pressure->fermentative_h2_trait[0]	MISSING_SNIPPET	WARN	reference=DOI:10.1128/aem.00634-23 has no snippet
data/traits/metabolism/homoacetogenesis.yaml	homoacetogenesis_wood_ljungdahl_acetate:acetate_kinase->atp[0]	MISSING_SNIPPET	WARN	reference=DOI:10.1039/d4cb00099d has no snippet
data/traits/metabolism/homoacetogenesis.yaml	homoacetogenesis_wood_ljungdahl_acetate:acetate_kinase->substrate_level_phosphorylation[0]	MISSING_SNIPPET	WARN	reference=DOI:10.1039/d4cb00099d has no snippet
data/traits/metabolism/homoacetogenesis.yaml	homoacetogenesis_wood_ljungdahl_acetate:acs_codh_complex->acetyl_coa[0]	MISSING_SNIPPET	WARN	reference=DOI:10.1186/s13068-024-02554-w has no snippet
data/traits/metabolism/homoacetogenesis.yaml	homoacetogenesis_wood_ljungdahl_acetate:atp_synthase->atp[0]	MISSING_SNIPPET	WARN	reference=DOI:10.3389/fmicb.2023.1185739 has no snippet
data/traits/metabolism/homoacetogenesis.yaml	homoacetogenesis_wood_ljungdahl_acetate:carbon_dioxide->formate[0]	MISSING_SNIPPET	WARN	reference=DOI:10.1039/d4cb00099d has no snippet
data/traits/metabolism/homoacetogenesis.yaml	homoacetogenesis_wood_ljungdahl_acetate:energy_conservation_module->transmembrane_ion_gradient[0]	MISSING_SNIPPET	WARN	reference=DOI:10.1039/d4cb00099d has no snippet
data/traits/metabolism/homoacetogenesis.yaml	homoacetogenesis_wood_ljungdahl_acetate:energy_conservation_module->transmembrane_ion_gradient[1]	MISSING_SNIPPET	WARN	reference=DOI:10.3389/fmicb.2023.1185739 has no snippet
data/traits/metabolism/homoacetogenesis.yaml	homoacetogenesis_wood_ljungdahl_acetate:formate->formyl_thf[0]	MISSING_SNIPPET	WARN	reference=DOI:10.1039/d4cb00099d has no snippet
data/traits/metabolism/homoacetogenesis.yaml	homoacetogenesis_wood_ljungdahl_acetate:formate_dehydrogenase->formate[0]	MISSING_SNIPPET	WARN	reference=DOI:10.1039/d4cb00099d has no snippet
data/traits/metabolism/homoacetogenesis.yaml	homoacetogenesis_wood_ljungdahl_acetate:formyl_thf_synthetase->formyl_thf[0]	MISSING_SNIPPET	WARN	reference=DOI:10.1039/d4cb00099d has no snippet
data/traits/metabolism/homoacetogenesis.yaml	homoacetogenesis_wood_ljungdahl_acetate:methyl_branch->carbonyl_branch[0]	MISSING_SNIPPET	WARN	reference=DOI:10.1186/s13068-024-02554-w has no snippet
data/traits/metabolism/homoacetogenesis.yaml	homoacetogenesis_wood_ljungdahl_acetate:transmembrane_ion_gradient->atp_synthase[0]	MISSING_SNIPPET	WARN	reference=DOI:10.3389/fmicb.2023.1185739 has no snippet
data/traits/metabolism/hydrolyzes.yaml	evidence[0]	UNSUPPORTIVE_SNIPPET	WARN	10 chars, supports nothing specific: 'hydrolysis'
data/traits/metabolism/imports.yaml	evidence[0]	UNSUPPORTIVE_SNIPPET	WARN	6 chars, supports nothing specific: 'import'
data/traits/metabolism/iron_oxidation.yaml	evidence[0]	MISSING_SNIPPET	WARN	reference=DOI:10.1146/annurev.micro.112408.134208 has no snippet
data/traits/metabolism/iron_oxidation.yaml	evidence[1]	MISSING_SNIPPET	WARN	reference=DOI:10.1099/mic.0.045344-0 has no snippet
data/traits/metabolism/iron_oxidation.yaml	iron_oxidation_ferrous_to_ferric:bd_oxidase->low_oxygen_organic_rich[0]	MISSING_SNIPPET	WARN	reference=DOI:10.1128/mSystems.00038-23 has no snippet
data/traits/metabolism/iron_oxidation.yaml	iron_oxidation_ferrous_to_ferric:cbb3_oxidase->microaerobic_conditions[0]	MISSING_SNIPPET	WARN	reference=DOI:10.1128/AEM.00599-24 has no snippet
data/traits/metabolism/iron_oxidation.yaml	iron_oxidation_ferrous_to_ferric:cyc2->ferrous_iron[0]	MISSING_SNIPPET	WARN	reference=DOI:10.1128/mSystems.00720-23 has no snippet
data/traits/metabolism/iron_oxidation.yaml	iron_oxidation_ferrous_to_ferric:iron_oxidation_trait->ferric_iron[0]	MISSING_SNIPPET	WARN	reference=DOI:10.1099/mic.0.045344-0 has no snippet
data/traits/metabolism/iron_oxidation.yaml	iron_oxidation_ferrous_to_ferric:iron_oxidation_trait->ferrous_iron[0]	MISSING_SNIPPET	WARN	reference=DOI:10.1146/annurev.micro.112408.134208 has no snippet
data/traits/metabolism/iron_oxidation.yaml	iron_oxidation_ferrous_to_ferric:multiheme_cytochromes->extracellular_electron_transfer[0]	MISSING_SNIPPET	WARN	reference=DOI:10.1128/mSystems.00038-23 has no snippet
data/traits/metabolism/iron_oxidation.yaml	iron_oxidation_ferrous_to_ferric:nitrite_no->enzymatic_iron_oxidation[0]	MISSING_SNIPPET	WARN	reference=DOI:10.1128/mSystems.00038-23 has no snippet
data/traits/metabolism/is_not_required_for_growth.yaml	evidence[0]	UNSUPPORTIVE_SNIPPET	WARN	6 chars, supports nothing specific: 'growth'
data/traits/metabolism/lactic_acid_fermentation.yaml	evidence[0]	MISSING_SNIPPET	WARN	reference=DOI:10.3389/fmicb.2021.703525 has no snippet
data/traits/metabolism/lactic_acid_fermentation.yaml	evidence[1]	MISSING_SNIPPET	WARN	reference=DOI:10.3390/molecules31020333 has no snippet
data/traits/metabolism/lactic_acid_fermentation.yaml	lactic_acid_fermentation_lactate:decreased_ph->pathogenic_microbe[0]	MISSING_SNIPPET	WARN	reference=DOI:10.3390/fermentation10030168 has no snippet
data/traits/metabolism/lactic_acid_fermentation.yaml	lactic_acid_fermentation_lactate:glucose->glycolysis_emp[0]	MISSING_SNIPPET	WARN	reference=DOI:10.3390/fermentation10030168 has no snippet
data/traits/metabolism/lactic_acid_fermentation.yaml	lactic_acid_fermentation_lactate:glycolysis_emp->pyruvate[0]	MISSING_SNIPPET	WARN	reference=DOI:10.3390/foods12152850 has no snippet
data/traits/metabolism/lactic_acid_fermentation.yaml	lactic_acid_fermentation_lactate:lactate->decreased_ph[0]	MISSING_SNIPPET	WARN	reference=DOI:10.3390/fermentation10030168 has no snippet
data/traits/metabolism/lactic_acid_fermentation.yaml	lactic_acid_fermentation_lactate:lactate_dehydrogenase->lactate[0]	MISSING_SNIPPET	WARN	reference=DOI:10.3390/foods12152850 has no snippet
data/traits/metabolism/lactic_acid_fermentation.yaml	lactic_acid_fermentation_lactate:lactic_acid_fermentation_trait->fermentation_process[0]	MISSING_SNIPPET	WARN	reference=DOI:10.3389/fmicb.2021.703525 has no snippet
data/traits/metabolism/lactic_acid_fermentation.yaml	lactic_acid_fermentation_lactate:lactic_acid_fermentation_trait->lactate[0]	MISSING_SNIPPET	WARN	reference=DOI:10.3390/molecules31020333 has no snippet
data/traits/metabolism/lactic_acid_fermentation.yaml	lactic_acid_fermentation_lactate:phosphoketolase_pathway->carbon_dioxide[0]	MISSING_SNIPPET	WARN	reference=DOI:10.3390/fermentation10030168 has no snippet
data/traits/metabolism/lactic_acid_fermentation.yaml	lactic_acid_fermentation_lactate:phosphoketolase_pathway->ethanol[0]	MISSING_SNIPPET	WARN	reference=DOI:10.3390/fermentation10030168 has no snippet
data/traits/metabolism/lactic_acid_fermentation.yaml	lactic_acid_fermentation_lactate:phosphoketolase_pathway->lactate[0]	MISSING_SNIPPET	WARN	reference=DOI:10.3390/fermentation10030168 has no snippet
data/traits/metabolism/lactic_acid_fermentation.yaml	lactic_acid_fermentation_lactate:pyruvate->lactate_dehydrogenase[0]	MISSING_SNIPPET	WARN	reference=DOI:10.3390/foods12152850 has no snippet
data/traits/metabolism/lignin_degradation.yaml	evidence[0]	MISSING_SNIPPET	WARN	reference=DOI:10.1039/c1np00042j has no snippet
data/traits/metabolism/lignin_degradation.yaml	evidence[1]	MISSING_SNIPPET	WARN	reference=DOI:10.1016/j.cbpa.2015.10.018 has no snippet
data/traits/metabolism/lignin_degradation.yaml	lignin_degradation_peroxidase_laccase:dyp_peroxidase->lignin_depolymerization[0]	MISSING_SNIPPET	WARN	reference=DOI:10.1186/s13068-024-02470-z has no snippet
data/traits/metabolism/lignin_degradation.yaml	lignin_degradation_peroxidase_laccase:laccase->lignin_depolymerization[0]	MISSING_SNIPPET	WARN	reference=DOI:10.1186/s13068-024-02470-z has no snippet
data/traits/metabolism/lignin_degradation.yaml	lignin_degradation_peroxidase_laccase:laccase->small_molecule_mediators[0]	MISSING_SNIPPET	WARN	reference=DOI:10.1039/d3cc05298b has no snippet
data/traits/metabolism/lignin_degradation.yaml	lignin_degradation_peroxidase_laccase:lignin_degradation_trait->aromatic_monomers[0]	MISSING_SNIPPET	WARN	reference=DOI:10.1016/j.cbpa.2015.10.018 has no snippet
data/traits/metabolism/lignin_degradation.yaml	lignin_degradation_peroxidase_laccase:lignin_peroxidase->ca_cb_bond[0]	MISSING_SNIPPET	WARN	reference=DOI:10.1186/s13068-023-02447-4 has no snippet
data/traits/metabolism/lignin_degradation.yaml	lignin_degradation_peroxidase_laccase:manganese_peroxidase->beta_o4_bond[0]	MISSING_SNIPPET	WARN	reference=DOI:10.1186/s13068-024-02583-5 has no snippet
data/traits/metabolism/lignin_degradation.yaml	lignin_degradation_peroxidase_laccase:manganese_peroxidase->mn2_ion[0]	MISSING_SNIPPET	WARN	reference=DOI:10.3390/polym16172388 has no snippet
data/traits/metabolism/lignin_degradation.yaml	lignin_degradation_peroxidase_laccase:mn3_oxidant->lignin_depolymerization[0]	MISSING_SNIPPET	WARN	reference=DOI:10.1039/d3cc05298b has no snippet
data/traits/metabolism/lignin_degradation.yaml	lignin_degradation_peroxidase_laccase:oxidative_enzymes->lignin_degradation_trait[0]	MISSING_SNIPPET	WARN	reference=DOI:10.1039/c1np00042j has no snippet
data/traits/metabolism/manganese_oxidation.yaml	evidence[0]	MISSING_SNIPPET	WARN	reference=DOI:10.1016/j.tim.2005.07.009 has no snippet
data/traits/metabolism/manganese_oxidation.yaml	evidence[1]	MISSING_SNIPPET	WARN	reference=DOI:10.1146/annurev.earth.32.101802.120213 has no snippet
data/traits/metabolism/manganese_oxidation.yaml	manganese_oxidation_multicopper_oxidase:manganese_oxidation_trait->mn_iii_oh_mn_iii_intermediate[0]	MISSING_SNIPPET	WARN	reference=DOI:10.1021/jacs.3c06537 has no snippet
data/traits/metabolism/manganese_oxidation.yaml	manganese_oxidation_multicopper_oxidase:manganese_oxidation_trait->mn_oxides[0]	MISSING_SNIPPET	WARN	reference=DOI:10.1146/annurev.earth.32.101802.120213 has no snippet
data/traits/metabolism/manganese_oxidation.yaml	manganese_oxidation_multicopper_oxidase:manganese_oxidation_trait->molecular_oxygen[0]	MISSING_SNIPPET	WARN	reference=DOI:10.1021/jacs.3c06537 has no snippet
data/traits/metabolism/manganese_oxidation.yaml	manganese_oxidation_multicopper_oxidase:mn_iii_oh_mn_iii_intermediate->mn_iv_o_mn_iv_intermediate[0]	MISSING_SNIPPET	WARN	reference=DOI:10.1021/jacs.3c06537 has no snippet
data/traits/metabolism/manganese_oxidation.yaml	manganese_oxidation_multicopper_oxidase:mn_iv_o_mn_iv_intermediate->mno2_nanoparticles[0]	MISSING_SNIPPET	WARN	reference=DOI:10.1021/jacs.3c06537 has no snippet
data/traits/metabolism/manganese_oxidation.yaml	manganese_oxidation_multicopper_oxidase:mno2_nanoparticles->mn_oxides[0]	MISSING_SNIPPET	WARN	reference=DOI:10.1021/jacs.3c06537 has no snippet
data/traits/metabolism/manganese_oxidation.yaml	manganese_oxidation_multicopper_oxidase:multicopper_oxidase->manganese_oxidation_trait[0]	MISSING_SNIPPET	WARN	reference=DOI:10.1016/j.tim.2005.07.009 has no snippet
data/traits/metabolism/metabolism.yaml	metabolism_substrate_to_growth:*	REUSED_SNIPPET	WARN	3 evidence items share one snippet: 'energy and microbial life'
data/traits/metabolism/metabolism.yaml	metabolism_substrate_to_growth:atp_synthase->atp_production[0]	MISSING_SNIPPET	WARN	reference=DOI:10.1016/j.heliyon.2023.e22459 has no snippet
data/traits/metabolism/metabolism.yaml	metabolism_substrate_to_growth:atp_synthase->proton_motive_force[0]	MISSING_SNIPPET	WARN	reference=DOI:10.1016/j.heliyon.2023.e22459 has no snippet
data/traits/metabolism/metabolism.yaml	metabolism_substrate_to_growth:respiration_energy_cost->carbon_use_efficiency[0]	MISSING_SNIPPET	WARN	reference=DOI:10.1038/s41467-024-52160-5 has no snippet
data/traits/metabolism/metabolism.yaml	metabolism_substrate_to_growth:respiratory_electron_transport->proton_motive_force[0]	MISSING_SNIPPET	WARN	reference=DOI:10.1016/j.heliyon.2023.e22459 has no snippet
data/traits/metabolism/metabolism.yaml	metabolism_substrate_to_growth:substrate_complexity->metabolic_energy_cost[0]	MISSING_SNIPPET	WARN	reference=DOI:10.1038/s41467-024-52160-5 has no snippet
data/traits/metabolism/methanogenesis.yaml	methanogenesis_c1_reduction:acetate->acetoclastic_methanogenesis[0]	MISSING_SNIPPET	WARN	reference=DOI:10.1007/s00253-023-12700-3 has no snippet
data/traits/metabolism/methanogenesis.yaml	methanogenesis_c1_reduction:coenzyme_b->methane[0]	MISSING_SNIPPET	WARN	reference=DOI:10.1128/mmbr.00024-22 has no snippet
data/traits/metabolism/methanogenesis.yaml	methanogenesis_c1_reduction:coenzyme_f420->carbon_dioxide[0]	MISSING_SNIPPET	WARN	reference=DOI:10.3389/fmicb.2023.1296008 has no snippet
data/traits/metabolism/methanogenesis.yaml	methanogenesis_c1_reduction:coenzyme_m->methanogenesis_trait[0]	MISSING_SNIPPET	WARN	reference=DOI:10.1128/mmbr.00024-22 has no snippet
data/traits/metabolism/methanogenesis.yaml	methanogenesis_c1_reduction:mcr_gene_cluster->methyl_coenzyme_m_reductase[0]	MISSING_SNIPPET	WARN	reference=DOI:10.1128/mmbr.00024-22 has no snippet
data/traits/metabolism/methanogenesis.yaml	methanogenesis_c1_reduction:methylated_compounds->methyl_based_methanogenesis[0]	MISSING_SNIPPET	WARN	reference=DOI:10.1007/s00253-023-12700-3 has no snippet
data/traits/metabolism/mixed_acid_fermentation.yaml	evidence[0]	MISSING_SNIPPET	WARN	reference=DOI:10.3389/fmicb.2021.703525 has no snippet
data/traits/metabolism/mixed_acid_fermentation.yaml	evidence[1]	MISSING_SNIPPET	WARN	reference=DOI:10.3390/molecules31020333 has no snippet
data/traits/metabolism/mixed_acid_fermentation.yaml	mixed_acid_fermentation_enterobacterial:acidic_conditions->fhl_complex[0]	MISSING_SNIPPET	WARN	reference=DOI:10.35812/cellulosechemtechnol.2024.58.90 has no snippet
data/traits/metabolism/mixed_acid_fermentation.yaml	mixed_acid_fermentation_enterobacterial:fhl_complex->co2[0]	MISSING_SNIPPET	WARN	reference=DOI:10.1128/aem.01472-24 has no snippet
data/traits/metabolism/mixed_acid_fermentation.yaml	mixed_acid_fermentation_enterobacterial:fhl_complex->hydrogen[0]	MISSING_SNIPPET	WARN	reference=DOI:10.1128/aem.01472-24 has no snippet
data/traits/metabolism/mixed_acid_fermentation.yaml	mixed_acid_fermentation_enterobacterial:formate->fhl_complex[0]	MISSING_SNIPPET	WARN	reference=DOI:10.1128/aem.01472-24 has no snippet
data/traits/metabolism/mixed_acid_fermentation.yaml	mixed_acid_fermentation_enterobacterial:mixed_acid_fermentation_trait->cytoplasm_ph[0]	MISSING_SNIPPET	WARN	reference=DOI:10.1128/iai.00176-23 has no snippet
data/traits/metabolism/mixed_acid_fermentation.yaml	mixed_acid_fermentation_enterobacterial:mixed_acid_fermentation_trait->fermentation_process[0]	MISSING_SNIPPET	WARN	reference=DOI:10.3389/fmicb.2021.703525 has no snippet
data/traits/metabolism/mixed_acid_fermentation.yaml	mixed_acid_fermentation_enterobacterial:mixed_acid_fermentation_trait->mixed_acid_products[0]	MISSING_SNIPPET	WARN	reference=DOI:10.3390/molecules31020333 has no snippet
data/traits/metabolism/mixed_acid_fermentation.yaml	mixed_acid_fermentation_enterobacterial:mixed_acid_fermentation_trait->pyruvate[0]	MISSING_SNIPPET	WARN	reference=DOI:10.35812/cellulosechemtechnol.2024.58.90 has no snippet
data/traits/metabolism/mixed_acid_fermentation.yaml	mixed_acid_fermentation_enterobacterial:molecular_oxygen->hydrogen[0]	MISSING_SNIPPET	WARN	reference=DOI:10.35812/cellulosechemtechnol.2024.58.90 has no snippet
data/traits/metabolism/mixed_acid_fermentation.yaml	mixed_acid_fermentation_enterobacterial:pta_acka->acetate[0]	MISSING_SNIPPET	WARN	reference=DOI:10.1128/iai.00176-23 has no snippet
data/traits/metabolism/mixed_acid_fermentation.yaml	mixed_acid_fermentation_enterobacterial:pyruvate_formate_lyase->acetyl_coa[0]	MISSING_SNIPPET	WARN	reference=DOI:10.3389/fmicb.2021.703525 has no snippet
data/traits/metabolism/mixed_acid_fermentation.yaml	mixed_acid_fermentation_enterobacterial:pyruvate_formate_lyase->formate[0]	MISSING_SNIPPET	WARN	reference=DOI:10.1128/iai.00176-23 has no snippet
data/traits/metabolism/mixed_acid_fermentation.yaml	mixed_acid_fermentation_enterobacterial:pyruvate_formate_lyase->pyruvate[0]	MISSING_SNIPPET	WARN	reference=DOI:10.1128/iai.00176-23 has no snippet
data/traits/metabolism/nitrogen_fixation.yaml	evidence[0]	MISSING_SNIPPET	WARN	reference=DOI:10.1038/nrmicro.2018.9 has no snippet
data/traits/metabolism/nitrogen_fixation.yaml	evidence[1]	MISSING_SNIPPET	WARN	reference=DOI:10.1038/nrmicro954 has no snippet
data/traits/metabolism/nitrogen_fixation.yaml	nitrogen_fixation_nitrogenase:femo_cofactor->nitrogen_fixation_process[0]	MISSING_SNIPPET	WARN	reference=DOI:10.34133/bdr.0005 has no snippet
data/traits/metabolism/nitrogen_fixation.yaml	nitrogen_fixation_nitrogenase:ferredoxin_flavodoxin->nifh_fe_protein[0]	MISSING_SNIPPET	WARN	reference=DOI:10.1128/aem.00378-23 has no snippet
data/traits/metabolism/nitrogen_fixation.yaml	nitrogen_fixation_nitrogenase:nifh_fe_protein->atp[0]	MISSING_SNIPPET	WARN	reference=DOI:10.34133/bdr.0005 has no snippet
data/traits/metabolism/nitrogen_fixation.yaml	nitrogen_fixation_nitrogenase:nifh_fe_protein->p_cluster[0]	MISSING_SNIPPET	WARN	reference=DOI:10.1128/aem.00378-23 has no snippet
data/traits/metabolism/nitrogen_fixation.yaml	nitrogen_fixation_nitrogenase:nitrogen_fixation_process->ammonia[0]	MISSING_SNIPPET	WARN	reference=DOI:10.1038/nrmicro954 has no snippet
data/traits/metabolism/nitrogen_fixation.yaml	nitrogen_fixation_nitrogenase:nitrogen_fixation_process->dinitrogen[0]	MISSING_SNIPPET	WARN	reference=DOI:10.1038/nrmicro.2018.9 has no snippet
data/traits/metabolism/nitrogen_fixation.yaml	nitrogen_fixation_nitrogenase:nitrogen_fixation_trait->nitrogenase[0]	MISSING_SNIPPET	WARN	reference=DOI:10.1038/nrmicro954 has no snippet
data/traits/metabolism/nitrogen_fixation.yaml	nitrogen_fixation_nitrogenase:nitrogenase->nitrogen_fixation_process[0]	MISSING_SNIPPET	WARN	reference=DOI:10.1038/nrmicro954 has no snippet
data/traits/metabolism/nitrogen_fixation.yaml	nitrogen_fixation_nitrogenase:oxygen->nitrogenase[0]	MISSING_SNIPPET	WARN	reference=DOI:10.1128/aem.00378-23 has no snippet
data/traits/metabolism/nitrogen_fixation.yaml	nitrogen_fixation_nitrogenase:p_cluster->femo_cofactor[0]	MISSING_SNIPPET	WARN	reference=DOI:10.1128/aem.00378-23 has no snippet
data/traits/metabolism/organism_interacts_with_chemical.yaml	evidence[0]	UNSUPPORTIVE_SNIPPET	WARN	11 chars, supports nothing specific: 'interaction'
data/traits/metabolism/oxidative_phosphorylation.yaml	oxidative_phosphorylation_chemiosmotic_coupling:complex_i->proton[0]	MISSING_SNIPPET	WARN	reference=DOI:10.3390/ijms252413421 has no snippet
data/traits/metabolism/oxidative_phosphorylation.yaml	oxidative_phosphorylation_chemiosmotic_coupling:complex_i->quinone_pool[0]	MISSING_SNIPPET	WARN	reference=DOI:10.3390/ijms252413421 has no snippet
data/traits/metabolism/oxidative_phosphorylation.yaml	oxidative_phosphorylation_chemiosmotic_coupling:heme_copper_oxidase->proton[0]	MISSING_SNIPPET	WARN	reference=DOI:10.3390/ijms25021277 has no snippet
data/traits/metabolism/oxidative_phosphorylation.yaml	oxidative_phosphorylation_chemiosmotic_coupling:nadh->complex_i[0]	MISSING_SNIPPET	WARN	reference=DOI:10.3390/ijms252413421 has no snippet
data/traits/metabolism/oxidative_phosphorylation.yaml	oxidative_phosphorylation_chemiosmotic_coupling:proton_translocation->proton_motive_force[0]	MISSING_SNIPPET	WARN	reference=DOI:10.3390/ijms252413421 has no snippet
data/traits/metabolism/oxidative_phosphorylation.yaml	oxidative_phosphorylation_chemiosmotic_coupling:succinate->succinate_dehydrogenase[0]	MISSING_SNIPPET	WARN	reference=DOI:10.1007/s10863-024-10041-y has no snippet
data/traits/metabolism/oxidative_phosphorylation.yaml	oxidative_phosphorylation_chemiosmotic_coupling:terminal_oxidase->oxygen[0]	MISSING_SNIPPET	WARN	reference=DOI:10.3390/ijms25021277 has no snippet
data/traits/metabolism/oxidizes.yaml	evidence[0]	UNSUPPORTIVE_SNIPPET	WARN	9 chars, supports nothing specific: 'oxidation'
data/traits/metabolism/oxygenic_photosynthesis.yaml	evidence[0]	MISSING_SNIPPET	WARN	reference=DOI:10.1016/j.tim.2006.09.001 has no snippet
data/traits/metabolism/oxygenic_photosynthesis.yaml	evidence[1]	MISSING_SNIPPET	WARN	reference=DOI:10.1146/annurev-earth-060313-054810 has no snippet
data/traits/metabolism/oxygenic_photosynthesis.yaml	oxygenic_photosynthesis_water_splitting:cytochrome_b6f->photosystem_i[0]	MISSING_SNIPPET	WARN	reference=DOI:10.3390/plants13152103 has no snippet
data/traits/metabolism/oxygenic_photosynthesis.yaml	oxygenic_photosynthesis_water_splitting:fnr->nadph[0]	MISSING_SNIPPET	WARN	reference=DOI:10.1111/1751-7915.14519 has no snippet
data/traits/metabolism/oxygenic_photosynthesis.yaml	oxygenic_photosynthesis_water_splitting:photosynthetic_etc->oxygenic_photosynthesis_trait[0]	MISSING_SNIPPET	WARN	reference=DOI:10.1146/annurev-earth-060313-054810 has no snippet
data/traits/metabolism/oxygenic_photosynthesis.yaml	oxygenic_photosynthesis_water_splitting:photosynthetic_etc->proton_motive_force[0]	MISSING_SNIPPET	WARN	reference=DOI:10.3390/plants13152103 has no snippet
data/traits/metabolism/oxygenic_photosynthesis.yaml	oxygenic_photosynthesis_water_splitting:photosystem_i->ferredoxin[0]	MISSING_SNIPPET	WARN	reference=DOI:10.1111/1751-7915.14519 has no snippet
data/traits/metabolism/oxygenic_photosynthesis.yaml	oxygenic_photosynthesis_water_splitting:photosystem_ii->plastoquinone_pool[0]	MISSING_SNIPPET	WARN	reference=DOI:10.1007/s11120-022-00991-y has no snippet
data/traits/metabolism/oxygenic_photosynthesis.yaml	oxygenic_photosynthesis_water_splitting:photosystem_ii->water[0]	MISSING_SNIPPET	WARN	reference=DOI:10.1007/s11120-022-00991-y has no snippet
data/traits/metabolism/oxygenic_photosynthesis.yaml	oxygenic_photosynthesis_water_splitting:plastoquinone_pool->cytochrome_b6f[0]	MISSING_SNIPPET	WARN	reference=DOI:10.3390/plants13152103 has no snippet
data/traits/metabolism/oxygenic_photosynthesis.yaml	oxygenic_photosynthesis_water_splitting:proton_motive_force->atp[0]	MISSING_SNIPPET	WARN	reference=DOI:10.1007/s11120-022-00991-y has no snippet
data/traits/metabolism/oxygenic_photosynthesis.yaml	oxygenic_photosynthesis_water_splitting:water->molecular_oxygen[0]	MISSING_SNIPPET	WARN	reference=DOI:10.1016/j.tim.2006.09.001 has no snippet
data/traits/metabolism/photosynthesis.yaml	evidence[0]	MISSING_SNIPPET	WARN	reference=DOI:10.1016/j.tim.2006.09.001 has no snippet
data/traits/metabolism/photosynthesis.yaml	evidence[1]	MISSING_SNIPPET	WARN	reference=DOI:10.1146/annurev-earth-060313-054810 has no snippet
data/traits/metabolism/photosynthesis.yaml	photosynthesis_chlorophyll_reaction_center:charge_separation->electron_transport[0]	MISSING_SNIPPET	WARN	reference=DOI:10.3390/biom14030311 has no snippet
data/traits/metabolism/photosynthesis.yaml	photosynthesis_chlorophyll_reaction_center:electron_transport->proton_gradient[0]	MISSING_SNIPPET	WARN	reference=DOI:10.3390/biom14030311 has no snippet
data/traits/metabolism/photosynthesis.yaml	photosynthesis_chlorophyll_reaction_center:light_energy->light_harvesting[0]	MISSING_SNIPPET	WARN	reference=DOI:10.1111/1751-7915.14519 has no snippet
data/traits/metabolism/photosynthesis.yaml	photosynthesis_chlorophyll_reaction_center:light_harvesting->charge_separation[0]	MISSING_SNIPPET	WARN	reference=DOI:10.3390/biom14030311 has no snippet
data/traits/metabolism/photosynthesis.yaml	photosynthesis_chlorophyll_reaction_center:photosynthesis_process->photosynthesis_trait[0]	MISSING_SNIPPET	WARN	reference=DOI:10.1016/j.tim.2006.09.001 has no snippet
data/traits/metabolism/photosynthesis.yaml	photosynthesis_chlorophyll_reaction_center:photosynthesis_process->reducing_power[0]	MISSING_SNIPPET	WARN	reference=DOI:10.5287/ora-8jgz2nrvd has no snippet
data/traits/metabolism/photosynthesis.yaml	photosynthesis_chlorophyll_reaction_center:photosynthesis_trait->carbon_fixation[0]	MISSING_SNIPPET	WARN	reference=DOI:10.1146/annurev-earth-060313-054810 has no snippet
data/traits/metabolism/photosynthesis.yaml	photosynthesis_chlorophyll_reaction_center:proton_gradient->atp_synthesis[0]	MISSING_SNIPPET	WARN	reference=DOI:10.3390/biom14030311 has no snippet
data/traits/metabolism/photosynthesis.yaml	photosynthesis_chlorophyll_reaction_center:reducing_power->carbon_fixation[0]	MISSING_SNIPPET	WARN	reference=DOI:10.1111/1751-7915.14519 has no snippet
data/traits/metabolism/phototrophy.yaml	evidence[0]	MISSING_SNIPPET	WARN	reference=DOI:10.1016/j.tim.2006.09.001 has no snippet
data/traits/metabolism/phototrophy.yaml	evidence[1]	MISSING_SNIPPET	WARN	reference=DOI:10.1126/science.289.5486.1902 has no snippet
data/traits/metabolism/phototrophy.yaml	phototrophy_light_energy_capture:high_light->photosystem_ii[0]	MISSING_SNIPPET	WARN	reference=DOI:10.1111/1751-7915.14519 has no snippet
data/traits/metabolism/phototrophy.yaml	phototrophy_light_energy_capture:light->phototrophy_trait[0]	MISSING_SNIPPET	WARN	reference=DOI:10.1016/j.tim.2006.09.001 has no snippet
data/traits/metabolism/phototrophy.yaml	phototrophy_light_energy_capture:light->rhodopsin_photocycle[0]	MISSING_SNIPPET	WARN	reference=DOI:10.1093/ismejo/wrae175 has no snippet
data/traits/metabolism/phototrophy.yaml	phototrophy_light_energy_capture:microbial_rhodopsin->rhodopsin_photocycle[0]	MISSING_SNIPPET	WARN	reference=DOI:10.1093/ismejo/wrae175 has no snippet
data/traits/metabolism/phototrophy.yaml	phototrophy_light_energy_capture:photosynthetic_electron_transport->atp[0]	MISSING_SNIPPET	WARN	reference=DOI:10.1111/1751-7915.14519 has no snippet
data/traits/metabolism/phototrophy.yaml	phototrophy_light_energy_capture:photosynthetic_electron_transport->nadph[0]	MISSING_SNIPPET	WARN	reference=DOI:10.1111/1751-7915.14519 has no snippet
data/traits/metabolism/phototrophy.yaml	phototrophy_light_energy_capture:photosystem_ii->photosynthetic_electron_transport[0]	MISSING_SNIPPET	WARN	reference=DOI:10.1111/1751-7915.14519 has no snippet
data/traits/metabolism/phototrophy.yaml	phototrophy_light_energy_capture:phototrophy_trait->proton_motive_force[0]	MISSING_SNIPPET	WARN	reference=DOI:10.1126/science.289.5486.1902 has no snippet
data/traits/metabolism/phototrophy.yaml	phototrophy_light_energy_capture:proton_motive_force->atp_synthesis[0]	MISSING_SNIPPET	WARN	reference=DOI:10.1128/spectrum.02177-23 has no snippet
data/traits/metabolism/produces.yaml	evidence[0]	UNSUPPORTIVE_SNIPPET	WARN	10 chars, supports nothing specific: 'production'
data/traits/metabolism/propionic_acid_fermentation.yaml	evidence[0]	MISSING_SNIPPET	WARN	reference=DOI:10.3390/molecules31020333 has no snippet
data/traits/metabolism/propionic_acid_fermentation.yaml	evidence[1]	MISSING_SNIPPET	WARN	reference=DOI:10.3389/fmicb.2021.703525 has no snippet
data/traits/metabolism/propionic_acid_fermentation.yaml	propionic_acid_fermentation_propionate:biotin->mmc_carboxytransferase[0]	MISSING_SNIPPET	WARN	reference=DOI:10.3390/molecules31020333 has no snippet
data/traits/metabolism/propionic_acid_fermentation.yaml	propionic_acid_fermentation_propionate:fumarate->succinate[0]	MISSING_SNIPPET	WARN	reference=DOI:10.3390/molecules31020333 has no snippet
data/traits/metabolism/propionic_acid_fermentation.yaml	propionic_acid_fermentation_propionate:malate->fumarate[0]	MISSING_SNIPPET	WARN	reference=DOI:10.3390/molecules31020333 has no snippet
data/traits/metabolism/propionic_acid_fermentation.yaml	propionic_acid_fermentation_propionate:oxaloacetate->malate[0]	MISSING_SNIPPET	WARN	reference=DOI:10.3390/molecules31020333 has no snippet
data/traits/metabolism/propionic_acid_fermentation.yaml	propionic_acid_fermentation_propionate:propionic_acid_fermentation_trait->acetate[0]	MISSING_SNIPPET	WARN	reference=DOI:10.3390/molecules31020333 has no snippet
data/traits/metabolism/propionic_acid_fermentation.yaml	propionic_acid_fermentation_propionate:propionic_acid_fermentation_trait->fermentation_process[0]	MISSING_SNIPPET	WARN	reference=DOI:10.3389/fmicb.2021.703525 has no snippet
data/traits/metabolism/propionic_acid_fermentation.yaml	propionic_acid_fermentation_propionate:propionic_acid_fermentation_trait->propionate[0]	MISSING_SNIPPET	WARN	reference=DOI:10.3390/molecules31020333 has no snippet
data/traits/metabolism/propionic_acid_fermentation.yaml	propionic_acid_fermentation_propionate:propionic_acid_fermentation_trait->wood_werkman_cycle[0]	MISSING_SNIPPET	WARN	reference=DOI:10.3390/molecules31020333 has no snippet
data/traits/metabolism/propionic_acid_fermentation.yaml	propionic_acid_fermentation_propionate:propionyl_coa->propionate[0]	MISSING_SNIPPET	WARN	reference=DOI:10.3390/molecules31020333 has no snippet
data/traits/metabolism/propionic_acid_fermentation.yaml	propionic_acid_fermentation_propionate:pyruvate->oxaloacetate[0]	MISSING_SNIPPET	WARN	reference=DOI:10.3390/molecules31020333 has no snippet
data/traits/metabolism/propionic_acid_fermentation.yaml	propionic_acid_fermentation_propionate:succinyl_coa->methylmalonyl_coa[0]	MISSING_SNIPPET	WARN	reference=DOI:10.3390/molecules31020333 has no snippet
data/traits/metabolism/proteolysis.yaml	evidence[0]	MISSING_SNIPPET	WARN	reference=DOI:10.1128/mmbr.62.3.597-635.1998 has no snippet
data/traits/metabolism/proteolysis.yaml	evidence[1]	MISSING_SNIPPET	WARN	reference=DOI:10.1093/femsre/fuab046 has no snippet
data/traits/metabolism/proteolysis.yaml	proteolysis_extracellular_protease:extracellular_protease->proteolysis_trait[0]	MISSING_SNIPPET	WARN	reference=DOI:10.1128/mmbr.62.3.597-635.1998 has no snippet
data/traits/metabolism/proteolysis.yaml	proteolysis_extracellular_protease:intracellular_peptidases->amino_acids[0]	MISSING_SNIPPET	WARN	reference=DOI:10.1186/s43014-023-00165-w has no snippet
data/traits/metabolism/proteolysis.yaml	proteolysis_extracellular_protease:intracellular_peptidases->peptides[0]	MISSING_SNIPPET	WARN	reference=DOI:10.1186/s43014-023-00165-w has no snippet
data/traits/metabolism/proteolysis.yaml	proteolysis_extracellular_protease:large_proteins->proteolysis_trait[0]	MISSING_SNIPPET	WARN	reference=DOI:10.1128/spectrum.03036-23 has no snippet
data/traits/metabolism/proteolysis.yaml	proteolysis_extracellular_protease:peptide_transport_systems->peptides[0]	MISSING_SNIPPET	WARN	reference=DOI:10.1186/s43014-023-00165-w has no snippet
data/traits/metabolism/proteolysis.yaml	proteolysis_extracellular_protease:proteolysis_trait->amino_acids[0]	MISSING_SNIPPET	WARN	reference=DOI:10.1093/femsre/fuab046 has no snippet
data/traits/metabolism/proteolysis.yaml	proteolysis_extracellular_protease:proteolysis_trait->peptides[0]	MISSING_SNIPPET	WARN	reference=DOI:10.1186/s43014-023-00165-w has no snippet
data/traits/metabolism/proteolysis.yaml	proteolysis_extracellular_protease:substrate_stoichiometry->extracellular_protease[0]	MISSING_SNIPPET	WARN	reference=DOI:10.1128/spectrum.03036-23 has no snippet
data/traits/metabolism/proteorhodopsin_phototrophy.yaml	evidence[0]	MISSING_SNIPPET	WARN	reference=DOI:10.1126/science.289.5486.1902 has no snippet
data/traits/metabolism/proteorhodopsin_phototrophy.yaml	evidence[1]	MISSING_SNIPPET	WARN	reference=DOI:10.1038/35081051 has no snippet
data/traits/metabolism/proteorhodopsin_phototrophy.yaml	proteorhodopsin_light_driven_proton_pump:all_trans_retinal->proteorhodopsin[0]	MISSING_SNIPPET	WARN	reference=DOI:10.1038/s41467-024-50960-3 has no snippet
data/traits/metabolism/proteorhodopsin_phototrophy.yaml	proteorhodopsin_light_driven_proton_pump:beta_carotene->all_trans_retinal[0]	MISSING_SNIPPET	WARN	reference=DOI:10.34133/2022/9782712 has no snippet
data/traits/metabolism/proteorhodopsin_phototrophy.yaml	proteorhodopsin_light_driven_proton_pump:proteorhodopsin->proteorhodopsin_trait[0]	MISSING_SNIPPET	WARN	reference=DOI:10.1126/science.289.5486.1902 has no snippet
data/traits/metabolism/proteorhodopsin_phototrophy.yaml	proteorhodopsin_light_driven_proton_pump:proteorhodopsin_trait->nadph[0]	MISSING_SNIPPET	WARN	reference=DOI:10.4014/jmb.2410.10034 has no snippet
data/traits/metabolism/proteorhodopsin_phototrophy.yaml	proteorhodopsin_light_driven_proton_pump:proteorhodopsin_trait->proton_motive_force[0]	MISSING_SNIPPET	WARN	reference=DOI:10.1038/35081051 has no snippet
data/traits/metabolism/proteorhodopsin_phototrophy.yaml	proteorhodopsin_light_driven_proton_pump:proton_motive_force->atp_production[0]	MISSING_SNIPPET	WARN	reference=DOI:10.1007/s12275-024-00125-0 has no snippet
data/traits/metabolism/proteorhodopsin_phototrophy.yaml	proteorhodopsin_light_driven_proton_pump:proton_pumping->proton_motive_force[0]	MISSING_SNIPPET	WARN	reference=DOI:10.4014/jmb.2410.10034 has no snippet
data/traits/metabolism/reduces.yaml	evidence[0]	UNSUPPORTIVE_SNIPPET	WARN	9 chars, supports nothing specific: 'reduction'
data/traits/metabolism/reductive_tca_cycle.yaml	evidence[0]	MISSING_SNIPPET	WARN	reference=DOI:10.1128/AEM.02473-10 has no snippet
data/traits/metabolism/reductive_tca_cycle.yaml	evidence[1]	MISSING_SNIPPET	WARN	reference=DOI:10.1146/annurev-marine-120709-142712 has no snippet
data/traits/metabolism/reductive_tca_cycle.yaml	rtca_reverse_tricarboxylic_acid_co2_fixation:atp_citrate_lyase->rtca_trait[0]	MISSING_SNIPPET	WARN	reference=DOI:10.1101/2022.10.25.513756 has no snippet
data/traits/metabolism/reductive_tca_cycle.yaml	rtca_reverse_tricarboxylic_acid_co2_fixation:carbon_dioxide->rtca_trait[0]	MISSING_SNIPPET	WARN	reference=DOI:10.1128/AEM.02473-10 has no snippet
data/traits/metabolism/reductive_tca_cycle.yaml	rtca_reverse_tricarboxylic_acid_co2_fixation:citryl_coa_synthetase_lyase->atp_citrate_lyase[0]	MISSING_SNIPPET	WARN	reference=DOI:10.1101/2022.10.25.513756 has no snippet
data/traits/metabolism/reductive_tca_cycle.yaml	rtca_reverse_tricarboxylic_acid_co2_fixation:ogor->rtca_trait[0]	MISSING_SNIPPET	WARN	reference=DOI:10.3390/life13030627 has no snippet
data/traits/metabolism/reductive_tca_cycle.yaml	rtca_reverse_tricarboxylic_acid_co2_fixation:pfor->rtca_trait[0]	MISSING_SNIPPET	WARN	reference=DOI:10.3390/life13030627 has no snippet
data/traits/metabolism/reductive_tca_cycle.yaml	rtca_reverse_tricarboxylic_acid_co2_fixation:reduced_ferredoxin->ogor[0]	MISSING_SNIPPET	WARN	reference=DOI:10.3390/life13030627 has no snippet
data/traits/metabolism/reductive_tca_cycle.yaml	rtca_reverse_tricarboxylic_acid_co2_fixation:reduced_ferredoxin->pfor[0]	MISSING_SNIPPET	WARN	reference=DOI:10.3390/life13030627 has no snippet
data/traits/metabolism/reductive_tca_cycle.yaml	rtca_reverse_tricarboxylic_acid_co2_fixation:rtca_trait->citrate[0]	MISSING_SNIPPET	WARN	reference=DOI:10.1146/annurev-marine-120709-142712 has no snippet
data/traits/metabolism/respiration.yaml	respiration_electron_acceptor_energy_conservation:anaerobic_respiration->respiration_trait[0]	MISSING_SNIPPET	WARN	reference=DOI:10.1128/mmbr.61.4.533-616.1997 has no snippet
data/traits/metabolism/respiration.yaml	respiration_electron_acceptor_energy_conservation:anoxic_microsites->terminal_electron_acceptor[0]	MISSING_SNIPPET	WARN	reference=DOI:10.1021/acsearthspacechem.3c00032 has no snippet
data/traits/metabolism/respiration.yaml	respiration_electron_acceptor_energy_conservation:complex_i->proton_motive_force[0]	MISSING_SNIPPET	WARN	reference=DOI:10.3390/ijms252413421 has no snippet
data/traits/metabolism/respiration.yaml	respiration_electron_acceptor_energy_conservation:oxygen_depletion->anaerobic_respiration[0]	MISSING_SNIPPET	WARN	reference=DOI:10.1021/acsearthspacechem.3c00032 has no snippet
data/traits/metabolism/shows_activity_of.yaml	evidence[0]	UNSUPPORTIVE_SNIPPET	WARN	8 chars, supports nothing specific: 'activity'
data/traits/metabolism/starch_degradation.yaml	evidence[0]	MISSING_SNIPPET	WARN	reference=DOI:10.1016/S0168-1656(01)00407-2 has no snippet
data/traits/metabolism/starch_degradation.yaml	evidence[1]	MISSING_SNIPPET	WARN	reference=DOI:10.1093/nar/gkt1178 has no snippet
data/traits/metabolism/starch_degradation.yaml	starch_degradation_amylase:alpha_glucosidase->glucose[0]	MISSING_SNIPPET	WARN	reference=DOI:10.1128/mbio.01506-24 has no snippet
data/traits/metabolism/starch_degradation.yaml	starch_degradation_amylase:alpha_glucosidase->maltooligosaccharides[0]	MISSING_SNIPPET	WARN	reference=DOI:10.1128/mbio.01506-24 has no snippet
data/traits/metabolism/starch_degradation.yaml	starch_degradation_amylase:amylase->maltooligosaccharides[0]	MISSING_SNIPPET	WARN	reference=DOI:10.1007/s00018-023-04812-w has no snippet
data/traits/metabolism/starch_degradation.yaml	starch_degradation_amylase:amylase->starch_degradation_trait[0]	MISSING_SNIPPET	WARN	reference=DOI:10.1016/S0168-1656(01)00407-2 has no snippet
data/traits/metabolism/starch_degradation.yaml	starch_degradation_amylase:starch->maltooligosaccharides[0]	MISSING_SNIPPET	WARN	reference=DOI:10.1007/s00018-023-04812-w has no snippet
data/traits/metabolism/starch_degradation.yaml	starch_degradation_amylase:starch_degradation_trait->glucose[0]	MISSING_SNIPPET	WARN	reference=DOI:10.1093/nar/gkt1178 has no snippet
data/traits/metabolism/substrate_level_phosphorylation.yaml	substrate_level_phosphorylation_direct_atp:acetyl_phosphate->acetate_kinase[0]	ELLIPTICAL_SNIPPET	ERROR	non-contiguous quote: 'Acetyl phosphate ... high-energy intermediate'
data/traits/metabolism/substrate_level_phosphorylation.yaml	substrate_level_phosphorylation_direct_atp:acka_pta_pathway->substrate_level_phosphorylation_trait[0]	MISSING_SNIPPET	WARN	reference=DOI:10.1042/ETLS20220092 has no snippet
data/traits/metabolism/substrate_level_phosphorylation.yaml	substrate_level_phosphorylation_direct_atp:anaerobiosis->fermentation[0]	MISSING_SNIPPET	WARN	reference=DOI:10.1093/femsre/fuae016 has no snippet
data/traits/metabolism/substrate_level_phosphorylation.yaml	substrate_level_phosphorylation_direct_atp:carbamate_kinase_arginine_deiminase->substrate_level_phosphorylation_trait[0]	MISSING_SNIPPET	WARN	reference=DOI:10.1039/d4cb00099d has no snippet
data/traits/metabolism/substrate_level_phosphorylation.yaml	substrate_level_phosphorylation_direct_atp:fermentation->substrate_level_phosphorylation_trait[0]	MISSING_SNIPPET	WARN	reference=DOI:10.1093/femsre/fuae016 has no snippet
data/traits/metabolism/sulfur_oxidation.yaml	evidence[0]	MISSING_SNIPPET	WARN	reference=DOI:10.1111/j.1574-6976.2009.00187.x has no snippet
data/traits/metabolism/sulfur_oxidation.yaml	evidence[1]	MISSING_SNIPPET	WARN	reference=DOI:10.1128/AEM.67.7.2873-2882.2001 has no snippet
data/traits/metabolism/sulfur_oxidation.yaml	sulfur_oxidation_sox:pdo_enzyme->glutathione_persulfide[0]	MISSING_SNIPPET	WARN	reference=DOI:10.3390/ijms252010962 has no snippet
data/traits/metabolism/sulfur_oxidation.yaml	sulfur_oxidation_sox:pdo_enzyme->sulfite[0]	MISSING_SNIPPET	WARN	reference=DOI:10.3390/ijms252010962 has no snippet
data/traits/metabolism/sulfur_oxidation.yaml	sulfur_oxidation_sox:sox_system->sulfur_oxidation_trait[0]	MISSING_SNIPPET	WARN	reference=DOI:10.1128/AEM.67.7.2873-2882.2001 has no snippet
data/traits/metabolism/sulfur_oxidation.yaml	sulfur_oxidation_sox:sox_system->thiosulfate[0]	MISSING_SNIPPET	WARN	reference=DOI:10.3390/ijms252010962 has no snippet
data/traits/metabolism/sulfur_oxidation.yaml	sulfur_oxidation_sox:sqr_enzyme->hydrogen_sulfide[0]	MISSING_SNIPPET	WARN	reference=DOI:10.3390/ijms252010962 has no snippet
data/traits/metabolism/sulfur_oxidation.yaml	sulfur_oxidation_sox:sqr_enzyme->sulfane_sulfur[0]	MISSING_SNIPPET	WARN	reference=DOI:10.3390/ijms252010962 has no snippet
data/traits/metabolism/sulfur_oxidation.yaml	sulfur_oxidation_sox:sulfite->thiosulfate[0]	MISSING_SNIPPET	WARN	reference=DOI:10.3390/ijms252010962 has no snippet
data/traits/metabolism/sulfur_oxidation.yaml	sulfur_oxidation_sox:sulfur_oxidation_trait->hydrogen_sulfide[0]	MISSING_SNIPPET	WARN	reference=DOI:10.1111/j.1574-6976.2009.00187.x has no snippet
data/traits/metabolism/sulfur_oxidation.yaml	sulfur_oxidation_sox:sulfur_oxidation_trait->sulfate[0]	MISSING_SNIPPET	WARN	reference=DOI:10.1111/j.1574-6976.2009.00187.x has no snippet
data/traits/metabolism/sulfur_oxidation.yaml	sulfur_oxidation_sox:teth_enzyme->tetrathionate[0]	MISSING_SNIPPET	WARN	reference=DOI:10.3389/fmicb.2024.1426584 has no snippet
data/traits/metabolism/sulfur_oxidation.yaml	sulfur_oxidation_sox:tsda_enzyme->tetrathionate[0]	MISSING_SNIPPET	WARN	reference=DOI:10.3389/fmicb.2024.1426584 has no snippet
data/traits/metabolism/sulfur_oxidation.yaml	sulfur_oxidation_sox:tsda_enzyme->thiosulfate[0]	MISSING_SNIPPET	WARN	reference=DOI:10.3389/fmicb.2024.1426584 has no snippet
data/traits/metabolism/syntrophy.yaml	syntrophy_interspecies_electron_transfer:conductive_pili->direct_interspecies_electron_transfer[0]	MISSING_SNIPPET	WARN	reference=DOI:10.1134/S0026261720020101 has no snippet
data/traits/metabolism/syntrophy.yaml	syntrophy_interspecies_electron_transfer:direct_interspecies_electron_transfer->hydrogen_pressure_inhibition[0]	MISSING_SNIPPET	WARN	reference=DOI:10.3390/fermentation9100884 has no snippet
data/traits/metabolism/syntrophy.yaml	syntrophy_interspecies_electron_transfer:formate_dehydrogenase_complex->interspecies_formate_transfer[0]	MISSING_SNIPPET	WARN	reference=DOI:10.1186/s40168-020-00885-y has no snippet
data/traits/metabolism/syntrophy.yaml	syntrophy_interspecies_electron_transfer:hydrogenase_complex->interspecies_hydrogen_transfer[0]	MISSING_SNIPPET	WARN	reference=DOI:10.1038/s41396-023-01504-y has no snippet
data/traits/metabolism/syntrophy.yaml	syntrophy_interspecies_electron_transfer:interspecies_formate_transfer->syntrophy_trait[0]	MISSING_SNIPPET	WARN	reference=DOI:10.1093/femsre/fuab057 has no snippet
data/traits/metabolism/syntrophy.yaml	syntrophy_interspecies_electron_transfer:interspecies_hydrogen_transfer->syntrophy_trait[0]	MISSING_SNIPPET	WARN	reference=DOI:10.3390/fermentation9050467 has no snippet
data/traits/metabolism/syntrophy.yaml	syntrophy_interspecies_electron_transfer:low_hydrogen_partial_pressure->interspecies_hydrogen_transfer[0]	MISSING_SNIPPET	WARN	reference=DOI:10.3390/fermentation9050467 has no snippet
data/traits/metabolism/syntrophy.yaml	syntrophy_interspecies_electron_transfer:multiheme_cytochromes->direct_interspecies_electron_transfer[0]	MISSING_SNIPPET	WARN	reference=DOI:10.3390/life14050591 has no snippet
data/traits/metabolism/three_hydroxypropionate_bicycle.yaml	evidence[0]	MISSING_SNIPPET	WARN	reference=DOI:10.1128/AEM.02473-10 has no snippet
data/traits/metabolism/three_hydroxypropionate_bicycle.yaml	evidence[1]	MISSING_SNIPPET	WARN	reference=DOI:10.1146/annurev-marine-120709-142712 has no snippet
data/traits/metabolism/three_hydroxypropionate_bicycle.yaml	three_hp_bicycle_chloroflexus:acetyl_coa_carboxylase->malonyl_coa[0]	MISSING_SNIPPET	WARN	reference=DOI:10.17192/z2022.0467 has no snippet
data/traits/metabolism/three_hydroxypropionate_bicycle.yaml	three_hp_bicycle_chloroflexus:bicarbonate->three_hp_bicycle_trait[0]	MISSING_SNIPPET	WARN	reference=DOI:10.1128/AEM.02473-10 has no snippet
data/traits/metabolism/three_hydroxypropionate_bicycle.yaml	three_hp_bicycle_chloroflexus:malonyl_coa_reductase->three_hydroxypropionate[0]	MISSING_SNIPPET	WARN	reference=DOI:10.1146/annurev-marine-120709-142712 has no snippet
data/traits/metabolism/three_hydroxypropionate_bicycle.yaml	three_hp_bicycle_chloroflexus:mmc_lyase->acetyl_coa[0]	MISSING_SNIPPET	WARN	reference=DOI:10.1146/annurev-marine-120709-142712 has no snippet
data/traits/metabolism/three_hydroxypropionate_bicycle.yaml	three_hp_bicycle_chloroflexus:mmc_lyase->pyruvate[0]	MISSING_SNIPPET	WARN	reference=DOI:10.1146/annurev-marine-120709-142712 has no snippet
data/traits/metabolism/three_hydroxypropionate_bicycle.yaml	three_hp_bicycle_chloroflexus:propionyl_coa_carboxylase->methylmalonyl_coa[0]	MISSING_SNIPPET	WARN	reference=DOI:10.17192/z2022.0467 has no snippet
data/traits/metabolism/three_hydroxypropionate_bicycle.yaml	three_hp_bicycle_chloroflexus:propionyl_coa_synthase->propionyl_coa[0]	MISSING_SNIPPET	WARN	reference=DOI:10.1146/annurev-marine-120709-142712 has no snippet
data/traits/metabolism/three_hydroxypropionate_bicycle.yaml	three_hp_bicycle_chloroflexus:three_hp_bicycle_trait->carbon_fixation_process[0]	MISSING_SNIPPET	WARN	reference=DOI:10.1146/annurev-marine-120709-142712 has no snippet
data/traits/metabolism/three_hydroxypropionate_bicycle.yaml	three_hp_bicycle_chloroflexus:three_hp_bicycle_trait->pyruvate[0]	MISSING_SNIPPET	WARN	reference=DOI:10.1146/annurev-marine-120709-142712 has no snippet
data/traits/metabolism/three_hydroxypropionate_four_hydroxybutyrate_cycle.yaml	evidence[0]	MISSING_SNIPPET	WARN	reference=DOI:10.1126/science.1149976 has no snippet
data/traits/metabolism/three_hydroxypropionate_four_hydroxybutyrate_cycle.yaml	evidence[1]	MISSING_SNIPPET	WARN	reference=DOI:10.1128/AEM.02473-10 has no snippet
data/traits/metabolism/three_hydroxypropionate_four_hydroxybutyrate_cycle.yaml	three_hp_four_hb_sulfolobales:acetyl_propionyl_coa_carboxylase->three_hp_four_hb_trait[0]	MISSING_SNIPPET	WARN	reference=DOI:10.1038/s42003-024-06432-x has no snippet
data/traits/metabolism/three_hydroxypropionate_four_hydroxybutyrate_cycle.yaml	three_hp_four_hb_sulfolobales:bicarbonate->three_hp_four_hb_trait[0]	MISSING_SNIPPET	WARN	reference=DOI:10.1126/science.1149976 has no snippet
data/traits/metabolism/three_hydroxypropionate_four_hydroxybutyrate_cycle.yaml	three_hp_four_hb_sulfolobales:crotonyl_coa->acetyl_coa[0]	MISSING_SNIPPET	WARN	reference=DOI:10.1186/s40643-023-00705-9 has no snippet
data/traits/metabolism/three_hydroxypropionate_four_hydroxybutyrate_cycle.yaml	three_hp_four_hb_sulfolobales:four_hydroxybutyryl_coa_dehydratase->crotonyl_coa[0]	MISSING_SNIPPET	WARN	reference=DOI:10.1038/s42003-024-06432-x has no snippet
data/traits/metabolism/three_hydroxypropionate_four_hydroxybutyrate_cycle.yaml	three_hp_four_hb_sulfolobales:four_hydroxybutyryl_coa_dehydratase->four_hydroxybutyryl_coa[0]	MISSING_SNIPPET	WARN	reference=DOI:10.1038/s42003-024-06432-x has no snippet
data/traits/metabolism/three_hydroxypropionate_four_hydroxybutyrate_cycle.yaml	three_hp_four_hb_sulfolobales:nadph->three_hp_four_hb_trait[0]	MISSING_SNIPPET	WARN	reference=DOI:10.1186/s40643-023-00705-9 has no snippet
data/traits/metabolism/three_hydroxypropionate_four_hydroxybutyrate_cycle.yaml	three_hp_four_hb_sulfolobales:succinyl_coa->four_hydroxybutyrate[0]	MISSING_SNIPPET	WARN	reference=DOI:10.1186/s40643-023-00705-9 has no snippet
data/traits/metabolism/three_hydroxypropionate_four_hydroxybutyrate_cycle.yaml	three_hp_four_hb_sulfolobales:three_hp_four_hb_trait->acetyl_coa[0]	MISSING_SNIPPET	WARN	reference=DOI:10.1186/s40643-023-00705-9 has no snippet
data/traits/metabolism/three_hydroxypropionate_four_hydroxybutyrate_cycle.yaml	three_hp_four_hb_sulfolobales:three_hp_four_hb_trait->carbon_fixation_process[0]	MISSING_SNIPPET	WARN	reference=DOI:10.1128/AEM.02473-10 has no snippet
data/traits/metabolism/three_hydroxypropionate_four_hydroxybutyrate_cycle.yaml	three_hp_four_hb_sulfolobales:three_hp_four_hb_trait->succinyl_coa[0]	MISSING_SNIPPET	WARN	reference=DOI:10.1186/s40643-023-00705-9 has no snippet
data/traits/metabolism/transports.yaml	evidence[0]	UNSUPPORTIVE_SNIPPET	WARN	9 chars, supports nothing specific: 'transport'
data/traits/metabolism/uses_for_anaerobic_growth_in_the_dark.yaml	evidence[0]	UNSUPPORTIVE_SNIPPET	WARN	9 chars, supports nothing specific: 'anaerobic'
data/traits/metabolism/uses_for_growth.yaml	evidence[0]	UNSUPPORTIVE_SNIPPET	WARN	6 chars, supports nothing specific: 'growth'
data/traits/metabolism/uses_for_respiration.yaml	evidence[0]	UNSUPPORTIVE_SNIPPET	WARN	11 chars, supports nothing specific: 'respiration'
data/traits/metabolism/wood_ljungdahl_pathway.yaml	evidence[0]	MISSING_SNIPPET	WARN	reference=DOI:10.1016/j.bbapap.2008.08.012 has no snippet
data/traits/metabolism/wood_ljungdahl_pathway.yaml	evidence[1]	MISSING_SNIPPET	WARN	reference=DOI:10.1128/AEM.02473-10 has no snippet
data/traits/metabolism/wood_ljungdahl_pathway.yaml	wood_ljungdahl_reductive_acetyl_coa:acetyl_coa_synthase->acetyl_coa[0]	MISSING_SNIPPET	WARN	reference=DOI:10.3389/fbioe.2024.1395540 has no snippet
data/traits/metabolism/wood_ljungdahl_pathway.yaml	wood_ljungdahl_reductive_acetyl_coa:carbon_dioxide->wood_ljungdahl_trait[0]	MISSING_SNIPPET	WARN	reference=DOI:10.1128/AEM.02473-10 has no snippet
data/traits/metabolism/wood_ljungdahl_pathway.yaml	wood_ljungdahl_reductive_acetyl_coa:formate_dehydrogenase->carbon_dioxide[0]	MISSING_SNIPPET	WARN	reference=DOI:10.3389/fbioe.2024.1395540 has no snippet
data/traits/metabolism/wood_ljungdahl_pathway.yaml	wood_ljungdahl_reductive_acetyl_coa:formate_dehydrogenase->formate[0]	MISSING_SNIPPET	WARN	reference=DOI:10.3389/fbioe.2024.1395540 has no snippet
data/traits/metabolism/wood_ljungdahl_pathway.yaml	wood_ljungdahl_reductive_acetyl_coa:formyl_thf_synthetase->atp[0]	MISSING_SNIPPET	WARN	reference=DOI:10.3389/fbioe.2024.1395540 has no snippet
data/traits/metabolism/wood_ljungdahl_pathway.yaml	wood_ljungdahl_reductive_acetyl_coa:methyltransferase->cofesp[0]	MISSING_SNIPPET	WARN	reference=DOI:10.3389/fbioe.2024.1395540 has no snippet
data/traits/metabolism/wood_ljungdahl_pathway.yaml	wood_ljungdahl_reductive_acetyl_coa:tetrahydrofolate->methyl_branch[0]	MISSING_SNIPPET	WARN	reference=DOI:10.1039/d4cb00099d has no snippet
data/traits/metabolism/wood_ljungdahl_pathway.yaml	wood_ljungdahl_reductive_acetyl_coa:wood_ljungdahl_pathway->carbonyl_branch[0]	MISSING_SNIPPET	WARN	reference=DOI:10.3389/fbioe.2024.1395540 has no snippet
data/traits/metabolism/wood_ljungdahl_pathway.yaml	wood_ljungdahl_reductive_acetyl_coa:wood_ljungdahl_pathway->methyl_branch[0]	MISSING_SNIPPET	WARN	reference=DOI:10.3389/fbioe.2024.1395540 has no snippet
data/traits/metabolism/wood_ljungdahl_pathway.yaml	wood_ljungdahl_reductive_acetyl_coa:wood_ljungdahl_pathway->net_zero_atp_slp[0]	MISSING_SNIPPET	WARN	reference=DOI:10.3389/fbioe.2024.1395540 has no snippet
data/traits/metabolism/wood_ljungdahl_pathway.yaml	wood_ljungdahl_reductive_acetyl_coa:wood_ljungdahl_pathway->wood_ljungdahl_trait[0]	MISSING_SNIPPET	WARN	reference=DOI:10.1016/j.bbapap.2008.08.012 has no snippet
data/traits/metabolism/xylan_degradation.yaml	evidence[0]	MISSING_SNIPPET	WARN	reference=DOI:10.1111/j.1757-1707.2009.01004.x has no snippet
data/traits/metabolism/xylan_degradation.yaml	evidence[1]	MISSING_SNIPPET	WARN	reference=DOI:10.1016/j.cbpa.2015.10.018 has no snippet
data/traits/metabolism/xylan_degradation.yaml	xylan_degradation_xylanase:carbon_catabolite_repression->hemicellulase_genes[0]	MISSING_SNIPPET	WARN	reference=DOI:10.1007/s00253-023-12977-4 has no snippet
data/traits/metabolism/xylan_degradation.yaml	xylan_degradation_xylanase:glucuronoyl_esterase->aldouronic_acids[0]	MISSING_SNIPPET	WARN	reference=DOI:10.1186/s13068-025-02639-0 has no snippet
data/traits/metabolism/xylan_degradation.yaml	xylan_degradation_xylanase:glucuronoyl_esterase->xylan_saccharification[0]	MISSING_SNIPPET	WARN	reference=DOI:10.1186/s13068-025-02639-0 has no snippet
data/traits/metabolism/xylan_degradation.yaml	xylan_degradation_xylanase:xylan_degradation_trait->xylose[0]	MISSING_SNIPPET	WARN	reference=DOI:10.1016/j.cbpa.2015.10.018 has no snippet
data/traits/metabolism/xylan_degradation.yaml	xylan_degradation_xylanase:xylanase->xylan_degradation_trait[0]	MISSING_SNIPPET	WARN	reference=DOI:10.1111/j.1757-1707.2009.01004.x has no snippet
data/traits/morphology/amphitrichous.yaml	amphitrichous_bipolar_flagella:amphitrichous_trait->bipolar_placement[0]	MISSING_SNIPPET	WARN	reference=DOI:10.3390/biom9070279 has no snippet
data/traits/morphology/amphitrichous.yaml	amphitrichous_bipolar_flagella:bacterial_flagellum->amphitrichous_trait[0]	MISSING_SNIPPET	WARN	reference=DOI:10.1093/femsre/fuv034 has no snippet
data/traits/morphology/amphitrichous.yaml	amphitrichous_bipolar_flagella:fipa_protein->flhf_gtpase[0]	MISSING_SNIPPET	WARN	reference=DOI:10.7554/eLife.93004.3 has no snippet
data/traits/morphology/amphitrichous.yaml	amphitrichous_bipolar_flagella:fipa_protein->flhf_polar_localization[0]	MISSING_SNIPPET	WARN	reference=DOI:10.7554/eLife.93004.3 has no snippet
data/traits/morphology/amphitrichous.yaml	amphitrichous_bipolar_flagella:flhf_gtpase->cell_pole[0]	MISSING_SNIPPET	WARN	reference=DOI:10.7554/eLife.93004.3 has no snippet
data/traits/morphology/amphitrichous.yaml	amphitrichous_bipolar_flagella:flhf_gtpase->flig_protein[0]	MISSING_SNIPPET	WARN	reference=DOI:10.1038/s41467-024-50274-4 has no snippet
data/traits/morphology/amphitrichous.yaml	amphitrichous_bipolar_flagella:flhg_atpase->flhf_gtpase[0]	MISSING_SNIPPET	WARN	reference=DOI:10.7554/eLife.93004.3 has no snippet
data/traits/morphology/amphitrichous.yaml	amphitrichous_bipolar_flagella:flhg_atpase->polar_flagellar_number[0]	MISSING_SNIPPET	WARN	reference=DOI:10.7554/eLife.93004.3 has no snippet
data/traits/morphology/amphitrichous.yaml	amphitrichous_bipolar_flagella:flig_protein->flif_msring[0]	MISSING_SNIPPET	WARN	reference=DOI:10.1038/s41467-024-50274-4 has no snippet
data/traits/morphology/amphitrichous.yaml	evidence[0]	MISSING_SNIPPET	WARN	reference=DOI:10.1093/femsre/fuv034 has no snippet
data/traits/morphology/amphitrichous.yaml	evidence[1]	MISSING_SNIPPET	WARN	reference=DOI:10.3390/biom9070279 has no snippet
data/traits/morphology/axially_filamented.yaml	axially_filamented_periplasmic_flagella:flbb_ring->flagellar_rotor[0]	MISSING_SNIPPET	WARN	reference=DOI:10.1371/journal.ppat.1012812 has no snippet
data/traits/morphology/axially_filamented.yaml	axially_filamented_periplasmic_flagella:flbb_ring->stator_complex[0]	MISSING_SNIPPET	WARN	reference=DOI:10.1371/journal.ppat.1012812 has no snippet
data/traits/morphology/axially_filamented.yaml	axially_filamented_periplasmic_flagella:periplasmic_flagella->wavy_cell_morphology[0]	MISSING_SNIPPET	WARN	reference=DOI:10.3390/biom10040550 has no snippet
data/traits/morphology/axially_filamented.yaml	axially_filamented_periplasmic_flagella:stator_complex->torque_generation[0]	MISSING_SNIPPET	WARN	reference=DOI:10.1371/journal.ppat.1012812 has no snippet
data/traits/morphology/bacillus_shaped.yaml	bacillus_shaped_rod_elongation:circumferential_glycan_insertion->bacillus_shaped_trait[0]	MISSING_SNIPPET	WARN	reference=DOI:10.1038/s41467-024-49785-x has no snippet
data/traits/morphology/bacillus_shaped.yaml	bacillus_shaped_rod_elongation:moenomycin->class_a_pbps[0]	MISSING_SNIPPET	WARN	reference=DOI:10.1038/s41467-023-41082-3 has no snippet
data/traits/morphology/bacillus_shaped.yaml	bacillus_shaped_rod_elongation:peptidoglycan_cell_wall->bacillus_shaped_trait[0]	MISSING_SNIPPET	WARN	reference=DOI:10.1038/s41467-023-39037-9 has no snippet
data/traits/morphology/bacillus_shaped.yaml	bacillus_shaped_rod_elongation:rodA_pbp2_synthase->bacterial_elongation[0]	MISSING_SNIPPET	WARN	reference=DOI:10.1038/s41467-023-39037-9 has no snippet
data/traits/morphology/bacillus_shaped.yaml	bacillus_shaped_rod_elongation:rodZ->spherical_morphology[0]	MISSING_SNIPPET	WARN	reference=DOI:10.3389/fmicb.2024.1400434 has no snippet
data/traits/morphology/black_pigmented.yaml	black_pigmented_melanin_polymer:copper_ion->tyrosinase[0]	MISSING_SNIPPET	WARN	reference=DOI:10.3390/microorganisms12071352 has no snippet
data/traits/morphology/black_pigmented.yaml	black_pigmented_melanin_polymer:dhn_precursor->dhn_melanin[0]	MISSING_SNIPPET	WARN	reference=DOI:10.3390/microorganisms12071352 has no snippet
data/traits/morphology/black_pigmented.yaml	black_pigmented_melanin_polymer:dopaquinone->dopa_melanin[0]	MISSING_SNIPPET	WARN	reference=DOI:10.3390/jof9090891 has no snippet
data/traits/morphology/black_pigmented.yaml	black_pigmented_melanin_polymer:hmga->homogentisic_acid[0]	MISSING_SNIPPET	WARN	reference=DOI:10.1128/spectrum.00410-24 has no snippet
data/traits/morphology/black_pigmented.yaml	black_pigmented_melanin_polymer:hppd->hydroxyphenylpyruvate[0]	MISSING_SNIPPET	WARN	reference=DOI:10.1128/spectrum.00410-24 has no snippet
data/traits/morphology/black_pigmented.yaml	black_pigmented_melanin_polymer:polyketide_synthase->dhn_precursor[0]	MISSING_SNIPPET	WARN	reference=DOI:10.3390/microorganisms12071352 has no snippet
data/traits/morphology/black_pigmented.yaml	black_pigmented_melanin_polymer:tyrosinase->l_tyrosine[0]	MISSING_SNIPPET	WARN	reference=DOI:10.3390/ijms25053013 has no snippet
data/traits/morphology/black_pigmented.yaml	black_pigmented_melanin_polymer:tyrosinase_laccase_oxidases->melanin_biosynthesis[0]	ELLIPTICAL_SNIPPET	ERROR	non-contiguous quote: 'biosynthesis ... oxidative polymerization'
data/traits/morphology/branched_shaped.yaml	branched_shaped_streptomyces_branching:afsk_divIVA_phosphorylation->multiple_polarisomes_hyperbranching[0]	MISSING_SNIPPET	WARN	reference=DOI:10.1093/femsml/uqad020 has no snippet
data/traits/morphology/branched_shaped.yaml	branched_shaped_streptomyces_branching:cell_wall_stress->afsk_divIVA_phosphorylation[0]	MISSING_SNIPPET	WARN	reference=DOI:10.1093/femsml/uqad020 has no snippet
data/traits/morphology/branched_shaped.yaml	branched_shaped_streptomyces_branching:divIVA_scy_filp_polarisome->pg_enzyme_localization[0]	MISSING_SNIPPET	WARN	reference=DOI:10.1128/mbio.01492-24 has no snippet
data/traits/morphology/branched_shaped.yaml	branched_shaped_streptomyces_branching:polarisome_splitting->lateral_branch_outgrowth[0]	MISSING_SNIPPET	WARN	reference=DOI:10.1093/femsml/uqad020 has no snippet
data/traits/morphology/branched_shaped.yaml	branched_shaped_streptomyces_branching:sppa_divIVA_dephosphorylation->multiple_polarisomes_hyperbranching[0]	MISSING_SNIPPET	WARN	reference=DOI:10.1093/femsml/uqad020 has no snippet
data/traits/morphology/branched_shaped.yaml	branched_shaped_streptomyces_branching:stlp_membrane_microdomains->proper_polar_growth_branch_spacing[0]	MISSING_SNIPPET	WARN	reference=DOI:10.1038/s41467-025-58093-x has no snippet
data/traits/morphology/brown_pigmented.yaml	brown_pigmented_pyomelanin_pathway:benzoquinoneacetic_acid->pyomelanin[0]	MISSING_SNIPPET	WARN	reference=DOI:10.1128/spectrum.00410-24 has no snippet
data/traits/morphology/brown_pigmented.yaml	brown_pigmented_pyomelanin_pathway:four_hydroxyphenylpyruvate->homogentisic_acid[0]	MISSING_SNIPPET	WARN	reference=DOI:10.1128/spectrum.00410-24 has no snippet
data/traits/morphology/brown_pigmented.yaml	brown_pigmented_pyomelanin_pathway:hmgA->maleylacetoacetate[0]	MISSING_SNIPPET	WARN	reference=DOI:10.1128/spectrum.00410-24 has no snippet
data/traits/morphology/brown_pigmented.yaml	brown_pigmented_pyomelanin_pathway:homogentisic_acid->benzoquinoneacetic_acid[0]	MISSING_SNIPPET	WARN	reference=DOI:10.1128/spectrum.00410-24 has no snippet
data/traits/morphology/brown_pigmented.yaml	brown_pigmented_pyomelanin_pathway:tyrosine_catabolism->four_hydroxyphenylpyruvate[0]	MISSING_SNIPPET	WARN	reference=DOI:10.1038/s41564-023-01517-5 has no snippet
data/traits/morphology/capsule.yaml	capsule_polysaccharide_protection:capsule_assembly->capsular_polysaccharide[0]	MISSING_SNIPPET	WARN	reference=DOI:10.1146/annurev.biochem.75.103004.142545 has no snippet
data/traits/morphology/capsule.yaml	capsule_polysaccharide_protection:capsule_assembly->capsule_trait[0]	MISSING_SNIPPET	WARN	reference=DOI:10.1146/annurev.biochem.75.103004.142545 has no snippet
data/traits/morphology/capsule.yaml	capsule_polysaccharide_protection:capsule_trait->immune_evasion[0]	MISSING_SNIPPET	WARN	reference=DOI:10.1146/annurev.micro.50.1.285 has no snippet
data/traits/morphology/capsule.yaml	capsule_polysaccharide_protection:kpsmt_abc_transporter->capsular_polysaccharide[0]	MISSING_SNIPPET	WARN	reference=DOI:10.1038/s41522-024-00497-6 has no snippet
data/traits/morphology/capsule.yaml	capsule_polysaccharide_protection:wza_export_protein->capsular_polysaccharide[0]	MISSING_SNIPPET	WARN	reference=DOI:10.1038/s41522-024-00497-6 has no snippet
data/traits/morphology/capsule.yaml	capsule_polysaccharide_protection:wzb_phosphatase_cycle->wzc_capsule_assembly[0]	MISSING_SNIPPET	WARN	reference=DOI:10.1038/s41522-024-00497-6 has no snippet
data/traits/morphology/capsule.yaml	capsule_polysaccharide_protection:wzx_flippase->lipid_linked_repeat_unit[0]	MISSING_SNIPPET	WARN	reference=DOI:10.1038/s41522-024-00497-6 has no snippet
data/traits/morphology/capsule.yaml	capsule_polysaccharide_protection:wzy_polymerase->capsular_polysaccharide[0]	MISSING_SNIPPET	WARN	reference=DOI:10.1038/s41522-024-00497-6 has no snippet
data/traits/morphology/capsule.yaml	evidence[0]	MISSING_SNIPPET	WARN	reference=DOI:10.1146/annurev.micro.50.1.285 has no snippet
data/traits/morphology/capsule.yaml	evidence[1]	MISSING_SNIPPET	WARN	reference=DOI:10.1146/annurev.biochem.75.103004.142545 has no snippet
data/traits/morphology/carboxysome.yaml	carboxysome_co2_concentrating:bmc_shell_proteins->carboxysome_shell[0]	MISSING_SNIPPET	WARN	reference=DOI:10.1038/nrmicro.2018.10 has no snippet
data/traits/morphology/carboxysome.yaml	carboxysome_co2_concentrating:carbon_dioxide->carboxysome_trait[0]	MISSING_SNIPPET	WARN	reference=DOI:10.1038/nrmicro.2018.10 has no snippet
data/traits/morphology/carboxysome.yaml	carboxysome_co2_concentrating:carbon_dioxide->rubisco_carboxylation[0]	MISSING_SNIPPET	WARN	reference=DOI:10.1093/plphys/kiae438 has no snippet
data/traits/morphology/carboxysome.yaml	carboxysome_co2_concentrating:carbonic_anhydrase->bicarbonate[0]	MISSING_SNIPPET	WARN	reference=DOI:10.1128/aem.01075-24 has no snippet
data/traits/morphology/carboxysome.yaml	carboxysome_co2_concentrating:carbonic_anhydrase->carbon_dioxide[0]	MISSING_SNIPPET	WARN	reference=DOI:10.1093/plphys/kiae438 has no snippet
data/traits/morphology/carboxysome.yaml	carboxysome_co2_concentrating:carboxysome_shell->bicarbonate[0]	MISSING_SNIPPET	WARN	reference=DOI:10.1093/plphys/kiae438 has no snippet
data/traits/morphology/carboxysome.yaml	carboxysome_co2_concentrating:carboxysome_shell->carbon_dioxide[0]	MISSING_SNIPPET	WARN	reference=DOI:10.1038/nrmicro.2018.10 has no snippet
data/traits/morphology/carboxysome.yaml	carboxysome_co2_concentrating:carboxysome_shell->oxygen[0]	MISSING_SNIPPET	WARN	reference=DOI:10.1093/plphys/kiae438 has no snippet
data/traits/morphology/carboxysome.yaml	carboxysome_co2_concentrating:carboxysome_trait->bacterial_microcompartment[0]	MISSING_SNIPPET	WARN	reference=DOI:10.1038/nrmicro1913 has no snippet
data/traits/morphology/carboxysome.yaml	carboxysome_co2_concentrating:carboxysome_trait->carbon_fixation[0]	MISSING_SNIPPET	WARN	reference=DOI:10.1038/nrmicro.2018.10 has no snippet
data/traits/morphology/carboxysome.yaml	evidence[0]	MISSING_SNIPPET	WARN	reference=DOI:10.1038/nrmicro.2018.10 has no snippet
data/traits/morphology/carboxysome.yaml	evidence[1]	MISSING_SNIPPET	WARN	reference=DOI:10.1038/nrmicro1913 has no snippet
data/traits/morphology/carotenoid_pigmentation.yaml	carotenoid_pigmentation_crt_pathway:crt_enzymes->carotenoid_biosynthesis[0]	ELLIPTICAL_SNIPPET	ERROR	non-contiguous quote: 'crt genes ... reactions they catalyze'
data/traits/morphology/carotenoid_pigmentation.yaml	carotenoid_pigmentation_crt_pathway:cyclic_carotenes->conjugated_carotenoids[0]	MISSING_SNIPPET	WARN	reference=DOI:10.3390/molecules29174235 has no snippet
data/traits/morphology/carotenoid_pigmentation.yaml	carotenoid_pigmentation_crt_pathway:lycopene->lycopene_cyclases[0]	MISSING_SNIPPET	WARN	reference=DOI:10.3390/molecules29174235 has no snippet
data/traits/morphology/carotenoid_pigmentation.yaml	carotenoid_pigmentation_crt_pathway:lycopene_cyclases->cyclic_carotenes[0]	MISSING_SNIPPET	WARN	reference=DOI:10.3390/molecules29174235 has no snippet
data/traits/morphology/carotenoid_pigmentation.yaml	carotenoid_pigmentation_crt_pathway:phytoene->phytoene_desaturase[0]	MISSING_SNIPPET	WARN	reference=DOI:10.3390/molecules29174235 has no snippet
data/traits/morphology/carotenoid_pigmentation.yaml	carotenoid_pigmentation_crt_pathway:phytoene_desaturase->lycopene[0]	MISSING_SNIPPET	WARN	reference=DOI:10.3390/molecules29174235 has no snippet
data/traits/morphology/carotenoid_pigmentation.yaml	carotenoid_pigmentation_crt_pathway:phytoene_synthase->phytoene[0]	MISSING_SNIPPET	WARN	reference=DOI:10.3390/molecules29174235 has no snippet
data/traits/morphology/cell_length.yaml	cell_length_division_growth_control:elongasome->growth_rate[0]	MISSING_SNIPPET	WARN	reference=DOI:10.1038/s42003-024-07279-y has no snippet
data/traits/morphology/cell_length.yaml	cell_length_division_growth_control:elongasome->sidewall_pg_synthesis[0]	MISSING_SNIPPET	WARN	reference=DOI:10.3389/fcimb.2023.1205488 has no snippet
data/traits/morphology/cell_length.yaml	cell_length_division_growth_control:ftsa_zipa->ftsz_ring[0]	MISSING_SNIPPET	WARN	reference=DOI:10.1038/s41579-023-00942-x has no snippet
data/traits/morphology/cell_length.yaml	cell_length_division_growth_control:ftswi_septal_synthase->septum_synthesis[0]	MISSING_SNIPPET	WARN	reference=DOI:10.1038/s41579-023-00942-x has no snippet
data/traits/morphology/cell_length.yaml	cell_length_division_growth_control:min_nucleoid_occlusion->division_site_placement[0]	MISSING_SNIPPET	WARN	reference=DOI:10.1038/s41579-023-00942-x has no snippet
data/traits/morphology/cell_length.yaml	cell_length_division_growth_control:septum_synthesis->cytokinesis[0]	MISSING_SNIPPET	WARN	reference=DOI:10.1038/s41579-023-00942-x has no snippet
data/traits/morphology/cell_length.yaml	cell_length_division_growth_control:sidewall_pg_synthesis->cell_length_trait[0]	MISSING_SNIPPET	WARN	reference=DOI:10.3389/fcimb.2023.1205488 has no snippet
data/traits/morphology/cell_length_large.yaml	cell_length_large_division_delay:ftsz_protein->constriction_onset[0]	MISSING_SNIPPET	WARN	reference=DOI:10.1038/s41467-024-54242-w has no snippet
data/traits/morphology/cell_length_large.yaml	cell_length_large_division_delay:sos_response->sula_division_inhibition[0]	MISSING_SNIPPET	WARN	reference=DOI:10.1101/2025.05.13.653778 has no snippet
data/traits/morphology/cell_length_large.yaml	cell_length_large_division_delay:sula_protein->ftsz_zring[0]	MISSING_SNIPPET	WARN	reference=DOI:10.1101/2025.05.13.653778 has no snippet
data/traits/morphology/cell_length_medium.yaml	cell_length_medium_growth_rate:membrane_synthesis->envelope_balance_state[0]	MISSING_SNIPPET	WARN	reference=DOI:10.1128/mbio.00475-23 has no snippet
data/traits/morphology/cell_length_medium.yaml	cell_length_medium_growth_rate:mreC_mreD_balance->pbp2_activity[0]	MISSING_SNIPPET	WARN	reference=DOI:10.1002/mbo3.1385 has no snippet
data/traits/morphology/cell_length_medium.yaml	cell_length_medium_growth_rate:pg_density->rod_shape[0]	MISSING_SNIPPET	WARN	reference=DOI:10.1002/mbo3.1385 has no snippet
data/traits/morphology/cell_length_medium.yaml	cell_length_medium_growth_rate:rodA_pbp2_complex->pg_insertion_elongation[0]	MISSING_SNIPPET	WARN	reference=DOI:10.1002/mbo3.1385 has no snippet
data/traits/morphology/cell_length_medium.yaml	cell_length_medium_growth_rate:rod_complex->pg_density[0]	MISSING_SNIPPET	WARN	reference=DOI:10.1002/mbo3.1385 has no snippet
data/traits/morphology/cell_length_small.yaml	cell_length_small_size_setpoint:ftsn->ftswi_complex[0]	MISSING_SNIPPET	WARN	reference=DOI:10.1038/s41467-024-52217-5 has no snippet
data/traits/morphology/cell_length_small.yaml	cell_length_small_size_setpoint:ftsz_abundance->division_timing[0]	MISSING_SNIPPET	WARN	reference=DOI:10.1038/s41467-024-54242-w has no snippet
data/traits/morphology/cell_length_small.yaml	cell_length_small_size_setpoint:ftsz_protoring->divisome_assembly[0]	MISSING_SNIPPET	WARN	reference=DOI:10.1038/s41579-023-00942-x has no snippet
data/traits/morphology/cell_length_small.yaml	cell_length_small_size_setpoint:ftsz_ring_formation->cell_length_trait[0]	MISSING_SNIPPET	WARN	reference=DOI:10.1038/s41467-023-41487-0 has no snippet
data/traits/morphology/cell_length_small.yaml	cell_length_small_size_setpoint:min_nucleoid_occlusion->ftsz_midcell_positioning[0]	MISSING_SNIPPET	WARN	reference=DOI:10.1038/s42003-024-07279-y has no snippet
data/traits/morphology/cell_length_small.yaml	cell_length_small_size_setpoint:septal_pg_synthesis->zring_condensation[0]	MISSING_SNIPPET	WARN	reference=DOI:10.1038/s41467-024-52217-5 has no snippet
data/traits/morphology/cell_length_very_small.yaml	cell_length_very_small_streamlining:carbon_limitation->genome_streamlining[0]	MISSING_SNIPPET	WARN	reference=DOI:10.1128/mSphereDirect.00011-19 has no snippet
data/traits/morphology/cell_length_very_small.yaml	cell_length_very_small_streamlining:genome_streamlining->cell_length_very_small_trait[0]	MISSING_SNIPPET	WARN	reference=DOI:10.1038/s41467-024-48591-9 has no snippet
data/traits/morphology/cell_length_very_small.yaml	cell_length_very_small_streamlining:nitrogen_limitation->genome_streamlining[0]	MISSING_SNIPPET	WARN	reference=DOI:10.1128/mSphereDirect.00011-19 has no snippet
data/traits/morphology/cell_length_very_small.yaml	cell_length_very_small_streamlining:oligotrophic_environment->genome_streamlining[0]	MISSING_SNIPPET	WARN	reference=DOI:10.1128/mSphereDirect.00011-19 has no snippet
data/traits/morphology/cell_length_very_small.yaml	cell_length_very_small_streamlining:reduced_transcriptional_regulation->nutrient_poor_environment[0]	MISSING_SNIPPET	WARN	reference=DOI:10.1128/MMBR.00124-22 has no snippet
data/traits/morphology/cell_length_very_small.yaml	cell_length_very_small_streamlining:streamlining_selection->cell_length_very_small_trait[0]	UNSUPPORTIVE_SNIPPET	WARN	11 chars, supports nothing specific: 'small cells'
data/traits/morphology/cell_shape.yaml	cell_shape_peptidoglycan_cytoskeleton:a22_inhibitor->rod_shape[0]	MISSING_SNIPPET	WARN	reference=DOI:10.1128/jb.00433-22 has no snippet
data/traits/morphology/cell_shape.yaml	cell_shape_peptidoglycan_cytoskeleton:cardiolipin_lipid_order->mreB[0]	MISSING_SNIPPET	WARN	reference=DOI:10.1128/jb.00433-22 has no snippet
data/traits/morphology/cell_shape.yaml	cell_shape_peptidoglycan_cytoskeleton:flotillins->cell_wall_synthesis[0]	MISSING_SNIPPET	WARN	reference=DOI:10.1128/jb.00433-22 has no snippet
data/traits/morphology/cell_shape.yaml	cell_shape_peptidoglycan_cytoskeleton:mreB->rod_shape[0]	MISSING_SNIPPET	WARN	reference=DOI:10.1042/bsr20221664 has no snippet
data/traits/morphology/cell_shape.yaml	cell_shape_peptidoglycan_cytoskeleton:peptidoglycan_architecture->cell_shape_trait[0]	MISSING_SNIPPET	WARN	reference=DOI:10.1002/mbo3.1385 has no snippet
data/traits/morphology/cell_shape.yaml	cell_shape_peptidoglycan_cytoskeleton:rod_complex->peptidoglycan_architecture[0]	MISSING_SNIPPET	WARN	reference=DOI:10.1002/mbo3.1385 has no snippet
data/traits/morphology/cell_shape.yaml	evidence[0]	ELLIPTICAL_SNIPPET	ERROR	non-contiguous quote: 'bacterial cell wall ... primary role in maintaining cell shape'
data/traits/morphology/cell_width.yaml	cell_width_mreb_lateral_wall:apbp_system->cell_width_trait[0]	MISSING_SNIPPET	WARN	reference=DOI:10.3390/biom13050720 has no snippet
data/traits/morphology/cell_width.yaml	cell_width_mreb_lateral_wall:envelope_bending_rigidity->cell_width_trait[0]	MISSING_SNIPPET	WARN	reference=DOI:10.1101/2024.11.22.624946 has no snippet
data/traits/morphology/cell_width.yaml	cell_width_mreb_lateral_wall:mre_accessory_proteins->roda_pbp2_synthase[0]	MISSING_SNIPPET	WARN	reference=DOI:10.1038/s41467-023-39037-9 has no snippet
data/traits/morphology/cell_width.yaml	cell_width_mreb_lateral_wall:roda_pbp2_synthase->rod_complex_pg[0]	MISSING_SNIPPET	WARN	reference=DOI:10.1038/s41467-023-39037-9 has no snippet
data/traits/morphology/cell_width_large.yaml	cell_width_large_setpoint_increase:lipid_ii->pg_polymerization_crosslinking[0]	MISSING_SNIPPET	WARN	reference=DOI:10.3390/biom13050720 has no snippet
data/traits/morphology/cell_width_large.yaml	cell_width_large_setpoint_increase:mreb_filaments->circumferential_pg_insertion[0]	MISSING_SNIPPET	WARN	reference=DOI:10.1073/pnas.2301987120 has no snippet
data/traits/morphology/cell_width_large.yaml	cell_width_large_setpoint_increase:mrec_mred_balance->pbp2_activity[0]	MISSING_SNIPPET	WARN	reference=DOI:10.1002/mbo3.1385 has no snippet
data/traits/morphology/cell_width_large.yaml	cell_width_large_setpoint_increase:rod_complex_rotation->even_pg_distribution[0]	MISSING_SNIPPET	WARN	reference=DOI:10.1002/mbo3.1385 has no snippet
data/traits/morphology/cell_width_large.yaml	cell_width_large_setpoint_increase:roda_pbp2_activation->pg_polymerization_crosslinking[0]	MISSING_SNIPPET	WARN	reference=DOI:10.1038/s41467-023-39037-9 has no snippet
data/traits/morphology/cell_width_large.yaml	cell_width_large_setpoint_increase:roda_pbp2_complex->sidewall_pg_insertion[0]	MISSING_SNIPPET	WARN	reference=DOI:10.1073/pnas.2215237120 has no snippet
data/traits/morphology/cell_width_large.yaml	cell_width_large_setpoint_increase:sidewall_pg_insertion->rod_complex_pg[0]	MISSING_SNIPPET	WARN	reference=DOI:10.1146/annurev-cellbio-101011-155745 has no snippet
data/traits/morphology/cell_width_medium.yaml	cell_width_medium_typical_rod:apbp_proteins->cell_width_trait[0]	MISSING_SNIPPET	WARN	reference=DOI:10.1038/s41467-023-41082-3 has no snippet
data/traits/morphology/cell_width_medium.yaml	cell_width_medium_typical_rod:mrec_protein->pbp2_protein[0]	MISSING_SNIPPET	WARN	reference=DOI:10.1002/mbo3.1385 has no snippet
data/traits/morphology/cell_width_medium.yaml	cell_width_medium_typical_rod:mred_protein->pbp2_protein[0]	MISSING_SNIPPET	WARN	reference=DOI:10.1002/mbo3.1385 has no snippet
data/traits/morphology/cell_width_medium.yaml	cell_width_medium_typical_rod:pbp2_protein->rod_complex_pg[0]	MISSING_SNIPPET	WARN	reference=DOI:10.1002/mbo3.1385 has no snippet
data/traits/morphology/cell_width_medium.yaml	cell_width_medium_typical_rod:pg_polymerization_crosslinking->rod_complex_pg[0]	MISSING_SNIPPET	WARN	reference=DOI:10.1038/s41467-023-39037-9 has no snippet
data/traits/morphology/cell_width_medium.yaml	cell_width_medium_typical_rod:roda_pbp2_complex->pg_polymerization_crosslinking[0]	MISSING_SNIPPET	WARN	reference=DOI:10.1038/s41467-023-39037-9 has no snippet
data/traits/morphology/cell_width_small.yaml	cell_width_small_mreb_setpoint:magnesium_ion->pg_hydrolase_activity[0]	MISSING_SNIPPET	WARN	reference=DOI:10.1038/s41598-021-04294-5 has no snippet
data/traits/morphology/cell_width_small.yaml	cell_width_small_mreb_setpoint:mreb_cytoskeleton->rod_diameter_control[0]	MISSING_SNIPPET	WARN	reference=DOI:10.1016/j.cell.2018.02.050 has no snippet
data/traits/morphology/cell_width_small.yaml	cell_width_small_mreb_setpoint:mrec_protein->roda_pbp2_open[0]	MISSING_SNIPPET	WARN	reference=DOI:10.1038/s41467-023-39037-9 has no snippet
data/traits/morphology/cell_width_small.yaml	cell_width_small_mreb_setpoint:pg_polymerization_crosslinking->rod_complex_pg[0]	MISSING_SNIPPET	WARN	reference=DOI:10.1038/s41467-023-39037-9 has no snippet
data/traits/morphology/cell_width_small.yaml	cell_width_small_mreb_setpoint:rod_diameter_control->cell_width_small_trait[0]	MISSING_SNIPPET	WARN	reference=DOI:10.1016/j.cell.2018.02.050 has no snippet
data/traits/morphology/cell_width_small.yaml	cell_width_small_mreb_setpoint:roda_pbp2_open->pg_polymerization_crosslinking[0]	MISSING_SNIPPET	WARN	reference=DOI:10.1038/s41467-023-39037-9 has no snippet
data/traits/morphology/cell_width_very_small.yaml	cell_width_very_small_streamlining:apbp_proteins->cell_width_trait[0]	MISSING_SNIPPET	WARN	reference=DOI:10.1128/msystems.01017-21 has no snippet
data/traits/morphology/cell_width_very_small.yaml	cell_width_very_small_streamlining:high_surface_to_volume_ratio->nutrient_uptake_efficiency[0]	MISSING_SNIPPET	WARN	reference=DOI:10.31951/2658-3518-2024-a-4-795 has no snippet
data/traits/morphology/cell_width_very_small.yaml	cell_width_very_small_streamlining:reduced_genome_size->streamlining_selection[0]	MISSING_SNIPPET	WARN	reference=DOI:10.1128/mmbr.00124-22 has no snippet
data/traits/morphology/cell_width_very_small.yaml	cell_width_very_small_streamlining:rod_complex->cell_width_trait[0]	MISSING_SNIPPET	WARN	reference=DOI:10.1128/msystems.01017-21 has no snippet
data/traits/morphology/cell_width_very_small.yaml	cell_width_very_small_streamlining:small_cell_bacteria->oligotrophic_waters[0]	MISSING_SNIPPET	WARN	reference=DOI:10.31951/2658-3518-2024-a-4-795 has no snippet
data/traits/morphology/cell_width_very_small.yaml	cell_width_very_small_streamlining:streamlining_selection->cell_width_very_small_trait[0]	UNSUPPORTIVE_SNIPPET	WARN	11 chars, supports nothing specific: 'small cells'
data/traits/morphology/coccobacillus_shaped.yaml	coccobacillus_shaped_short_rod_morphogenesis:ftsZ_filament->peptidoglycan_synthesis[0]	MISSING_SNIPPET	WARN	reference=DOI:10.1128/mBio.00908-16 has no snippet
data/traits/morphology/coccobacillus_shaped.yaml	coccobacillus_shaped_short_rod_morphogenesis:gpsB->pbp2_localization[0]	MISSING_SNIPPET	WARN	reference=DOI:10.1128/mBio.03235-23 has no snippet
data/traits/morphology/coccobacillus_shaped.yaml	coccobacillus_shaped_short_rod_morphogenesis:length_to_width_ratio->short_rod_geometry[0]	MISSING_SNIPPET	WARN	reference=DOI:10.1128/mBio.03235-23 has no snippet
data/traits/morphology/coccobacillus_shaped.yaml	coccobacillus_shaped_short_rod_morphogenesis:pbp2_elongasome->short_rod_geometry[0]	MISSING_SNIPPET	WARN	reference=DOI:10.1073/pnas.2215237120 has no snippet
data/traits/morphology/coccobacillus_shaped.yaml	coccobacillus_shaped_short_rod_morphogenesis:pbp2_localization->peptidoglycan_synthesis[0]	MISSING_SNIPPET	WARN	reference=DOI:10.1128/mBio.03235-23 has no snippet
data/traits/morphology/coccobacillus_shaped.yaml	coccobacillus_shaped_short_rod_morphogenesis:peptidoglycan_synthesis->short_rod_geometry[0]	ECHOES_RESEARCH_REPORT	WARN	also appears in this trait's research report, whose evidence text may be paraphrase — verify against DOI:10.1128/JB.187.1.54-64.2005
data/traits/morphology/coccobacillus_shaped.yaml	coccobacillus_shaped_short_rod_morphogenesis:rodA_pbp3_elongasome->length_to_width_ratio[0]	MISSING_SNIPPET	WARN	reference=DOI:10.1128/mBio.03235-23 has no snippet
data/traits/morphology/coccobacillus_shaped.yaml	coccobacillus_shaped_short_rod_morphogenesis:septal_growth->short_rod_geometry[0]	ELLIPTICAL_SNIPPET	ERROR	non-contiguous quote: 'role at mid-cell ... in early septation'
data/traits/morphology/coccus_shaped.yaml	coccus_shaped_septal_growth:coccus_shaped_trait->orthogonal_division_planes[0]	MISSING_SNIPPET	WARN	reference=DOI:10.1038/nrmicro3088 has no snippet
data/traits/morphology/coccus_shaped.yaml	coccus_shaped_septal_growth:divisome_complex->septal_peptidoglycan_synthesis[0]	MISSING_SNIPPET	WARN	reference=DOI:10.1042/BSR20221664 has no snippet
data/traits/morphology/coccus_shaped.yaml	coccus_shaped_septal_growth:ftsZ_division_ring->septal_peptidoglycan_synthesis[0]	MISSING_SNIPPET	WARN	reference=DOI:10.1042/BSR20221664 has no snippet
data/traits/morphology/coccus_shaped.yaml	coccus_shaped_septal_growth:peripheral_peptidoglycan_synthesis->coccus_shaped_trait[0]	MISSING_SNIPPET	WARN	reference=DOI:10.1038/nrmicro3088 has no snippet
data/traits/morphology/coccus_shaped.yaml	coccus_shaped_septal_growth:peripheral_peptidoglycan_synthesis->ovoid_shape[0]	MISSING_SNIPPET	WARN	reference=DOI:10.1038/nrmicro3088 has no snippet
data/traits/morphology/cream_pigmented.yaml	cream_pigmented_low_carotenoid_density:*	REUSED_SNIPPET	WARN	3 evidence items share one snippet: 'bacterial carotenoid pigments'
data/traits/morphology/cream_pigmented.yaml	cream_pigmented_low_carotenoid_density:carotenoid_biosynthesis_genes->low_carotenoid_biosynthesis[0]	MISSING_SNIPPET	WARN	reference=DOI:10.3390/pathogens12010086 has no snippet
data/traits/morphology/cream_pigmented.yaml	cream_pigmented_low_carotenoid_density:carotenoid_gene_disruption->low_carotenoid_biosynthesis[0]	MISSING_SNIPPET	WARN	reference=DOI:10.3390/pathogens12010086 has no snippet
data/traits/morphology/cream_pigmented.yaml	cream_pigmented_low_carotenoid_density:isoprenoid_precursor_supply->low_carotenoid_biosynthesis[0]	MISSING_SNIPPET	WARN	reference=DOI:10.3390/microorganisms9040670 has no snippet
data/traits/morphology/crescent_shaped.yaml	crescent_shaped_crescentin_curvature:crescent_cell_curvature->crescent_shaped_trait[0]	ELLIPTICAL_SNIPPET	ERROR	non-contiguous quote: 'required for the ... shapes of Caulobacter'
data/traits/morphology/crescent_shaped.yaml	crescent_shaped_crescentin_curvature:crescentin->pg_insertion_inner_curvature[0]	MISSING_SNIPPET	WARN	reference=DOI:10.1038/emboj.2009.61 has no snippet
data/traits/morphology/crescent_shaped.yaml	crescent_shaped_crescentin_curvature:crescentin_envelope_association->crescent_shaped_trait[0]	MISSING_SNIPPET	WARN	reference=DOI:10.1128/jb.01371-09 has no snippet
data/traits/morphology/crescent_shaped.yaml	crescent_shaped_crescentin_curvature:differential_pg_insertion->crescent_shaped_trait[0]	MISSING_SNIPPET	WARN	reference=DOI:10.1038/emboj.2009.61 has no snippet
data/traits/morphology/crescent_shaped.yaml	crescent_shaped_crescentin_curvature:peptidoglycan_growth_bias->crescent_cell_curvature[0]	ECHOES_RESEARCH_REPORT	WARN	also appears in this trait's research report, whose evidence text may be paraphrase — verify against DOI:10.1038/emboj.2009.61
data/traits/morphology/crescent_shaped.yaml	crescent_shaped_crescentin_curvature:pg_insertion_inner_curvature->differential_pg_insertion[0]	MISSING_SNIPPET	WARN	reference=DOI:10.1038/emboj.2009.61 has no snippet
data/traits/morphology/curved_shaped.yaml	curved_shaped_scaffolded_curvature:curved_shaped_trait->motility_in_viscous_environments[0]	MISSING_SNIPPET	WARN	reference=DOI:10.1371/journal.pbio.1002565 has no snippet
data/traits/morphology/curved_shaped.yaml	curved_shaped_scaffolded_curvature:curved_shaped_trait->surface_colonization_motility_virulence[0]	MISSING_SNIPPET	WARN	reference=DOI:10.1038/s41467-024-51790-z has no snippet
data/traits/morphology/curved_shaped.yaml	curved_shaped_scaffolded_curvature:mreb_cytoskeletal_guidance->peptidoglycan_growth_pattern[0]	MISSING_SNIPPET	WARN	reference=DOI:10.3389/fmicb.2017.01264 has no snippet
data/traits/morphology/curved_shaped.yaml	curved_shaped_scaffolded_curvature:peptidoglycan_growth_pattern->zonal_peptidoglycan_remodeling[0]	MISSING_SNIPPET	WARN	reference=DOI:10.1371/journal.pbio.1002565 has no snippet
data/traits/morphology/diplococcus_shaped.yaml	diplococcus_shaped_septal_separation:daughter_cell_separation->daughter_cell_pair[0]	MISSING_SNIPPET	WARN	reference=DOI:10.1038/s42003-023-04808-z has no snippet
data/traits/morphology/diplococcus_shaped.yaml	diplococcus_shaped_septal_separation:hydrolase_septal_localization->daughter_cell_separation[0]	MISSING_SNIPPET	WARN	reference=DOI:10.1038/s42003-023-04808-z has no snippet
data/traits/morphology/diplococcus_shaped.yaml	diplococcus_shaped_septal_separation:lytr_lcp_enzyme->wall_teichoic_acid[0]	MISSING_SNIPPET	WARN	reference=DOI:10.1371/journal.pbio.3001990 has no snippet
data/traits/morphology/diplococcus_shaped.yaml	diplococcus_shaped_septal_separation:separation_pg_hydrolase->septum_cleavage[0]	MISSING_SNIPPET	WARN	reference=DOI:10.1038/s42003-023-04808-z has no snippet
data/traits/morphology/diplococcus_shaped.yaml	diplococcus_shaped_septal_separation:septum_cleavage->daughter_cell_separation[0]	MISSING_SNIPPET	WARN	reference=DOI:10.1038/s42003-023-04808-z has no snippet
data/traits/morphology/diplococcus_shaped.yaml	diplococcus_shaped_septal_separation:wall_teichoic_acid->hydrolase_septal_localization[0]	MISSING_SNIPPET	WARN	reference=DOI:10.1016/j.celrep.2023.112756 has no snippet
data/traits/morphology/disc_shaped.yaml	disc_shaped_anisotropic_wall_growth:disc_shaped_trait->rod_shaped_state[0]	MISSING_SNIPPET	WARN	reference=DOI:10.1038/nature13983 has no snippet
data/traits/morphology/disc_shaped.yaml	disc_shaped_anisotropic_wall_growth:slayer_glycoprotein_maturation->flat_geometry[0]	MISSING_SNIPPET	WARN	reference=DOI:10.1099/mic.0.001012 has no snippet
data/traits/morphology/dumbbell_shaped.yaml	dumbbell_shaped_snapping_division:*	REUSED_SNIPPET	WARN	3 evidence items share one snippet: 'snapping cell division'
data/traits/morphology/dumbbell_shaped.yaml	dumbbell_shaped_snapping_division:mechanical_snapping_separation->v_shaped_daughters[0]	MISSING_SNIPPET	WARN	reference=DOI:10.1128/mmbr.00028-07 has no snippet
data/traits/morphology/dumbbell_shaped.yaml	dumbbell_shaped_snapping_division:outer_envelope_continuity->mechanical_snapping_separation[0]	MISSING_SNIPPET	WARN	reference=DOI:10.1128/mmbr.00028-07 has no snippet
data/traits/morphology/dumbbell_shaped.yaml	dumbbell_shaped_snapping_division:polar_growth->mechanical_snapping_separation[0]	MISSING_SNIPPET	WARN	reference=DOI:10.1128/mmbr.00028-07 has no snippet
data/traits/morphology/dumbbell_shaped.yaml	dumbbell_shaped_snapping_division:septal_hydrolases->septal_pg_hydrolysis[0]	MISSING_SNIPPET	WARN	reference=DOI:10.1038/nrmicro3299 has no snippet
data/traits/morphology/dumbbell_shaped.yaml	dumbbell_shaped_snapping_division:septal_pg_hydrolysis->daughter_cell_separation[0]	MISSING_SNIPPET	WARN	reference=DOI:10.1073/pnas.2214599119 has no snippet
data/traits/morphology/dumbbell_shaped.yaml	dumbbell_shaped_snapping_division:septal_pg_hydrolysis->mechanical_snapping_separation[0]	MISSING_SNIPPET	WARN	reference=DOI:10.1128/mmbr.00028-07 has no snippet
data/traits/morphology/ellipsoidal.yaml	ellipsoidal_ovococcal_elongation:combined_septal_peripheral->ellipsoidal_trait[0]	MISSING_SNIPPET	WARN	reference=DOI:10.1038/nrmicro3088 has no snippet
data/traits/morphology/ellipsoidal.yaml	ellipsoidal_ovococcal_elongation:divisome->septal_pg_synthesis[0]	MISSING_SNIPPET	WARN	reference=DOI:10.1111/mmi.14659 has no snippet
data/traits/morphology/ellipsoidal.yaml	ellipsoidal_ovococcal_elongation:elongasome->peripheral_pg_synthesis[0]	MISSING_SNIPPET	WARN	reference=DOI:10.1111/mmi.14659 has no snippet
data/traits/morphology/ellipsoidal.yaml	ellipsoidal_ovococcal_elongation:pbp2b->peripheral_pg_synthesis[0]	MISSING_SNIPPET	WARN	reference=DOI:10.1111/mmi.13543 has no snippet
data/traits/morphology/ellipsoidal.yaml	ellipsoidal_ovococcal_elongation:spatial_ring_separation->combined_septal_peripheral[0]	MISSING_SNIPPET	WARN	reference=DOI:10.1111/mmi.14659 has no snippet
data/traits/morphology/ellipsoidal.yaml	ellipsoidal_ovococcal_elongation:undecaprenyl_phosphate->septal_pg_synthesis[0]	MISSING_SNIPPET	WARN	reference=DOI:10.7554/eLife.75607 has no snippet
data/traits/morphology/filament_shaped.yaml	filament_shaped_streptomyces_polar_growth:apical_polarisome->apical_growth[0]	MISSING_SNIPPET	WARN	reference=DOI:10.1128/jb.00153-23 has no snippet
data/traits/morphology/filament_shaped.yaml	filament_shaped_streptomyces_polar_growth:apical_polarisome->hyphal_branch_emergence[0]	MISSING_SNIPPET	WARN	reference=DOI:10.1093/femsml/uqad020 has no snippet
data/traits/morphology/filament_shaped.yaml	filament_shaped_streptomyces_polar_growth:cell_wall_glycopolymer_attachment->filament_shaped_trait[0]	MISSING_SNIPPET	WARN	reference=DOI:10.1128/mbio.01492-24 has no snippet
data/traits/morphology/filament_shaped.yaml	filament_shaped_streptomyces_polar_growth:cgla->cell_wall_glycopolymer_attachment[0]	MISSING_SNIPPET	WARN	reference=DOI:10.1128/mbio.01492-24 has no snippet
data/traits/morphology/filament_shaped.yaml	filament_shaped_streptomyces_polar_growth:dna_damage_sos_response->sula[0]	MISSING_SNIPPET	WARN	reference=DOI:10.1002/advs.202203260 has no snippet
data/traits/morphology/filament_shaped.yaml	filament_shaped_streptomyces_polar_growth:ftsz_polymerization->filament_shaped_trait[0]	MISSING_SNIPPET	WARN	reference=DOI:10.1002/advs.202203260 has no snippet
data/traits/morphology/filament_shaped.yaml	filament_shaped_streptomyces_polar_growth:sula->ftsz_polymerization[0]	MISSING_SNIPPET	WARN	reference=DOI:10.1002/advs.202203260 has no snippet
data/traits/morphology/flagellar_arrangement.yaml	evidence[0]	MISSING_SNIPPET	WARN	reference=DOI:10.1093/femsre/fuv034 has no snippet
data/traits/morphology/flagellar_arrangement.yaml	evidence[1]	MISSING_SNIPPET	WARN	reference=DOI:10.3390/biom9070279 has no snippet
data/traits/morphology/flagellar_arrangement.yaml	flagellar_arrangement_flhf_flhg:bacterial_flagellum->flagellar_arrangement_trait[0]	MISSING_SNIPPET	WARN	reference=DOI:10.3390/biom9070279 has no snippet
data/traits/morphology/flagellar_arrangement.yaml	flagellar_arrangement_flhf_flhg:flagellar_assembly_site_marking->cell_pole[0]	MISSING_SNIPPET	WARN	reference=DOI:10.1093/femsre/fuv034 has no snippet
data/traits/morphology/flagellar_arrangement.yaml	flagellar_arrangement_flhf_flhg:flhf->flagellar_assembly_site_marking[0]	MISSING_SNIPPET	WARN	reference=DOI:10.1093/femsre/fuv034 has no snippet
data/traits/morphology/flagellar_arrangement.yaml	flagellar_arrangement_flhf_flhg:flhf->flif_msring[0]	MISSING_SNIPPET	WARN	reference=DOI:10.1038/s41467-024-50274-4 has no snippet
data/traits/morphology/flagellar_arrangement.yaml	flagellar_arrangement_flhf_flhg:flhf->flig[0]	MISSING_SNIPPET	WARN	reference=DOI:10.1038/s41467-024-50274-4 has no snippet
data/traits/morphology/flagellar_arrangement.yaml	flagellar_arrangement_flhf_flhg:flhf_flhg_regulation->flagellar_arrangement_trait[0]	MISSING_SNIPPET	WARN	reference=DOI:10.1093/femsre/fuv034 has no snippet
data/traits/morphology/flagellar_arrangement.yaml	flagellar_arrangement_flhf_flhg:flhg->flhf[0]	MISSING_SNIPPET	WARN	reference=DOI:10.1038/s41467-024-50274-4 has no snippet
data/traits/morphology/flagellar_arrangement.yaml	flagellar_arrangement_flhf_flhg:flig->flif_msring[0]	MISSING_SNIPPET	WARN	reference=DOI:10.1038/s41467-024-50274-4 has no snippet
data/traits/morphology/flagellated.yaml	flagellated_flagellar_motor:chey_p->rotational_switching[0]	MISSING_SNIPPET	WARN	reference=DOI:10.1038/s41564-024-01630-z has no snippet
data/traits/morphology/flagellated.yaml	flagellated_flagellar_motor:filament_polymerization->flagellar_filament[0]	MISSING_SNIPPET	WARN	reference=DOI:10.3390/biom14121488 has no snippet
data/traits/morphology/flagellated.yaml	flagellated_flagellar_motor:fld_filament_cap->filament_polymerization[0]	MISSING_SNIPPET	WARN	reference=DOI:10.3390/biom14121488 has no snippet
data/traits/morphology/flagellated.yaml	flagellated_flagellar_motor:flii_atpase_complex->ft3ss_export_system[0]	MISSING_SNIPPET	WARN	reference=DOI:10.1128/ecosalplus.esp-0011-2023 has no snippet
data/traits/morphology/flagellated.yaml	flagellated_flagellar_motor:ft3ss_export_system->flagellar_structural_subunits[0]	MISSING_SNIPPET	WARN	reference=DOI:10.1128/ecosalplus.esp-0011-2023 has no snippet
data/traits/morphology/flagellated.yaml	flagellated_flagellar_motor:hook_filament_junction->filament_polymerization[0]	MISSING_SNIPPET	WARN	reference=DOI:10.3390/biom14121488 has no snippet
data/traits/morphology/flagellated.yaml	flagellated_flagellar_motor:rotational_switching->flagellated_trait[0]	MISSING_SNIPPET	WARN	reference=DOI:10.1128/ecosalplus.esp-0011-2023 has no snippet
data/traits/morphology/flagellated.yaml	flagellated_flagellar_motor:stator_complex->proton_channel[0]	MISSING_SNIPPET	WARN	reference=DOI:10.3390/biom14121488 has no snippet
data/traits/morphology/flask_shaped.yaml	flask_shaped_asymmetric_polar_growth:bactofilin_cytoskeleton->asymmetric_compartment_growth[0]	MISSING_SNIPPET	WARN	reference=DOI:10.7554/elife.86577.2 has no snippet
data/traits/morphology/flask_shaped.yaml	flask_shaped_asymmetric_polar_growth:bactofilin_lmdc_module->cell_wall_biosynthesis[0]	MISSING_SNIPPET	WARN	reference=DOI:10.7554/elife.86577.2 has no snippet
data/traits/morphology/flask_shaped.yaml	flask_shaped_asymmetric_polar_growth:pg_growth_zone_position->appendage_position_shape[0]	MISSING_SNIPPET	WARN	reference=DOI:10.1371/journal.pbio.1002565 has no snippet
data/traits/morphology/flask_shaped.yaml	flask_shaped_asymmetric_polar_growth:zonal_polar_pg_synthesis->polar_outgrowth[0]	MISSING_SNIPPET	WARN	reference=DOI:10.1371/journal.pbio.1002565 has no snippet
data/traits/morphology/fusiform_shaped.yaml	fusiform_shaped_tapered_polar_growth:ftsw->septal_pg_incorporation[0]	MISSING_SNIPPET	WARN	reference=DOI:10.1016/j.mib.2021.01.011 has no snippet
data/traits/morphology/fusiform_shaped.yaml	fusiform_shaped_tapered_polar_growth:mreb->lateral_pg_synthesis[0]	MISSING_SNIPPET	WARN	reference=DOI:10.1038/s41579-020-0366-3 has no snippet
data/traits/morphology/fusiform_shaped.yaml	fusiform_shaped_tapered_polar_growth:mrec->pbp2[0]	MISSING_SNIPPET	WARN	reference=DOI:10.1038/s41579-020-0366-3 has no snippet
data/traits/morphology/fusiform_shaped.yaml	fusiform_shaped_tapered_polar_growth:roda->lateral_pg_synthesis[0]	MISSING_SNIPPET	WARN	reference=DOI:10.1016/j.mib.2021.01.011 has no snippet
data/traits/morphology/fusiform_shaped.yaml	fusiform_shaped_tapered_polar_growth:rodz->elongasome[0]	MISSING_SNIPPET	WARN	reference=DOI:10.1038/s41579-020-0366-3 has no snippet
data/traits/morphology/fusiform_shaped.yaml	fusiform_shaped_tapered_polar_growth:rodz->mreb_localization[0]	MISSING_SNIPPET	WARN	reference=DOI:10.1186/s12964-025-02373-y has no snippet
data/traits/morphology/gas_vesicle.yaml	evidence[0]	MISSING_SNIPPET	WARN	reference=DOI:10.1038/nrmicro2834 has no snippet
data/traits/morphology/gas_vesicle.yaml	evidence[1]	MISSING_SNIPPET	WARN	reference=DOI:10.1038/s41579-020-0413-0 has no snippet
data/traits/morphology/gas_vesicle.yaml	gas_vesicle_buoyancy:buoyancy->water_column_positioning[0]	MISSING_SNIPPET	WARN	reference=DOI:10.1038/s41579-020-0413-0 has no snippet
data/traits/morphology/gas_vesicle.yaml	gas_vesicle_buoyancy:gas_vesicle_shell->ultrasound_scattering[0]	MISSING_SNIPPET	WARN	reference=DOI:10.1021/acssynbio.4c00283 has no snippet
data/traits/morphology/gas_vesicle.yaml	gas_vesicle_buoyancy:gas_vesicle_trait->buoyancy[0]	MISSING_SNIPPET	WARN	reference=DOI:10.1038/nrmicro2834 has no snippet
data/traits/morphology/gas_vesicle.yaml	gas_vesicle_buoyancy:gvpa_protein->gas_vesicle_shell[0]	MISSING_SNIPPET	WARN	reference=DOI:10.1186/s13036-024-00426-3 has no snippet
data/traits/morphology/gas_vesicle.yaml	gas_vesicle_buoyancy:gvpc_protein->gas_vesicle_shell[0]	MISSING_SNIPPET	WARN	reference=DOI:10.1186/s13036-024-00426-3 has no snippet
data/traits/morphology/gas_vesicle.yaml	gas_vesicle_buoyancy:gvpd_protein->gas_vesicle_formation[0]	MISSING_SNIPPET	WARN	reference=DOI:10.1186/s13036-024-00426-3 has no snippet
data/traits/morphology/gas_vesicle.yaml	gas_vesicle_buoyancy:hydrophobic_inner_surface->water_condensation[0]	MISSING_SNIPPET	WARN	reference=DOI:10.1038/s44318-024-00178-2 has no snippet
data/traits/morphology/gas_vesicle.yaml	gas_vesicle_buoyancy:hydrostatic_pressure->gas_vesicle_collapse[0]	MISSING_SNIPPET	WARN	reference=DOI:10.1186/s13036-024-00426-3 has no snippet
data/traits/morphology/gliding.yaml	gliding_surface_motility:cell_propulsion->gliding_trait[0]	MISSING_SNIPPET	WARN	reference=DOI:10.1371/journal.pbio.3001443 has no snippet
data/traits/morphology/gliding.yaml	gliding_surface_motility:gliding_gene_complement->gliding_trait[0]	MISSING_SNIPPET	WARN	reference=DOI:10.1021/acsomega.3c05155 has no snippet
data/traits/morphology/gliding.yaml	gliding_surface_motility:helical_track->surface_adhesins[0]	MISSING_SNIPPET	WARN	reference=DOI:10.1038/s42003-023-04472-3 has no snippet
data/traits/morphology/gliding.yaml	gliding_surface_motility:substratum_coupling->cell_propulsion[0]	MISSING_SNIPPET	WARN	reference=DOI:10.1371/journal.pbio.3001443 has no snippet
data/traits/morphology/gliding.yaml	gliding_surface_motility:surface_adhesins->substratum_coupling[0]	MISSING_SNIPPET	WARN	reference=DOI:10.1126/sciadv.abq0619 has no snippet
data/traits/morphology/gram_negative.yaml	gram_negative_outer_membrane_dye_loss:bam_complex->beta_barrel_omps[0]	MISSING_SNIPPET	WARN	reference=DOI:10.3390/pathogens13100889 has no snippet
data/traits/morphology/gram_negative.yaml	gram_negative_outer_membrane_dye_loss:divalent_cations->lipopolysaccharide[0]	MISSING_SNIPPET	WARN	reference=DOI:10.3390/pathogens13100889 has no snippet
data/traits/morphology/gram_negative.yaml	gram_negative_outer_membrane_dye_loss:lipopolysaccharide->outer_membrane_barrier_function[0]	MISSING_SNIPPET	WARN	reference=DOI:10.1146/annurev-micro-032521-014507 has no snippet
data/traits/morphology/gram_negative.yaml	gram_negative_outer_membrane_dye_loss:lipopolysaccharide->outer_membrane_outer_leaflet[0]	MISSING_SNIPPET	WARN	reference=DOI:10.1146/annurev-micro-032521-014507 has no snippet
data/traits/morphology/gram_negative.yaml	gram_negative_outer_membrane_dye_loss:lpt_pathway->lipopolysaccharide[0]	MISSING_SNIPPET	WARN	reference=DOI:10.1007/s12275-024-00137-w has no snippet
data/traits/morphology/gram_negative.yaml	gram_negative_outer_membrane_dye_loss:mla_pathway->outer_membrane_lipid_asymmetry[0]	MISSING_SNIPPET	WARN	reference=DOI:10.3390/pathogens13100889 has no snippet
data/traits/morphology/gram_negative.yaml	gram_negative_outer_membrane_dye_loss:thin_peptidoglycan_layer->crystal_violet_iodine_complex[0]	ELLIPTICAL_SNIPPET	ERROR	non-contiguous quote: 'cell wall ... responsible for retention'
data/traits/morphology/gram_negative.yaml	gram_negative_outer_membrane_dye_loss:thin_peptidoglycan_layer->periplasmic_space[0]	ELLIPTICAL_SNIPPET	ERROR	non-contiguous quote: 'periplasm ... containing a thin layer of peptidoglycan'
data/traits/morphology/gram_negative.yaml	gram_negative_outer_membrane_dye_loss:tol_pal_system->cell_envelope_connectivity[0]	MISSING_SNIPPET	WARN	reference=DOI:10.1038/s44259-024-00065-0 has no snippet
data/traits/morphology/gram_positive.yaml	gram_positive_cell_wall_retention:cv_iodine_complex_formation->crystal_violet_iodine_complex[0]	MISSING_SNIPPET	WARN	reference=DOI:10.1038/s42003-026-10072-8 has no snippet
data/traits/morphology/gram_positive.yaml	gram_positive_cell_wall_retention:d_alanine_esters->teichoic_acid_negative_charge[0]	MISSING_SNIPPET	WARN	reference=DOI:10.1038/s41564-023-01411-0 has no snippet
data/traits/morphology/gram_positive.yaml	gram_positive_cell_wall_retention:d_alanylation_teichoic_acids->positively_charged_cell_surface[0]	MISSING_SNIPPET	WARN	reference=DOI:10.1093/femsre/fuaa064 has no snippet
data/traits/morphology/gram_positive.yaml	gram_positive_cell_wall_retention:iodine_mordant->cv_iodine_complex_formation[0]	MISSING_SNIPPET	WARN	reference=DOI:10.52403/ijrr.20230934 has no snippet
data/traits/morphology/gram_positive.yaml	gram_positive_cell_wall_retention:peptidoglycan_mesh_low_porosity->crystal_violet_iodine_complex[0]	MISSING_SNIPPET	WARN	reference=DOI:10.1038/s42003-026-10072-8 has no snippet
data/traits/morphology/gram_positive.yaml	gram_positive_cell_wall_retention:thick_peptidoglycan_cell_wall->crystal_violet_iodine_complex[0]	ELLIPTICAL_SNIPPET	ERROR	non-contiguous quote: 'cell wall ... responsible for retention'
data/traits/morphology/gram_positive.yaml	gram_positive_cell_wall_retention:wall_teichoic_acids->positively_charged_cell_surface[0]	MISSING_SNIPPET	WARN	reference=DOI:10.1146/annurev-micro-092412-155620 has no snippet
data/traits/morphology/gram_stain.yaml	gram_stain_cell_envelope_retention:crystal_violet_iodine_complex->peptidoglycan_cell_wall[0]	ELLIPTICAL_SNIPPET	ERROR	non-contiguous quote: 'cell wall ... responsible for retention'
data/traits/morphology/gram_variable.yaml	gram_variable_wall_thinning:cell_wall_deficient_forms->mixed_staining[0]	MISSING_SNIPPET	WARN	reference=DOI:10.1101/2023.11.16.566987 has no snippet
data/traits/morphology/gram_variable.yaml	gram_variable_wall_thinning:culture_aging->peptidoglycan_thinning[0]	UNSUPPORTIVE_SNIPPET	WARN	9 chars, supports nothing specific: 'autolysis'
data/traits/morphology/gram_variable.yaml	gram_variable_wall_thinning:cv_iodide_complex_retention->crystal_violet_retention_loss[0]	MISSING_SNIPPET	WARN	reference=DOI:10.1128/spectrum.00732-24 has no snippet
data/traits/morphology/gram_variable.yaml	gram_variable_wall_thinning:thin_peptidoglycan_layer->cv_iodide_complex_retention[0]	MISSING_SNIPPET	WARN	reference=DOI:10.1128/spectrum.00732-24 has no snippet
data/traits/morphology/gram_variable.yaml	gram_variable_wall_thinning:thin_peptidoglycan_layer->gram_negative_staining[0]	MISSING_SNIPPET	WARN	reference=DOI:10.1128/spectrum.00732-24 has no snippet
data/traits/morphology/green_pigmented.yaml	green_pigmented_pyocyanin_phenazine:chorismate->phenazine_1_carboxylic_acid[0]	MISSING_SNIPPET	WARN	reference=DOI:10.1007/s11274-023-03548-w has no snippet
data/traits/morphology/green_pigmented.yaml	green_pigmented_pyocyanin_phenazine:iron_limitation->pyoverdine_biosynthesis[0]	MISSING_SNIPPET	WARN	reference=DOI:10.3390/ijms25116013 has no snippet
data/traits/morphology/green_pigmented.yaml	green_pigmented_pyocyanin_phenazine:phenazine_1_carboxylic_acid->pyocyanin[0]	MISSING_SNIPPET	WARN	reference=DOI:10.1007/s11274-023-03548-w has no snippet
data/traits/morphology/green_pigmented.yaml	green_pigmented_pyocyanin_phenazine:pvd_nrps->pyoverdine_biosynthesis[0]	MISSING_SNIPPET	WARN	reference=DOI:10.3390/ijms25116013 has no snippet
data/traits/morphology/green_pigmented.yaml	green_pigmented_pyocyanin_phenazine:pyocyanin_redox_ph->visible_green_color[0]	MISSING_SNIPPET	WARN	reference=DOI:10.1007/s11274-023-03548-w has no snippet
data/traits/morphology/green_pigmented.yaml	green_pigmented_pyocyanin_phenazine:pyoverdine_biosynthesis->visible_green_color[0]	MISSING_SNIPPET	WARN	reference=DOI:10.1186/s12934-023-02122-1 has no snippet
data/traits/morphology/green_pigmented.yaml	green_pigmented_pyocyanin_phenazine:quorum_sensing->pyocyanin[0]	MISSING_SNIPPET	WARN	reference=DOI:10.1186/s12934-023-02122-1 has no snippet
data/traits/morphology/helical_shaped.yaml	helical_shaped_pg_relaxation:ccmA->peptidoglycan_crosslink_relaxation[0]	ELLIPTICAL_SNIPPET	ERROR	non-contiguous quote: 'three LytM peptidoglycan endopeptidase homologs ... and a ccmA homolog'
data/traits/morphology/helical_shaped.yaml	helical_shaped_pg_relaxation:peptidoglycan_crosslink_relaxation->helical_curvature_twist[0]	ECHOES_RESEARCH_REPORT	WARN	also appears in this trait's research report, whose evidence text may be paraphrase — verify against DOI:10.1016/j.cell.2010.03.046
data/traits/morphology/helical_shaped.yaml	helical_shaped_pg_relaxation:pg_crosslink_hydrolysis->helical_curvature_twist[0]	MISSING_SNIPPET	WARN	reference=DOI:10.1016/j.cell.2010.03.046 has no snippet
data/traits/morphology/helical_shaped.yaml	helical_shaped_pg_relaxation:pg_dl_carboxypeptidase_activity->pg_stem_peptide_trimming[0]	MISSING_SNIPPET	WARN	reference=DOI:10.1371/journal.ppat.1002602 has no snippet
data/traits/morphology/helical_shaped.yaml	helical_shaped_pg_relaxation:pg_modifying_enzyme_loss->rod_shaped_morphology[0]	MISSING_SNIPPET	WARN	reference=DOI:10.1371/journal.ppat.1002602 has no snippet
data/traits/morphology/helical_shaped.yaml	helical_shaped_pg_relaxation:pg_stem_peptide_trimming->helical_shaped_trait[0]	MISSING_SNIPPET	WARN	reference=DOI:10.1371/journal.ppat.1002602 has no snippet
data/traits/morphology/helical_shaped.yaml	helical_shaped_pg_relaxation:rod_shaped_morphology->helical_shaped_trait[0]	MISSING_SNIPPET	WARN	reference=DOI:10.1371/journal.ppat.1002602 has no snippet
data/traits/morphology/heterocyst.yaml	evidence[0]	MISSING_SNIPPET	WARN	reference=DOI:10.1101/cshperspect.a000315 has no snippet
data/traits/morphology/heterocyst.yaml	evidence[1]	MISSING_SNIPPET	WARN	reference=DOI:10.1093/femsre/fuw029 has no snippet
data/traits/morphology/heterocyst.yaml	heterocyst_microoxic_nitrogen_fixation:cell_differentiation->heterocyst_trait[0]	MISSING_SNIPPET	WARN	reference=DOI:10.1093/femsre/fuw029 has no snippet
data/traits/morphology/heterocyst.yaml	heterocyst_microoxic_nitrogen_fixation:furc_perr->hetr_promoter[0]	MISSING_SNIPPET	WARN	reference=DOI:10.1371/journal.pone.0289761 has no snippet
data/traits/morphology/heterocyst.yaml	heterocyst_microoxic_nitrogen_fixation:glycolipid_layer->oxygen[0]	MISSING_SNIPPET	WARN	reference=DOI:10.1101/2023.10.04.560878 has no snippet
data/traits/morphology/heterocyst.yaml	heterocyst_microoxic_nitrogen_fixation:het_envelope->microoxic_interior[0]	MISSING_SNIPPET	WARN	reference=DOI:10.1093/pcp/pcae011 has no snippet
data/traits/morphology/heterocyst.yaml	heterocyst_microoxic_nitrogen_fixation:heterocyst_trait->microoxic_interior[0]	MISSING_SNIPPET	WARN	reference=DOI:10.1101/cshperspect.a000315 has no snippet
data/traits/morphology/heterocyst.yaml	heterocyst_microoxic_nitrogen_fixation:hetn_regulator->het_diff_process[0]	MISSING_SNIPPET	WARN	reference=DOI:10.1101/2023.10.04.560878 has no snippet
data/traits/morphology/heterocyst.yaml	heterocyst_microoxic_nitrogen_fixation:hetr_regulator->het_diff_process[0]	MISSING_SNIPPET	WARN	reference=DOI:10.1371/journal.pone.0289761 has no snippet
data/traits/morphology/heterocyst.yaml	heterocyst_microoxic_nitrogen_fixation:microoxic_interior->nitrogen_fixation[0]	MISSING_SNIPPET	WARN	reference=DOI:10.1101/cshperspect.a000315 has no snippet
data/traits/morphology/heterocyst.yaml	heterocyst_microoxic_nitrogen_fixation:pats_peptide->het_diff_process[0]	MISSING_SNIPPET	WARN	reference=DOI:10.1101/2023.10.04.560878 has no snippet
data/traits/morphology/heterocyst.yaml	heterocyst_microoxic_nitrogen_fixation:polysaccharide_layer->glycolipid_layer[0]	MISSING_SNIPPET	WARN	reference=DOI:10.1101/2023.10.04.560878 has no snippet
data/traits/morphology/intracellular_inclusion.yaml	evidence[0]	MISSING_SNIPPET	WARN	reference=DOI:10.1038/s41579-020-0413-0 has no snippet
data/traits/morphology/intracellular_inclusion.yaml	evidence[1]	MISSING_SNIPPET	WARN	reference=DOI:10.1038/nrmicro.2018.10 has no snippet
data/traits/morphology/intracellular_inclusion.yaml	inclusion_compartmentalization:bacterial_microcompartment->bmc_metabolic_cargo[0]	MISSING_SNIPPET	WARN	reference=DOI:10.1042/bst20230229 has no snippet
data/traits/morphology/intracellular_inclusion.yaml	inclusion_compartmentalization:bacterial_microcompartment->inclusion_trait[0]	MISSING_SNIPPET	WARN	reference=DOI:10.1038/nrmicro.2018.10 has no snippet
data/traits/morphology/intracellular_inclusion.yaml	inclusion_compartmentalization:gas_vesicle->buoyancy[0]	MISSING_SNIPPET	WARN	reference=DOI:10.1186/s13036-024-00426-3 has no snippet
data/traits/morphology/intracellular_inclusion.yaml	inclusion_compartmentalization:gas_vesicle_gene_cluster->gas_vesicle[0]	MISSING_SNIPPET	WARN	reference=DOI:10.1186/s13036-024-00426-3 has no snippet
data/traits/morphology/intracellular_inclusion.yaml	inclusion_compartmentalization:inclusion_trait->cytoplasmic_compartmentalization[0]	MISSING_SNIPPET	WARN	reference=DOI:10.1038/s41579-020-0413-0 has no snippet
data/traits/morphology/intracellular_inclusion.yaml	inclusion_compartmentalization:nitrogen_depletion->pha_granule[0]	MISSING_SNIPPET	WARN	reference=DOI:10.3390/molecules29102293 has no snippet
data/traits/morphology/intracellular_inclusion.yaml	inclusion_compartmentalization:pha_synthase_pathway->pha_granule[0]	MISSING_SNIPPET	WARN	reference=DOI:10.3390/molecules29102293 has no snippet
data/traits/morphology/intracellular_inclusion.yaml	inclusion_compartmentalization:polyphosphate_kinase->polyphosphate_granule[0]	MISSING_SNIPPET	WARN	reference=DOI:10.3390/foods14132211 has no snippet
data/traits/morphology/intracellular_inclusion.yaml	inclusion_compartmentalization:sulfide_oxidation->sulfur_globule[0]	MISSING_SNIPPET	WARN	reference=DOI:10.1371/journal.pone.0310265 has no snippet
data/traits/morphology/irregular_shaped.yaml	irregular_shaped_loss_of_patterning:mreb_loss->irregular_shaped_trait[0]	MISSING_SNIPPET	WARN	reference=DOI:10.1101/2024.11.22.624946 has no snippet
data/traits/morphology/irregular_shaped.yaml	irregular_shaped_loss_of_patterning:mreb_loss->mreb_cytoskeleton_function[0]	MISSING_SNIPPET	WARN	reference=DOI:10.1101/2024.11.22.624946 has no snippet
data/traits/morphology/irregular_shaped.yaml	irregular_shaped_loss_of_patterning:polar_growth_perturbation->polar_growth_organization[0]	MISSING_SNIPPET	WARN	reference=DOI:10.21203/rs.3.rs-3811693/v1 has no snippet
data/traits/morphology/irregular_shaped.yaml	irregular_shaped_loss_of_patterning:polar_growth_perturbation->variable_geometry[0]	MISSING_SNIPPET	WARN	reference=DOI:10.21203/rs.3.rs-3811693/v1 has no snippet
data/traits/morphology/irregular_shaped.yaml	irregular_shaped_loss_of_patterning:synthase_hydrolase_imbalance->reduced_wall_patterning[0]	MISSING_SNIPPET	WARN	reference=DOI:10.1038/s41467-023-41082-3 has no snippet
data/traits/morphology/irregular_shaped.yaml	irregular_shaped_loss_of_patterning:wall_less_state->irregular_shaped_trait[0]	MISSING_SNIPPET	WARN	reference=DOI:10.1038/s42003-024-07279-y has no snippet
data/traits/morphology/lophotrichous.yaml	evidence[0]	MISSING_SNIPPET	WARN	reference=DOI:10.1093/femsre/fuv034 has no snippet
data/traits/morphology/lophotrichous.yaml	evidence[1]	MISSING_SNIPPET	WARN	reference=DOI:10.3390/biom9070279 has no snippet
data/traits/morphology/lophotrichous.yaml	lophotrichous_polar_tuft:bacterial_flagellum->lophotrichous_trait[0]	MISSING_SNIPPET	WARN	reference=DOI:10.1093/femsre/fuv034 has no snippet
data/traits/morphology/lophotrichous.yaml	lophotrichous_polar_tuft:fipa_protein->lophotrichous_trait[0]	MISSING_SNIPPET	WARN	reference=DOI:10.7554/eLife.93004.3 has no snippet
data/traits/morphology/lophotrichous.yaml	lophotrichous_polar_tuft:flhf_protein->cell_pole[0]	MISSING_SNIPPET	WARN	reference=DOI:10.7554/eLife.93004.3 has no snippet
data/traits/morphology/lophotrichous.yaml	lophotrichous_polar_tuft:flhf_protein->flig_protein[0]	MISSING_SNIPPET	WARN	reference=DOI:10.1038/s41467-024-50274-4 has no snippet
data/traits/morphology/lophotrichous.yaml	lophotrichous_polar_tuft:flhg_protein->flagellar_number[0]	MISSING_SNIPPET	WARN	reference=DOI:10.1093/femsre/fuv034 has no snippet
data/traits/morphology/lophotrichous.yaml	lophotrichous_polar_tuft:flhg_protein->flhf_protein[0]	MISSING_SNIPPET	WARN	reference=DOI:10.1038/s41467-024-50274-4 has no snippet
data/traits/morphology/lophotrichous.yaml	lophotrichous_polar_tuft:flig_protein->flif_protein[0]	MISSING_SNIPPET	WARN	reference=DOI:10.7554/eLife.93004.3 has no snippet
data/traits/morphology/lophotrichous.yaml	lophotrichous_polar_tuft:lophotrichous_trait->polar_tuft_placement[0]	MISSING_SNIPPET	WARN	reference=DOI:10.3390/biom9070279 has no snippet
data/traits/morphology/magnetosome.yaml	evidence[0]	MISSING_SNIPPET	WARN	reference=DOI:10.1038/nrmicro.2016.99 has no snippet
data/traits/morphology/magnetosome.yaml	evidence[1]	MISSING_SNIPPET	WARN	reference=DOI:10.1038/nrmicro842 has no snippet
data/traits/morphology/magnetosome.yaml	magnetosome_magnetotaxis:biomineralization->magnetic_mineral_crystal[0]	MISSING_SNIPPET	WARN	reference=DOI:10.1111/mmi.15330 has no snippet
data/traits/morphology/magnetosome.yaml	magnetosome_magnetotaxis:low_sulfide_environment->magnetite_magnetosome[0]	MISSING_SNIPPET	WARN	reference=DOI:10.1111/mmi.15330 has no snippet
data/traits/morphology/magnetosome.yaml	magnetosome_magnetotaxis:magnetic_mineral_crystal->magnetosome_trait[0]	MISSING_SNIPPET	WARN	reference=DOI:10.1038/nrmicro.2016.99 has no snippet
data/traits/morphology/magnetosome.yaml	magnetosome_magnetotaxis:magnetosome_chain->magnetotaxis[0]	MISSING_SNIPPET	WARN	reference=DOI:10.1128/mbio.01649-23 has no snippet
data/traits/morphology/magnetosome.yaml	magnetosome_magnetotaxis:magnetosome_trait->magnetotaxis[0]	MISSING_SNIPPET	WARN	reference=DOI:10.1038/nrmicro842 has no snippet
data/traits/morphology/magnetosome.yaml	magnetosome_magnetotaxis:mamab_operon->biomineralization[0]	MISSING_SNIPPET	WARN	reference=DOI:10.1111/mmi.15330 has no snippet
data/traits/morphology/magnetosome.yaml	magnetosome_magnetotaxis:mamb_protein->membrane_invagination[0]	MISSING_SNIPPET	WARN	reference=DOI:10.1111/mmi.15330 has no snippet
data/traits/morphology/magnetosome.yaml	magnetosome_magnetotaxis:mamk_protein->magnetosome_chain[0]	MISSING_SNIPPET	WARN	reference=DOI:10.1128/mbio.01649-23 has no snippet
data/traits/morphology/magnetosome.yaml	magnetosome_magnetotaxis:mamk_protein->mamk_filaments[0]	MISSING_SNIPPET	WARN	reference=DOI:10.1128/mbio.01649-23 has no snippet
data/traits/morphology/magnetosome.yaml	magnetosome_magnetotaxis:sulfide_rich_habitat->greigite_magnetosome[0]	MISSING_SNIPPET	WARN	reference=DOI:10.1111/mmi.15330 has no snippet
data/traits/morphology/monotrichous.yaml	evidence[0]	MISSING_SNIPPET	WARN	reference=DOI:10.1093/femsre/fuv034 has no snippet
data/traits/morphology/monotrichous.yaml	evidence[1]	MISSING_SNIPPET	WARN	reference=DOI:10.3390/biom9070279 has no snippet
data/traits/morphology/monotrichous.yaml	monotrichous_single_polar_flagellum:bacterial_flagellum->monotrichous_trait[0]	MISSING_SNIPPET	WARN	reference=DOI:10.1093/femsre/fuv034 has no snippet
data/traits/morphology/monotrichous.yaml	monotrichous_single_polar_flagellum:flhf_gtpase->flig_protein[0]	MISSING_SNIPPET	WARN	reference=DOI:10.1038/s41467-024-50274-4 has no snippet
data/traits/morphology/monotrichous.yaml	monotrichous_single_polar_flagellum:flhf_gtpase->flim_flin[0]	MISSING_SNIPPET	WARN	reference=DOI:10.1038/s41467-024-50274-4 has no snippet
data/traits/morphology/monotrichous.yaml	monotrichous_single_polar_flagellum:flhf_gtpase->polar_flagellum_localization[0]	MISSING_SNIPPET	WARN	reference=DOI:10.1128/jb.00110-23 has no snippet
data/traits/morphology/monotrichous.yaml	monotrichous_single_polar_flagellum:flhg_atpase->flagellum_number[0]	MISSING_SNIPPET	WARN	reference=DOI:10.1128/jb.00110-23 has no snippet
data/traits/morphology/monotrichous.yaml	monotrichous_single_polar_flagellum:flhg_atpase->flhf_gtpase[0]	MISSING_SNIPPET	WARN	reference=DOI:10.1038/s41467-024-50274-4 has no snippet
data/traits/morphology/monotrichous.yaml	monotrichous_single_polar_flagellum:flig_protein->flif_msring[0]	MISSING_SNIPPET	WARN	reference=DOI:10.1038/s41467-024-50274-4 has no snippet
data/traits/morphology/monotrichous.yaml	monotrichous_single_polar_flagellum:monotrichous_trait->polar_placement[0]	MISSING_SNIPPET	WARN	reference=DOI:10.3390/biom9070279 has no snippet
data/traits/morphology/motile.yaml	motile_energy_dependent_locomotion:chea_kinase->chey_response_regulator[0]	MISSING_SNIPPET	WARN	reference=DOI:10.3390/biom14121488 has no snippet
data/traits/morphology/motile.yaml	motile_energy_dependent_locomotion:chey_response_regulator->flagellar_c_ring[0]	MISSING_SNIPPET	WARN	reference=DOI:10.3390/biom14121488 has no snippet
data/traits/morphology/motile.yaml	motile_energy_dependent_locomotion:flagellar_c_ring->chemotaxis_signaling[0]	MISSING_SNIPPET	WARN	reference=DOI:10.3390/biom14121488 has no snippet
data/traits/morphology/motile.yaml	motile_energy_dependent_locomotion:gliding_motility->motile_trait[0]	MISSING_SNIPPET	WARN	reference=DOI:10.1128/jb.00068-24 has no snippet
data/traits/morphology/motile.yaml	motile_energy_dependent_locomotion:motab_stator->stator_proton_channel[0]	MISSING_SNIPPET	WARN	reference=DOI:10.3390/biom14121488 has no snippet
data/traits/morphology/motile.yaml	motile_energy_dependent_locomotion:motor_torque->flagellar_motor[0]	MISSING_SNIPPET	WARN	reference=DOI:10.3390/biom14121488 has no snippet
data/traits/morphology/motile.yaml	motile_energy_dependent_locomotion:motor_torque->flig_rotor[0]	MISSING_SNIPPET	WARN	reference=DOI:10.3390/biom14121488 has no snippet
data/traits/morphology/motile.yaml	motile_energy_dependent_locomotion:pilb_atpase->t4p_extension[0]	MISSING_SNIPPET	WARN	reference=DOI:10.1128/msphere.00390-24 has no snippet
data/traits/morphology/motile.yaml	motile_energy_dependent_locomotion:pilt_atpase->t4p_retraction[0]	MISSING_SNIPPET	WARN	reference=DOI:10.1128/msphere.00390-24 has no snippet
data/traits/morphology/motile.yaml	motile_energy_dependent_locomotion:sprb_adhesin_movement->gliding_motility[0]	MISSING_SNIPPET	WARN	reference=DOI:10.1128/jb.00068-24 has no snippet
data/traits/morphology/motile.yaml	motile_energy_dependent_locomotion:stator_proton_channel->motor_torque[0]	MISSING_SNIPPET	WARN	reference=DOI:10.3390/biom14121488 has no snippet
data/traits/morphology/motile.yaml	motile_energy_dependent_locomotion:t4p_extension->twitching_motility[0]	MISSING_SNIPPET	WARN	reference=DOI:10.1128/msphere.00390-24 has no snippet
data/traits/morphology/motile.yaml	motile_energy_dependent_locomotion:t4p_retraction->twitching_motility[0]	MISSING_SNIPPET	WARN	reference=DOI:10.1128/msphere.00390-24 has no snippet
data/traits/morphology/motile.yaml	motile_energy_dependent_locomotion:twitching_motility->motile_trait[0]	MISSING_SNIPPET	WARN	reference=DOI:10.1128/msphere.00390-24 has no snippet
data/traits/morphology/motility.yaml	motility_locomotion_machinery:archaellum->motility_trait[0]	MISSING_SNIPPET	WARN	reference=DOI:10.1038/s41467-024-50277-1 has no snippet
data/traits/morphology/motility.yaml	motility_locomotion_machinery:c_di_gmp->motility_trait[0]	MISSING_SNIPPET	WARN	reference=DOI:10.1038/s42003-024-07392-y has no snippet
data/traits/morphology/motility.yaml	motility_locomotion_machinery:pilb_extension_atpase->type_iv_pilus[0]	MISSING_SNIPPET	WARN	reference=DOI:10.1128/jb.00359-24 has no snippet
data/traits/morphology/motility.yaml	motility_locomotion_machinery:pilt_retraction_atpase->type_iv_pilus[0]	MISSING_SNIPPET	WARN	reference=DOI:10.1128/jb.00359-24 has no snippet
data/traits/morphology/motility.yaml	motility_locomotion_machinery:t4p_retraction->twitching_motility[0]	MISSING_SNIPPET	WARN	reference=DOI:10.1128/jb.00442-23 has no snippet
data/traits/morphology/motility.yaml	motility_locomotion_machinery:type_iv_pilus->twitching_motility[0]	MISSING_SNIPPET	WARN	reference=DOI:10.1128/msphere.00390-24 has no snippet
data/traits/morphology/mycelial_growth.yaml	evidence[0]	MISSING_SNIPPET	WARN	reference=DOI:10.1038/nrmicro1968 has no snippet
data/traits/morphology/mycelial_growth.yaml	evidence[1]	MISSING_SNIPPET	WARN	reference=DOI:10.1038/nrmicro3178 has no snippet
data/traits/morphology/mycelial_growth.yaml	mycelial_branching_hyphal_growth:cglA_ligase->ftsz_ring_positioning[0]	MISSING_SNIPPET	WARN	reference=DOI:10.1128/mbio.01492-24 has no snippet
data/traits/morphology/mycelial_growth.yaml	mycelial_branching_hyphal_growth:cglA_ligase->hyphal_tip_growth_zones[0]	MISSING_SNIPPET	WARN	reference=DOI:10.1128/mbio.01492-24 has no snippet
data/traits/morphology/mycelial_growth.yaml	mycelial_branching_hyphal_growth:cglA_ligase->wta_attachment[0]	MISSING_SNIPPET	WARN	reference=DOI:10.1128/mbio.01492-24 has no snippet
data/traits/morphology/mycelial_growth.yaml	mycelial_branching_hyphal_growth:divIVA_polarisome->hyphal_extension[0]	MISSING_SNIPPET	WARN	reference=DOI:10.1128/JB.00153-23 has no snippet
data/traits/morphology/mycelial_growth.yaml	mycelial_branching_hyphal_growth:ftsz_z_ladders->sporulation_septation[0]	MISSING_SNIPPET	WARN	reference=DOI:10.1128/mbio.01492-24 has no snippet
data/traits/morphology/mycelial_growth.yaml	mycelial_branching_hyphal_growth:hyphal_extension->mycelial_growth_trait[0]	MISSING_SNIPPET	WARN	reference=DOI:10.1038/nrmicro1968 has no snippet
data/traits/morphology/mycelial_growth.yaml	mycelial_branching_hyphal_growth:mycelial_growth_trait->aerial_hyphae_differentiation[0]	MISSING_SNIPPET	WARN	reference=DOI:10.1038/nrmicro3178 has no snippet
data/traits/morphology/mycelial_growth.yaml	mycelial_branching_hyphal_growth:polarisome_splitting->branch_emergence[0]	MISSING_SNIPPET	WARN	reference=DOI:10.1093/femsml/uqad020 has no snippet
data/traits/morphology/mycelial_growth.yaml	mycelial_branching_hyphal_growth:sapB_chaplins_rodlins->aerial_hyphae_differentiation[0]	MISSING_SNIPPET	WARN	reference=DOI:10.1093/femsml/uqad020 has no snippet
data/traits/morphology/non_motile.yaml	evidence[1]	UNSUPPORTIVE_SNIPPET	WARN	9 chars, supports nothing specific: 'flagellum'
data/traits/morphology/non_motile.yaml	non_motile_absent_motility_apparatus:absent_flagellum->no_propulsion[0]	UNSUPPORTIVE_SNIPPET	WARN	9 chars, supports nothing specific: 'flagellum'
data/traits/morphology/non_motile.yaml	non_motile_absent_motility_apparatus:c_di_gmp_high->flagellar_gene_repression[0]	MISSING_SNIPPET	WARN	reference=DOI:10.1128/jb.00365-23 has no snippet
data/traits/morphology/non_motile.yaml	non_motile_absent_motility_apparatus:flagellar_gene_repression->reduced_motility_state[0]	MISSING_SNIPPET	WARN	reference=DOI:10.1128/jb.00365-23 has no snippet
data/traits/morphology/non_motile.yaml	non_motile_absent_motility_apparatus:flagellum_biogenesis_disruption->no_propulsion[0]	MISSING_SNIPPET	WARN	reference=DOI:10.1186/s12866-024-03387-1 has no snippet
data/traits/morphology/non_motile.yaml	non_motile_absent_motility_apparatus:flhdc_master_operon->flagellar_gene_repression[0]	MISSING_SNIPPET	WARN	reference=DOI:10.3390/foods13223709 has no snippet
data/traits/morphology/non_motile.yaml	non_motile_absent_motility_apparatus:reduced_motility_state->non_motile_trait[0]	MISSING_SNIPPET	WARN	reference=DOI:10.1128/aem.01548-23 has no snippet
data/traits/morphology/non_motile.yaml	non_motile_absent_motility_apparatus:wspr_dgc->c_di_gmp_high[0]	MISSING_SNIPPET	WARN	reference=DOI:10.1128/aem.01548-23 has no snippet
data/traits/morphology/non_spore_forming.yaml	non_spore_forming_absent_spo0a_cascade:absent_spo0a_gene->non_spore_forming_trait[0]	MISSING_SNIPPET	WARN	reference=DOI:10.1128/jb.00079-22 has no snippet
data/traits/morphology/non_spore_forming.yaml	non_spore_forming_absent_spo0a_cascade:loss_sporulation_capacity->non_spore_forming_trait[0]	MISSING_SNIPPET	WARN	reference=DOI:10.3389/fmicb.2021.630573 has no snippet
data/traits/morphology/non_spore_forming.yaml	non_spore_forming_absent_spo0a_cascade:loss_sporulation_genes->non_spore_forming_trait[0]	MISSING_SNIPPET	WARN	reference=DOI:10.1111/1462-2920.16145 has no snippet
data/traits/morphology/non_spore_forming.yaml	non_spore_forming_absent_spo0a_cascade:low_spo0a_activity->loss_sporulation_capacity[0]	MISSING_SNIPPET	WARN	reference=DOI:10.3389/fmicb.2021.630573 has no snippet
data/traits/morphology/non_spore_forming.yaml	non_spore_forming_absent_spo0a_cascade:no_sporulation_entry->non_spore_forming_trait[0]	MISSING_SNIPPET	WARN	reference=DOI:10.3390/microorganisms11081928 has no snippet
data/traits/morphology/non_spore_forming.yaml	non_spore_forming_absent_spo0a_cascade:phosphorelay_disruption->no_sporulation_entry[0]	MISSING_SNIPPET	WARN	reference=DOI:10.3390/microorganisms11081928 has no snippet
data/traits/morphology/non_spore_forming.yaml	non_spore_forming_absent_spo0a_cascade:rap_phosphatases->spo0f_dephosphorylation[0]	MISSING_SNIPPET	WARN	reference=DOI:10.1038/s41522-024-00594-6 has no snippet
data/traits/morphology/non_spore_forming.yaml	non_spore_forming_absent_spo0a_cascade:spo0f_dephosphorylation->low_spo0a_activity[0]	MISSING_SNIPPET	WARN	reference=DOI:10.1038/s41522-024-00594-6 has no snippet
data/traits/morphology/orange_pigmented.yaml	evidence[0]	ELLIPTICAL_SNIPPET	ERROR	non-contiguous quote: 'orange ... pigmentation in bacteria'
data/traits/morphology/orange_pigmented.yaml	orange_pigmented_carotenoid_accumulation:beta_carotene->zeaxanthin[0]	MISSING_SNIPPET	WARN	reference=DOI:10.3390/microorganisms11030614 has no snippet
data/traits/morphology/orange_pigmented.yaml	orange_pigmented_carotenoid_accumulation:carotenoid_accumulation->oxidative_stress[0]	MISSING_SNIPPET	WARN	reference=DOI:10.7759/cureus.59892 has no snippet
data/traits/morphology/orange_pigmented.yaml	orange_pigmented_carotenoid_accumulation:carotenoid_biosynthesis->orange_carotenoids[0]	ELLIPTICAL_SNIPPET	ERROR	non-contiguous quote: 'orange ... pigmentation in bacteria'
data/traits/morphology/orange_pigmented.yaml	orange_pigmented_carotenoid_accumulation:crt_enzymes->carotenoid_biosynthesis[0]	ELLIPTICAL_SNIPPET	ERROR	non-contiguous quote: 'crt genes ... reactions they catalyze'
data/traits/morphology/orange_pigmented.yaml	orange_pigmented_carotenoid_accumulation:crt_w_ketolase->ketocarotenoid_biosynthesis[0]	MISSING_SNIPPET	WARN	reference=DOI:10.3390/microorganisms11030614 has no snippet
data/traits/morphology/orange_pigmented.yaml	orange_pigmented_carotenoid_accumulation:crt_y_lycopene_cyclase->lycopene[0]	MISSING_SNIPPET	WARN	reference=DOI:10.3390/microorganisms11030614 has no snippet
data/traits/morphology/orange_pigmented.yaml	orange_pigmented_carotenoid_accumulation:crt_z_hydroxylase->beta_carotene[0]	MISSING_SNIPPET	WARN	reference=DOI:10.3390/microorganisms11030614 has no snippet
data/traits/morphology/orange_pigmented.yaml	orange_pigmented_carotenoid_accumulation:lycopene->beta_carotene[0]	MISSING_SNIPPET	WARN	reference=DOI:10.3390/microorganisms11030614 has no snippet
data/traits/morphology/orange_pigmented.yaml	orange_pigmented_carotenoid_accumulation:orange_carotenoids->visible_orange_color[0]	ELLIPTICAL_SNIPPET	ERROR	non-contiguous quote: 'responsible for ... orange ... pigmentation'
data/traits/morphology/orange_pigmented.yaml	orange_pigmented_carotenoid_accumulation:orange_pigmented_trait->carotenoid_accumulation[0]	MISSING_SNIPPET	WARN	reference=DOI:10.7759/cureus.59892 has no snippet
data/traits/morphology/orange_pigmented.yaml	orange_pigmented_carotenoid_accumulation:visible_orange_color->orange_pigmented_trait[0]	ELLIPTICAL_SNIPPET	ERROR	non-contiguous quote: 'orange ... pigmentation in bacteria'
data/traits/morphology/oval_shaped.yaml	oval_shaped_ovococcal_pg_synthesis:ellipsoidal_geometry->oval_shaped_trait[0]	UNSUPPORTIVE_SNIPPET	WARN	9 chars, supports nothing specific: 'ellipsoid'
data/traits/morphology/oval_shaped.yaml	oval_shaped_ovococcal_pg_synthesis:mapZ_ftsZ_system->division_site_placement[0]	MISSING_SNIPPET	WARN	reference=DOI:10.1042/bsr20221664 has no snippet
data/traits/morphology/oval_shaped.yaml	oval_shaped_ovococcal_pg_synthesis:mreC->oval_shaped_trait[0]	MISSING_SNIPPET	WARN	reference=DOI:10.1038/s41467-023-38904-9 has no snippet
data/traits/morphology/oval_shaped.yaml	oval_shaped_ovococcal_pg_synthesis:pbp2b->oval_shaped_trait[0]	MISSING_SNIPPET	WARN	reference=DOI:10.1038/s41467-023-38904-9 has no snippet
data/traits/morphology/oval_shaped.yaml	oval_shaped_ovococcal_pg_synthesis:peripheral_peptidoglycan_synthesis->oval_shaped_trait[0]	MISSING_SNIPPET	WARN	reference=DOI:10.1128/spectrum.04750-22 has no snippet
data/traits/morphology/oval_shaped.yaml	oval_shaped_ovococcal_pg_synthesis:rodA->oval_shaped_trait[0]	MISSING_SNIPPET	WARN	reference=DOI:10.1038/s41467-023-38904-9 has no snippet
data/traits/morphology/oval_shaped.yaml	oval_shaped_ovococcal_pg_synthesis:rodA->rod_complex_elongasome[0]	MISSING_SNIPPET	WARN	reference=DOI:10.1038/s41467-023-38904-9 has no snippet
data/traits/morphology/ovoid_shaped.yaml	ovoid_shaped_midcell_pg_assembly:ftsw_pbp2x->septal_pg_synthesis[0]	MISSING_SNIPPET	WARN	reference=DOI:10.1042/BSR20221664 has no snippet
data/traits/morphology/ovoid_shaped.yaml	ovoid_shaped_midcell_pg_assembly:ftsz_treadmilling->septal_pg_synthesis[0]	MISSING_SNIPPET	WARN	reference=DOI:10.1042/BSR20221664 has no snippet
data/traits/morphology/ovoid_shaped.yaml	ovoid_shaped_midcell_pg_assembly:mapZ->ftsz_ring[0]	MISSING_SNIPPET	WARN	reference=DOI:10.1042/BSR20221664 has no snippet
data/traits/morphology/ovoid_shaped.yaml	ovoid_shaped_midcell_pg_assembly:midcell_pg_assembly->concentric_midcell_rings[0]	MISSING_SNIPPET	WARN	reference=DOI:10.1042/BSR20221664 has no snippet
data/traits/morphology/ovoid_shaped.yaml	ovoid_shaped_midcell_pg_assembly:midcell_pg_assembly->ovoid_geometry[0]	ELLIPTICAL_SNIPPET	ERROR	non-contiguous quote: 'peptidoglycan synthesis ... in the ovoid bacterium'
data/traits/morphology/ovoid_shaped.yaml	ovoid_shaped_midcell_pg_assembly:midcell_pg_assembly->peripheral_pg_synthesis[0]	MISSING_SNIPPET	WARN	reference=DOI:10.1042/BSR20221664 has no snippet
data/traits/morphology/ovoid_shaped.yaml	ovoid_shaped_midcell_pg_assembly:midcell_pg_assembly->septal_pg_synthesis[0]	MISSING_SNIPPET	WARN	reference=DOI:10.1042/BSR20221664 has no snippet
data/traits/morphology/ovoid_shaped.yaml	ovoid_shaped_midcell_pg_assembly:roda_pbp2b->peripheral_pg_synthesis[0]	MISSING_SNIPPET	WARN	reference=DOI:10.1042/BSR20221664 has no snippet
data/traits/morphology/peritrichous.yaml	evidence[0]	MISSING_SNIPPET	WARN	reference=DOI:10.1093/femsre/fuv034 has no snippet
data/traits/morphology/peritrichous.yaml	evidence[1]	MISSING_SNIPPET	WARN	reference=DOI:10.3390/biom9070279 has no snippet
data/traits/morphology/peritrichous.yaml	peritrichous_surface_distributed_flagella:bacterial_flagellum->peritrichous_trait[0]	MISSING_SNIPPET	WARN	reference=DOI:10.1093/femsre/fuv034 has no snippet
data/traits/morphology/peritrichous.yaml	peritrichous_surface_distributed_flagella:carbon_limitation->motility_investment[0]	MISSING_SNIPPET	WARN	reference=DOI:10.1038/s41467-025-56980-x has no snippet
data/traits/morphology/peritrichous.yaml	peritrichous_surface_distributed_flagella:flagellar_filament_number->swimming_velocity[0]	MISSING_SNIPPET	WARN	reference=DOI:10.1038/s41467-025-56980-x has no snippet
data/traits/morphology/peritrichous.yaml	peritrichous_surface_distributed_flagella:flhg_regulator->flagellar_assembly_progression[0]	MISSING_SNIPPET	WARN	reference=DOI:10.1038/s41467-024-50274-4 has no snippet
data/traits/morphology/peritrichous.yaml	peritrichous_surface_distributed_flagella:peritrichous_trait->polar_placement[0]	MISSING_SNIPPET	WARN	reference=DOI:10.3390/fermentation10120606 has no snippet
data/traits/morphology/peritrichous.yaml	peritrichous_surface_distributed_flagella:peritrichous_trait->surface_placement[0]	MISSING_SNIPPET	WARN	reference=DOI:10.3390/biom9070279 has no snippet
data/traits/morphology/pigmentation.yaml	pigmentation_biosynthetic_colorants:beta_carotene_biosynthesis->carotenoid_biosynthesis[0]	MISSING_SNIPPET	WARN	reference=DOI:10.3390/microorganisms11030614 has no snippet
data/traits/morphology/pigmentation.yaml	pigmentation_biosynthetic_colorants:crt_carotenoid_genes->beta_carotene_biosynthesis[0]	MISSING_SNIPPET	WARN	reference=DOI:10.3390/microorganisms11030614 has no snippet
data/traits/morphology/pigmentation.yaml	pigmentation_biosynthetic_colorants:environmental_regulation->pigment_biosynthesis[0]	ELLIPTICAL_SNIPPET	ERROR	non-contiguous quote: 'bacterial pigments ... production ... genetic engineering'
data/traits/morphology/pigmentation.yaml	pigmentation_biosynthetic_colorants:hmga_gene->pyomelanin[0]	MISSING_SNIPPET	WARN	reference=DOI:10.1128/spectrum.00410-24 has no snippet
data/traits/morphology/pigmentation.yaml	pigmentation_biosynthetic_colorants:homogentisate->pyomelanin[0]	MISSING_SNIPPET	WARN	reference=DOI:10.1128/spectrum.00410-24 has no snippet
data/traits/morphology/pigmentation.yaml	pigmentation_biosynthetic_colorants:hppd_gene->homogentisate[0]	MISSING_SNIPPET	WARN	reference=DOI:10.1128/spectrum.00410-24 has no snippet
data/traits/morphology/pigmentation.yaml	pigmentation_biosynthetic_colorants:mep_pathway->carotenoid_biosynthesis[0]	MISSING_SNIPPET	WARN	reference=DOI:10.3390/microorganisms11122920 has no snippet
data/traits/morphology/pigmentation.yaml	pigmentation_biosynthetic_colorants:mva_pathway->carotenoid_biosynthesis[0]	MISSING_SNIPPET	WARN	reference=DOI:10.3390/microorganisms11122920 has no snippet
data/traits/morphology/pigmentation.yaml	pigmentation_biosynthetic_colorants:pigment_biosynthesis->chromophore_metabolites[0]	ECHOES_RESEARCH_REPORT	WARN	also appears in this trait's research report, whose evidence text may be paraphrase — verify against DOI:10.1016/j.procbio.2013.06.006
data/traits/morphology/pigmentation.yaml	pigmentation_biosynthetic_colorants:shikimate_pathway->phenazine_biosynthesis[0]	MISSING_SNIPPET	WARN	reference=DOI:10.3390/microorganisms11122920 has no snippet
data/traits/morphology/pink_pigmented.yaml	pink_pigmented_carotenoid_color:carotenoid_biosynthesis->lycopene[0]	MISSING_SNIPPET	WARN	reference=DOI:10.3390/biology12101346 has no snippet
data/traits/morphology/pink_pigmented.yaml	pink_pigmented_carotenoid_color:carotenoid_biosynthesis->pink_carotenoids[0]	ELLIPTICAL_SNIPPET	ERROR	non-contiguous quote: 'pink ... pigmentation in bacteria'
data/traits/morphology/pink_pigmented.yaml	pink_pigmented_carotenoid_color:crt_enzymes->carotenoid_biosynthesis[0]	ELLIPTICAL_SNIPPET	ERROR	non-contiguous quote: 'crt genes ... reactions they catalyze'
data/traits/morphology/pink_pigmented.yaml	pink_pigmented_carotenoid_color:crt_enzymes->photosynthesis_gene_cluster[0]	MISSING_SNIPPET	WARN	reference=DOI:10.3390/biology12101346 has no snippet
data/traits/morphology/pink_pigmented.yaml	pink_pigmented_carotenoid_color:crt_operon->carotenoid_biosynthesis[0]	MISSING_SNIPPET	WARN	reference=DOI:10.3390/biology12101346 has no snippet
data/traits/morphology/pink_pigmented.yaml	pink_pigmented_carotenoid_color:lycopene->pink_carotenoids[0]	MISSING_SNIPPET	WARN	reference=DOI:10.3390/biology12101346 has no snippet
data/traits/morphology/pink_pigmented.yaml	pink_pigmented_carotenoid_color:oxygen->crt_operon[0]	MISSING_SNIPPET	WARN	reference=DOI:10.3390/biology12101346 has no snippet
data/traits/morphology/pink_pigmented.yaml	pink_pigmented_carotenoid_color:photosynthesis_gene_cluster->visible_pink_color[0]	MISSING_SNIPPET	WARN	reference=DOI:10.3390/biology12101346 has no snippet
data/traits/morphology/pink_pigmented.yaml	pink_pigmented_carotenoid_color:visible_pink_color->pink_pigmented_trait[0]	ELLIPTICAL_SNIPPET	ERROR	non-contiguous quote: 'pink ... pigmentation in bacteria'
data/traits/morphology/pleomorphic_shaped.yaml	pleomorphic_shaped_relaxed_shape_control:excess_membrane_synthesis->blebbing_scission_proliferation[0]	MISSING_SNIPPET	WARN	reference=DOI:10.1042/bst20160435 has no snippet
data/traits/morphology/pleomorphic_shaped.yaml	pleomorphic_shaped_relaxed_shape_control:excess_membrane_synthesis->lform_wall_deficient_state[0]	MISSING_SNIPPET	WARN	reference=DOI:10.1098/rstb.2015.0494 has no snippet
data/traits/morphology/pleomorphic_shaped.yaml	pleomorphic_shaped_relaxed_shape_control:lform_wall_deficient_state->pleomorphic_shaped_trait[0]	MISSING_SNIPPET	WARN	reference=DOI:10.1098/rstb.2015.0494 has no snippet
data/traits/morphology/pleomorphic_shaped.yaml	pleomorphic_shaped_relaxed_shape_control:loss_of_cell_wall->pleomorphic_shaped_trait[0]	MISSING_SNIPPET	WARN	reference=DOI:10.3390/bioengineering11010081 has no snippet
data/traits/morphology/pleomorphic_shaped.yaml	pleomorphic_shaped_relaxed_shape_control:oxidative_stress_ros->lform_wall_deficient_state[0]	MISSING_SNIPPET	WARN	reference=DOI:10.1016/j.tim.2019.07.008 has no snippet
data/traits/morphology/pleomorphic_shaped.yaml	pleomorphic_shaped_relaxed_shape_control:pg_synthesis_inhibition->lform_wall_deficient_state[0]	MISSING_SNIPPET	WARN	reference=DOI:10.1098/rstb.2015.0494 has no snippet
data/traits/morphology/polyhydroxyalkanoate_granule.yaml	evidence[0]	MISSING_SNIPPET	WARN	reference=DOI:10.1128/mr.54.4.450-472.1990 has no snippet
data/traits/morphology/polyhydroxyalkanoate_granule.yaml	evidence[1]	MISSING_SNIPPET	WARN	reference=DOI:10.1038/s41579-020-0413-0 has no snippet
data/traits/morphology/polyhydroxyalkanoate_granule.yaml	pha_granule_carbon_energy_storage:carbon_starvation->phb_degradation[0]	MISSING_SNIPPET	WARN	reference=DOI:10.3390/polym15143027 has no snippet
data/traits/morphology/polyhydroxyalkanoate_granule.yaml	pha_granule_carbon_energy_storage:nutrient_limitation_high_cn->pha_accumulation[0]	MISSING_SNIPPET	WARN	reference=DOI:10.3390/molecules29102293 has no snippet
data/traits/morphology/polyhydroxyalkanoate_granule.yaml	pha_granule_carbon_energy_storage:nutrient_limitation_high_cn->pha_accumulation[0]	MISSING_SNIPPET	WARN	reference=DOI:10.1016/j.jbc.2024.107523 has no snippet
data/traits/morphology/polyhydroxyalkanoate_granule.yaml	pha_granule_carbon_energy_storage:pha_depolymerase_phaz->phb_mobilization[0]	MISSING_SNIPPET	WARN	reference=DOI:10.3390/polym15143027 has no snippet
data/traits/morphology/polyhydroxyalkanoate_granule.yaml	pha_granule_carbon_energy_storage:pha_granule_trait->carbon_energy_storage[0]	MISSING_SNIPPET	WARN	reference=DOI:10.1038/s41579-020-0413-0 has no snippet
data/traits/morphology/polyhydroxyalkanoate_granule.yaml	pha_granule_carbon_energy_storage:pha_synthase_phac->polyhydroxyalkanoate[0]	MISSING_SNIPPET	WARN	reference=DOI:10.3390/polym15143027 has no snippet
data/traits/morphology/polyhydroxyalkanoate_granule.yaml	pha_granule_carbon_energy_storage:phar_regulator->phap_gene[0]	MISSING_SNIPPET	WARN	reference=DOI:10.1016/j.jbc.2024.107523 has no snippet
data/traits/morphology/polyhydroxyalkanoate_granule.yaml	pha_granule_carbon_energy_storage:phasin_phap->phb_granule_size_number[0]	MISSING_SNIPPET	WARN	reference=DOI:10.3390/polym15143027 has no snippet
data/traits/morphology/polyhydroxyalkanoate_granule.yaml	pha_granule_carbon_energy_storage:phasin_phap->polyhydroxyalkanoate[0]	MISSING_SNIPPET	WARN	reference=DOI:10.3390/polym15143027 has no snippet
data/traits/morphology/polyhydroxyalkanoate_granule.yaml	pha_granule_carbon_energy_storage:polyhydroxyalkanoate->pha_granule_trait[0]	MISSING_SNIPPET	WARN	reference=DOI:10.1128/mr.54.4.450-472.1990 has no snippet
data/traits/morphology/polyphosphate_granule.yaml	evidence[0]	MISSING_SNIPPET	WARN	reference=DOI:10.1146/annurev.biochem.77.083007.093039 has no snippet
data/traits/morphology/polyphosphate_granule.yaml	evidence[1]	MISSING_SNIPPET	WARN	reference=DOI:10.1038/s41579-020-0413-0 has no snippet
data/traits/morphology/polyphosphate_granule.yaml	polyphosphate_granule_storage:inorganic_polyphosphate->divalent_cations[0]	MISSING_SNIPPET	WARN	reference=DOI:10.3390/biom14080937 has no snippet
data/traits/morphology/polyphosphate_granule.yaml	polyphosphate_granule_storage:inorganic_polyphosphate->polyp_granule_trait[0]	MISSING_SNIPPET	WARN	reference=DOI:10.1146/annurev.biochem.77.083007.093039 has no snippet
data/traits/morphology/polyphosphate_granule.yaml	polyphosphate_granule_storage:inorganic_polyphosphate->stress_survival[0]	MISSING_SNIPPET	WARN	reference=DOI:10.3390/biom14080937 has no snippet
data/traits/morphology/polyphosphate_granule.yaml	polyphosphate_granule_storage:polyp_granule_trait->phosphate_energy_reserve[0]	MISSING_SNIPPET	WARN	reference=DOI:10.1038/s41579-020-0413-0 has no snippet
data/traits/morphology/polyphosphate_granule.yaml	polyphosphate_granule_storage:ppk->inorganic_polyphosphate[0]	MISSING_SNIPPET	WARN	reference=DOI:10.1371/journal.pbio.3002558 has no snippet
data/traits/morphology/polyphosphate_granule.yaml	polyphosphate_granule_storage:ppx->inorganic_polyphosphate[0]	MISSING_SNIPPET	WARN	reference=DOI:10.1371/journal.pbio.3002558 has no snippet
data/traits/morphology/prosthecate.yaml	evidence[0]	MISSING_SNIPPET	WARN	reference=DOI:10.1111/j.1365-2958.2007.05633.x has no snippet
data/traits/morphology/prosthecate.yaml	evidence[1]	MISSING_SNIPPET	WARN	reference=DOI:10.1128/MMBR.00040-09 has no snippet
data/traits/morphology/prosthecate.yaml	prosthecate_stalk_nutrient_uptake:bactofilins->cell_wall_growth_zone[0]	MISSING_SNIPPET	WARN	reference=DOI:10.1371/journal.pgen.1010788 has no snippet
data/traits/morphology/prosthecate.yaml	prosthecate_stalk_nutrient_uptake:mreb->stalk_extension[0]	MISSING_SNIPPET	WARN	reference=DOI:10.1128/jb.00384-22 has no snippet
data/traits/morphology/prosthecate.yaml	prosthecate_stalk_nutrient_uptake:prosthecate_trait->uptake_surface_area[0]	MISSING_SNIPPET	WARN	reference=DOI:10.1111/j.1365-2958.2007.05633.x has no snippet
data/traits/morphology/prosthecate.yaml	prosthecate_stalk_nutrient_uptake:prosthecate_trait->uptake_surface_area[0]	MISSING_SNIPPET	WARN	reference=DOI:10.1371/journal.pgen.1010788 has no snippet
data/traits/morphology/prosthecate.yaml	prosthecate_stalk_nutrient_uptake:roda->stalk_extension[0]	MISSING_SNIPPET	WARN	reference=DOI:10.1128/jb.00384-22 has no snippet
data/traits/morphology/prosthecate.yaml	prosthecate_stalk_nutrient_uptake:stalk_crossbands->stalk_diffusion[0]	MISSING_SNIPPET	WARN	reference=DOI:10.1128/jb.00384-22 has no snippet
data/traits/morphology/prosthecate.yaml	prosthecate_stalk_nutrient_uptake:stalk_extension->prosthecate_trait[0]	MISSING_SNIPPET	WARN	reference=DOI:10.1128/MMBR.00040-09 has no snippet
data/traits/morphology/prosthecate.yaml	prosthecate_stalk_nutrient_uptake:stpabcd_complex->stalk_crossbands[0]	MISSING_SNIPPET	WARN	reference=DOI:10.1128/jb.00384-22 has no snippet
data/traits/morphology/red_pigmented.yaml	red_pigmented_prodiginine_pathway:carotenoid_biosynthesis->lycopene[0]	MISSING_SNIPPET	WARN	reference=DOI:10.3390/microorganisms11122920 has no snippet
data/traits/morphology/red_pigmented.yaml	red_pigmented_prodiginine_pathway:cpxA_cpxR_system->pig_red_gene_cluster[0]	MISSING_SNIPPET	WARN	reference=DOI:10.3389/fmicb.2024.1412776 has no snippet
data/traits/morphology/red_pigmented.yaml	red_pigmented_prodiginine_pathway:lycopene->visible_red_color[0]	MISSING_SNIPPET	WARN	reference=DOI:10.3390/microorganisms11122920 has no snippet
data/traits/morphology/red_pigmented.yaml	red_pigmented_prodiginine_pathway:pigC_ligase->pigC_redH_condensation[0]	MISSING_SNIPPET	WARN	reference=DOI:10.3389/fmicb.2024.1412776 has no snippet
data/traits/morphology/red_pigmented.yaml	red_pigmented_prodiginine_pathway:pig_red_gene_cluster->pigC_ligase[0]	MISSING_SNIPPET	WARN	reference=DOI:10.3389/fmicb.2024.1412776 has no snippet
data/traits/morphology/red_pigmented.yaml	red_pigmented_prodiginine_pathway:pig_red_gene_cluster->red_pigmented_trait[0]	MISSING_SNIPPET	WARN	reference=DOI:10.3390/microorganisms11122920 has no snippet
data/traits/morphology/ring_shaped.yaml	ring_shaped_curved_growth_closure:bactofilin_lmdc_module->wall_biosynthesis_mode_change[0]	MISSING_SNIPPET	WARN	reference=DOI:10.7554/eLife.86577.2 has no snippet
data/traits/morphology/ring_shaped.yaml	ring_shaped_curved_growth_closure:bactofilin_polymers->cell_wall_biosynthesis[0]	MISSING_SNIPPET	WARN	reference=DOI:10.7554/eLife.86577.2 has no snippet
data/traits/morphology/ring_shaped.yaml	ring_shaped_curved_growth_closure:crescentin->cell_curvature[0]	MISSING_SNIPPET	WARN	reference=DOI:10.1038/s41467-024-45196-0 has no snippet
data/traits/morphology/ring_shaped.yaml	ring_shaped_curved_growth_closure:crva_polymer->pg_synthesis_rate_skew[0]	MISSING_SNIPPET	WARN	reference=DOI:10.1038/s41467-024-45196-0 has no snippet
data/traits/morphology/ring_shaped.yaml	ring_shaped_curved_growth_closure:mreb_filaments->cell_wall_growth_rate[0]	MISSING_SNIPPET	WARN	reference=DOI:10.3390/microorganisms12071309 has no snippet
data/traits/morphology/ring_shaped.yaml	ring_shaped_curved_growth_closure:mreb_filaments->pg_insertion_perpendicular[0]	MISSING_SNIPPET	WARN	reference=DOI:10.1038/s41467-024-49785-x has no snippet
data/traits/morphology/rod_shaped.yaml	rod_shaped_mreB_peptidoglycan:elongasome_processivity->sidewall_reinforcement[0]	MISSING_SNIPPET	WARN	reference=DOI:10.1038/s41467-024-49785-x has no snippet
data/traits/morphology/rod_shaped.yaml	rod_shaped_mreB_peptidoglycan:mreC->rodA_pbp2_complex[0]	MISSING_SNIPPET	WARN	reference=DOI:10.1038/s41467-023-39037-9 has no snippet
data/traits/morphology/rod_shaped.yaml	rod_shaped_mreB_peptidoglycan:pbp2_structural_opening->pg_crosslinking[0]	MISSING_SNIPPET	WARN	reference=DOI:10.1038/s41467-023-39037-9 has no snippet
data/traits/morphology/rod_shaped.yaml	rod_shaped_mreB_peptidoglycan:pbp2_structural_opening->rodA_polymerization[0]	MISSING_SNIPPET	WARN	reference=DOI:10.1038/s41467-023-39037-9 has no snippet
data/traits/morphology/rod_shaped.yaml	rod_shaped_mreB_peptidoglycan:rodA_pbp2_complex->rod_shaped_trait[0]	MISSING_SNIPPET	WARN	reference=DOI:10.1038/s41467-023-39037-9 has no snippet
data/traits/morphology/rod_shaped.yaml	rod_shaped_mreB_peptidoglycan:rodA_polymerization->elongasome_processivity[0]	MISSING_SNIPPET	WARN	reference=DOI:10.1038/s41467-024-49785-x has no snippet
data/traits/morphology/s_layer.yaml	evidence[0]	MISSING_SNIPPET	WARN	reference=DOI:10.1038/nrmicro3213 has no snippet
data/traits/morphology/s_layer.yaml	evidence[1]	MISSING_SNIPPET	WARN	reference=DOI:10.1038/s41579-025-01258-8 has no snippet
data/traits/morphology/s_layer.yaml	s_layer_2d_protein_array:s_layer_assembly->s_layer_trait[0]	MISSING_SNIPPET	WARN	reference=DOI:10.1038/s41579-025-01258-8 has no snippet
data/traits/morphology/s_layer.yaml	s_layer_2d_protein_array:s_layer_subunits->s_layer_2d_lattice[0]	MISSING_SNIPPET	WARN	reference=DOI:10.1073/pnas.2401686121 has no snippet
data/traits/morphology/s_layer.yaml	s_layer_2d_protein_array:s_layer_subunits->s_layer_assembly[0]	MISSING_SNIPPET	WARN	reference=DOI:10.1038/nrmicro3213 has no snippet
data/traits/morphology/sarcina_arrangement.yaml	evidence[0]	MISSING_SNIPPET	WARN	reference=DOI:10.1128/MMBR.00001-06 has no snippet
data/traits/morphology/sarcina_arrangement.yaml	evidence[1]	MISSING_SNIPPET	WARN	reference=DOI:10.1038/ncomms4842 has no snippet
data/traits/morphology/sarcina_arrangement.yaml	sarcina_three_plane_division_packet:cell_division->sarcina_trait[0]	MISSING_SNIPPET	WARN	reference=DOI:10.1128/MMBR.00001-06 has no snippet
data/traits/morphology/sarcina_arrangement.yaml	sarcina_three_plane_division_packet:cell_wall_synthesis_division_site->septum_formation[0]	MISSING_SNIPPET	WARN	reference=DOI:10.1111/j.1574-6976.2007.00098.x has no snippet
data/traits/morphology/sarcina_arrangement.yaml	sarcina_three_plane_division_packet:ftsa_protein->cytoplasmic_membrane[0]	MISSING_SNIPPET	WARN	reference=DOI:10.1002/mbo3.1338 has no snippet
data/traits/morphology/sarcina_arrangement.yaml	sarcina_three_plane_division_packet:ftsa_protein->z_ring[0]	MISSING_SNIPPET	WARN	reference=DOI:10.1002/mbo3.1338 has no snippet
data/traits/morphology/sarcina_arrangement.yaml	sarcina_three_plane_division_packet:ftsz_protein->z_ring[0]	MISSING_SNIPPET	WARN	reference=DOI:10.1002/mbo3.1338 has no snippet
data/traits/morphology/sarcina_arrangement.yaml	sarcina_three_plane_division_packet:peripheral_pg_bridge->daughter_cell_separation[0]	MISSING_SNIPPET	WARN	reference=DOI:10.1002/mbo3.1338 has no snippet
data/traits/morphology/sarcina_arrangement.yaml	sarcina_three_plane_division_packet:pg_hydrolases->peripheral_pg_bridge[0]	MISSING_SNIPPET	WARN	reference=DOI:10.1002/mbo3.1338 has no snippet
data/traits/morphology/sarcina_arrangement.yaml	sarcina_three_plane_division_packet:pg_synthetases_hydrolases->septal_pg_remodeling[0]	MISSING_SNIPPET	WARN	reference=DOI:10.1002/mbo3.1338 has no snippet
data/traits/morphology/sarcina_arrangement.yaml	sarcina_three_plane_division_packet:three_plane_perpendicular_division->sarcina_trait[0]	MISSING_SNIPPET	WARN	reference=DOI:10.1038/ncomms4842 has no snippet
data/traits/morphology/sphere_shaped.yaml	sphere_shaped_septal_peptidoglycan:elongation_capacity->sphere_shaped_trait[0]	MISSING_SNIPPET	WARN	reference=DOI:10.1038/nrmicro3088 has no snippet
data/traits/morphology/sphere_shaped.yaml	sphere_shaped_septal_peptidoglycan:ftsW_flippase->lipid_ii[0]	MISSING_SNIPPET	WARN	reference=DOI:10.1038/nrmicro3088 has no snippet
data/traits/morphology/sphere_shaped.yaml	sphere_shaped_septal_peptidoglycan:ftsZ_division_ring->divisome_pbps[0]	MISSING_SNIPPET	WARN	reference=DOI:10.1038/nrmicro3088 has no snippet
data/traits/morphology/sphere_shaped.yaml	sphere_shaped_septal_peptidoglycan:ftsZ_treadmilling->septal_peptidoglycan_synthesis[0]	MISSING_SNIPPET	WARN	reference=DOI:10.1042/bsr20221664 has no snippet
data/traits/morphology/sphere_shaped.yaml	sphere_shaped_septal_peptidoglycan:lipid_ii->septal_peptidoglycan_synthesis[0]	MISSING_SNIPPET	WARN	reference=DOI:10.1038/nrmicro3088 has no snippet
data/traits/morphology/sphere_shaped.yaml	sphere_shaped_septal_peptidoglycan:mreB_elongation_machinery->elongation_capacity[0]	MISSING_SNIPPET	WARN	reference=DOI:10.1038/nrmicro3088 has no snippet
data/traits/morphology/sphere_shaped.yaml	sphere_shaped_septal_peptidoglycan:septal_peptidoglycan_synthesis->sphere_shaped_trait[0]	MISSING_SNIPPET	WARN	reference=DOI:10.1038/nrmicro3088 has no snippet
data/traits/morphology/spindle_shaped.yaml	spindle_shaped_symmetric_taper:localized_pg_insertion->non_spherical_morphology[0]	MISSING_SNIPPET	WARN	reference=DOI:10.3389/fmicb.2017.01264 has no snippet
data/traits/morphology/spindle_shaped.yaml	spindle_shaped_symmetric_taper:localized_pg_insertion->symmetric_polar_pg[0]	MISSING_SNIPPET	WARN	reference=DOI:10.3389/fmicb.2017.01264 has no snippet
data/traits/morphology/spiral_shaped.yaml	spiral_shaped_curvature_mechanisms:biased_outer_curve_pg_biosynthesis->cell_curvature[0]	MISSING_SNIPPET	WARN	reference=DOI:10.1038/s41467-024-51790-z has no snippet
data/traits/morphology/spiral_shaped.yaml	spiral_shaped_curvature_mechanisms:cell_curvature->spiral_shaped_trait[0]	MISSING_SNIPPET	WARN	reference=DOI:10.1038/s41467-024-51790-z has no snippet
data/traits/morphology/spiral_shaped.yaml	spiral_shaped_curvature_mechanisms:curvature_scaffold->peptidoglycan_remodeling[0]	ELLIPTICAL_SNIPPET	ERROR	non-contiguous quote: 'cytoplasmic scaffolding proteins ... participate in helical morphogenesis'
data/traits/morphology/spiral_shaped.yaml	spiral_shaped_curvature_mechanisms:elongasome_entrapment->biased_outer_curve_pg_biosynthesis[0]	MISSING_SNIPPET	WARN	reference=DOI:10.1038/s41467-024-51790-z has no snippet
data/traits/morphology/spiral_shaped.yaml	spiral_shaped_curvature_mechanisms:periplasmic_flagella->cell_body[0]	MISSING_SNIPPET	WARN	reference=DOI:10.1093/pnasnexus/pgad349 has no snippet
data/traits/morphology/spiral_shaped.yaml	spiral_shaped_curvature_mechanisms:periplasmic_flagella->spiral_shaped_trait[0]	MISSING_SNIPPET	WARN	reference=DOI:10.3390/biom14121488 has no snippet
data/traits/morphology/spiral_shaped.yaml	spiral_shaped_curvature_mechanisms:pg_crosslink_relaxation->helical_curvature[0]	MISSING_SNIPPET	WARN	reference=DOI:10.3389/fmicb.2023.1162806 has no snippet
data/traits/morphology/spirochete_shaped.yaml	evidence[0]	ELLIPTICAL_SNIPPET	ERROR	non-contiguous quote: 'periplasmic flagella ... confer in part its flat-wave morphology'
data/traits/morphology/spirochete_shaped.yaml	spirochete_shaped_periplasmic_flagella:cell_body_deformation->spirochete_shaped_trait[0]	MISSING_SNIPPET	WARN	reference=DOI:10.1093/pnasnexus/pgad349 has no snippet
data/traits/morphology/spirochete_shaped.yaml	spirochete_shaped_periplasmic_flagella:divisome_elongasome_localization->spirochete_shaped_trait[0]	MISSING_SNIPPET	WARN	reference=DOI:10.1038/s41467-024-50278-0 has no snippet
data/traits/morphology/spirochete_shaped.yaml	spirochete_shaped_periplasmic_flagella:ectopic_periplasmic_filament_assembly->divisome_elongasome_localization[0]	MISSING_SNIPPET	WARN	reference=DOI:10.1038/s41467-024-50278-0 has no snippet
data/traits/morphology/spirochete_shaped.yaml	spirochete_shaped_periplasmic_flagella:flgV->cell_morphology_division[0]	MISSING_SNIPPET	WARN	reference=DOI:10.1038/s41467-024-54806-w has no snippet
data/traits/morphology/spirochete_shaped.yaml	spirochete_shaped_periplasmic_flagella:flgV->periplasmic_flagella[0]	MISSING_SNIPPET	WARN	reference=DOI:10.1038/s41467-024-54806-w has no snippet
data/traits/morphology/spirochete_shaped.yaml	spirochete_shaped_periplasmic_flagella:flhE->ectopic_periplasmic_filament_assembly[0]	MISSING_SNIPPET	WARN	reference=DOI:10.1038/s41467-024-50278-0 has no snippet
data/traits/morphology/spirochete_shaped.yaml	spirochete_shaped_periplasmic_flagella:periplasmic_flagella->cell_body_deformation[0]	MISSING_SNIPPET	WARN	reference=DOI:10.1093/pnasnexus/pgad349 has no snippet
data/traits/morphology/spore_forming.yaml	spore_forming_endospore_assembly:coat_assembly->spore_core_dormancy[0]	MISSING_SNIPPET	WARN	reference=DOI:10.3390/microbiolres14020035 has no snippet
data/traits/morphology/spore_forming.yaml	spore_forming_endospore_assembly:cortex_synthesis->resistant_endospore[0]	MISSING_SNIPPET	WARN	reference=DOI:10.3390/microbiolres14020035 has no snippet
data/traits/morphology/spore_forming.yaml	spore_forming_endospore_assembly:spo0e_phosphatases->spo0a_phosphorylated[0]	MISSING_SNIPPET	WARN	reference=DOI:10.3390/microbiolres14020035 has no snippet
data/traits/morphology/spore_forming.yaml	spore_forming_endospore_assembly:spoIID->forespore_engulfment[0]	MISSING_SNIPPET	WARN	reference=DOI:10.3390/microbiolres14020035 has no snippet
data/traits/morphology/spore_forming.yaml	spore_forming_endospore_assembly:spoIIM->forespore_engulfment[0]	MISSING_SNIPPET	WARN	reference=DOI:10.3390/microbiolres14020035 has no snippet
data/traits/morphology/spore_forming.yaml	spore_forming_endospore_assembly:spoIIP->forespore_engulfment[0]	MISSING_SNIPPET	WARN	reference=DOI:10.3390/microbiolres14020035 has no snippet
data/traits/morphology/spore_shaped.yaml	spore_shaped_endospore_layers:cote_protein->outer_coat[0]	MISSING_SNIPPET	WARN	reference=DOI:10.1038/nrmicro2921 has no snippet
data/traits/morphology/spore_shaped.yaml	spore_shaped_endospore_layers:safa_protein->inner_coat[0]	MISSING_SNIPPET	WARN	reference=DOI:10.1038/nrmicro2921 has no snippet
data/traits/morphology/spore_shaped.yaml	spore_shaped_endospore_layers:spo0a_phosphorylation->sporulation_initiation[0]	MISSING_SNIPPET	WARN	reference=DOI:10.1126/sciadv.adq0791 has no snippet
data/traits/morphology/spore_shaped.yaml	spore_shaped_endospore_layers:spoiva_protein->spore_coat_surface[0]	MISSING_SNIPPET	WARN	reference=DOI:10.1038/nrmicro2921 has no snippet
data/traits/morphology/spore_shaped.yaml	spore_shaped_endospore_layers:sporulation_initiation->forespore_engulfment[0]	MISSING_SNIPPET	WARN	reference=DOI:10.1126/sciadv.adq0791 has no snippet
data/traits/morphology/spore_shaped.yaml	spore_shaped_endospore_layers:spovid_protein->spore_encasement[0]	MISSING_SNIPPET	WARN	reference=DOI:10.1038/nrmicro2921 has no snippet
data/traits/morphology/spore_shaped.yaml	spore_shaped_endospore_layers:spovm_protein->spore_encasement[0]	MISSING_SNIPPET	WARN	reference=DOI:10.1038/nrmicro2921 has no snippet
data/traits/morphology/spore_shaped.yaml	spore_shaped_endospore_layers:starvation->sporulation_initiation[0]	MISSING_SNIPPET	WARN	reference=DOI:10.1126/sciadv.adq0791 has no snippet
data/traits/morphology/sporulation.yaml	sporulation_spo0a_sigma_morphogenesis:asymmetric_septation->mother_cell_forespore[0]	MISSING_SNIPPET	WARN	reference=DOI:10.1038/s41467-024-51654-6 has no snippet
data/traits/morphology/sporulation.yaml	sporulation_spo0a_sigma_morphogenesis:forespore_engulfment->cell_within_cell_state[0]	MISSING_SNIPPET	WARN	reference=DOI:10.1038/s41467-024-51654-6 has no snippet
data/traits/morphology/sporulation.yaml	sporulation_spo0a_sigma_morphogenesis:sigma_f->sigma_e[0]	MISSING_SNIPPET	WARN	reference=DOI:10.1016/j.jbc.2024.107905 has no snippet
data/traits/morphology/sporulation.yaml	sporulation_spo0a_sigma_morphogenesis:sigma_g->spore_dna_protection[0]	MISSING_SNIPPET	WARN	reference=DOI:10.1038/s41467-024-51654-6 has no snippet
data/traits/morphology/sporulation.yaml	sporulation_spo0a_sigma_morphogenesis:sigma_k->spore_coat_cortex[0]	MISSING_SNIPPET	WARN	reference=DOI:10.1038/s41467-024-51654-6 has no snippet
data/traits/morphology/sporulation.yaml	sporulation_spo0a_sigma_morphogenesis:spoiiie_translocase->chromosome_translocation[0]	MISSING_SNIPPET	WARN	reference=DOI:10.1038/s41467-024-51654-6 has no snippet
data/traits/morphology/sporulation.yaml	sporulation_spo0a_sigma_morphogenesis:spore_coat_cortex->stress_resistance[0]	MISSING_SNIPPET	WARN	reference=DOI:10.1038/s42003-024-06521-x has no snippet
data/traits/morphology/square_shaped.yaml	square_shaped_planar_anisotropic_growth:archaeal_slayer->cell_shape[0]	MISSING_SNIPPET	WARN	reference=DOI:10.1038/s41564-022-01215-8 has no snippet
data/traits/morphology/square_shaped.yaml	square_shaped_planar_anisotropic_growth:archaeal_slayer->mechanical_stability[0]	MISSING_SNIPPET	WARN	reference=DOI:10.1038/s41564-022-01215-8 has no snippet
data/traits/morphology/square_shaped.yaml	square_shaped_planar_anisotropic_growth:cytoskeletal_growth_axis_control->square_shaped_trait[0]	MISSING_SNIPPET	WARN	reference=DOI:10.1038/s41564-022-01215-8 has no snippet
data/traits/morphology/square_shaped.yaml	square_shaped_planar_anisotropic_growth:slayer_proteins->cell_shape_size_defect[0]	MISSING_SNIPPET	WARN	reference=DOI:10.1038/s41564-022-01215-8 has no snippet
data/traits/morphology/staphylococcus_arrangement.yaml	evidence[0]	MISSING_SNIPPET	WARN	reference=DOI:10.1128/MMBR.00001-06 has no snippet
data/traits/morphology/staphylococcus_arrangement.yaml	evidence[1]	MISSING_SNIPPET	WARN	reference=DOI:10.1038/ncomms4842 has no snippet
data/traits/morphology/staphylococcus_arrangement.yaml	staphylococcus_irregular_division_cluster:cell_division->staphylococcus_trait[0]	MISSING_SNIPPET	WARN	reference=DOI:10.1128/MMBR.00001-06 has no snippet
data/traits/morphology/staphylococcus_arrangement.yaml	staphylococcus_irregular_division_cluster:facz->ftsz_ring[0]	MISSING_SNIPPET	WARN	reference=DOI:10.1038/s41564-024-01607-y has no snippet
data/traits/morphology/staphylococcus_arrangement.yaml	staphylococcus_irregular_division_cluster:facz->gpsb[0]	MISSING_SNIPPET	WARN	reference=DOI:10.1038/s41564-024-01607-y has no snippet
data/traits/morphology/staphylococcus_arrangement.yaml	staphylococcus_irregular_division_cluster:facz->gpsb[0]	MISSING_SNIPPET	WARN	reference=DOI:10.1038/s41564-024-01607-y has no snippet
data/traits/morphology/staphylococcus_arrangement.yaml	staphylococcus_irregular_division_cluster:ftsz_ring->divisome_pg_synthesis[0]	MISSING_SNIPPET	WARN	reference=DOI:10.1038/s41564-024-01607-y has no snippet
data/traits/morphology/staphylococcus_arrangement.yaml	staphylococcus_irregular_division_cluster:gpsb->ftsz[0]	MISSING_SNIPPET	WARN	reference=DOI:10.1038/s41564-024-01607-y has no snippet
data/traits/morphology/staphylococcus_arrangement.yaml	staphylococcus_irregular_division_cluster:multiplane_nonorthogonal_division->staphylococcus_trait[0]	MISSING_SNIPPET	WARN	reference=DOI:10.1038/ncomms4842 has no snippet
data/traits/morphology/star_shaped.yaml	star_shaped_multiple_prosthecae:*	REUSED_SNIPPET	WARN	3 evidence items share one snippet: 'prosthecate bacteria'
data/traits/morphology/star_shaped.yaml	star_shaped_multiple_prosthecae:baca_lmdc_module->local_pg_remodeling[0]	MISSING_SNIPPET	WARN	reference=DOI:10.7554/eLife.86577.2 has no snippet
data/traits/morphology/star_shaped.yaml	star_shaped_multiple_prosthecae:bactofilins->pbpc_prosthecate_pole[0]	MISSING_SNIPPET	WARN	reference=DOI:10.1016/j.tim.2017.09.012 has no snippet
data/traits/morphology/star_shaped.yaml	star_shaped_multiple_prosthecae:elongasome_restriction->zonal_pg_biosynthesis[0]	MISSING_SNIPPET	WARN	reference=DOI:10.7554/eLife.86577.2 has no snippet
data/traits/morphology/star_shaped.yaml	star_shaped_multiple_prosthecae:local_pg_remodeling->cell_shape_determination[0]	MISSING_SNIPPET	WARN	reference=DOI:10.7554/eLife.86577.2 has no snippet
data/traits/morphology/star_shaped.yaml	star_shaped_multiple_prosthecae:pbpc_prosthecate_pole->prostheca_outgrowth[0]	MISSING_SNIPPET	WARN	reference=DOI:10.1016/j.tim.2017.09.012 has no snippet
data/traits/morphology/star_shaped.yaml	star_shaped_multiple_prosthecae:spmx->prostheca_outgrowth[0]	MISSING_SNIPPET	WARN	reference=DOI:10.1016/j.tim.2017.09.012 has no snippet
data/traits/morphology/streptococcus_arrangement.yaml	evidence[0]	MISSING_SNIPPET	WARN	reference=DOI:10.1128/MMBR.00001-06 has no snippet
data/traits/morphology/streptococcus_arrangement.yaml	evidence[1]	MISSING_SNIPPET	WARN	reference=DOI:10.1038/ncomms4842 has no snippet
data/traits/morphology/streptococcus_arrangement.yaml	streptococcus_parallel_division_chain:cell_division->streptococcus_trait[0]	MISSING_SNIPPET	WARN	reference=DOI:10.1128/MMBR.00001-06 has no snippet
data/traits/morphology/streptococcus_arrangement.yaml	streptococcus_parallel_division_chain:daughter_cell_separation->streptococcus_trait[0]	MISSING_SNIPPET	WARN	reference=DOI:10.1038/ncomms4842 has no snippet
data/traits/morphology/streptococcus_arrangement.yaml	streptococcus_parallel_division_chain:ftsex_complex->pcsb_autolysin[0]	MISSING_SNIPPET	WARN	reference=DOI:10.1128/mSphere.00119-21 has no snippet
data/traits/morphology/streptococcus_arrangement.yaml	streptococcus_parallel_division_chain:lipoteichoic_acid->cell_division[0]	MISSING_SNIPPET	WARN	reference=DOI:10.1186/s13567-024-01287-w has no snippet
data/traits/morphology/streptococcus_arrangement.yaml	streptococcus_parallel_division_chain:parallel_division_planes->cell_division[0]	MISSING_SNIPPET	WARN	reference=DOI:10.1128/mSphere.00119-21 has no snippet
data/traits/morphology/streptococcus_arrangement.yaml	streptococcus_parallel_division_chain:parallel_division_planes->streptococcus_trait[0]	MISSING_SNIPPET	WARN	reference=DOI:10.1038/ncomms4842 has no snippet
data/traits/morphology/streptococcus_arrangement.yaml	streptococcus_parallel_division_chain:pcsb_autolysin->pg_remodeling[0]	MISSING_SNIPPET	WARN	reference=DOI:10.1128/mSphere.00119-21 has no snippet
data/traits/morphology/streptococcus_arrangement.yaml	streptococcus_parallel_division_chain:pg_hydrolases->pg_remodeling[0]	MISSING_SNIPPET	WARN	reference=DOI:10.3389/fmicb.2021.737396 has no snippet
data/traits/morphology/streptococcus_arrangement.yaml	streptococcus_parallel_division_chain:pg_remodeling->daughter_cell_separation[0]	MISSING_SNIPPET	WARN	reference=DOI:10.1128/mSphere.00119-21 has no snippet
data/traits/morphology/sulfur_globule.yaml	evidence[0]	MISSING_SNIPPET	WARN	reference=DOI:10.1016/S0065-2911(08)00002-7 has no snippet
data/traits/morphology/sulfur_globule.yaml	evidence[1]	MISSING_SNIPPET	WARN	reference=DOI:10.1038/s41579-020-0413-0 has no snippet
data/traits/morphology/sulfur_globule.yaml	sulfur_globule_sulfur_oxidation_intermediate:elemental_sulfur->sulfur_globule_trait[0]	MISSING_SNIPPET	WARN	reference=DOI:10.1038/s41579-020-0413-0 has no snippet
data/traits/morphology/sulfur_globule.yaml	sulfur_globule_sulfur_oxidation_intermediate:oxidative_sulfur_metabolism->elemental_sulfur[0]	MISSING_SNIPPET	WARN	reference=DOI:10.1016/S0065-2911(08)00002-7 has no snippet
data/traits/morphology/sulfur_globule.yaml	sulfur_globule_sulfur_oxidation_intermediate:persulfide_dioxygenase->sulfite[0]	MISSING_SNIPPET	WARN	reference=DOI:10.3390/ijms252010962 has no snippet
data/traits/morphology/sulfur_globule.yaml	sulfur_globule_sulfur_oxidation_intermediate:polysulfide->sulfur_globule_trait[0]	MISSING_SNIPPET	WARN	reference=DOI:10.1128/aem.01941-21 has no snippet
data/traits/morphology/sulfur_globule.yaml	sulfur_globule_sulfur_oxidation_intermediate:sqr->polysulfide[0]	MISSING_SNIPPET	WARN	reference=DOI:10.1128/aem.01941-21 has no snippet
data/traits/morphology/sulfur_globule.yaml	sulfur_globule_sulfur_oxidation_intermediate:sqr->sulfane_sulfur[0]	MISSING_SNIPPET	WARN	reference=DOI:10.3390/ijms252010962 has no snippet
data/traits/morphology/swarming_motility.yaml	evidence[0]	MISSING_SNIPPET	WARN	reference=DOI:10.1038/nrmicro2405 has no snippet
data/traits/morphology/swarming_motility.yaml	evidence[1]	MISSING_SNIPPET	WARN	reference=DOI:10.1146/annurev.micro.57.030502.091014 has no snippet
data/traits/morphology/swarming_motility.yaml	swarming_hyperflagellation_surfactant:bacterial_flagellum->swarm_expansion[0]	MISSING_SNIPPET	WARN	reference=DOI:10.1063/5.0128140 has no snippet
data/traits/morphology/swarming_motility.yaml	swarming_hyperflagellation_surfactant:bacterial_flagellum->swarming_trait[0]	MISSING_SNIPPET	WARN	reference=DOI:10.1038/nrmicro2405 has no snippet
data/traits/morphology/swarming_motility.yaml	swarming_hyperflagellation_surfactant:quorum_sensing->surfactant[0]	MISSING_SNIPPET	WARN	reference=DOI:10.1063/5.0128140 has no snippet
data/traits/morphology/swarming_motility.yaml	swarming_hyperflagellation_surfactant:surfactant->swarm_expansion[0]	MISSING_SNIPPET	WARN	reference=DOI:10.1063/5.0128140 has no snippet
data/traits/morphology/swarming_motility.yaml	swarming_hyperflagellation_surfactant:surfactant->swarming_trait[0]	MISSING_SNIPPET	WARN	reference=DOI:10.1038/nrmicro2405 has no snippet
data/traits/morphology/swarming_motility.yaml	swarming_hyperflagellation_surfactant:swarming_trait->flagellar_motility[0]	MISSING_SNIPPET	WARN	reference=DOI:10.1146/annurev.micro.57.030502.091014 has no snippet
data/traits/morphology/tailed_shaped.yaml	tailed_shaped_polar_stalk_growth:*	REUSED_SNIPPET	WARN	3 evidence items share one snippet: 'prosthecate bacteria'
data/traits/morphology/tailed_shaped.yaml	tailed_shaped_polar_stalk_growth:bactofilin_polymers->cell_wall_synthase[0]	MISSING_SNIPPET	WARN	reference=DOI:10.7554/eLife.86577 has no snippet
data/traits/morphology/tailed_shaped.yaml	tailed_shaped_polar_stalk_growth:bactofilin_polymers->pg_biosynthesis_at_stalk_base[0]	MISSING_SNIPPET	WARN	reference=DOI:10.7554/eLife.86577 has no snippet
data/traits/morphology/tailed_shaped.yaml	tailed_shaped_polar_stalk_growth:bactofilin_polymers->stalk_base[0]	MISSING_SNIPPET	WARN	reference=DOI:10.7554/eLife.86577 has no snippet
data/traits/morphology/tailed_shaped.yaml	tailed_shaped_polar_stalk_growth:cell_wall_synthase->stalk_outgrowth[0]	MISSING_SNIPPET	WARN	reference=DOI:10.7554/eLife.86577 has no snippet
data/traits/morphology/tailed_shaped.yaml	tailed_shaped_polar_stalk_growth:mreb->stalk_outgrowth[0]	MISSING_SNIPPET	WARN	reference=DOI:10.1128/jb.00384-22 has no snippet
data/traits/morphology/tailed_shaped.yaml	tailed_shaped_polar_stalk_growth:phosphate_starvation->stalk_outgrowth[0]	MISSING_SNIPPET	WARN	reference=DOI:10.1128/jb.00384-22 has no snippet
data/traits/morphology/tailed_shaped.yaml	tailed_shaped_polar_stalk_growth:roda->stalk_outgrowth[0]	MISSING_SNIPPET	WARN	reference=DOI:10.1128/jb.00384-22 has no snippet
data/traits/morphology/tetrad_arrangement.yaml	evidence[0]	MISSING_SNIPPET	WARN	reference=DOI:10.1128/MMBR.00001-06 has no snippet
data/traits/morphology/tetrad_arrangement.yaml	evidence[1]	MISSING_SNIPPET	WARN	reference=DOI:10.1038/ncomms4842 has no snippet
data/traits/morphology/tetrad_arrangement.yaml	tetrad_two_plane_division:cell_division->tetrad_trait[0]	MISSING_SNIPPET	WARN	reference=DOI:10.1128/MMBR.00001-06 has no snippet
data/traits/morphology/tetrad_arrangement.yaml	tetrad_two_plane_division:cell_wall_hydrolases->daughter_cell_splitting[0]	MISSING_SNIPPET	WARN	reference=DOI:10.1042/bst20240956 has no snippet
data/traits/morphology/tetrad_arrangement.yaml	tetrad_two_plane_division:daughter_cell_splitting->tetrad_trait[0]	MISSING_SNIPPET	WARN	reference=DOI:10.1042/bst20240956 has no snippet
data/traits/morphology/tetrad_arrangement.yaml	tetrad_two_plane_division:ftsz_z_ring->septation[0]	MISSING_SNIPPET	WARN	reference=DOI:10.1042/bst20240956 has no snippet
data/traits/morphology/tetrad_arrangement.yaml	tetrad_two_plane_division:septation->daughter_cell_splitting[0]	MISSING_SNIPPET	WARN	reference=DOI:10.1042/bst20240956 has no snippet
data/traits/morphology/tetrad_arrangement.yaml	tetrad_two_plane_division:two_plane_perpendicular_division->tetrad_trait[0]	MISSING_SNIPPET	WARN	reference=DOI:10.1038/ncomms4842 has no snippet
data/traits/morphology/triangular_shaped.yaml	triangular_shaped_planar_polygonal_growth:polygonal_geometry->outer_membrane[0]	MISSING_SNIPPET	WARN	reference=DOI:10.3389/fmicb.2021.766527 has no snippet
data/traits/morphology/triangular_shaped.yaml	triangular_shaped_planar_polygonal_growth:polygonal_geometry->peptidoglycan_layer[0]	MISSING_SNIPPET	WARN	reference=DOI:10.3389/fmicb.2021.766527 has no snippet
data/traits/morphology/triangular_shaped.yaml	triangular_shaped_planar_polygonal_growth:rigid_slayer_sheets->polygonal_geometry[0]	MISSING_SNIPPET	WARN	reference=DOI:10.3389/fmicb.2021.766527 has no snippet
data/traits/morphology/triangular_shaped.yaml	triangular_shaped_planar_polygonal_growth:slayer_constraints->polygonal_geometry[0]	MISSING_SNIPPET	WARN	reference=DOI:10.3389/fmicb.2021.766527 has no snippet
data/traits/morphology/twitching_motility.yaml	evidence[0]	MISSING_SNIPPET	WARN	reference=DOI:10.1146/annurev.micro.56.012302.160938 has no snippet
data/traits/morphology/twitching_motility.yaml	evidence[1]	MISSING_SNIPPET	WARN	reference=DOI:10.1146/annurev.micro.57.030502.091014 has no snippet
data/traits/morphology/twitching_motility.yaml	twitching_type_iv_pilus_retraction:pilb_extension_atpase->pilus_extension[0]	MISSING_SNIPPET	WARN	reference=DOI:10.1128/jb.00359-24 has no snippet
data/traits/morphology/twitching_motility.yaml	twitching_type_iv_pilus_retraction:pilmnop_alignment_complex->t4p_machine[0]	MISSING_SNIPPET	WARN	reference=DOI:10.1038/s41467-024-53638-y has no snippet
data/traits/morphology/twitching_motility.yaml	twitching_type_iv_pilus_retraction:pilq_secretin->pilus_filament_surface_exposure[0]	MISSING_SNIPPET	WARN	reference=DOI:10.1099/mic.0.001311 has no snippet
data/traits/morphology/twitching_motility.yaml	twitching_type_iv_pilus_retraction:pilt_retraction_atpase->pilus_retraction[0]	MISSING_SNIPPET	WARN	reference=DOI:10.1128/jb.00359-24 has no snippet
data/traits/morphology/twitching_motility.yaml	twitching_type_iv_pilus_retraction:pilus_assembly->twitching_trait[0]	MISSING_SNIPPET	WARN	reference=DOI:10.1146/annurev.micro.57.030502.091014 has no snippet
data/traits/morphology/twitching_motility.yaml	twitching_type_iv_pilus_retraction:pilus_retraction->twitching_trait[0]	MISSING_SNIPPET	WARN	reference=DOI:10.1128/jb.00442-23 has no snippet
data/traits/morphology/twitching_motility.yaml	twitching_type_iv_pilus_retraction:type_iv_pilus->twitching_trait[0]	MISSING_SNIPPET	WARN	reference=DOI:10.1146/annurev.micro.56.012302.160938 has no snippet
data/traits/morphology/vibrio_shaped.yaml	vibrio_shaped_crvA_curvature:crvA_mrna->crvA[0]	MISSING_SNIPPET	WARN	reference=DOI:10.1038/s41467-020-19890-8 has no snippet
data/traits/morphology/vibrio_shaped.yaml	vibrio_shaped_crvA_curvature:crvB->cell_body_curvature[0]	MISSING_SNIPPET	WARN	reference=DOI:10.1101/2020.02.20.954503 has no snippet
data/traits/morphology/vibrio_shaped.yaml	vibrio_shaped_crvA_curvature:crvB->periplasmic_filament[0]	MISSING_SNIPPET	WARN	reference=DOI:10.1101/2020.02.20.954503 has no snippet
data/traits/morphology/vibrio_shaped.yaml	vibrio_shaped_crvA_curvature:cyclic_di_gmp->cell_body_curvature[0]	MISSING_SNIPPET	WARN	reference=DOI:10.1073/pnas.2010199117 has no snippet
data/traits/morphology/vibrio_shaped.yaml	vibrio_shaped_crvA_curvature:vadR_srna->cell_body_curvature[0]	MISSING_SNIPPET	WARN	reference=DOI:10.1038/s41467-020-19890-8 has no snippet
data/traits/morphology/vibrio_shaped.yaml	vibrio_shaped_crvA_curvature:vadR_srna->crvA_mrna[0]	MISSING_SNIPPET	WARN	reference=DOI:10.1038/s41467-020-19890-8 has no snippet
data/traits/morphology/vibrio_shaped.yaml	vibrio_shaped_crvA_curvature:vxrAB_tcs->vadR_srna[0]	MISSING_SNIPPET	WARN	reference=DOI:10.1038/s41467-020-19890-8 has no snippet
data/traits/morphology/white_pigmented.yaml	white_pigmented_low_chromophore:glmS->sigB[0]	MISSING_SNIPPET	WARN	reference=DOI:10.1080/21505594.2024.2352476 has no snippet
data/traits/morphology/white_pigmented.yaml	white_pigmented_low_chromophore:melanin_biosynthesis->melanin[0]	MISSING_SNIPPET	WARN	reference=DOI:10.1007/s00792-024-01354-2 has no snippet
data/traits/morphology/white_pigmented.yaml	white_pigmented_low_chromophore:reduced_melanin->melanin_biosynthesis[0]	MISSING_SNIPPET	WARN	reference=DOI:10.1080/21501203.2023.2249010 has no snippet
data/traits/morphology/white_pigmented.yaml	white_pigmented_low_chromophore:reduced_melanin->visible_white_color[0]	MISSING_SNIPPET	WARN	reference=DOI:10.1080/21501203.2023.2249010 has no snippet
data/traits/morphology/white_pigmented.yaml	white_pigmented_low_chromophore:sigB->staphyloxanthin_biosynthesis[0]	MISSING_SNIPPET	WARN	reference=DOI:10.1128/mbio.00346-24 has no snippet
data/traits/morphology/yellow_pigmented.yaml	yellow_pigmented_carotenoid_color:beta_carotene->yellow_pigmented_trait[0]	MISSING_SNIPPET	WARN	reference=DOI:10.4014/jmb.2404.04018 has no snippet
data/traits/morphology/yellow_pigmented.yaml	yellow_pigmented_carotenoid_color:crt_enzymes->carotenoid_biosynthesis[0]	ELLIPTICAL_SNIPPET	ERROR	non-contiguous quote: 'crt genes ... reactions they catalyze'
data/traits/morphology/yellow_pigmented.yaml	yellow_pigmented_carotenoid_color:crti->lycopene_biosynthesis[0]	MISSING_SNIPPET	WARN	reference=DOI:10.3390/microorganisms12040803 has no snippet
data/traits/morphology/yellow_pigmented.yaml	yellow_pigmented_carotenoid_color:crty->beta_carotene[0]	MISSING_SNIPPET	WARN	reference=DOI:10.1038/s41598-024-58700-9 has no snippet
data/traits/morphology/yellow_pigmented.yaml	yellow_pigmented_carotenoid_color:flexirubin_pigment->ros_damage[0]	MISSING_SNIPPET	WARN	reference=DOI:10.1038/s41467-024-54112-5 has no snippet
data/traits/morphology/yellow_pigmented.yaml	yellow_pigmented_carotenoid_color:flexirubin_pigment->yellow_pigmented_trait[0]	MISSING_SNIPPET	WARN	reference=DOI:10.1038/s41467-024-54112-5 has no snippet
data/traits/morphology/yellow_pigmented.yaml	yellow_pigmented_carotenoid_color:ggpp->lycopene[0]	MISSING_SNIPPET	WARN	reference=DOI:10.1038/s41598-024-58700-9 has no snippet
data/traits/morphology/yellow_pigmented.yaml	yellow_pigmented_carotenoid_color:idsa_crte->ggpp[0]	MISSING_SNIPPET	WARN	reference=DOI:10.1038/s41598-024-58700-9 has no snippet
data/traits/morphology/yellow_pigmented.yaml	yellow_pigmented_carotenoid_color:ipp_dmapp->ggpp[0]	MISSING_SNIPPET	WARN	reference=DOI:10.1038/s41598-024-58700-9 has no snippet
data/traits/morphology/yellow_pigmented.yaml	yellow_pigmented_carotenoid_color:lycopene_biosynthesis->lycopene[0]	MISSING_SNIPPET	WARN	reference=DOI:10.3390/microorganisms12040803 has no snippet
data/traits/physiology/antibiotic_resistance.yaml	antibiotic_resistance_mechanisms:antibiotic_resistance_trait->antibiotic_response_process[0]	MISSING_SNIPPET	WARN	reference=DOI:10.1038/s41579-022-00820-y has no snippet
data/traits/physiology/antibiotic_resistance.yaml	antibiotic_resistance_mechanisms:beta_lactamase->beta_lactam_antibiotic[0]	MISSING_SNIPPET	WARN	reference=DOI:10.1038/s43856-024-00591-y has no snippet
data/traits/physiology/antibiotic_resistance.yaml	antibiotic_resistance_mechanisms:efflux_pump->antibiotic_resistance_trait[0]	MISSING_SNIPPET	WARN	reference=DOI:10.1038/nrmicro3380 has no snippet
data/traits/physiology/antibiotic_resistance.yaml	antibiotic_resistance_mechanisms:efflux_pump->intracellular_antibiotic_concentration[0]	MISSING_SNIPPET	WARN	reference=DOI:10.3390/pharmaceutics16020170 has no snippet
data/traits/physiology/antibiotic_resistance.yaml	antibiotic_resistance_mechanisms:outer_membrane_porin->antibiotic_influx[0]	MISSING_SNIPPET	WARN	reference=DOI:10.3390/pharmaceutics16020170 has no snippet
data/traits/physiology/antibiotic_resistance.yaml	antibiotic_resistance_mechanisms:qrdr_mutation->fluoroquinolone[0]	MISSING_SNIPPET	WARN	reference=DOI:10.3389/fphar.2024.1444781 has no snippet
data/traits/physiology/antibiotic_resistance.yaml	antibiotic_resistance_mechanisms:rrna_methylation_23s->macrolide_antibiotic[0]	MISSING_SNIPPET	WARN	reference=DOI:10.3389/fphar.2024.1444781 has no snippet
data/traits/physiology/antibiotic_resistance.yaml	evidence[0]	MISSING_SNIPPET	WARN	reference=DOI:10.1038/nrmicro3380 has no snippet
data/traits/physiology/antibiotic_resistance.yaml	evidence[1]	MISSING_SNIPPET	WARN	reference=DOI:10.1038/s41579-022-00820-y has no snippet
data/traits/physiology/autotrophic.yaml	autotrophic_inorganic_carbon_fixation:carbon_concentrating_mechanism->co2_fixation_pathway[0]	MISSING_SNIPPET	WARN	reference=DOI:10.1128/aem.01557-23 has no snippet
data/traits/physiology/autotrophic.yaml	autotrophic_inorganic_carbon_fixation:carbonic_anhydrase->carbon_dioxide[0]	MISSING_SNIPPET	WARN	reference=DOI:10.1128/aem.01075-24 has no snippet
data/traits/physiology/autotrophic.yaml	autotrophic_inorganic_carbon_fixation:carboxysome->carbonic_anhydrase[0]	MISSING_SNIPPET	WARN	reference=DOI:10.1128/aem.01075-24 has no snippet
data/traits/physiology/autotrophic.yaml	autotrophic_inorganic_carbon_fixation:carboxysome->rubisco[0]	MISSING_SNIPPET	WARN	reference=DOI:10.1111/ppl.14140 has no snippet
data/traits/physiology/autotrophic.yaml	autotrophic_inorganic_carbon_fixation:codh_acs->wood_ljungdahl_pathway[0]	MISSING_SNIPPET	WARN	reference=DOI:10.1039/D4CB00099D has no snippet
data/traits/physiology/autotrophic.yaml	autotrophic_inorganic_carbon_fixation:environmental_ph->dissolved_inorganic_carbon[0]	MISSING_SNIPPET	WARN	reference=DOI:10.1128/aem.01557-23 has no snippet
data/traits/physiology/autotrophic.yaml	autotrophic_inorganic_carbon_fixation:molecular_hydrogen->wood_ljungdahl_pathway[0]	MISSING_SNIPPET	WARN	reference=DOI:10.1039/D4CB00099D has no snippet
data/traits/physiology/autotrophic.yaml	autotrophic_inorganic_carbon_fixation:wood_ljungdahl_pathway->acetyl_coa[0]	MISSING_SNIPPET	WARN	reference=DOI:10.1039/D4CB00099D has no snippet
data/traits/physiology/autotrophic.yaml	autotrophic_inorganic_carbon_fixation:wood_ljungdahl_pathway->co2_fixation_pathway[0]	MISSING_SNIPPET	WARN	reference=DOI:10.1039/D4CB00099D has no snippet
data/traits/physiology/bioluminescence.yaml	bioluminescence_luciferase:autoinducer_hsl->lux_r[0]	MISSING_SNIPPET	WARN	reference=DOI:10.1128/jb.00035-24 has no snippet
data/traits/physiology/bioluminescence.yaml	bioluminescence_luciferase:bioluminescence_process->bioluminescence_trait[0]	MISSING_SNIPPET	WARN	reference=DOI:10.1146/annurev.cellbio.21.012704.131001 has no snippet
data/traits/physiology/bioluminescence.yaml	bioluminescence_luciferase:bioluminescence_process->molecular_oxygen[0]	MISSING_SNIPPET	WARN	reference=DOI:10.1016/j.csbj.2018.11.003 has no snippet
data/traits/physiology/bioluminescence.yaml	bioluminescence_luciferase:fmnh2->bioluminescence_process[0]	MISSING_SNIPPET	WARN	reference=DOI:10.1016/j.csbj.2018.11.003 has no snippet
data/traits/physiology/bioluminescence.yaml	bioluminescence_luciferase:long_chain_aldehyde->bioluminescence_process[0]	MISSING_SNIPPET	WARN	reference=DOI:10.1016/j.csbj.2018.11.003 has no snippet
data/traits/physiology/bioluminescence.yaml	bioluminescence_luciferase:luciferase->bioluminescence_process[0]	MISSING_SNIPPET	WARN	reference=DOI:10.1016/j.csbj.2018.11.003 has no snippet
data/traits/physiology/bioluminescence.yaml	bioluminescence_luciferase:luciferase->long_chain_aldehyde[0]	MISSING_SNIPPET	WARN	reference=DOI:10.1016/j.csbj.2018.11.003 has no snippet
data/traits/physiology/bioluminescence.yaml	bioluminescence_luciferase:lux_g->fmn[0]	MISSING_SNIPPET	WARN	reference=DOI:10.1016/j.csbj.2018.11.003 has no snippet
data/traits/physiology/bioluminescence.yaml	bioluminescence_luciferase:lux_g->fmnh2[0]	MISSING_SNIPPET	WARN	reference=DOI:10.1016/j.csbj.2018.11.003 has no snippet
data/traits/physiology/bioluminescence.yaml	bioluminescence_luciferase:lux_i->autoinducer_hsl[0]	MISSING_SNIPPET	WARN	reference=DOI:10.1128/jb.00035-24 has no snippet
data/traits/physiology/bioluminescence.yaml	bioluminescence_luciferase:lux_locus_expression->luciferase[0]	MISSING_SNIPPET	WARN	reference=DOI:10.1128/jb.00035-24 has no snippet
data/traits/physiology/bioluminescence.yaml	bioluminescence_luciferase:lux_r->lux_locus_expression[0]	MISSING_SNIPPET	WARN	reference=DOI:10.1128/jb.00035-24 has no snippet
data/traits/physiology/bioluminescence.yaml	bioluminescence_luciferase:luxcde_complex->long_chain_aldehyde[0]	MISSING_SNIPPET	WARN	reference=DOI:10.1016/j.csbj.2018.11.003 has no snippet
data/traits/physiology/bioluminescence.yaml	evidence[0]	MISSING_SNIPPET	WARN	reference=DOI:10.1016/j.csbj.2018.11.003 has no snippet
data/traits/physiology/bioluminescence.yaml	evidence[1]	MISSING_SNIPPET	WARN	reference=DOI:10.1146/annurev.cellbio.21.012704.131001 has no snippet
data/traits/physiology/carboxydotrophic.yaml	carboxydotrophic_co_oxidation:coo_operon->nife_codh[0]	MISSING_SNIPPET	WARN	reference=DOI:10.1128/jb.00332-22 has no snippet
data/traits/physiology/carboxydotrophic.yaml	carboxydotrophic_co_oxidation:cooa_regulator->coo_operon[0]	MISSING_SNIPPET	WARN	reference=DOI:10.1128/jb.00332-22 has no snippet
data/traits/physiology/carboxydotrophic.yaml	carboxydotrophic_co_oxidation:cox_operon->molybdenum_hydroxylase[0]	MISSING_SNIPPET	WARN	reference=DOI:10.1128/jb.00332-22 has no snippet
data/traits/physiology/carboxydotrophic.yaml	carboxydotrophic_co_oxidation:molybdenum_hydroxylase->dioxygen[0]	MISSING_SNIPPET	WARN	reference=DOI:10.1101/2023.01.17.524042 has no snippet
data/traits/physiology/carboxydotrophic.yaml	carboxydotrophic_co_oxidation:molybdenum_hydroxylase->oxygen_tolerance[0]	MISSING_SNIPPET	WARN	reference=DOI:10.1128/jb.00332-22 has no snippet
data/traits/physiology/carboxydotrophic.yaml	carboxydotrophic_co_oxidation:nife_codh->oxygen_sensitivity[0]	MISSING_SNIPPET	WARN	reference=DOI:10.1128/jb.00332-22 has no snippet
data/traits/physiology/carboxydotrophic.yaml	carboxydotrophic_co_oxidation:proton_motive_force->atp_synthase[0]	MISSING_SNIPPET	WARN	reference=DOI:10.1186/s40643-023-00705-9 has no snippet
data/traits/physiology/carboxydotrophic.yaml	carboxydotrophic_co_oxidation:rcom_regulator->cox_operon[0]	MISSING_SNIPPET	WARN	reference=DOI:10.1128/jb.00332-22 has no snippet
data/traits/physiology/catalase_activity.yaml	catalase_activity_h2o2_detoxification:catalase->catalase_activity_trait[0]	MISSING_SNIPPET	WARN	reference=DOI:10.1007/s00018-003-3206-5 has no snippet
data/traits/physiology/catalase_activity.yaml	catalase_activity_h2o2_detoxification:catalase->catalase_function[0]	MISSING_SNIPPET	WARN	reference=DOI:10.1007/s00018-003-3206-5 has no snippet
data/traits/physiology/catalase_activity.yaml	catalase_activity_h2o2_detoxification:catalase_activity_trait->hydrogen_peroxide[0]	MISSING_SNIPPET	WARN	reference=DOI:10.3390/biom14060697 has no snippet
data/traits/physiology/catalase_activity.yaml	catalase_activity_h2o2_detoxification:catalase_function->hydrogen_peroxide[0]	MISSING_SNIPPET	WARN	reference=DOI:10.1038/nrmicro3032 has no snippet
data/traits/physiology/catalase_activity.yaml	catalase_activity_h2o2_detoxification:catalase_function->molecular_oxygen[0]	MISSING_SNIPPET	WARN	reference=DOI:10.1007/s00018-003-3206-5 has no snippet
data/traits/physiology/catalase_activity.yaml	catalase_activity_h2o2_detoxification:catalase_function->water[0]	MISSING_SNIPPET	WARN	reference=DOI:10.1007/s00018-003-3206-5 has no snippet
data/traits/physiology/catalase_activity.yaml	catalase_activity_h2o2_detoxification:heme_biosynthesis->catalase[0]	MISSING_SNIPPET	WARN	reference=DOI:10.1111/mmi.12967 has no snippet
data/traits/physiology/catalase_activity.yaml	catalase_activity_h2o2_detoxification:hydrogen_peroxide->catalase_activity_trait[0]	MISSING_SNIPPET	WARN	reference=DOI:10.1038/nrmicro3032 has no snippet
data/traits/physiology/catalase_activity.yaml	catalase_activity_h2o2_detoxification:hydrogen_peroxide->oxyr_regulator[0]	MISSING_SNIPPET	WARN	reference=DOI:10.1038/nrmicro3032 has no snippet
data/traits/physiology/catalase_activity.yaml	catalase_activity_h2o2_detoxification:oxyr_regulator->peroxide_defense_systems[0]	MISSING_SNIPPET	WARN	reference=DOI:10.3389/fimmu.2021.667343 has no snippet
data/traits/physiology/catalase_activity.yaml	catalase_activity_h2o2_detoxification:perr_regulator->peroxide_defense_systems[0]	MISSING_SNIPPET	WARN	reference=DOI:10.3389/fimmu.2021.667343 has no snippet
data/traits/physiology/catalase_activity.yaml	evidence[0]	MISSING_SNIPPET	WARN	reference=DOI:10.1007/s00018-003-3206-5 has no snippet
data/traits/physiology/catalase_activity.yaml	evidence[1]	MISSING_SNIPPET	WARN	reference=DOI:10.1038/nrmicro3032 has no snippet
data/traits/physiology/chemoautolithotrophic.yaml	chemoautolithotrophic_inorganic_energy_co2_fixation:chemoautolithotrophic_trait->chemoorganoheterotrophy[0]	MISSING_SNIPPET	WARN	reference=DOI:10.3390/molecules29102293 has no snippet
data/traits/physiology/chemoautolithotrophic.yaml	chemoautolithotrophic_inorganic_energy_co2_fixation:chemoautolithotrophic_trait->co2_fixation_pathway[0]	MISSING_SNIPPET	WARN	reference=DOI:10.1186/s40168-023-01712-w has no snippet
data/traits/physiology/chemoautolithotrophic.yaml	chemoautolithotrophic_inorganic_energy_co2_fixation:chemoautolithotrophic_trait->inorganic_compound_oxidation[0]	MISSING_SNIPPET	WARN	reference=DOI:10.1186/s40168-023-01712-w has no snippet
data/traits/physiology/chemoautolithotrophic.yaml	chemoautolithotrophic_inorganic_energy_co2_fixation:inorganic_compound_oxidation->respiratory_chain[0]	MISSING_SNIPPET	WARN	reference=DOI:10.1186/s40168-023-01712-w has no snippet
data/traits/physiology/chemoautotrophic.yaml	chemoautotrophic_chemical_energy_co2_fixation:calvin_benson_cycle->inorganic_carbon_assimilation[0]	MISSING_SNIPPET	WARN	reference=DOI:10.1101/2024.08.01.606197 has no snippet
data/traits/physiology/chemoautotrophic.yaml	chemoautotrophic_chemical_energy_co2_fixation:carbon_concentrating_mechanism->calvin_benson_cycle[0]	MISSING_SNIPPET	WARN	reference=DOI:10.1128/AEM.01075-24 has no snippet
data/traits/physiology/chemoautotrophic.yaml	chemoautotrophic_chemical_energy_co2_fixation:carbon_dioxide->hp_hb_cycle[0]	MISSING_SNIPPET	WARN	reference=DOI:10.1038/s42003-024-06432-x has no snippet
data/traits/physiology/chemoautotrophic.yaml	chemoautotrophic_chemical_energy_co2_fixation:carbonic_anhydrase->bicarbonate[0]	MISSING_SNIPPET	WARN	reference=DOI:10.1128/AEM.01075-24 has no snippet
data/traits/physiology/chemoautotrophic.yaml	chemoautotrophic_chemical_energy_co2_fixation:carbonic_anhydrase->carbon_dioxide[0]	MISSING_SNIPPET	WARN	reference=DOI:10.1128/AEM.01075-24 has no snippet
data/traits/physiology/chemoautotrophic.yaml	chemoautotrophic_chemical_energy_co2_fixation:carboxysome->carbonic_anhydrase[0]	MISSING_SNIPPET	WARN	reference=DOI:10.1128/AEM.01075-24 has no snippet
data/traits/physiology/chemoautotrophic.yaml	chemoautotrophic_chemical_energy_co2_fixation:carboxysome->rubisco[0]	MISSING_SNIPPET	WARN	reference=DOI:10.1128/AEM.01075-24 has no snippet
data/traits/physiology/chemoautotrophic.yaml	chemoautotrophic_chemical_energy_co2_fixation:chemoautotrophic_trait->reduced_inorganic_compound[0]	ELLIPTICAL_SNIPPET	ERROR	non-contiguous quote: 'physiology ... of chemoautotrophic bacteria'
data/traits/physiology/chemoautotrophic.yaml	chemoautotrophic_chemical_energy_co2_fixation:dic_transporter->carbon_concentrating_mechanism[0]	MISSING_SNIPPET	WARN	reference=DOI:10.1128/AEM.01075-24 has no snippet
data/traits/physiology/chemoautotrophic.yaml	chemoautotrophic_chemical_energy_co2_fixation:respiratory_energy_conservation->nadph[0]	ELLIPTICAL_SNIPPET	ERROR	non-contiguous quote: 'NADH, or ... NADPH'
data/traits/physiology/chemoheterotrophic.yaml	chemoheterotrophic_organic_energy_carbon:catabolism->fermentation[0]	ELLIPTICAL_SNIPPET	ERROR	non-contiguous quote: 'substrate ... electron donor as well as acceptor'
data/traits/physiology/chemoheterotrophic.yaml	chemoheterotrophic_organic_energy_carbon:chemoheterotrophic_trait->organic_molecule[0]	ELLIPTICAL_SNIPPET	ERROR	non-contiguous quote: 'organic molecules ... energy source'
data/traits/physiology/chemoheterotrophic.yaml	chemoheterotrophic_organic_energy_carbon:emp_glycolysis->catabolism[0]	MISSING_SNIPPET	WARN	reference=DOI:10.1128/mbio.00992-24 has no snippet
data/traits/physiology/chemoheterotrophic.yaml	chemoheterotrophic_organic_energy_carbon:fermentation->short_chain_fatty_acids[0]	MISSING_SNIPPET	WARN	reference=DOI:10.1016/j.chom.2024.05.011 has no snippet
data/traits/physiology/chemoheterotrophic.yaml	chemoheterotrophic_organic_energy_carbon:fructose_6_phosphate->emp_glycolysis[0]	MISSING_SNIPPET	WARN	reference=DOI:10.1016/j.chom.2024.05.011 has no snippet
data/traits/physiology/chemoheterotrophic.yaml	chemoheterotrophic_organic_energy_carbon:mannitol_pts->mannitol[0]	MISSING_SNIPPET	WARN	reference=DOI:10.1016/j.chom.2024.05.011 has no snippet
data/traits/physiology/chemoheterotrophic.yaml	chemoheterotrophic_organic_energy_carbon:mtld->fructose_6_phosphate[0]	MISSING_SNIPPET	WARN	reference=DOI:10.1016/j.chom.2024.05.011 has no snippet
data/traits/physiology/chemolithoautotrophic.yaml	chemolithoautotrophic_energy_and_fixation:carbonic_anhydrase->dissolved_inorganic_carbon[0]	MISSING_SNIPPET	WARN	reference=DOI:10.1128/aem.01557-23 has no snippet
data/traits/physiology/chemolithoautotrophic.yaml	chemolithoautotrophic_energy_and_fixation:co2_fixation_pathway->biomass[0]	ELLIPTICAL_SNIPPET	ERROR	non-contiguous quote: 'physiology ... of chemoautotrophic bacteria'
data/traits/physiology/chemolithoautotrophic.yaml	chemolithoautotrophic_energy_and_fixation:dic_transporter->dissolved_inorganic_carbon[0]	MISSING_SNIPPET	WARN	reference=DOI:10.1128/aem.01557-23 has no snippet
data/traits/physiology/chemolithoautotrophic.yaml	chemolithoautotrophic_energy_and_fixation:dissolved_inorganic_carbon->co2_fixation_pathway[0]	MISSING_SNIPPET	WARN	reference=DOI:10.1128/aem.01557-23 has no snippet
data/traits/physiology/chemolithoautotrophic.yaml	chemolithoautotrophic_energy_and_fixation:proton_motive_force->reducing_power[0]	MISSING_SNIPPET	WARN	reference=DOI:10.1038/s41467-023-43524-4 has no snippet
data/traits/physiology/chemolithoautotrophic.yaml	chemolithoautotrophic_energy_and_fixation:rubisco->co2_fixation_pathway[0]	MISSING_SNIPPET	WARN	reference=DOI:10.1128/aem.01557-23 has no snippet
data/traits/physiology/chemolithoautotrophic.yaml	evidence[0]	ELLIPTICAL_SNIPPET	ERROR	non-contiguous quote: 'physiology ... of chemoautotrophic bacteria'
data/traits/physiology/chemolithoheterotrophic.yaml	chemolithoheterotrophic_inorganic_energy_organic_carbon:branched_thiosulfate_oxidation->elemental_sulfur[0]	MISSING_SNIPPET	WARN	reference=DOI:10.1038/s41396-021-01163-x has no snippet
data/traits/physiology/chemolithoheterotrophic.yaml	chemolithoheterotrophic_inorganic_energy_organic_carbon:organic_carbon_importer->nutrient_uptake[0]	MISSING_SNIPPET	WARN	reference=DOI:10.1038/s41396-021-01163-x has no snippet
data/traits/physiology/chemolithoheterotrophic.yaml	chemolithoheterotrophic_inorganic_energy_organic_carbon:sox_pathway->sulfate[0]	MISSING_SNIPPET	WARN	reference=DOI:10.1038/s41396-021-01163-x has no snippet
data/traits/physiology/chemolithoheterotrophic.yaml	chemolithoheterotrophic_inorganic_energy_organic_carbon:thiosulfate->sox_pathway[0]	MISSING_SNIPPET	WARN	reference=DOI:10.1038/s41396-021-01163-x has no snippet
data/traits/physiology/chemolithotrophic.yaml	chemolithotrophic_inorganic_oxidation:acidification->nitrification_rate[0]	MISSING_SNIPPET	WARN	reference=DOI:10.1038/s41467-023-37104-9 has no snippet
data/traits/physiology/chemolithotrophic.yaml	chemolithotrophic_inorganic_oxidation:acidification->nitrous_oxide[0]	MISSING_SNIPPET	WARN	reference=DOI:10.1038/s41467-023-37104-9 has no snippet
data/traits/physiology/chemolithotrophic.yaml	chemolithotrophic_inorganic_oxidation:calvin_benson_bassham_cycle->carbon_dioxide[0]	MISSING_SNIPPET	WARN	reference=DOI:10.3390/microorganisms12030590 has no snippet
data/traits/physiology/chemoorganoheterotrophic.yaml	chemoorganoheterotrophic_organic_energy_carbon:chemoorganoheterotrophic_trait->organic_molecule[0]	ELLIPTICAL_SNIPPET	ERROR	non-contiguous quote: 'organic molecules ... energy source'
data/traits/physiology/chemoorganoheterotrophic.yaml	chemoorganoheterotrophic_organic_energy_carbon:chemoorganoheterotrophic_trait->organic_molecule[0]	ELLIPTICAL_SNIPPET	ERROR	non-contiguous quote: 'organic molecules ... electron source'
data/traits/physiology/chemoorganoheterotrophic.yaml	chemoorganoheterotrophic_organic_energy_carbon:extracellular_cazymes->complex_polysaccharides[0]	MISSING_SNIPPET	WARN	reference=DOI:10.1186/s40793-024-00572-7 has no snippet
data/traits/physiology/chemoorganoheterotrophic.yaml	chemoorganoheterotrophic_organic_energy_carbon:organic_molecule->energy_metabolism[0]	MISSING_SNIPPET	WARN	reference=DOI:10.1111/gcb.16925 has no snippet
data/traits/physiology/chemoorganoheterotrophic.yaml	chemoorganoheterotrophic_organic_energy_carbon:organic_molecule->reducing_power_nadph[0]	MISSING_SNIPPET	WARN	reference=DOI:10.1021/acsomega.3c02205 has no snippet
data/traits/physiology/chemoorganoheterotrophic.yaml	chemoorganoheterotrophic_organic_energy_carbon:substrate_transport_system->chemoorganoheterotrophic_trait[0]	MISSING_SNIPPET	WARN	reference=DOI:10.1021/acsomega.3c02205 has no snippet
data/traits/physiology/chemoorganoheterotrophic.yaml	chemoorganoheterotrophic_organic_energy_carbon:substrate_transport_system->energy_metabolism[0]	MISSING_SNIPPET	WARN	reference=DOI:10.1186/s40793-024-00572-7 has no snippet
data/traits/physiology/chemoorganotrophic.yaml	chemoorganotrophic_organic_oxidation_energy:acceptor_absence->fermentation[0]	MISSING_SNIPPET	WARN	reference=DOI:10.2166/9781789062304_0009 has no snippet
data/traits/physiology/chemoorganotrophic.yaml	chemoorganotrophic_organic_oxidation_energy:fermentation->substrate_level_phosphorylation[0]	MISSING_SNIPPET	WARN	reference=DOI:10.1093/femsre/fuae016 has no snippet
data/traits/physiology/chemoorganotrophic.yaml	chemoorganotrophic_organic_oxidation_energy:nitrate_nitrite->anaerobic_respiration[0]	MISSING_SNIPPET	WARN	reference=DOI:10.2166/9781789062304_0009 has no snippet
data/traits/physiology/chemoorganotrophic.yaml	chemoorganotrophic_organic_oxidation_energy:organic_compound->substrate_oxidation[0]	ELLIPTICAL_SNIPPET	ERROR	non-contiguous quote: 'oxidation of a reduced ... organic compound'
data/traits/physiology/chemoorganotrophic.yaml	chemoorganotrophic_organic_oxidation_energy:oxygen->aerobic_respiration[0]	MISSING_SNIPPET	WARN	reference=DOI:10.2166/9781789062304_0009 has no snippet
data/traits/physiology/chemoorganotrophic.yaml	chemoorganotrophic_organic_oxidation_energy:quinone_pool->terminal_electron_acceptor[0]	MISSING_SNIPPET	WARN	reference=DOI:10.1186/s13213-024-01761-y has no snippet
data/traits/physiology/chemoorganotrophic.yaml	chemoorganotrophic_organic_oxidation_energy:reduced_cofactor->quinone_pool[0]	MISSING_SNIPPET	WARN	reference=DOI:10.1186/s13213-024-01761-y has no snippet
data/traits/physiology/chemoorganotrophic.yaml	chemoorganotrophic_organic_oxidation_energy:substrate_level_phosphorylation->atp[0]	MISSING_SNIPPET	WARN	reference=DOI:10.1093/femsre/fuae016 has no snippet
data/traits/physiology/chemoorganotrophic.yaml	chemoorganotrophic_organic_oxidation_energy:substrate_oxidation->reduced_cofactor[0]	MISSING_SNIPPET	WARN	reference=DOI:10.1093/femsre/fuae016 has no snippet
data/traits/physiology/chemotaxis.yaml	chemotaxis_gradient_response:chea_kinase->cheb[0]	MISSING_SNIPPET	WARN	reference=DOI:10.1146/annurev-micro-032421-110850 has no snippet
data/traits/physiology/chemotaxis.yaml	chemotaxis_gradient_response:chea_kinase->chey[0]	MISSING_SNIPPET	WARN	reference=DOI:10.1146/annurev-micro-032421-110850 has no snippet
data/traits/physiology/chemotaxis.yaml	chemotaxis_gradient_response:cheb->chemoreceptor_mcp[0]	MISSING_SNIPPET	WARN	reference=DOI:10.1146/annurev-micro-032421-110850 has no snippet
data/traits/physiology/chemotaxis.yaml	chemotaxis_gradient_response:chemical_gradient->chemotaxis_process[0]	MISSING_SNIPPET	WARN	reference=DOI:10.1038/nrm1524 has no snippet
data/traits/physiology/chemotaxis.yaml	chemotaxis_gradient_response:chemoreceptor_mcp->chea_autophosphorylation[0]	MISSING_SNIPPET	WARN	reference=DOI:10.1146/annurev-micro-032421-110850 has no snippet
data/traits/physiology/chemotaxis.yaml	chemotaxis_gradient_response:chemotaxis_process->chemotaxis_trait[0]	MISSING_SNIPPET	WARN	reference=DOI:10.1038/nrmicro2505 has no snippet
data/traits/physiology/chemotaxis.yaml	chemotaxis_gradient_response:cher->chemoreceptor_mcp[0]	MISSING_SNIPPET	WARN	reference=DOI:10.1146/annurev-micro-032421-110850 has no snippet
data/traits/physiology/chemotaxis.yaml	chemotaxis_gradient_response:chew->chea_kinase[0]	MISSING_SNIPPET	WARN	reference=DOI:10.1146/annurev-micro-032421-110850 has no snippet
data/traits/physiology/chemotaxis.yaml	chemotaxis_gradient_response:chey->cw_flagellar_rotation[0]	MISSING_SNIPPET	WARN	reference=DOI:10.1146/annurev-micro-032421-110850 has no snippet
data/traits/physiology/chemotaxis.yaml	chemotaxis_gradient_response:chez->chey[0]	MISSING_SNIPPET	WARN	reference=DOI:10.1146/annurev-micro-032421-110850 has no snippet
data/traits/physiology/chemotaxis.yaml	evidence[0]	MISSING_SNIPPET	WARN	reference=DOI:10.1038/nrm1524 has no snippet
data/traits/physiology/chemotaxis.yaml	evidence[1]	MISSING_SNIPPET	WARN	reference=DOI:10.1038/nrmicro2505 has no snippet
data/traits/physiology/chemotrophic.yaml	chemotrophic_chemical_redox_energy:proton_motive_force->quinone_quinol_cycling[0]	MISSING_SNIPPET	WARN	reference=DOI:10.1016/j.bbabio.2008.09.008 has no snippet
data/traits/physiology/chemotrophic.yaml	chemotrophic_chemical_redox_energy:proton_pumping->proton_motive_force[0]	MISSING_SNIPPET	WARN	reference=DOI:10.1016/j.bbabio.2008.09.008 has no snippet
data/traits/physiology/chemotrophic.yaml	chemotrophic_chemical_redox_energy:redox_loop->net_proton_transfer[0]	MISSING_SNIPPET	WARN	reference=DOI:10.1016/j.bbabio.2008.09.008 has no snippet
data/traits/physiology/chemotrophic.yaml	chemotrophic_chemical_redox_energy:redox_loop->proton_motive_force[0]	MISSING_SNIPPET	WARN	reference=DOI:10.1016/j.bbabio.2008.09.008 has no snippet
data/traits/physiology/copiotrophic.yaml	copiotrophic_high_nutrient_fast_growth:catabolite_repression->proteome_reallocation[0]	MISSING_SNIPPET	WARN	reference=DOI:10.1038/s41467-024-48591-9 has no snippet
data/traits/physiology/copiotrophic.yaml	copiotrophic_high_nutrient_fast_growth:copiotrophic_trait->chemotaxis[0]	MISSING_SNIPPET	WARN	reference=DOI:10.1093/ismeco/ycae081 has no snippet
data/traits/physiology/copiotrophic.yaml	copiotrophic_high_nutrient_fast_growth:copiotrophic_trait->motility_functions[0]	MISSING_SNIPPET	WARN	reference=DOI:10.1073/pnas.0903507106 has no snippet
data/traits/physiology/copiotrophic.yaml	copiotrophic_high_nutrient_fast_growth:copiotrophic_trait->outer_membrane_secreted_proteins[0]	MISSING_SNIPPET	WARN	reference=DOI:10.1073/pnas.0903507106 has no snippet
data/traits/physiology/copiotrophic.yaml	copiotrophic_high_nutrient_fast_growth:genome_size->copiotrophic_trait[0]	MISSING_SNIPPET	WARN	reference=DOI:10.1093/ismeco/ycae081 has no snippet
data/traits/physiology/copiotrophic.yaml	copiotrophic_high_nutrient_fast_growth:genome_size->copiotrophic_trait[1]	MISSING_SNIPPET	WARN	reference=DOI:10.1073/pnas.0903507106 has no snippet
data/traits/physiology/copiotrophic.yaml	copiotrophic_high_nutrient_fast_growth:minimum_doubling_time->copiotrophic_trait[0]	MISSING_SNIPPET	WARN	reference=DOI:10.1093/ismeco/ycae081 has no snippet
data/traits/physiology/copiotrophic.yaml	copiotrophic_high_nutrient_fast_growth:ribosome_synthesis->rapid_growth[0]	MISSING_SNIPPET	WARN	reference=DOI:10.1038/s41467-024-48591-9 has no snippet
data/traits/physiology/dormancy.yaml	dormancy_seed_bank:dormancy_process->dormancy_trait[0]	MISSING_SNIPPET	WARN	reference=DOI:10.1038/nrmicro1557 has no snippet
data/traits/physiology/dormancy.yaml	dormancy_seed_bank:nutrient_heat_stress->ppgpp_stringent_response[0]	MISSING_SNIPPET	WARN	reference=DOI:10.1186/s12866-024-03628-3 has no snippet
data/traits/physiology/dormancy.yaml	dormancy_seed_bank:ppgpp_stringent_response->dormancy_process[0]	MISSING_SNIPPET	WARN	reference=DOI:10.1186/s12866-024-03628-3 has no snippet
data/traits/physiology/dormancy.yaml	dormancy_seed_bank:ppgpp_stringent_response->toxin_antitoxin_modules[0]	MISSING_SNIPPET	WARN	reference=DOI:10.1186/s12866-024-03628-3 has no snippet
data/traits/physiology/dormancy.yaml	dormancy_seed_bank:ribosome_hibernation_factors->protein_synthesis[0]	MISSING_SNIPPET	WARN	reference=DOI:10.3389/fmicb.2024.1386179 has no snippet
data/traits/physiology/dormancy.yaml	dormancy_seed_bank:ribosome_hibernation_factors->ribosome[0]	MISSING_SNIPPET	WARN	reference=DOI:10.3389/fmicb.2024.1386179 has no snippet
data/traits/physiology/dormancy.yaml	dormancy_seed_bank:rpf_proteins->dormancy_process[0]	MISSING_SNIPPET	WARN	reference=DOI:10.3390/microorganisms12081528 has no snippet
data/traits/physiology/dormancy.yaml	dormancy_seed_bank:unfavorable_conditions->dormancy_process[0]	MISSING_SNIPPET	WARN	reference=DOI:10.1038/nrmicro2504 has no snippet
data/traits/physiology/dormancy.yaml	evidence[0]	MISSING_SNIPPET	WARN	reference=DOI:10.1038/nrmicro2504 has no snippet
data/traits/physiology/dormancy.yaml	evidence[1]	MISSING_SNIPPET	WARN	reference=DOI:10.1038/nrmicro1557 has no snippet
data/traits/physiology/heterotrophic.yaml	evidence[1]	ELLIPTICAL_SNIPPET	ERROR	non-contiguous quote: 'organic molecules ... carbon source'
data/traits/physiology/heterotrophic.yaml	heterotrophic_organic_carbon_assimilation:catabolism->aerobic_respiration[0]	MISSING_SNIPPET	WARN	reference=DOI:10.3389/fmicb.2024.1441865 has no snippet
data/traits/physiology/heterotrophic.yaml	heterotrophic_organic_carbon_assimilation:catabolism->fermentation[0]	MISSING_SNIPPET	WARN	reference=DOI:10.1016/j.chom.2024.05.011 has no snippet
data/traits/physiology/heterotrophic.yaml	heterotrophic_organic_carbon_assimilation:catabolism->glycolysis_ppp[0]	MISSING_SNIPPET	WARN	reference=DOI:10.1111/raq.12700 has no snippet
data/traits/physiology/heterotrophic.yaml	heterotrophic_organic_carbon_assimilation:glyoxylate_cycle->biomass[0]	MISSING_SNIPPET	WARN	reference=DOI:10.1111/raq.12700 has no snippet
data/traits/physiology/heterotrophic.yaml	heterotrophic_organic_carbon_assimilation:organic_molecule->heterotrophic_trait[0]	MISSING_SNIPPET	WARN	reference=DOI:10.1021/acsomega.3c02205 has no snippet
data/traits/physiology/heterotrophic.yaml	heterotrophic_organic_carbon_assimilation:precursor_metabolites->anabolism[0]	UNSUPPORTIVE_SNIPPET	WARN	9 chars, supports nothing specific: 'anabolism'
data/traits/physiology/heterotrophic.yaml	heterotrophic_organic_carbon_assimilation:tca_cycle->precursor_metabolites[0]	MISSING_SNIPPET	WARN	reference=DOI:10.3389/fmicb.2024.1441865 has no snippet
data/traits/physiology/hydrogenotrophic.yaml	hydrogenotrophic_hydrogen_oxidation_fixation:autotrophic_co2_fixation->cellular_carbon[0]	ELLIPTICAL_SNIPPET	ERROR	non-contiguous quote: 'CO2 ... into cellular carbon'
data/traits/physiology/hydrogenotrophic.yaml	hydrogenotrophic_hydrogen_oxidation_fixation:h2_oxidation->autotrophic_co2_fixation[0]	MISSING_SNIPPET	WARN	reference=DOI:10.1111/1751-7915.14300 has no snippet
data/traits/physiology/hydrogenotrophic.yaml	hydrogenotrophic_hydrogen_oxidation_fixation:h2_oxidation->carbon_dioxide[0]	MISSING_SNIPPET	WARN	reference=DOI:10.3390/microorganisms7020053 has no snippet
data/traits/physiology/hydrogenotrophic.yaml	hydrogenotrophic_hydrogen_oxidation_fixation:h2_oxidation->nitrate[0]	MISSING_SNIPPET	WARN	reference=DOI:10.2138/gselements.16.1.39 has no snippet
data/traits/physiology/hydrogenotrophic.yaml	hydrogenotrophic_hydrogen_oxidation_fixation:h2_oxidation->oxygen[0]	MISSING_SNIPPET	WARN	reference=DOI:10.2138/gselements.16.1.39 has no snippet
data/traits/physiology/hydrogenotrophic.yaml	hydrogenotrophic_hydrogen_oxidation_fixation:h2_oxidation->proton_motive_force[0]	MISSING_SNIPPET	WARN	reference=DOI:10.2138/gselements.16.1.39 has no snippet
data/traits/physiology/hydrogenotrophic.yaml	hydrogenotrophic_hydrogen_oxidation_fixation:h2_oxidation->sulfate[0]	MISSING_SNIPPET	WARN	reference=DOI:10.2138/gselements.16.1.39 has no snippet
data/traits/physiology/hydrogenotrophic.yaml	hydrogenotrophic_hydrogen_oxidation_fixation:o2_sensitivity->hydrogenase[0]	MISSING_SNIPPET	WARN	reference=DOI:10.2138/gselements.16.1.39 has no snippet
data/traits/physiology/lithoautotrophic.yaml	lithoautotrophic_inorganic_donor_co2_fixation:autotrophic_co2_fixation->cellular_carbon[0]	ELLIPTICAL_SNIPPET	ERROR	non-contiguous quote: 'CO2 ... into cellular carbon'
data/traits/physiology/lithoautotrophic.yaml	lithoautotrophic_inorganic_donor_co2_fixation:cytbc1_nadh_dehydrogenase->reverse_electron_flow[0]	MISSING_SNIPPET	WARN	reference=DOI:10.1007/s10295-020-02309-0 has no snippet
data/traits/physiology/lithoautotrophic.yaml	lithoautotrophic_inorganic_donor_co2_fixation:dic_acquisition_toolkit->autotrophic_co2_fixation[0]	MISSING_SNIPPET	WARN	reference=DOI:10.1128/aem.01557-23 has no snippet
data/traits/physiology/lithoautotrophic.yaml	lithoautotrophic_inorganic_donor_co2_fixation:electron_transport_chain->proton_motive_force[0]	MISSING_SNIPPET	WARN	reference=DOI:10.1128/aem.00748-24 has no snippet
data/traits/physiology/lithoautotrophic.yaml	lithoautotrophic_inorganic_donor_co2_fixation:membrane_dehydrogenase->electron_transport_chain[0]	MISSING_SNIPPET	WARN	reference=DOI:10.1128/aem.00748-24 has no snippet
data/traits/physiology/lithoautotrophic.yaml	lithoautotrophic_inorganic_donor_co2_fixation:proton_motive_force->atp_synthesis[0]	MISSING_SNIPPET	WARN	reference=DOI:10.1007/s10295-020-02309-0 has no snippet
data/traits/physiology/lithoautotrophic.yaml	lithoautotrophic_inorganic_donor_co2_fixation:respiratory_energy_conservation->reducing_power[0]	ELLIPTICAL_SNIPPET	ERROR	non-contiguous quote: 'NADH, or ... NADPH'
data/traits/physiology/lithoautotrophic.yaml	lithoautotrophic_inorganic_donor_co2_fixation:reverse_electron_flow->nadh_reducing_equivalents[0]	MISSING_SNIPPET	WARN	reference=DOI:10.1007/s10295-020-02309-0 has no snippet
data/traits/physiology/lithoheterotrophic.yaml	lithoheterotrophic_inorganic_energy_organic_carbon:conductive_pili_cytochromes->diet[0]	MISSING_SNIPPET	WARN	reference=DOI:10.3390/life14050591 has no snippet
data/traits/physiology/lithoheterotrophic.yaml	lithoheterotrophic_inorganic_energy_organic_carbon:ferrous_iron->ferrous_iron_oxidation[0]	MISSING_SNIPPET	WARN	reference=DOI:10.1038/s41598-021-81412-3 has no snippet
data/traits/physiology/lithoheterotrophic.yaml	lithoheterotrophic_inorganic_energy_organic_carbon:ferrous_iron_oxidation->respiratory_chain[0]	MISSING_SNIPPET	WARN	reference=DOI:10.1038/s41598-021-81412-3 has no snippet
data/traits/physiology/lithoheterotrophic.yaml	lithoheterotrophic_inorganic_energy_organic_carbon:microaerobic_conditions->ferrous_iron_oxidation[0]	MISSING_SNIPPET	WARN	reference=DOI:10.1038/s41598-021-81412-3 has no snippet
data/traits/physiology/lithoheterotrophic.yaml	lithoheterotrophic_inorganic_energy_organic_carbon:sox_system->thiosulfate[0]	MISSING_SNIPPET	WARN	reference=DOI:10.1038/s41467-025-56588-1 has no snippet
data/traits/physiology/lithoheterotrophic.yaml	lithoheterotrophic_inorganic_energy_organic_carbon:sqr->sulfide[0]	MISSING_SNIPPET	WARN	reference=DOI:10.1038/s41467-025-56588-1 has no snippet
data/traits/physiology/lithoheterotrophic.yaml	lithoheterotrophic_inorganic_energy_organic_carbon:sulfide->inorganic_electron_donor[0]	MISSING_SNIPPET	WARN	reference=DOI:10.1038/s41467-025-56588-1 has no snippet
data/traits/physiology/lithoheterotrophic.yaml	lithoheterotrophic_inorganic_energy_organic_carbon:thiosulfate->inorganic_electron_donor[0]	MISSING_SNIPPET	WARN	reference=DOI:10.1038/s41467-025-56588-1 has no snippet
data/traits/physiology/lithotrophic.yaml	lithotrophic_inorganic_donor_energy:ammonia->ammonia_monooxygenase[0]	MISSING_SNIPPET	WARN	reference=DOI:10.1186/s40168-025-02290-9 has no snippet
data/traits/physiology/lithotrophic.yaml	lithotrophic_inorganic_donor_energy:hydroxylamine->hydroxylamine_oxidoreductase[0]	MISSING_SNIPPET	WARN	reference=DOI:10.1186/s40168-025-02290-9 has no snippet
data/traits/physiology/lithotrophic.yaml	lithotrophic_inorganic_donor_energy:nitrite->nitrite_oxidoreductase[0]	MISSING_SNIPPET	WARN	reference=DOI:10.1128/mbio.00749-25 has no snippet
data/traits/physiology/lithotrophic.yaml	lithotrophic_inorganic_donor_energy:oxygen->sulfur_oxidation_process[0]	MISSING_SNIPPET	WARN	reference=DOI:10.1038/s41579-024-01104-3 has no snippet
data/traits/physiology/lithotrophic.yaml	lithotrophic_inorganic_donor_energy:proton_motive_force->atp[0]	ELLIPTICAL_SNIPPET	ERROR	non-contiguous quote: 'gradient ... drives ATP synthesis'
data/traits/physiology/lithotrophic.yaml	lithotrophic_inorganic_donor_energy:sulfite->soeabc_sulfite_dehydrogenase[0]	MISSING_SNIPPET	WARN	reference=DOI:10.3390/microorganisms11061436 has no snippet
data/traits/physiology/lithotrophic.yaml	lithotrophic_inorganic_donor_energy:thiosulfate->sox_multienzyme_system[0]	MISSING_SNIPPET	WARN	reference=DOI:10.3390/microorganisms11061436 has no snippet
data/traits/physiology/methanotrophic.yaml	methanotrophic_methane_oxidation:copper->particulate_methane_monooxygenase[0]	MISSING_SNIPPET	WARN	reference=DOI:10.1039/D3CY00737E has no snippet
data/traits/physiology/methanotrophic.yaml	methanotrophic_methane_oxidation:copper->soluble_methane_monooxygenase[0]	MISSING_SNIPPET	WARN	reference=DOI:10.1039/D3CY00737E has no snippet
data/traits/physiology/methanotrophic.yaml	methanotrophic_methane_oxidation:copper_acquisition->particulate_methane_monooxygenase[0]	MISSING_SNIPPET	WARN	reference=DOI:10.1021/acs.chemrev.3c00727 has no snippet
data/traits/physiology/methanotrophic.yaml	methanotrophic_methane_oxidation:methane_monooxygenase->methane[0]	ELLIPTICAL_SNIPPET	ERROR	non-contiguous quote: 'methane oxidation ... catalyzed by two types of methane monooxygenases'
data/traits/physiology/methanotrophic.yaml	methanotrophic_methane_oxidation:methanobactin->copper_acquisition[0]	MISSING_SNIPPET	WARN	reference=DOI:10.1039/D3CY00737E has no snippet
data/traits/physiology/methanotrophic.yaml	methanotrophic_methane_oxidation:methanobactin->cuprous_ion[0]	MISSING_SNIPPET	WARN	reference=DOI:10.1021/acs.chemrev.3c00727 has no snippet
data/traits/physiology/methanotrophic.yaml	methanotrophic_methane_oxidation:methanotrophic_trait->carbon_dioxide[0]	ELLIPTICAL_SNIPPET	ERROR	non-contiguous quote: 'methane cycle between ... methane and CO2'
data/traits/physiology/methanotrophic.yaml	methanotrophic_methane_oxidation:mmoxyz_genes->mmoh_subunits[0]	MISSING_SNIPPET	WARN	reference=DOI:10.1039/D3CY00737E has no snippet
data/traits/physiology/methanotrophic.yaml	methanotrophic_methane_oxidation:pmocab_operon->pmmo_subunits[0]	MISSING_SNIPPET	WARN	reference=DOI:10.1039/D3CY00737E has no snippet
data/traits/physiology/methylotrophic.yaml	methylotrophic_methanol_assimilation:formaldehyde_dehydrogenase->formate[0]	MISSING_SNIPPET	WARN	reference=DOI:10.1128/msystems.00248-24 has no snippet
data/traits/physiology/methylotrophic.yaml	methylotrophic_methanol_assimilation:formate_dehydrogenase->carbon_dioxide[0]	MISSING_SNIPPET	WARN	reference=DOI:10.1007/s00284-022-03141-8 has no snippet
data/traits/physiology/methylotrophic.yaml	methylotrophic_methanol_assimilation:hexulose_phosphate_synthase->rump_cycle[0]	MISSING_SNIPPET	WARN	reference=DOI:10.1038/s41467-023-43610-7 has no snippet
data/traits/physiology/methylotrophic.yaml	methylotrophic_methanol_assimilation:hydroxypyruvate_reductase->serine_pathway[0]	MISSING_SNIPPET	WARN	reference=DOI:10.1128/msystems.00248-24 has no snippet
data/traits/physiology/methylotrophic.yaml	methylotrophic_methanol_assimilation:mxa_methanol_dehydrogenase->calcium_ion[0]	MISSING_SNIPPET	WARN	reference=DOI:10.1016/b978-0-443-13307-7.00014-1 has no snippet
data/traits/physiology/methylotrophic.yaml	methylotrophic_methanol_assimilation:mxa_methanol_dehydrogenase->pqq[0]	MISSING_SNIPPET	WARN	reference=DOI:10.1128/msphere.00685-24 has no snippet
data/traits/physiology/methylotrophic.yaml	methylotrophic_methanol_assimilation:serine_glyoxylate_aminotransferase->serine_pathway[0]	MISSING_SNIPPET	WARN	reference=DOI:10.1128/msystems.00248-24 has no snippet
data/traits/physiology/mixotrophic.yaml	mixotrophic_dual_carbon_energy_use:cbb_cycle->carbon_dioxide[0]	MISSING_SNIPPET	WARN	reference=DOI:10.1128/aem.00599-24 has no snippet
data/traits/physiology/mixotrophic.yaml	mixotrophic_dual_carbon_energy_use:electron_transport_chain->atp_synthesis[0]	MISSING_SNIPPET	WARN	reference=DOI:10.1128/aem.00599-24 has no snippet
data/traits/physiology/mixotrophic.yaml	mixotrophic_dual_carbon_energy_use:light_limitation->organic_carbon[0]	MISSING_SNIPPET	WARN	reference=DOI:10.1128/AEM.01559-06 has no snippet
data/traits/physiology/mixotrophic.yaml	mixotrophic_dual_carbon_energy_use:organic_matter_limitation->phototrophic_energy_capture[0]	MISSING_SNIPPET	WARN	reference=DOI:10.1128/AEM.01559-06 has no snippet
data/traits/physiology/mixotrophic.yaml	mixotrophic_dual_carbon_energy_use:phototrophic_energy_capture->proton_motive_force[0]	MISSING_SNIPPET	WARN	reference=DOI:10.1128/spectrum.02177-23 has no snippet
data/traits/physiology/mixotrophic.yaml	mixotrophic_dual_carbon_energy_use:proton_motive_force->atp_synthesis[0]	MISSING_SNIPPET	WARN	reference=DOI:10.1128/spectrum.02177-23 has no snippet
data/traits/physiology/mixotrophic.yaml	mixotrophic_dual_carbon_energy_use:rubisco->cbb_cycle[0]	MISSING_SNIPPET	WARN	reference=DOI:10.1128/aem.00599-24 has no snippet
data/traits/physiology/natural_competence.yaml	evidence[0]	MISSING_SNIPPET	WARN	reference=DOI:10.1038/nrmicro3199 has no snippet
data/traits/physiology/natural_competence.yaml	evidence[1]	MISSING_SNIPPET	WARN	reference=DOI:10.1038/s41579-021-00650-4 has no snippet
data/traits/physiology/natural_competence.yaml	natural_competence_dna_uptake:comea->periplasm[0]	MISSING_SNIPPET	WARN	reference=DOI:10.1101/2024.02.06.579203 has no snippet
data/traits/physiology/natural_competence.yaml	natural_competence_dna_uptake:comec->dna_uptake[0]	MISSING_SNIPPET	WARN	reference=DOI:10.1101/2024.02.06.579203 has no snippet
data/traits/physiology/natural_competence.yaml	natural_competence_dna_uptake:competence_pilus->extracellular_dna[0]	MISSING_SNIPPET	WARN	reference=DOI:10.1128/mmbr.00125-23 has no snippet
data/traits/physiology/natural_competence.yaml	natural_competence_dna_uptake:competence_process->extracellular_dna[0]	MISSING_SNIPPET	WARN	reference=DOI:10.1038/nrmicro3199 has no snippet
data/traits/physiology/natural_competence.yaml	natural_competence_dna_uptake:competence_process->natural_competence_trait[0]	MISSING_SNIPPET	WARN	reference=DOI:10.1038/s41579-021-00650-4 has no snippet
data/traits/physiology/natural_competence.yaml	natural_competence_dna_uptake:dpra->reca[0]	MISSING_SNIPPET	WARN	reference=DOI:10.1371/journal.pbio.3002814 has no snippet
data/traits/physiology/natural_competence.yaml	natural_competence_dna_uptake:pilus_retraction->dna_uptake[0]	MISSING_SNIPPET	WARN	reference=DOI:10.1128/mmbr.00125-23 has no snippet
data/traits/physiology/natural_competence.yaml	natural_competence_dna_uptake:reca->homologous_recombination[0]	MISSING_SNIPPET	WARN	reference=DOI:10.1371/journal.pbio.3002814 has no snippet
data/traits/physiology/nutrient_adaptation.yaml	nutrient_adaptation_life_history_axis:copiotrophic_phenotype->motility_signaling_genes[0]	MISSING_SNIPPET	WARN	reference=DOI:10.1073/pnas.0903507106 has no snippet
data/traits/physiology/nutrient_adaptation.yaml	nutrient_adaptation_life_history_axis:maximum_growth_potential->carbohydrate_acquisition_genes[0]	MISSING_SNIPPET	WARN	reference=DOI:10.1038/s41467-024-50382-1 has no snippet
data/traits/physiology/nutrient_adaptation.yaml	nutrient_adaptation_life_history_axis:nutrient_limitation->genome_streamlining[0]	MISSING_SNIPPET	WARN	reference=DOI:10.1038/ismej.2014.60 has no snippet
data/traits/physiology/nutrient_adaptation.yaml	nutrient_adaptation_life_history_axis:oligotrophic_phenotype->chemotaxis_motility_genes[0]	MISSING_SNIPPET	WARN	reference=DOI:10.1093/ismeco/ycae081 has no snippet
data/traits/physiology/nutrient_adaptation.yaml	nutrient_adaptation_life_history_axis:rrn_copy_number->maximum_growth_potential[0]	MISSING_SNIPPET	WARN	reference=DOI:10.1038/s41564-023-01465-0 has no snippet
data/traits/physiology/oligotrophic.yaml	oligotrophic_low_nutrient_efficiency:high_affinity_sbp->substrate_uptake_low_conc[0]	MISSING_SNIPPET	WARN	reference=DOI:10.1038/s41586-024-07924-w has no snippet
data/traits/physiology/oligotrophic.yaml	oligotrophic_low_nutrient_efficiency:low_nutrient_environment->high_affinity_sbp[0]	MISSING_SNIPPET	WARN	reference=DOI:10.1038/s41586-024-07924-w has no snippet
data/traits/physiology/oligotrophic.yaml	oligotrophic_low_nutrient_efficiency:low_nutrient_environment->streamlined_genome[0]	MISSING_SNIPPET	WARN	reference=DOI:10.1038/s41467-023-36988-x has no snippet
data/traits/physiology/oligotrophic.yaml	oligotrophic_low_nutrient_efficiency:oligotrophic_trait->small_cell_volume[0]	MISSING_SNIPPET	WARN	reference=DOI:10.1038/s41467-024-48591-9 has no snippet
data/traits/physiology/oligotrophic.yaml	oligotrophic_low_nutrient_efficiency:streamlined_genome->metabolic_redundancy[0]	MISSING_SNIPPET	WARN	reference=DOI:10.1038/s41586-024-07924-w has no snippet
data/traits/physiology/organoheterotrophic.yaml	organoheterotrophic_organic_donor_carbon:cytochrome_bc1_complex->oxidative_phosphorylation[0]	MISSING_SNIPPET	WARN	reference=DOI:10.1128/spectrum.04110-22 has no snippet
data/traits/physiology/organoheterotrophic.yaml	organoheterotrophic_organic_donor_carbon:glycolysis->central_carbon_metabolism[0]	MISSING_SNIPPET	WARN	reference=DOI:10.1128/spectrum.04110-22 has no snippet
data/traits/physiology/organoheterotrophic.yaml	organoheterotrophic_organic_donor_carbon:nadh_dehydrogenase_complex_i->oxidative_phosphorylation[0]	MISSING_SNIPPET	WARN	reference=DOI:10.1128/spectrum.04110-22 has no snippet
data/traits/physiology/organoheterotrophic.yaml	organoheterotrophic_organic_donor_carbon:organic_compound->central_carbon_metabolism[0]	UNSUPPORTIVE_SNIPPET	WARN	10 chars, supports nothing specific: 'catabolism'
data/traits/physiology/organoheterotrophic.yaml	organoheterotrophic_organic_donor_carbon:organoheterotrophic_trait->organic_compound[0]	ELLIPTICAL_SNIPPET	ERROR	non-contiguous quote: 'organic molecules ... electron source'
data/traits/physiology/organoheterotrophic.yaml	organoheterotrophic_organic_donor_carbon:oxidative_phosphorylation->atp[0]	MISSING_SNIPPET	WARN	reference=DOI:10.1128/spectrum.04110-22 has no snippet
data/traits/physiology/organoheterotrophic.yaml	organoheterotrophic_organic_donor_carbon:tca_cycle->central_carbon_metabolism[0]	MISSING_SNIPPET	WARN	reference=DOI:10.1128/spectrum.04110-22 has no snippet
data/traits/physiology/organotrophic.yaml	organotrophic_organic_compound_oxidation:catabolism->reduced_electron_carriers[0]	MISSING_SNIPPET	WARN	reference=DOI:10.1186/s13213-024-01761-y has no snippet
data/traits/physiology/organotrophic.yaml	organotrophic_organic_compound_oxidation:nadh_dehydrogenase->respiratory_chain[0]	MISSING_SNIPPET	WARN	reference=DOI:10.1186/s13213-024-01761-y has no snippet
data/traits/physiology/organotrophic.yaml	organotrophic_organic_compound_oxidation:organic_carbon_availability->organotrophic_trait[0]	MISSING_SNIPPET	WARN	reference=DOI:10.1038/s41396-023-01437-6 has no snippet
data/traits/physiology/organotrophic.yaml	organotrophic_organic_compound_oxidation:reduced_electron_carriers->nadh_dehydrogenase[0]	MISSING_SNIPPET	WARN	reference=DOI:10.1186/s13213-024-01761-y has no snippet
data/traits/physiology/oxidase_activity.yaml	evidence[0]	MISSING_SNIPPET	WARN	reference=DOI:10.3390/microorganisms10050926 has no snippet
data/traits/physiology/oxidase_activity.yaml	evidence[1]	MISSING_SNIPPET	WARN	reference=DOI:10.1089/ars.2020.8039 has no snippet
data/traits/physiology/oxidase_activity.yaml	oxidase_activity_terminal_oxidase:carbon_monoxide->cytochrome_c_oxidase_function[0]	MISSING_SNIPPET	WARN	reference=DOI:10.3390/ijms26062809 has no snippet
data/traits/physiology/oxidase_activity.yaml	oxidase_activity_terminal_oxidase:cua_center->heme_a[0]	MISSING_SNIPPET	WARN	reference=DOI:10.3390/microorganisms10050926 has no snippet
data/traits/physiology/oxidase_activity.yaml	oxidase_activity_terminal_oxidase:cytochrome_c_oxidase->cytochrome_c_oxidase_function[0]	MISSING_SNIPPET	WARN	reference=DOI:10.3390/microorganisms10050926 has no snippet
data/traits/physiology/oxidase_activity.yaml	oxidase_activity_terminal_oxidase:cytochrome_c_oxidase->oxidase_activity_trait[0]	MISSING_SNIPPET	WARN	reference=DOI:10.3390/microorganisms10050926 has no snippet
data/traits/physiology/oxidase_activity.yaml	oxidase_activity_terminal_oxidase:cytochrome_c_oxidase_function->molecular_oxygen[0]	MISSING_SNIPPET	WARN	reference=DOI:10.1089/ars.2020.8039 has no snippet
data/traits/physiology/oxidase_activity.yaml	oxidase_activity_terminal_oxidase:family_a_cytochrome_c_oxidase->cua_cub_copper_centers[0]	MISSING_SNIPPET	WARN	reference=DOI:10.3390/microorganisms10050926 has no snippet
data/traits/physiology/oxidase_activity.yaml	oxidase_activity_terminal_oxidase:family_a_cytochrome_c_oxidase->heme_a[0]	MISSING_SNIPPET	WARN	reference=DOI:10.3390/microorganisms10050926 has no snippet
data/traits/physiology/oxidase_activity.yaml	oxidase_activity_terminal_oxidase:heme_a3_cub_binuclear_center->molecular_oxygen[0]	MISSING_SNIPPET	WARN	reference=DOI:10.3390/microorganisms10050926 has no snippet
data/traits/physiology/oxidase_activity.yaml	oxidase_activity_terminal_oxidase:reduced_cytochrome_c->cua_center[0]	MISSING_SNIPPET	WARN	reference=DOI:10.3390/microorganisms10050926 has no snippet
data/traits/physiology/oxidative_stress_response.yaml	evidence[0]	MISSING_SNIPPET	WARN	reference=DOI:10.1038/nrmicro3032 has no snippet
data/traits/physiology/oxidative_stress_response.yaml	evidence[1]	MISSING_SNIPPET	WARN	reference=DOI:10.1007/s00018-003-3206-5 has no snippet
data/traits/physiology/oxidative_stress_response.yaml	oxidative_stress_response_ros_defense:hydrogen_peroxide->oxidative_stress_process[0]	MISSING_SNIPPET	WARN	reference=DOI:10.1038/nrmicro3032 has no snippet
data/traits/physiology/oxidative_stress_response.yaml	oxidative_stress_response_ros_defense:oxidative_stress_process->oxidative_stress_response_trait[0]	MISSING_SNIPPET	WARN	reference=DOI:10.1007/s00018-003-3206-5 has no snippet
data/traits/physiology/oxidative_stress_response.yaml	oxidative_stress_response_ros_defense:oxyr_regulator->oxidative_stress_process[0]	MISSING_SNIPPET	WARN	reference=DOI:10.1099/mic.0.001481 has no snippet
data/traits/physiology/oxidative_stress_response.yaml	oxidative_stress_response_ros_defense:rpos_sigma_factor->oxidative_stress_process[0]	MISSING_SNIPPET	WARN	reference=DOI:10.1128/mmbr.00151-22 has no snippet
data/traits/physiology/oxidative_stress_response.yaml	oxidative_stress_response_ros_defense:thioredoxin_system->oxidative_stress_process[0]	MISSING_SNIPPET	WARN	reference=DOI:10.1371/journal.ppat.1012001 has no snippet
data/traits/physiology/persister_cell_formation.yaml	evidence[0]	MISSING_SNIPPET	WARN	reference=DOI:10.1146/annurev.micro.112408.134306 has no snippet
data/traits/physiology/persister_cell_formation.yaml	evidence[1]	MISSING_SNIPPET	WARN	reference=DOI:10.1038/nrmicro1557 has no snippet
data/traits/physiology/persister_cell_formation.yaml	persister_dormancy_tolerance:antibiotic_resistance->elevated_mic[0]	MISSING_SNIPPET	WARN	reference=DOI:10.1186/s12866-024-03628-3 has no snippet
data/traits/physiology/persister_cell_formation.yaml	persister_dormancy_tolerance:antibiotic_tolerance->whole_population_phenotype[0]	MISSING_SNIPPET	WARN	reference=DOI:10.1186/s12866-024-03628-3 has no snippet
data/traits/physiology/persister_cell_formation.yaml	persister_dormancy_tolerance:dormancy_process->persister_trait[0]	MISSING_SNIPPET	WARN	reference=DOI:10.1146/annurev.micro.112408.134306 has no snippet
data/traits/physiology/persister_cell_formation.yaml	persister_dormancy_tolerance:oxidative_phosphorylation->proton_motive_force[0]	MISSING_SNIPPET	WARN	reference=DOI:10.1111/1751-7915.70042 has no snippet
data/traits/physiology/persister_cell_formation.yaml	persister_dormancy_tolerance:persister_trait->antibiotic_tolerance[0]	MISSING_SNIPPET	WARN	reference=DOI:10.1038/nrmicro1557 has no snippet
data/traits/physiology/persister_cell_formation.yaml	persister_dormancy_tolerance:persister_trait->biphasic_killing_curve[0]	MISSING_SNIPPET	WARN	reference=DOI:10.1128/ecosalplus.esp-0025-2022 has no snippet
data/traits/physiology/persister_cell_formation.yaml	persister_dormancy_tolerance:persister_trait->mic_susceptible[0]	MISSING_SNIPPET	WARN	reference=DOI:10.1186/s12866-024-03628-3 has no snippet
data/traits/physiology/persister_cell_formation.yaml	persister_dormancy_tolerance:persister_trait->oxidative_phosphorylation[0]	MISSING_SNIPPET	WARN	reference=DOI:10.1111/1751-7915.70042 has no snippet
data/traits/physiology/photoautotrophic.yaml	photoautotrophic_cyanobacterial_carbon_fixation:bicarbonate->carboxysome[0]	MISSING_SNIPPET	WARN	reference=DOI:10.1111/ppl.14140 has no snippet
data/traits/physiology/photoautotrophic.yaml	photoautotrophic_cyanobacterial_carbon_fixation:calvin_benson_cycle->biomass[0]	ELLIPTICAL_SNIPPET	ERROR	non-contiguous quote: 'fix ... CO2 into ... biomass'
data/traits/physiology/photoautotrophic.yaml	photoautotrophic_cyanobacterial_carbon_fixation:carbon_concentrating_mechanism->rubisco_oxygenase_activity[0]	MISSING_SNIPPET	WARN	reference=DOI:10.3389/fpls.2024.1417680 has no snippet
data/traits/physiology/photoautotrophic.yaml	photoautotrophic_cyanobacterial_carbon_fixation:carboxysomal_carbonic_anhydrase->bicarbonate[0]	MISSING_SNIPPET	WARN	reference=DOI:10.1111/ppl.14140 has no snippet
data/traits/physiology/photoautotrophic.yaml	photoautotrophic_cyanobacterial_carbon_fixation:photosynthetic_electron_transport->calvin_benson_cycle[0]	MISSING_SNIPPET	WARN	reference=DOI:10.3389/fpls.2024.1417680 has no snippet
data/traits/physiology/photoheterotrophic.yaml	photoheterotrophic_light_organic_carbon:aerobic_anoxygenic_phototrophs->dissolved_organic_matter[0]	MISSING_SNIPPET	WARN	reference=DOI:10.1186/s40793-024-00573-6 has no snippet
data/traits/physiology/photoheterotrophic.yaml	photoheterotrophic_light_organic_carbon:aerobic_anoxygenic_phototrophs->photophosphorylation[0]	MISSING_SNIPPET	WARN	reference=DOI:10.1186/s40793-024-00573-6 has no snippet
data/traits/physiology/photoheterotrophic.yaml	photoheterotrophic_light_organic_carbon:light->proteorhodopsin_proton_pumping[0]	MISSING_SNIPPET	WARN	reference=DOI:10.1007/s12275-024-00125-0 has no snippet
data/traits/physiology/photoheterotrophic.yaml	photoheterotrophic_light_organic_carbon:membrane_potential->atp_production[0]	MISSING_SNIPPET	WARN	reference=DOI:10.1007/s12275-024-00125-0 has no snippet
data/traits/physiology/photoheterotrophic.yaml	photoheterotrophic_light_organic_carbon:photophosphorylation->atp[0]	MISSING_SNIPPET	WARN	reference=DOI:10.1186/s40793-024-00573-6 has no snippet
data/traits/physiology/photoheterotrophic.yaml	photoheterotrophic_light_organic_carbon:proteorhodopsin->nadph_anabolic[0]	MISSING_SNIPPET	WARN	reference=DOI:10.4014/jmb.2410.10034 has no snippet
data/traits/physiology/photoheterotrophic.yaml	photoheterotrophic_light_organic_carbon:proteorhodopsin_proton_pumping->membrane_potential[0]	MISSING_SNIPPET	WARN	reference=DOI:10.1007/s12275-024-00125-0 has no snippet
data/traits/physiology/photolithoautotrophic.yaml	photolithoautotrophic_light_inorganic_donor_fixation:carbonic_anhydrase->bicarbonate[0]	MISSING_SNIPPET	WARN	reference=DOI:10.1128/aem.01557-23 has no snippet
data/traits/physiology/photolithoautotrophic.yaml	photolithoautotrophic_light_inorganic_donor_fixation:dic_transporter->bicarbonate[0]	MISSING_SNIPPET	WARN	reference=DOI:10.1128/aem.01557-23 has no snippet
data/traits/physiology/photolithoautotrophic.yaml	photolithoautotrophic_light_inorganic_donor_fixation:photosynthetic_electron_transport->nadph[0]	MISSING_SNIPPET	WARN	reference=DOI:10.1038/s44222-023-00093-x has no snippet
data/traits/physiology/photolithoautotrophic.yaml	photolithoautotrophic_light_inorganic_donor_fixation:reducing_power->nadph[0]	MISSING_SNIPPET	WARN	reference=DOI:10.1038/s44222-023-00093-x has no snippet
data/traits/physiology/photolithoautotrophic.yaml	photolithoautotrophic_light_inorganic_donor_fixation:rubisco->autotrophic_co2_fixation[0]	MISSING_SNIPPET	WARN	reference=DOI:10.1128/aem.01557-23 has no snippet
data/traits/physiology/photolithotrophic.yaml	photolithotrophic_inorganic_electron_donors:ferrous_iron_oxidation->photoferrotrophy[0]	MISSING_SNIPPET	WARN	reference=DOI:10.1038/s41561-024-01560-9 has no snippet
data/traits/physiology/photolithotrophic.yaml	photolithotrophic_inorganic_electron_donors:hydrogen_sulfide->anoxygenic_photosynthesis[0]	MISSING_SNIPPET	WARN	reference=DOI:10.3389/fmicb.2024.1417714 has no snippet
data/traits/physiology/photolithotrophic.yaml	photolithotrophic_inorganic_electron_donors:hydrogen_sulfide_oxidation->elemental_sulfur[0]	MISSING_SNIPPET	WARN	reference=DOI:10.3389/fmicb.2024.1417714 has no snippet
data/traits/physiology/photolithotrophic.yaml	photolithotrophic_inorganic_electron_donors:inorganic_electron_donor->co2_fixation[0]	MISSING_SNIPPET	WARN	reference=DOI:10.3390/life14050591 has no snippet
data/traits/physiology/photolithotrophic.yaml	photolithotrophic_inorganic_electron_donors:light->photosynthetic_reaction_center[0]	MISSING_SNIPPET	WARN	reference=DOI:10.3389/fmicb.2024.1417714 has no snippet
data/traits/physiology/photoorganoheterotrophic.yaml	photoorganoheterotrophic_light_organic_electrons:diurnal_cycle->rhythmic_transcription[0]	MISSING_SNIPPET	WARN	reference=DOI:10.1038/s43705-023-00334-5 has no snippet
data/traits/physiology/photoorganoheterotrophic.yaml	photoorganoheterotrophic_light_organic_electrons:light->photosynthetic_reaction_center[0]	ELLIPTICAL_SNIPPET	ERROR	non-contiguous quote: 'chlorophyll ... reaction center proteins'
data/traits/physiology/photoorganoheterotrophic.yaml	photoorganoheterotrophic_light_organic_electrons:light->rc_charge_separation[0]	MISSING_SNIPPET	WARN	reference=DOI:10.3390/biom14030311 has no snippet
data/traits/physiology/photoorganoheterotrophic.yaml	photoorganoheterotrophic_light_organic_electrons:photoorganoheterotrophic_trait->organic_compound[0]	ELLIPTICAL_SNIPPET	ERROR	non-contiguous quote: 'organic molecules ... electron source'
data/traits/physiology/photoorganoheterotrophic.yaml	photoorganoheterotrophic_light_organic_electrons:photoorganoheterotrophic_trait->organic_compound[0]	ELLIPTICAL_SNIPPET	ERROR	non-contiguous quote: 'organic molecules ... carbon source'
data/traits/physiology/photoorganoheterotrophic.yaml	photoorganoheterotrophic_light_organic_electrons:photosynthesis_gene_cluster->bchl_photoheterotrophy[0]	MISSING_SNIPPET	WARN	reference=DOI:10.1128/spectrum.01112-23 has no snippet
data/traits/physiology/photoorganoheterotrophic.yaml	photoorganoheterotrophic_light_organic_electrons:photosynthetic_electron_transport->proton_motive_force[0]	ELLIPTICAL_SNIPPET	ERROR	non-contiguous quote: 'produce stable reductants ... proton motive force'
data/traits/physiology/photoorganoheterotrophic.yaml	photoorganoheterotrophic_light_organic_electrons:photosynthetic_reaction_center->stationary_phase_survival[0]	MISSING_SNIPPET	WARN	reference=DOI:10.1038/s43705-023-00334-5 has no snippet
data/traits/physiology/photoorganoheterotrophic.yaml	photoorganoheterotrophic_light_organic_electrons:type_i_reaction_center->fe_s_electron_transfer[0]	MISSING_SNIPPET	WARN	reference=DOI:10.3390/biom14030311 has no snippet
data/traits/physiology/phototrophic.yaml	phototrophic_light_energy_capture:atp_synthase->atp[0]	MISSING_SNIPPET	WARN	reference=DOI:10.1128/aem.00863-24 has no snippet
data/traits/physiology/phototrophic.yaml	phototrophic_light_energy_capture:carotenoid->bacteriochlorophyll[0]	MISSING_SNIPPET	WARN	reference=DOI:10.1093/femsre/fuv032 has no snippet
data/traits/physiology/phototrophic.yaml	phototrophic_light_energy_capture:carotenoid->blue_green_light[0]	MISSING_SNIPPET	WARN	reference=DOI:10.1093/femsre/fuv032 has no snippet
data/traits/physiology/phototrophic.yaml	phototrophic_light_energy_capture:photosynthetic_electron_transport->proton_motive_force[0]	MISSING_SNIPPET	WARN	reference=DOI:10.1128/aem.00863-24 has no snippet
data/traits/physiology/phototrophic.yaml	phototrophic_light_energy_capture:proton_motive_force->atp_synthase[0]	MISSING_SNIPPET	WARN	reference=DOI:10.1128/aem.00863-24 has no snippet
data/traits/physiology/phototrophic.yaml	phototrophic_light_energy_capture:rhodopsin->ion_transport[0]	MISSING_SNIPPET	WARN	reference=DOI:10.1038/s43705-023-00334-5 has no snippet
data/traits/physiology/quorum_sensing.yaml	evidence[0]	MISSING_SNIPPET	WARN	reference=DOI:10.1146/annurev.cellbio.21.012704.131001 has no snippet
data/traits/physiology/quorum_sensing.yaml	evidence[1]	MISSING_SNIPPET	WARN	reference=DOI:10.1146/annurev.micro.55.1.165 has no snippet
data/traits/physiology/quorum_sensing.yaml	quorum_sensing_autoinducer:autoinducer->quorum_sensing_process[0]	MISSING_SNIPPET	WARN	reference=DOI:10.1146/annurev.cellbio.21.012704.131001 has no snippet
data/traits/physiology/quorum_sensing.yaml	quorum_sensing_autoinducer:qs_inhibitor->signal_receptor[0]	MISSING_SNIPPET	WARN	reference=DOI:10.3390/ijms25052655 has no snippet
data/traits/physiology/quorum_sensing.yaml	quorum_sensing_autoinducer:quorum_quenching_enzyme->autoinducer[0]	MISSING_SNIPPET	WARN	reference=DOI:10.3390/ijms25052655 has no snippet
data/traits/physiology/quorum_sensing.yaml	quorum_sensing_autoinducer:quorum_sensing_process->quorum_sensing_trait[0]	MISSING_SNIPPET	WARN	reference=DOI:10.1146/annurev.micro.55.1.165 has no snippet
data/traits/physiology/quorum_sensing.yaml	quorum_sensing_autoinducer:signal_receptor->autoinducer[0]	MISSING_SNIPPET	WARN	reference=DOI:10.3390/ijms25052655 has no snippet
data/traits/physiology/quorum_sensing.yaml	quorum_sensing_autoinducer:threshold_autoinducer_concentration->signal_receptor[0]	MISSING_SNIPPET	WARN	reference=DOI:10.3390/ijms25052655 has no snippet
data/traits/physiology/spore_germination.yaml	evidence[0]	MISSING_SNIPPET	WARN	reference=DOI:10.1016/j.mib.2003.10.001 has no snippet
data/traits/physiology/spore_germination.yaml	evidence[1]	MISSING_SNIPPET	WARN	reference=DOI:10.1038/nrmicro2504 has no snippet
data/traits/physiology/spore_germination.yaml	spore_germination_germinant_trigger:cadpa_release->cortex_hydrolysis[0]	MISSING_SNIPPET	WARN	reference=DOI:10.1128/mbio.02220-23 has no snippet
data/traits/physiology/spore_germination.yaml	spore_germination_germinant_trigger:core_rehydration_outgrowth->spore_germination_trait[0]	MISSING_SNIPPET	WARN	reference=DOI:10.1128/mbio.02220-23 has no snippet
data/traits/physiology/spore_germination.yaml	spore_germination_germinant_trigger:cortex_hydrolysis->core_rehydration_outgrowth[0]	MISSING_SNIPPET	WARN	reference=DOI:10.1128/mbio.02220-23 has no snippet
data/traits/physiology/spore_germination.yaml	spore_germination_germinant_trigger:germinant->spore_germination_process[0]	MISSING_SNIPPET	WARN	reference=DOI:10.1016/j.mib.2003.10.001 has no snippet
data/traits/physiology/spore_germination.yaml	spore_germination_germinant_trigger:spore_germination_process->cadpa_release[0]	MISSING_SNIPPET	WARN	reference=DOI:10.1126/science.adg9829 has no snippet
data/traits/physiology/spore_germination.yaml	spore_germination_germinant_trigger:spore_germination_process->spore_germination_trait[0]	MISSING_SNIPPET	WARN	reference=DOI:10.1038/nrmicro2504 has no snippet
data/traits/physiology/stress_response.yaml	evidence[0]	MISSING_SNIPPET	WARN	reference=DOI:10.1146/annurev-micro-090110-102946 has no snippet
data/traits/physiology/stress_response.yaml	evidence[1]	MISSING_SNIPPET	WARN	reference=DOI:10.1038/nrmicro3032 has no snippet
data/traits/physiology/stress_response.yaml	stress_response_induction:environmental_stress->stress_response_process[0]	MISSING_SNIPPET	WARN	reference=DOI:10.1146/annurev-micro-090110-102946 has no snippet
data/traits/physiology/stress_response.yaml	stress_response_induction:general_stress_resistance->stress_response_trait[0]	MISSING_SNIPPET	WARN	reference=DOI:10.1146/annurev-micro-090110-102946 has no snippet
data/traits/physiology/stress_response.yaml	stress_response_induction:hfq->rpos[0]	MISSING_SNIPPET	WARN	reference=DOI:10.1128/mmbr.00151-22 has no snippet
data/traits/physiology/stress_response.yaml	stress_response_induction:nutrient_limitation->ppgpp[0]	MISSING_SNIPPET	WARN	reference=DOI:10.1099/mic.0.001483 has no snippet
data/traits/physiology/stress_response.yaml	stress_response_induction:ppgpp->ribosome_biosynthesis[0]	MISSING_SNIPPET	WARN	reference=DOI:10.1099/mic.0.001483 has no snippet
data/traits/physiology/stress_response.yaml	stress_response_induction:ppgpp->rpos[0]	MISSING_SNIPPET	WARN	reference=DOI:10.1016/j.isci.2024.108818 has no snippet
data/traits/physiology/stress_response.yaml	stress_response_induction:ppgpp->stress_tolerance[0]	MISSING_SNIPPET	WARN	reference=DOI:10.1016/j.isci.2024.108818 has no snippet
data/traits/physiology/stress_response.yaml	stress_response_induction:rpos->general_stress_resistance[0]	MISSING_SNIPPET	WARN	reference=DOI:10.1146/annurev-micro-090110-102946 has no snippet
data/traits/physiology/stress_response.yaml	stress_response_induction:rsh_enzymes->ppgpp[0]	MISSING_SNIPPET	WARN	reference=DOI:10.1099/mic.0.001483 has no snippet
data/traits/physiology/stress_response.yaml	stress_response_induction:stress_response_process->stress_response_trait[0]	MISSING_SNIPPET	WARN	reference=DOI:10.1038/nrmicro3032 has no snippet
data/traits/physiology/trophic_type.yaml	trophic_type_classification_axes:*	REUSED_SNIPPET	WARN	3 evidence items share one snippet: 'carbon source'
data/traits/physiology/trophic_type.yaml	trophic_type_classification_axes:*	REUSED_SNIPPET	WARN	3 evidence items share one snippet: 'energy source'
data/traits/physiology/trophic_type.yaml	trophic_type_classification_axes:cbb_cycle_rubisco->co2_fixation[0]	MISSING_SNIPPET	WARN	reference=DOI:10.1128/AEM.00599-24 has no snippet
data/traits/physiology/trophic_type.yaml	trophic_type_classification_axes:co2_fixation->carbon_source_use[0]	MISSING_SNIPPET	WARN	reference=DOI:10.1128/AEM.00599-24 has no snippet
data/traits/physiology/trophic_type.yaml	trophic_type_classification_axes:nife_hydrogenase_h2_oxidation->electron_donor_use[0]	MISSING_SNIPPET	WARN	reference=DOI:10.1128/mSystems.00148-24 has no snippet
data/traits/physiology/trophic_type.yaml	trophic_type_classification_axes:sox_sulfur_oxidation->electron_donor_use[0]	MISSING_SNIPPET	WARN	reference=DOI:10.1128/AEM.00599-24 has no snippet
data/traits/physiology/trophic_type.yaml	trophic_type_classification_axes:sugar_uptake_cazyme_catabolism->carbon_source_use[0]	MISSING_SNIPPET	WARN	reference=DOI:10.1128/AEM.00599-24 has no snippet
data/traits/physiology/urease_activity.yaml	evidence[0]	MISSING_SNIPPET	WARN	reference=DOI:10.1128/mr.59.3.451-480.1995 has no snippet
data/traits/physiology/urease_activity.yaml	evidence[1]	MISSING_SNIPPET	WARN	reference=DOI:10.1128/mr.53.1.85-108.1989 has no snippet
data/traits/physiology/urease_activity.yaml	urease_activity_urea_hydrolysis:carbon_dioxide->carbonic_anhydrase_function[0]	MISSING_SNIPPET	WARN	reference=DOI:10.1021/acs.est.3c06617 has no snippet
data/traits/physiology/urease_activity.yaml	urease_activity_urea_hydrolysis:carbonic_anhydrase_function->bicarbonate[0]	MISSING_SNIPPET	WARN	reference=DOI:10.1021/acs.est.3c06617 has no snippet
data/traits/physiology/urease_activity.yaml	urease_activity_urea_hydrolysis:carbonic_anhydrase_function->calcium_carbonate_precipitation[0]	MISSING_SNIPPET	WARN	reference=DOI:10.1021/acs.est.3c06617 has no snippet
data/traits/physiology/urease_activity.yaml	urease_activity_urea_hydrolysis:urease->urease_function[0]	MISSING_SNIPPET	WARN	reference=DOI:10.1128/mr.59.3.451-480.1995 has no snippet
data/traits/physiology/urease_activity.yaml	urease_activity_urea_hydrolysis:urease_function->ammonia[0]	MISSING_SNIPPET	WARN	reference=DOI:10.1128/mr.53.1.85-108.1989 has no snippet
data/traits/physiology/urease_activity.yaml	urease_activity_urea_hydrolysis:urease_function->carbon_dioxide[0]	MISSING_SNIPPET	WARN	reference=DOI:10.24263/2304-974x-2024-13-2-10 has no snippet
data/traits/physiology/urease_activity.yaml	urease_activity_urea_hydrolysis:urease_function->hydroxide[0]	MISSING_SNIPPET	WARN	reference=DOI:10.24263/2304-974x-2024-13-2-10 has no snippet
data/traits/physiology/urease_activity.yaml	urease_activity_urea_hydrolysis:urease_function->ph_quality[0]	MISSING_SNIPPET	WARN	reference=DOI:10.1021/acs.est.3c06617 has no snippet
data/traits/physiology/urease_activity.yaml	urease_activity_urea_hydrolysis:urease_function->urea[0]	MISSING_SNIPPET	WARN	reference=DOI:10.1128/mr.59.3.451-480.1995 has no snippet
data/traits/physiology/urease_activity.yaml	urease_activity_urea_hydrolysis:urease_function->urease_activity_trait[0]	MISSING_SNIPPET	WARN	reference=DOI:10.1128/mr.59.3.451-480.1995 has no snippet
data/traits/physiology/viable_but_nonculturable_state.yaml	evidence[0]	MISSING_SNIPPET	WARN	reference=DOI:10.1111/j.1574-6976.2009.00200.x has no snippet
data/traits/physiology/viable_but_nonculturable_state.yaml	evidence[1]	MISSING_SNIPPET	WARN	reference=DOI:10.1038/nrmicro2504 has no snippet
data/traits/physiology/viable_but_nonculturable_state.yaml	vbnc_stress_induced_dormancy:atp->nad_synthesis[0]	MISSING_SNIPPET	WARN	reference=DOI:10.1016/j.jare.2023.08.002 has no snippet
data/traits/physiology/viable_but_nonculturable_state.yaml	vbnc_stress_induced_dormancy:atp->resuscitation[0]	MISSING_SNIPPET	WARN	reference=DOI:10.1016/j.jare.2023.08.002 has no snippet
data/traits/physiology/viable_but_nonculturable_state.yaml	vbnc_stress_induced_dormancy:dormancy_process->vbnc_trait[0]	MISSING_SNIPPET	WARN	reference=DOI:10.1038/nrmicro2504 has no snippet
data/traits/physiology/viable_but_nonculturable_state.yaml	vbnc_stress_induced_dormancy:nad_synthesis->tca_oxphos[0]	MISSING_SNIPPET	WARN	reference=DOI:10.1016/j.jare.2023.08.002 has no snippet
data/traits/physiology/viable_but_nonculturable_state.yaml	vbnc_stress_induced_dormancy:oxidative_stress->vbnc_trait[0]	MISSING_SNIPPET	WARN	reference=DOI:10.3390/foods12061179 has no snippet
data/traits/physiology/viable_but_nonculturable_state.yaml	vbnc_stress_induced_dormancy:ppgpp->stress_resistance[0]	MISSING_SNIPPET	WARN	reference=DOI:10.3390/foods12061179 has no snippet
data/traits/physiology/viable_but_nonculturable_state.yaml	vbnc_stress_induced_dormancy:rpos->resuscitation[0]	MISSING_SNIPPET	WARN	reference=DOI:10.3390/microorganisms12010039 has no snippet
data/traits/physiology/viable_but_nonculturable_state.yaml	vbnc_stress_induced_dormancy:stress->vbnc_trait[0]	MISSING_SNIPPET	WARN	reference=DOI:10.1111/j.1574-6976.2009.00200.x has no snippet
data/traits/physiology/viable_but_nonculturable_state.yaml	vbnc_stress_induced_dormancy:stress_resistance->vbnc_trait[0]	MISSING_SNIPPET	WARN	reference=DOI:10.3390/foods12061179 has no snippet
data/traits/upper/biological_process.yaml	biological_process_go_upper_context:molecular_function->biological_process_trait[0]	MISSING_SNIPPET	WARN	reference=DOI:10.1186/s40708-023-00208-5 has no snippet
data/traits/upper/biological_process.yaml	biological_process_go_upper_context:molecular_function->cellular_component[0]	MISSING_SNIPPET	WARN	reference=DOI:10.1186/s40708-023-00208-5 has no snippet
data/traits/upper/biological_process.yaml	biological_process_go_upper_context:molecular_function->chemical_input[0]	MISSING_SNIPPET	WARN	reference=DOI:10.1186/s40708-023-00208-5 has no snippet
data/traits/upper/biological_process.yaml	biological_process_go_upper_context:molecular_function->chemical_output[0]	MISSING_SNIPPET	WARN	reference=DOI:10.1186/s40708-023-00208-5 has no snippet
data/traits/upper/biological_process.yaml	biological_process_go_upper_context:molecular_function->gene_product[0]	MISSING_SNIPPET	WARN	reference=DOI:10.1186/s40708-023-00208-5 has no snippet
data/traits/upper/biological_process.yaml	biological_process_go_upper_context:molecular_function->molecular_function_downstream[0]	MISSING_SNIPPET	WARN	reference=DOI:10.1186/s40708-023-00208-5 has no snippet
data/traits/upper/enzyme.yaml	evidence[1]	UNSUPPORTIVE_SNIPPET	WARN	7 chars, supports nothing specific: 'enzymes'
data/traits/upper/observation.yaml	observation_measurement_upper_context:assay_measurement->material_entity_evaluant[0]	MISSING_SNIPPET	WARN	reference=DOI:10.3233/sw-223096 has no snippet
data/traits/upper/observation.yaml	observation_measurement_upper_context:assay_measurement->measurement_datum[0]	MISSING_SNIPPET	WARN	reference=DOI:10.3233/sw-223096 has no snippet
data/traits/upper/observation.yaml	observation_measurement_upper_context:fair_principles->unique_identifier[0]	MISSING_SNIPPET	WARN	reference=DOI:10.3389/fcimb.2024.1384809 has no snippet
data/traits/upper/observation.yaml	observation_measurement_upper_context:metadata->mixs_standard[0]	MISSING_SNIPPET	WARN	reference=DOI:10.1007/978-1-0716-3838-5_20 has no snippet
data/traits/upper/observation.yaml	observation_measurement_upper_context:observation_trait->geographic_location[0]	MISSING_SNIPPET	WARN	reference=DOI:10.3233/sw-223096 has no snippet
data/traits/upper/observation.yaml	observation_measurement_upper_context:planned_process->sample[0]	MISSING_SNIPPET	WARN	reference=DOI:10.3233/sw-223096 has no snippet
